OrderID,ContactName,ContactPhone,ContactEmail,FulfillmentType,OrderDateTime,OrderStatus,SubtotalAmount,VoucherDiscountAmount,MyKasihSubsidyTotal,GrandTotal,PaymentMethod,PaymentStatus,PaymentDateTime,CustomerID,BranchID,VoucherID,StaffID
O00023,,,,WALK_IN,2024-01-01 09:33:56,COMPLETED,303.19,0.0,0.0,303.19,CARD,PAID,2024-01-01 09:37:15,,B004,,
O00038,,,,WALK_IN,2024-01-01 19:58:41,COMPLETED,387.08,0.0,0.0,387.08,CASH,PAID,2024-01-01 20:01:56,C0001,B001,,
O00008,,,,WALK_IN,2024-01-02 11:59:14,COMPLETED,156.92,0.0,0.0,156.92,CASH,PAID,2024-01-02 11:59:44,C0001,B002,,
O00032,,,,WALK_IN,2024-01-02 15:44:06,COMPLETED,288.4,0.0,0.0,288.4,CASH,PAID,2024-01-02 15:46:43,C0001,B002,,
O00036,,,,PICKUP,2024-01-03 12:30:15,COMPLETED,157.2,0.0,0.0,157.2,ONLINE_BANKING,PAID,2024-01-03 12:34:13,C0001,B011,,
O00024,,,,WALK_IN,2024-01-03 16:54:36,COMPLETED,18.74,0.0,0.0,18.74,ONLINE_BANKING,PAID,2024-01-03 16:59:01,C0002,B002,,
O00013,Goh Jia Wei,+60124834068,goh.jia.wei.c0002@example.test,DELIVERY,2024-01-04 18:11:06,COMPLETED,303.98,0.0,0.0,316.13,E_WALLET,PAID,2024-01-04 18:12:06,C0002,B001,,
O00028,,,,WALK_IN,2024-01-04 18:25:05,COMPLETED,235.83,0.0,0.0,235.83,CASH,PAID,2024-01-04 18:29:35,C0002,B002,,
O00033,,,,WALK_IN,2024-01-05 11:29:11,COMPLETED,36.04,0.0,0.0,36.04,CASH,PAID,2024-01-05 11:31:24,C0001,B002,,
O00002,,,,WALK_IN,2024-01-05 17:40:27,COMPLETED,118.35,0.0,0.0,118.35,CASH,PAID,2024-01-05 17:43:36,C0001,B001,,
O00011,Guest User,+60159733606,guest11@example.test,PICKUP,2024-01-06 15:45:40,COMPLETED,143.73,0.0,0.0,143.73,ONLINE_BANKING,PAID,2024-01-06 15:47:55,,B008,,
O00046,Goh Jia Wei,+60124834068,goh.jia.wei.c0002@example.test,DELIVERY,2024-01-09 11:25:43,COMPLETED,317.76,0.0,0.0,325.01,ONLINE_BANKING,PAID,2024-01-09 11:29:35,C0002,B004,,
O00041,,,,WALK_IN,2024-01-09 20:13:10,COMPLETED,240.77,0.0,0.0,240.77,CARD,PAID,2024-01-09 20:13:36,C0001,B007,,
O00039,Loh Li Xuan,+60105826532,loh.li.xuan.c0003@example.test,DELIVERY,2024-01-11 19:36:04,COMPLETED,87.55,0.0,0.0,110.35,CARD,PAID,2024-01-11 19:40:03,C0003,B008,,
O00030,,,,WALK_IN,2024-01-12 14:02:53,CANCELLED,71.31,0.0,0.0,71.31,ONLINE_BANKING,FAILED,,C0001,B001,,S0012
O00027,Guest User,+60144969106,guest27@example.test,PICKUP,2024-01-12 14:04:46,COMPLETED,132.28,0.0,0.0,132.28,CASH,PAID,2024-01-12 14:07:43,,B002,,
O00006,,,,WALK_IN,2024-01-12 14:20:35,COMPLETED,182.39,0.0,0.0,182.39,CASH,PAID,2024-01-12 14:21:11,,B008,,
O00049,,,,WALK_IN,2024-01-13 11:29:56,COMPLETED,250.47,0.0,0.0,250.47,CASH,PAID,2024-01-13 11:32:30,C0003,B001,,S0012
O00021,,,,WALK_IN,2024-01-13 19:57:55,COMPLETED,81.28,0.0,0.0,81.28,CASH,PAID,2024-01-13 20:01:16,C0002,B007,,
O00044,,,,WALK_IN,2024-01-14 08:42:43,COMPLETED,298.6,0.0,0.0,298.6,CASH,PAID,2024-01-14 08:45:53,C0002,B002,,
O00005,,,,WALK_IN,2024-01-14 20:20:57,COMPLETED,15.1,0.0,0.0,15.1,CARD,PAID,2024-01-14 20:23:43,C0003,B001,,S0012
O00016,,,,WALK_IN,2024-01-18 19:05:05,COMPLETED,221.83,0.0,0.0,221.83,CASH,PAID,2024-01-18 19:09:22,C0002,B002,,
O00045,,,,WALK_IN,2024-01-19 09:34:20,COMPLETED,113.41,0.0,0.0,113.41,CASH,PAID,2024-01-19 09:35:48,,B002,,
O00034,,,,WALK_IN,2024-01-19 13:27:41,COMPLETED,197.3,0.0,0.0,197.3,CASH,PAID,2024-01-19 13:31:00,C0002,B008,,
O00009,,,,PICKUP,2024-01-19 19:28:11,COMPLETED,91.02,0.0,0.0,91.02,CASH,PAID,2024-01-19 19:32:21,C0003,B010,,
O00017,,,,WALK_IN,2024-01-20 15:40:31,COMPLETED,142.7,0.0,0.0,142.7,CASH,PAID,2024-01-20 15:45:02,C0002,B001,,S0012
O00004,,,,WALK_IN,2024-01-20 20:04:20,COMPLETED,104.22,0.0,0.0,104.22,CASH,PAID,2024-01-20 20:06:59,C0004,B002,,
O00043,Goh Jia Wei,+60124834068,goh.jia.wei.c0002@example.test,DELIVERY,2024-01-21 13:06:21,COMPLETED,127.92,0.0,0.0,139.27,CARD,PAID,2024-01-21 13:07:46,C0002,B001,,S0012
O00040,,,,WALK_IN,2024-01-21 13:43:52,COMPLETED,216.2,0.0,0.0,216.2,CASH,PAID,2024-01-21 13:48:11,,B001,,S0012
O00026,,,,WALK_IN,2024-01-21 13:45:45,COMPLETED,31.96,0.0,0.0,31.96,CASH,PAID,2024-01-21 13:46:37,C0001,B002,,
O00048,Guest User,+60147643637,guest48@example.test,WALK_IN,2024-01-21 14:27:58,COMPLETED,365.96,0.0,0.0,365.96,CARD,PAID,2024-01-21 14:30:51,,B010,,
O00014,Guest User,+60172863553,guest14@example.test,PICKUP,2024-01-22 20:59:59,COMPLETED,170.02,0.0,0.0,170.02,CARD,PAID,2024-01-22 21:02:21,,B001,,S0012
O00010,,,,WALK_IN,2024-01-23 09:11:24,COMPLETED,132.38,0.0,0.0,132.38,CASH,PAID,2024-01-23 09:11:59,C0004,B001,,S0012
O00007,,,,WALK_IN,2024-01-24 16:10:21,COMPLETED,143.45,0.0,0.0,143.45,CASH,PAID,2024-01-24 16:10:57,,B008,,
O00003,,,,WALK_IN,2024-01-25 10:39:53,COMPLETED,312.3,0.0,0.0,312.3,CASH,PAID,2024-01-25 10:41:30,C0004,B002,,
O00051,,,,WALK_IN,2024-01-25 14:49:41,COMPLETED,216.74,0.0,0.0,216.74,CASH,PAID,2024-01-25 14:51:12,C0001,B002,,
O00015,,,,WALK_IN,2024-01-25 15:28:16,COMPLETED,156.84,0.0,0.0,156.84,CASH,PAID,2024-01-25 15:30:40,C0002,B008,,
O00050,Guest User,+60111795909,guest50@example.test,PICKUP,2024-01-25 19:01:59,COMPLETED,80.37,0.0,0.0,80.37,CASH,PAID,2024-01-25 19:04:49,,B004,,S0047
O00020,,,,WALK_IN,2024-01-26 09:20:48,COMPLETED,298.95,0.0,0.0,298.95,CASH,PAID,2024-01-26 09:21:35,C0004,B002,,
O00042,,,,WALK_IN,2024-01-26 17:10:49,COMPLETED,79.45,0.0,0.0,79.45,CASH,PAID,2024-01-26 17:13:13,C0004,B001,,S0012
O00047,,,,PICKUP,2024-01-27 12:24:40,COMPLETED,57.39,0.0,0.0,57.39,CASH,PAID,2024-01-27 12:27:47,C0004,B010,,
O00012,,,,WALK_IN,2024-01-27 16:37:59,COMPLETED,172.64,0.0,0.0,172.64,ONLINE_BANKING,PAID,2024-01-27 16:41:31,C0003,B001,,S0012
O00018,,,,WALK_IN,2024-01-27 18:32:40,COMPLETED,134.14,0.0,0.0,134.14,CASH,PAID,2024-01-27 18:33:01,C0004,B002,,
O00031,Meera a/p Suresh,+60102352781,meera.a.p.suresh.c0004@example.test,DELIVERY,2024-01-28 09:33:21,CANCELLED,130.48,0.0,0.0,145.28,E_WALLET,FAILED,,C0004,B001,,S0012
O00037,,,,PICKUP,2024-01-28 10:10:41,COMPLETED,233.85,0.0,0.0,233.85,CASH,PAID,2024-01-28 10:13:23,C0003,B002,,
O00035,,,,WALK_IN,2024-01-28 16:23:35,COMPLETED,344.54,0.0,0.0,344.54,CASH,PAID,2024-01-28 16:25:24,,B010,,
O00019,,,,WALK_IN,2024-01-28 17:58:52,COMPLETED,136.62,0.0,0.0,136.62,CARD,PAID,2024-01-28 18:01:03,C0004,B008,,
O00001,,,,WALK_IN,2024-01-29 17:58:23,COMPLETED,221.65,0.0,0.0,221.65,CASH,PAID,2024-01-29 18:03:05,C0002,B002,,
O00025,Meera a/p Suresh,+60102352781,meera.a.p.suresh.c0004@example.test,DELIVERY,2024-01-30 14:36:24,COMPLETED,144.84,0.0,0.0,163.48,CARD,PAID,2024-01-30 14:40:52,C0004,B001,,S0012
O00029,,,,WALK_IN,2024-01-31 16:53:54,COMPLETED,231.58,0.0,0.0,231.58,CASH,PAID,2024-01-31 16:58:44,C0003,B002,,
O00022,,,,WALK_IN,2024-01-31 19:46:28,COMPLETED,338.96,0.0,0.0,338.96,CASH,PAID,2024-01-31 19:50:50,C0004,B004,,
O00110,Guest User,+60134895338,guest110@example.test,WALK_IN,2024-02-01 18:09:25,COMPLETED,86.29,0.0,0.0,86.29,CASH,PAID,2024-02-01 18:14:25,,B004,,
O00052,,,,WALK_IN,2024-02-02 10:30:46,COMPLETED,124.43,0.0,0.0,124.43,CASH,PAID,2024-02-02 10:33:08,C0006,B008,,
O00055,,,,WALK_IN,2024-02-02 10:37:09,COMPLETED,126.04,0.0,0.0,126.04,E_WALLET,PAID,2024-02-02 10:38:25,C0006,B011,,
O00076,,,,WALK_IN,2024-02-02 15:14:03,COMPLETED,375.04,0.0,0.0,375.04,CARD,PAID,2024-02-02 15:15:14,,B001,,S0012
O00074,,,,WALK_IN,2024-02-02 16:54:08,COMPLETED,197.43,0.0,0.0,197.43,CASH,PAID,2024-02-02 16:58:51,C0005,B010,,
O00113,,,,PICKUP,2024-02-02 18:46:08,COMPLETED,83.37,0.0,0.0,83.37,CASH,PAID,2024-02-02 18:46:29,C0006,B002,,
O00096,Guest User,+60121872195,guest96@example.test,PICKUP,2024-02-02 19:37:05,COMPLETED,216.8,0.0,0.0,216.8,CASH,PAID,2024-02-02 19:39:07,,B001,,S0012
O00093,,,,WALK_IN,2024-02-02 20:20:08,COMPLETED,191.5,0.0,0.0,191.5,CARD,PAID,2024-02-02 20:24:11,C0006,B001,,S0012
O00094,,,,WALK_IN,2024-02-03 10:11:29,COMPLETED,176.8,0.0,0.0,176.8,ONLINE_BANKING,PAID,2024-02-03 10:14:41,C0002,B008,,
O00105,,,,PICKUP,2024-02-03 13:22:13,CANCELLED,158.12,0.0,0.0,158.12,CASH,FAILED,,C0002,B010,,
O00106,,,,PICKUP,2024-02-04 10:33:58,COMPLETED,253.87,0.0,0.0,253.87,CASH,PAID,2024-02-04 10:37:21,C0002,B008,,
O00062,,,,WALK_IN,2024-02-05 10:25:32,CANCELLED,290.86,0.0,0.0,290.86,ONLINE_BANKING,FAILED,,C0006,B002,,
O00079,Goh Jia Wei,+60124834068,goh.jia.wei.c0002@example.test,DELIVERY,2024-02-05 11:56:49,COMPLETED,174.59,0.0,0.0,192.83,CARD,PAID,2024-02-05 12:01:41,C0002,B002,,
O00075,Guest User,+60177419257,guest75@example.test,PICKUP,2024-02-05 12:28:52,COMPLETED,251.1,0.0,0.0,251.1,CARD,PAID,2024-02-05 12:31:34,,B008,,
O00077,Guest User,+60128174034,guest77@example.test,PICKUP,2024-02-05 16:12:09,COMPLETED,93.86,0.0,0.0,93.86,E_WALLET,PAID,2024-02-05 16:14:34,,B002,,
O00082,,,,WALK_IN,2024-02-05 20:59:07,COMPLETED,143.4,0.0,0.0,143.4,E_WALLET,PAID,2024-02-05 21:01:40,C0004,B001,,S0012
O00073,Guest User,+60147135698,guest73@example.test,PICKUP,2024-02-06 19:58:03,COMPLETED,189.69,0.0,0.0,189.69,CARD,PAID,2024-02-06 19:59:05,,B008,,
O00063,Guest User,+60143884297,guest63@example.test,PICKUP,2024-02-07 08:34:17,COMPLETED,107.23,0.0,0.0,107.23,CASH,PAID,2024-02-07 08:37:42,,B008,,
O00066,Guest User,+60123500098,guest66@example.test,PICKUP,2024-02-07 16:43:12,COMPLETED,115.04,0.0,0.0,115.04,CASH,PAID,2024-02-07 16:45:29,,B001,,S0012
O00085,,,,WALK_IN,2024-02-08 11:50:53,COMPLETED,398.87,0.0,0.0,398.87,CASH,PAID,2024-02-08 11:51:38,C0008,B007,,
O00084,Guest User,+60116821612,guest84@example.test,PICKUP,2024-02-08 14:34:28,COMPLETED,84.42,0.0,0.0,84.42,ONLINE_BANKING,PAID,2024-02-08 14:37:44,,B001,,S0012
O00098,Guest User,+60176472484,guest98@example.test,WALK_IN,2024-02-08 16:11:16,COMPLETED,20.18,0.0,0.0,20.18,CARD,PAID,2024-02-08 16:15:23,,B007,,
O00081,,,,WALK_IN,2024-02-08 16:49:51,COMPLETED,87.03,0.0,0.0,87.03,ONLINE_BANKING,PAID,2024-02-08 16:51:49,,B004,,
O00053,Guest User,+60108113664,guest53@example.test,WALK_IN,2024-02-08 18:09:37,COMPLETED,185.4,0.0,0.0,185.4,CASH,PAID,2024-02-08 18:12:47,,B002,,
O00065,Guest User,+60117661787,guest65@example.test,PICKUP,2024-02-09 11:17:02,COMPLETED,185.13,0.0,0.0,185.13,ONLINE_BANKING,PAID,2024-02-09 11:20:36,,B010,,
O00097,Zara binti Abdullah,+60179279437,zara.binti.abdullah.c0007@example.test,DELIVERY,2024-02-09 16:56:16,COMPLETED,91.87,0.0,0.0,111.07,ONLINE_BANKING,PAID,2024-02-09 16:59:50,C0007,B008,,
O00088,,,,WALK_IN,2024-02-09 17:44:15,COMPLETED,230.89,0.0,0.0,230.89,CARD,PAID,2024-02-09 17:48:27,,B007,,
O00072,,,,WALK_IN,2024-02-10 16:35:43,COMPLETED,136.95,0.0,0.0,136.95,CASH,PAID,2024-02-10 16:36:15,C0006,B002,,
O00107,,,,WALK_IN,2024-02-10 16:43:35,COMPLETED,84.21,0.0,0.0,84.21,CASH,PAID,2024-02-10 16:45:58,C0006,B004,,
O00078,,,,WALK_IN,2024-02-11 20:18:21,COMPLETED,104.25,0.0,0.0,104.25,CASH,PAID,2024-02-11 20:22:11,C0002,B001,,S0012
O00095,,,,WALK_IN,2024-02-11 20:37:27,COMPLETED,112.96,0.0,0.0,112.96,CASH,PAID,2024-02-11 20:40:32,C0001,B002,,
O00060,,,,WALK_IN,2024-02-12 16:35:25,COMPLETED,50.21,0.0,0.0,50.21,CARD,PAID,2024-02-12 16:36:30,C0002,B001,,S0012
O00069,,,,WALK_IN,2024-02-13 19:35:28,COMPLETED,314.07,0.0,0.0,314.07,CARD,PAID,2024-02-13 19:40:13,C0006,B001,,S0012
O00067,,,,WALK_IN,2024-02-15 09:12:05,COMPLETED,80.08,0.0,0.0,80.08,CASH,PAID,2024-02-15 09:13:22,C0004,B002,,
O00099,,,,WALK_IN,2024-02-16 13:03:34,COMPLETED,57.24,0.0,0.0,57.24,CASH,PAID,2024-02-16 13:07:18,C0006,B008,,
O00109,Guest User,+60199285673,guest109@example.test,DELIVERY,2024-02-16 14:50:08,COMPLETED,174.6,0.0,0.0,183.16,CARD,PAID,2024-02-16 14:51:32,,B002,,
O00108,,,,WALK_IN,2024-02-17 11:31:54,COMPLETED,269.72,0.0,0.0,269.72,CASH,PAID,2024-02-17 11:36:36,,B010,,
O00111,Guest User,+60182091930,guest111@example.test,WALK_IN,2024-02-17 12:01:18,COMPLETED,430.38,0.0,0.0,430.38,E_WALLET,PAID,2024-02-17 12:06:09,,B008,,
O00089,,,,WALK_IN,2024-02-17 15:14:15,COMPLETED,222.24,0.0,0.0,222.24,CARD,PAID,2024-02-17 15:14:51,C0008,B002,,
O00059,,,,WALK_IN,2024-02-18 10:00:16,COMPLETED,128.28,0.0,0.0,128.28,ONLINE_BANKING,PAID,2024-02-18 10:01:15,C0007,B001,,S0012
O00056,,,,WALK_IN,2024-02-18 11:40:05,COMPLETED,9.37,0.0,0.0,9.37,CASH,PAID,2024-02-18 11:43:01,C0006,B001,,S0012
O00080,,,,WALK_IN,2024-02-18 15:21:33,COMPLETED,134.17,0.0,0.0,134.17,CASH,PAID,2024-02-18 15:23:39,C0003,B011,,S0111
O00083,,,,WALK_IN,2024-02-18 18:39:50,COMPLETED,168.4,0.0,0.0,168.4,CASH,PAID,2024-02-18 18:41:47,,B004,,S0052
O00104,,,,PICKUP,2024-02-19 08:07:13,COMPLETED,268.12,0.0,0.0,268.12,CASH,PAID,2024-02-19 08:11:45,C0001,B007,,
O00061,,,,WALK_IN,2024-02-20 19:02:33,COMPLETED,20.18,0.0,0.0,20.18,CASH,PAID,2024-02-20 19:06:10,,B002,,
O00057,,,,WALK_IN,2024-02-21 12:32:21,COMPLETED,106.83,0.0,0.0,106.83,CASH,PAID,2024-02-21 12:35:21,C0005,B007,,
O00092,,,,WALK_IN,2024-02-23 11:25:48,COMPLETED,89.9,0.0,0.0,89.9,CASH,PAID,2024-02-23 11:28:41,C0008,B002,,
O00086,,,,WALK_IN,2024-02-23 19:23:08,COMPLETED,58.3,0.0,0.0,58.3,CASH,PAID,2024-02-23 19:26:37,C0009,B001,,S0012
O00100,,,,WALK_IN,2024-02-23 20:03:32,COMPLETED,215.93,0.0,0.0,215.93,CASH,PAID,2024-02-23 20:04:33,,B002,,
O00064,Guest User,+60132112040,guest64@example.test,WALK_IN,2024-02-24 14:49:12,COMPLETED,102.42,0.0,0.0,102.42,CASH,PAID,2024-02-24 14:52:23,,B001,,S0012
O00070,Guest User,+60168265200,guest70@example.test,PICKUP,2024-02-24 17:18:08,COMPLETED,130.76,0.0,0.0,130.76,CARD,PAID,2024-02-24 17:21:08,,B001,,
O00103,,,,WALK_IN,2024-02-24 17:35:22,COMPLETED,287.44,0.0,0.0,287.44,ONLINE_BANKING,PAID,2024-02-24 17:39:51,C0007,B007,,
O00112,Guest User,+60111478472,guest112@example.test,WALK_IN,2024-02-25 15:25:57,COMPLETED,193.67,0.0,0.0,193.67,CASH,PAID,2024-02-25 15:26:56,,B001,,S0012
O00058,,,,WALK_IN,2024-02-25 16:10:35,COMPLETED,239.11,0.0,0.0,239.11,CASH,PAID,2024-02-25 16:11:06,C0004,B004,,S0052
O00102,,,,WALK_IN,2024-02-25 16:57:43,COMPLETED,171.77,0.0,0.0,171.77,CARD,PAID,2024-02-25 16:58:29,C0001,B001,,S0012
O00087,Guest User,+60103388754,guest87@example.test,WALK_IN,2024-02-25 17:26:53,COMPLETED,250.94,0.0,0.0,250.94,CARD,PAID,2024-02-25 17:27:51,,B010,,
O00091,,,,WALK_IN,2024-02-25 20:03:02,COMPLETED,192.82,0.0,0.0,192.82,CARD,PAID,2024-02-25 20:05:53,C0007,B008,,
O00054,Guest User,+60121535506,guest54@example.test,PICKUP,2024-02-27 10:33:14,COMPLETED,9.38,0.0,0.0,9.38,CASH,PAID,2024-02-27 10:33:49,,B002,,
O00068,,,,WALK_IN,2024-02-27 13:45:58,COMPLETED,396.4,0.0,0.0,396.4,CARD,PAID,2024-02-27 13:48:22,,B004,,S0052
O00071,,,,WALK_IN,2024-02-28 11:45:45,COMPLETED,142.41,0.0,0.0,142.41,E_WALLET,PAID,2024-02-28 11:49:18,,B007,,
O00090,Guest User,+60175341766,guest90@example.test,WALK_IN,2024-02-28 12:16:03,COMPLETED,250.13,0.0,0.0,250.13,CASH,PAID,2024-02-28 12:20:32,,B001,,S0012
O00101,,,,WALK_IN,2024-02-29 19:10:06,COMPLETED,42.76,0.0,0.0,42.76,CASH,PAID,2024-02-29 19:13:47,C0007,B008,,
O00146,,,,WALK_IN,2024-03-01 15:45:16,COMPLETED,385.34,0.0,0.0,385.34,ONLINE_BANKING,PAID,2024-03-01 15:48:01,,B001,,S0012
O00163,Guest User,+60178270597,guest163@example.test,WALK_IN,2024-03-01 16:58:24,COMPLETED,194.3,0.0,0.0,194.3,CASH,PAID,2024-03-01 17:02:10,,B007,,
O00124,Guest User,+60135298485,guest124@example.test,DELIVERY,2024-03-01 19:15:06,COMPLETED,30.27,0.0,0.0,56.47,E_WALLET,PAID,2024-03-01 19:18:33,,B002,,
O00114,,,,WALK_IN,2024-03-02 08:32:33,COMPLETED,336.36,0.0,0.0,336.36,ONLINE_BANKING,PAID,2024-03-02 08:33:22,,B007,,
O00138,Rafiq bin Jamal,+60191545707,rafiq.bin.jamal.c0005@example.test,DELIVERY,2024-03-02 10:32:16,COMPLETED,182.87,0.0,0.0,189.17,CARD,PAID,2024-03-02 10:35:18,C0005,B004,,S0047
O00149,Guest User,+60137241536,guest149@example.test,PICKUP,2024-03-02 16:23:05,COMPLETED,67.9,0.0,0.0,67.9,CASH,PAID,2024-03-02 16:25:25,,B008,,
O00119,,,,WALK_IN,2024-03-04 09:34:47,COMPLETED,139.07,0.0,0.0,139.07,CASH,PAID,2024-03-04 09:36:30,C0010,B007,,
O00152,,,,WALK_IN,2024-03-04 17:00:42,COMPLETED,279.24,0.0,0.0,279.24,CASH,PAID,2024-03-04 17:02:59,,B001,,S0012
O00117,,,,WALK_IN,2024-03-05 10:33:14,COMPLETED,213.47,0.0,0.0,213.47,ONLINE_BANKING,PAID,2024-03-05 10:35:45,C0009,B007,,
O00131,Guest User,+60175964339,guest131@example.test,WALK_IN,2024-03-05 20:50:39,COMPLETED,313.39,0.0,0.0,313.39,CASH,PAID,2024-03-05 20:51:49,,B001,,S0012
O00153,,,,WALK_IN,2024-03-06 09:47:47,COMPLETED,85.86,0.0,0.0,85.86,CASH,PAID,2024-03-06 09:48:17,,B001,,S0012
O00135,,,,WALK_IN,2024-03-06 20:34:50,COMPLETED,41.54,0.0,0.0,41.54,CASH,PAID,2024-03-06 20:36:38,,B001,,S0012
O00126,Guest User,+60124683825,guest126@example.test,WALK_IN,2024-03-06 20:35:08,COMPLETED,260.59,0.0,0.0,260.59,CASH,PAID,2024-03-06 20:37:04,,B007,,
O00154,Guest User,+60144758265,guest154@example.test,PICKUP,2024-03-07 12:15:06,COMPLETED,247.0,0.0,0.0,247.0,CASH,PAID,2024-03-07 12:19:28,,B001,,
O00160,,,,WALK_IN,2024-03-08 10:12:04,COMPLETED,179.78,0.0,100.0,79.78,ONLINE_BANKING,PAID,2024-03-08 10:15:43,C0009,B007,,
O00145,,,,WALK_IN,2024-03-08 10:13:11,COMPLETED,37.28,0.0,0.0,37.28,CARD,PAID,2024-03-08 10:17:50,C0005,B001,,S0012
O00121,,,,WALK_IN,2024-03-09 19:10:28,COMPLETED,171.5,0.0,0.0,171.5,E_WALLET,PAID,2024-03-09 19:12:08,,B002,,
O00128,,,,WALK_IN,2024-03-09 19:59:47,COMPLETED,114.3,0.0,0.0,114.3,CASH,PAID,2024-03-09 20:00:22,C0004,B001,,S0012
O00155,,,,WALK_IN,2024-03-10 09:10:59,COMPLETED,222.97,0.0,0.0,222.97,CASH,PAID,2024-03-10 09:12:45,,B008,,
O00134,,,,WALK_IN,2024-03-10 13:23:56,COMPLETED,14.77,0.0,0.0,14.77,CASH,PAID,2024-03-10 13:27:43,C0010,B001,,S0012
O00164,,,,WALK_IN,2024-03-11 10:45:47,COMPLETED,179.37,0.0,0.0,179.37,CASH,PAID,2024-03-11 10:49:44,C0009,B007,,
O00139,Guest User,+60199784647,guest139@example.test,WALK_IN,2024-03-11 18:27:14,COMPLETED,242.94,0.0,0.0,242.94,CASH,PAID,2024-03-11 18:28:05,,B002,,
O00116,,,,WALK_IN,2024-03-11 18:34:06,COMPLETED,164.87,0.0,0.0,164.87,CASH,PAID,2024-03-11 18:36:47,C0005,B007,,
O00165,,,,WALK_IN,2024-03-12 10:00:28,COMPLETED,160.29,0.0,0.0,160.29,CASH,PAID,2024-03-12 10:04:30,,B001,,S0012
O00157,,,,WALK_IN,2024-03-12 10:09:48,COMPLETED,36.29,0.0,0.0,36.29,CASH,PAID,2024-03-12 10:13:04,C0009,B002,,
O00156,,,,WALK_IN,2024-03-12 12:23:14,COMPLETED,121.15,0.0,0.0,121.15,ONLINE_BANKING,PAID,2024-03-12 12:25:31,C0006,B008,,
O00161,,,,WALK_IN,2024-03-14 13:17:48,COMPLETED,234.71,0.0,0.0,234.71,CASH,PAID,2024-03-14 13:22:42,,B007,,
O00132,,,,PICKUP,2024-03-14 14:18:41,COMPLETED,242.83,0.0,0.0,242.83,E_WALLET,PAID,2024-03-14 14:20:55,C0007,B002,,S0028
O00127,,,,WALK_IN,2024-03-15 10:39:41,COMPLETED,23.46,0.0,0.0,23.46,ONLINE_BANKING,PAID,2024-03-15 10:43:41,,B001,,S0012
O00144,,,,WALK_IN,2024-03-16 12:36:01,COMPLETED,174.69,0.0,0.0,174.69,CARD,PAID,2024-03-16 12:36:35,,B002,,
O00162,Guest User,+60141435602,guest162@example.test,WALK_IN,2024-03-18 08:01:44,COMPLETED,181.02,0.0,0.0,181.02,CASH,PAID,2024-03-18 08:06:15,,B008,,
O00129,Hafiz bin Basri,+60106730441,hafiz.bin.basri.c0006@example.test,DELIVERY,2024-03-18 08:34:59,CANCELLED,276.03,4.0,0.0,293.23,CARD,FAILED,,C0006,B011,V006,
O00130,Guest User,+60154919336,guest130@example.test,WALK_IN,2024-03-18 13:04:39,COMPLETED,86.36,0.0,0.0,86.36,CASH,PAID,2024-03-18 13:07:36,,B001,,S0012
O00141,,,,PICKUP,2024-03-18 19:27:19,COMPLETED,62.57,0.0,0.0,62.57,CASH,PAID,2024-03-18 19:30:37,C0003,B010,,
O00123,,,,WALK_IN,2024-03-19 13:26:35,COMPLETED,152.29,0.0,0.0,152.29,CASH,PAID,2024-03-19 13:30:14,C0008,B002,,
O00159,Guest User,+60165297287,guest159@example.test,DELIVERY,2024-03-21 13:23:45,COMPLETED,131.28,0.0,0.0,150.48,E_WALLET,PAID,2024-03-21 13:25:59,,B001,,S0005
O00151,,,,PICKUP,2024-03-22 11:07:04,COMPLETED,167.12,0.0,0.0,167.12,CASH,PAID,2024-03-22 11:11:31,C0009,B001,,S0012
O00148,,,,WALK_IN,2024-03-22 18:12:34,COMPLETED,199.0,0.0,0.0,199.0,E_WALLET,PAID,2024-03-22 18:12:52,C0009,B002,,
O00120,Guest User,+60195465265,guest120@example.test,PICKUP,2024-03-22 19:46:23,COMPLETED,209.11,0.0,0.0,209.11,CASH,PAID,2024-03-22 19:50:59,,B002,,S0028
O00143,,,,WALK_IN,2024-03-24 14:16:11,COMPLETED,76.77,0.0,0.0,76.77,CARD,PAID,2024-03-24 14:16:57,C0003,B001,,S0012
O00140,,,,PICKUP,2024-03-25 11:11:51,COMPLETED,291.37,0.0,0.0,291.37,CASH,PAID,2024-03-25 11:14:05,C0002,B008,,
O00133,,,,PICKUP,2024-03-26 14:32:09,COMPLETED,124.37,0.0,0.0,124.37,CARD,PAID,2024-03-26 14:35:41,C0003,B001,,
O00150,Guest User,+60147091316,guest150@example.test,WALK_IN,2024-03-27 11:54:26,CANCELLED,131.07,0.0,0.0,131.07,CARD,FAILED,,,B008,,
O00125,Guest User,+60114658284,guest125@example.test,DELIVERY,2024-03-27 19:58:02,COMPLETED,25.34,0.0,0.0,50.54,ONLINE_BANKING,PAID,2024-03-27 20:00:13,,B001,,S0005
O00147,Guest User,+60102625950,guest147@example.test,DELIVERY,2024-03-28 10:34:27,COMPLETED,4.92,0.0,0.0,17.72,ONLINE_BANKING,PAID,2024-03-28 10:36:21,,B002,,
O00137,Guest User,+60186814128,guest137@example.test,DELIVERY,2024-03-28 20:30:25,COMPLETED,196.75,0.0,0.0,211.39,CARD,PAID,2024-03-28 20:35:02,,B007,,
O00136,,,,PICKUP,2024-03-29 12:22:43,COMPLETED,307.68,0.0,0.0,307.68,CARD,PAID,2024-03-29 12:23:47,C0005,B010,,
O00142,,,,WALK_IN,2024-03-29 17:28:30,COMPLETED,38.99,0.0,0.0,38.99,ONLINE_BANKING,PAID,2024-03-29 17:29:00,C0010,B007,,S0079
O00122,Guest User,+60107883476,guest122@example.test,PICKUP,2024-03-29 18:19:35,COMPLETED,69.48,0.0,0.0,69.48,CASH,PAID,2024-03-29 18:24:10,,B002,,
O00115,,,,WALK_IN,2024-03-30 12:12:22,COMPLETED,134.76,0.0,100.0,34.76,E_WALLET,PAID,2024-03-30 12:13:16,C0001,B008,,
O00158,,,,WALK_IN,2024-03-30 20:59:44,COMPLETED,52.89,0.0,0.0,52.89,E_WALLET,PAID,2024-03-30 21:00:25,C0001,B007,,S0079
O00118,,,,WALK_IN,2024-03-31 12:14:44,COMPLETED,78.93,0.0,0.0,78.93,CASH,PAID,2024-03-31 12:16:07,C0011,B001,,S0012
O00166,,,,WALK_IN,2024-03-31 13:54:04,COMPLETED,32.7,0.0,0.0,32.7,CASH,PAID,2024-03-31 13:56:51,,B001,,S0012
O00179,Guest User,+60113830637,guest179@example.test,DELIVERY,2024-04-02 12:06:35,COMPLETED,125.78,0.0,0.0,138.34,E_WALLET,PAID,2024-04-02 12:07:31,,B011,,S0110
O00202,Goh Jia Wei,+60124834068,goh.jia.wei.c0002@example.test,DELIVERY,2024-04-03 11:39:20,COMPLETED,154.5,4.0,0.0,164.82,E_WALLET,PAID,2024-04-03 11:39:51,C0002,B002,V006,
O00226,Guest User,+60134458206,guest226@example.test,WALK_IN,2024-04-04 11:49:38,COMPLETED,238.21,0.0,0.0,238.21,CASH,PAID,2024-04-04 11:54:38,,B004,,S0052
O00167,,,,PICKUP,2024-04-04 12:56:14,COMPLETED,87.7,0.0,0.0,87.7,CASH,PAID,2024-04-04 12:56:32,C0005,B002,,
O00208,,,,PICKUP,2024-04-04 14:27:29,COMPLETED,138.23,0.0,0.0,138.23,CARD,PAID,2024-04-04 14:31:30,C0002,B002,,
O00171,,,,WALK_IN,2024-04-04 20:23:45,COMPLETED,87.45,0.0,0.0,87.45,CARD,PAID,2024-04-04 20:25:22,C0003,B007,,S0079
O00195,,,,WALK_IN,2024-04-05 08:23:44,COMPLETED,146.83,0.0,0.0,146.83,E_WALLET,PAID,2024-04-05 08:25:46,C0010,B001,,S0012
O00229,Ho Jia En,+60149827734,ho.jia.en.c0009@example.test,DELIVERY,2024-04-06 12:19:46,COMPLETED,153.46,0.0,100.0,78.36,CARD,PAID,2024-04-06 12:22:52,C0009,B008,,
O00217,,,,WALK_IN,2024-04-06 12:31:45,COMPLETED,285.84,0.0,0.0,285.84,CARD,PAID,2024-04-06 12:34:09,C0012,B010,,S0108
O00230,,,,WALK_IN,2024-04-06 15:35:40,COMPLETED,60.68,0.0,0.0,60.68,E_WALLET,PAID,2024-04-06 15:39:07,C0001,B002,,
O00170,Arif bin Razak,+60102422227,arif.bin.razak.c0011@example.test,DELIVERY,2024-04-06 19:33:57,COMPLETED,154.98,0.0,0.0,161.23,CARD,PAID,2024-04-06 19:37:49,C0011,B004,,
O00222,,,,WALK_IN,2024-04-08 10:26:45,COMPLETED,286.64,0.0,0.0,286.64,CASH,PAID,2024-04-08 10:27:49,C0012,B004,,S0052
O00216,,,,WALK_IN,2024-04-08 12:34:42,COMPLETED,175.18,0.0,0.0,175.18,CASH,PAID,2024-04-08 12:37:13,,B010,,S0108
O00224,,,,WALK_IN,2024-04-08 14:34:05,COMPLETED,155.97,0.0,0.0,155.97,ONLINE_BANKING,PAID,2024-04-08 14:37:47,,B011,,S0110
O00219,,,,WALK_IN,2024-04-08 17:54:03,CANCELLED,281.8,0.0,0.0,281.8,CASH,FAILED,,,B001,,S0012
O00178,,,,WALK_IN,2024-04-09 09:43:53,COMPLETED,140.86,0.0,0.0,140.86,ONLINE_BANKING,PAID,2024-04-09 09:46:19,C0006,B008,,
O00227,,,,WALK_IN,2024-04-09 11:09:04,COMPLETED,111.5,0.0,0.0,111.5,CARD,PAID,2024-04-09 11:12:39,C0009,B008,,
O00223,,,,WALK_IN,2024-04-09 17:57:03,COMPLETED,71.38,0.0,43.24,28.14,E_WALLET,PAID,2024-04-09 17:59:02,C0001,B007,,S0082
O00211,,,,WALK_IN,2024-04-09 18:07:08,COMPLETED,153.57,0.0,0.0,153.57,CASH,PAID,2024-04-09 18:09:23,,B002,,
O00207,,,,WALK_IN,2024-04-12 12:08:48,COMPLETED,365.37,0.0,0.0,365.37,E_WALLET,PAID,2024-04-12 12:10:17,C0004,B010,,S0108
O00200,Zara binti Abdullah,+60179279437,zara.binti.abdullah.c0007@example.test,DELIVERY,2024-04-12 15:08:43,COMPLETED,240.79,0.0,0.0,250.55,CARD,PAID,2024-04-12 15:09:54,C0007,B001,,S0005
O00173,,,,WALK_IN,2024-04-12 18:26:27,COMPLETED,111.42,0.0,0.0,111.42,CASH,PAID,2024-04-12 18:30:39,C0002,B002,,
O00191,Goh Zi Xuan,+60141509829,goh.zi.xuan.c0013@example.test,DELIVERY,2024-04-13 09:39:01,COMPLETED,115.93,0.0,0.0,138.63,ONLINE_BANKING,PAID,2024-04-13 09:42:20,C0013,B007,,
O00196,,,,WALK_IN,2024-04-13 17:02:45,COMPLETED,253.83,0.0,0.0,253.83,CASH,PAID,2024-04-13 17:03:07,C0012,B002,,
O00228,Guest User,+60157968000,guest228@example.test,PICKUP,2024-04-13 17:11:59,CANCELLED,268.2,0.0,0.0,268.2,ONLINE_BANKING,FAILED,,,B008,,
O00206,,,,WALK_IN,2024-04-13 20:51:20,COMPLETED,184.62,0.0,0.0,184.62,CASH,PAID,2024-04-13 20:52:03,,B001,,S0012
O00180,Guest User,+60131053417,guest180@example.test,PICKUP,2024-04-14 12:15:53,COMPLETED,32.76,0.0,0.0,32.76,CARD,PAID,2024-04-14 12:18:01,,B002,,
O00215,,,,WALK_IN,2024-04-14 16:25:00,COMPLETED,115.23,0.0,0.0,115.23,CARD,PAID,2024-04-14 16:28:58,,B001,,S0012
O00188,,,,WALK_IN,2024-04-14 16:32:09,COMPLETED,63.46,0.0,0.0,63.46,CASH,PAID,2024-04-14 16:36:23,C0001,B004,,S0052
O00204,,,,WALK_IN,2024-04-14 19:07:40,COMPLETED,172.48,0.0,0.0,172.48,CASH,PAID,2024-04-14 19:12:23,C0003,B001,,S0012
O00198,,,,WALK_IN,2024-04-15 18:20:59,COMPLETED,244.59,0.0,0.0,244.59,CARD,PAID,2024-04-15 18:24:36,C0013,B004,,S0052
O00218,,,,PICKUP,2024-04-15 18:49:44,COMPLETED,285.38,0.0,0.0,285.38,CASH,PAID,2024-04-15 18:53:07,C0005,B001,,
O00192,,,,WALK_IN,2024-04-16 11:54:27,COMPLETED,133.61,0.0,0.0,133.61,CASH,PAID,2024-04-16 11:59:21,,B007,,S0082
O00189,,,,WALK_IN,2024-04-16 14:52:19,COMPLETED,155.24,0.0,0.0,155.24,CASH,PAID,2024-04-16 14:55:33,C0006,B001,,S0012
O00194,,,,WALK_IN,2024-04-16 18:17:17,COMPLETED,182.03,0.0,0.0,182.03,CARD,PAID,2024-04-16 18:18:13,C0008,B002,,
O00174,,,,PICKUP,2024-04-17 10:36:34,COMPLETED,70.05,0.0,0.0,70.05,CARD,PAID,2024-04-17 10:37:34,C0004,B011,,S0111
O00203,,,,WALK_IN,2024-04-18 09:39:57,COMPLETED,173.08,0.0,0.0,173.08,ONLINE_BANKING,PAID,2024-04-18 09:42:43,,B008,,
O00168,Guest User,+60147906465,guest168@example.test,DELIVERY,2024-04-18 14:12:22,COMPLETED,127.49,0.0,0.0,133.49,CARD,PAID,2024-04-18 14:14:27,,B001,,S0005
O00213,Guest User,+60197850335,guest213@example.test,WALK_IN,2024-04-18 15:36:58,COMPLETED,448.16,0.0,0.0,448.16,CARD,PAID,2024-04-18 15:40:17,,B001,,S0012
O00177,,,,PICKUP,2024-04-18 17:18:36,COMPLETED,172.62,0.0,0.0,172.62,CASH,PAID,2024-04-18 17:21:49,C0012,B010,,S0108
O00190,,,,WALK_IN,2024-04-19 13:55:15,COMPLETED,36.03,0.0,0.0,36.03,CASH,PAID,2024-04-19 13:58:09,C0014,B008,,
O00186,Rafiq bin Jamal,+60191545707,rafiq.bin.jamal.c0005@example.test,DELIVERY,2024-04-19 16:23:22,COMPLETED,73.95,4.0,0.0,79.55,CARD,PAID,2024-04-19 16:27:37,C0005,B001,V006,
O00169,,,,WALK_IN,2024-04-20 10:44:59,COMPLETED,309.73,0.0,0.0,309.73,CASH,PAID,2024-04-20 10:47:02,C0010,B001,,S0012
O00199,,,,WALK_IN,2024-04-20 16:22:40,COMPLETED,300.09,0.0,0.0,300.09,CASH,PAID,2024-04-20 16:27:35,,B002,,
O00201,,,,WALK_IN,2024-04-20 19:36:31,COMPLETED,259.75,0.0,0.0,259.75,CARD,PAID,2024-04-20 19:39:11,C0010,B001,,S0012
O00181,,,,WALK_IN,2024-04-21 14:43:57,COMPLETED,324.96,0.0,0.0,324.96,E_WALLET,PAID,2024-04-21 14:46:00,C0004,B001,,S0012
O00210,,,,WALK_IN,2024-04-21 19:27:06,COMPLETED,109.94,0.0,0.0,109.94,CASH,PAID,2024-04-21 19:30:14,,B001,,S0012
O00183,,,,WALK_IN,2024-04-22 12:47:36,COMPLETED,102.83,0.0,0.0,102.83,CASH,PAID,2024-04-22 12:50:46,,B004,,S0052
O00214,,,,WALK_IN,2024-04-23 12:37:09,COMPLETED,325.91,0.0,0.0,325.91,CASH,PAID,2024-04-23 12:39:59,C0005,B001,,S0012
O00176,Guest User,+60151841968,guest176@example.test,DELIVERY,2024-04-23 17:53:18,COMPLETED,96.41,0.0,0.0,110.57,E_WALLET,PAID,2024-04-23 17:58:17,,B001,,
O00212,Guest User,+60173094267,guest212@example.test,PICKUP,2024-04-24 08:28:45,COMPLETED,274.79,0.0,0.0,274.79,CARD,PAID,2024-04-24 08:32:01,,B004,,S0052
O00232,,,,WALK_IN,2024-04-24 18:00:29,COMPLETED,229.96,0.0,0.0,229.96,CASH,PAID,2024-04-24 18:01:56,,B004,,S0052
O00182,,,,WALK_IN,2024-04-25 15:10:57,COMPLETED,160.66,0.0,0.0,160.66,CASH,PAID,2024-04-25 15:12:57,C0012,B010,,S0108
O00221,,,,WALK_IN,2024-04-25 16:09:53,COMPLETED,104.22,0.0,0.0,104.22,ONLINE_BANKING,PAID,2024-04-25 16:11:01,,B001,,S0012
O00184,,,,WALK_IN,2024-04-25 17:33:56,COMPLETED,71.46,0.0,0.0,71.46,E_WALLET,PAID,2024-04-25 17:38:27,C0010,B002,,
O00172,,,,WALK_IN,2024-04-25 18:11:25,COMPLETED,199.33,0.0,0.0,199.33,CARD,PAID,2024-04-25 18:11:56,C0012,B004,,S0052
O00185,,,,PICKUP,2024-04-25 18:26:43,CANCELLED,101.18,0.0,0.0,101.18,CASH,FAILED,,C0010,B002,,S0029
O00231,Guest User,+60146299647,guest231@example.test,DELIVERY,2024-04-26 16:10:55,COMPLETED,259.3,0.0,0.0,269.6,CARD,PAID,2024-04-26 16:14:37,,B007,,
O00220,,,,PICKUP,2024-04-26 17:37:34,COMPLETED,169.9,0.0,0.0,169.9,CASH,PAID,2024-04-26 17:38:41,C0016,B002,,S0028
O00205,Guest User,+60146594698,guest205@example.test,WALK_IN,2024-04-26 17:48:01,COMPLETED,164.37,0.0,0.0,164.37,CASH,PAID,2024-04-26 17:49:07,,B007,,S0082
O00175,,,,PICKUP,2024-04-27 10:02:27,COMPLETED,148.07,0.0,0.0,148.07,CARD,PAID,2024-04-27 10:02:47,C0009,B002,,S0028
O00209,Guest User,+60143593465,guest209@example.test,DELIVERY,2024-04-27 14:20:31,COMPLETED,120.5,0.0,0.0,135.7,E_WALLET,PAID,2024-04-27 14:23:29,,B008,,
O00197,Guest User,+60128577010,guest197@example.test,PICKUP,2024-04-27 18:52:58,COMPLETED,60.0,0.0,0.0,60.0,CASH,PAID,2024-04-27 18:56:52,,B007,,S0079
O00225,,,,WALK_IN,2024-04-28 19:36:28,COMPLETED,203.99,0.0,0.0,203.99,CASH,PAID,2024-04-28 19:40:43,,B001,,S0012
O00193,,,,WALK_IN,2024-04-28 20:49:45,COMPLETED,127.57,0.0,0.0,127.57,CASH,PAID,2024-04-28 20:51:25,C0001,B002,,
O00187,,,,WALK_IN,2024-04-29 14:54:56,COMPLETED,57.36,0.0,0.0,57.36,CASH,PAID,2024-04-29 14:59:55,C0006,B010,,S0108
O00274,,,,WALK_IN,2024-05-02 10:54:27,COMPLETED,81.39,0.0,0.0,81.39,CARD,PAID,2024-05-02 10:57:15,C0003,B001,,S0013
O00241,,,,WALK_IN,2024-05-02 15:11:30,COMPLETED,18.72,0.0,0.0,18.72,CARD,PAID,2024-05-02 15:15:40,C0016,B008,,
O00269,,,,WALK_IN,2024-05-02 16:05:51,COMPLETED,63.92,0.0,0.0,63.92,CASH,PAID,2024-05-02 16:09:30,,B011,,S0110
O00254,,,,PICKUP,2024-05-02 18:27:13,COMPLETED,91.03,0.0,0.0,91.03,CASH,PAID,2024-05-02 18:30:41,C0018,B004,,S0047
O00262,Guest User,+60155938802,guest262@example.test,WALK_IN,2024-05-03 08:21:00,COMPLETED,123.62,0.0,0.0,123.62,CASH,PAID,2024-05-03 08:23:59,,B007,,S0082
O00234,Divya a/p Nair,+60199554984,divya.a.p.nair.c0001@example.test,DELIVERY,2024-05-03 11:37:11,COMPLETED,145.26,4.0,14.95,143.59,E_WALLET,PAID,2024-05-03 11:41:59,C0001,B001,V006,S0012
O00244,,,,PICKUP,2024-05-03 12:09:36,COMPLETED,143.76,0.0,0.0,143.76,ONLINE_BANKING,PAID,2024-05-03 12:12:04,C0004,B002,,S0028
O00283,,,,WALK_IN,2024-05-03 14:22:42,COMPLETED,154.43,0.0,0.0,154.43,CASH,PAID,2024-05-03 14:24:28,,B001,,S0012
O00264,Guest User,+60101620118,guest264@example.test,DELIVERY,2024-05-03 17:51:04,COMPLETED,530.42,0.0,0.0,550.42,E_WALLET,PAID,2024-05-03 17:55:12,,B001,,
O00282,Guest User,+60146725862,guest282@example.test,DELIVERY,2024-05-04 09:08:54,COMPLETED,153.52,0.0,0.0,169.52,E_WALLET,PAID,2024-05-04 09:10:13,,B001,,
O00257,,,,WALK_IN,2024-05-04 15:47:43,COMPLETED,212.36,0.0,0.0,212.36,CARD,PAID,2024-05-04 15:48:03,C0017,B011,,S0111
O00240,,,,WALK_IN,2024-05-04 16:13:56,COMPLETED,364.43,0.0,0.0,364.43,CASH,PAID,2024-05-04 16:15:40,C0003,B007,,S0082
O00271,,,,WALK_IN,2024-05-04 18:04:02,COMPLETED,63.35,0.0,0.0,63.35,ONLINE_BANKING,PAID,2024-05-04 18:08:30,,B011,,S0110
O00259,,,,WALK_IN,2024-05-04 18:37:35,COMPLETED,218.42,0.0,0.0,218.42,CASH,PAID,2024-05-04 18:41:46,C0016,B007,,S0079
O00272,,,,PICKUP,2024-05-07 17:12:28,COMPLETED,73.31,0.0,36.03,37.28,CASH,PAID,2024-05-07 17:13:16,C0009,B007,,
O00275,,,,WALK_IN,2024-05-10 17:59:10,COMPLETED,44.31,0.0,0.0,44.31,E_WALLET,PAID,2024-05-10 18:02:30,,B008,,
O00250,,,,WALK_IN,2024-05-11 11:27:55,COMPLETED,136.11,0.0,0.0,136.11,CASH,PAID,2024-05-11 11:28:49,C0011,B007,,S0079
O00247,,,,WALK_IN,2024-05-11 13:12:42,COMPLETED,275.31,0.0,0.0,275.31,CASH,PAID,2024-05-11 13:15:25,C0001,B007,,S0082
O00235,,,,WALK_IN,2024-05-11 15:28:30,COMPLETED,103.5,0.0,0.0,103.5,ONLINE_BANKING,PAID,2024-05-11 15:29:11,,B008,,
O00280,,,,WALK_IN,2024-05-12 19:29:53,COMPLETED,77.62,0.0,0.0,77.62,CASH,PAID,2024-05-12 19:31:20,C0012,B002,,
O00255,,,,PICKUP,2024-05-14 09:05:48,COMPLETED,6.19,0.0,0.0,6.19,CASH,PAID,2024-05-14 09:06:13,C0016,B001,,S0013
O00278,Arif bin Razak,+60102422227,arif.bin.razak.c0011@example.test,DELIVERY,2024-05-14 14:38:19,COMPLETED,43.15,0.0,0.0,55.79,E_WALLET,PAID,2024-05-14 14:39:54,C0011,B007,,
O00243,,,,WALK_IN,2024-05-15 11:58:48,COMPLETED,139.65,0.0,0.0,139.65,CARD,PAID,2024-05-15 12:00:34,C0019,B008,,S0095
O00265,,,,PICKUP,2024-05-15 14:05:17,COMPLETED,184.6,0.0,0.0,184.6,CASH,PAID,2024-05-15 14:08:43,C0017,B008,,
O00253,Guest User,+60181978911,guest253@example.test,DELIVERY,2024-05-15 19:05:07,COMPLETED,93.03,0.0,0.0,100.13,CARD,PAID,2024-05-15 19:07:57,,B007,,S0079
O00266,,,,WALK_IN,2024-05-15 19:37:23,COMPLETED,127.39,0.0,0.0,127.39,CASH,PAID,2024-05-15 19:41:32,C0002,B004,,S0052
O00276,,,,WALK_IN,2024-05-15 19:38:27,COMPLETED,36.88,0.0,0.0,36.88,E_WALLET,PAID,2024-05-15 19:40:20,C0002,B008,,S0095
O00251,Sabrina binti Omar,+60188789653,sabrina.binti.omar.c0016@example.test,DELIVERY,2024-05-16 17:52:36,COMPLETED,270.3,0.0,0.0,278.1,E_WALLET,PAID,2024-05-16 17:54:37,C0016,B002,,S0028
O00233,Syafiq bin Razak,+60168593255,syafiq.bin.razak.c0021@example.test,DELIVERY,2024-05-17 17:43:32,COMPLETED,213.81,0.0,0.0,221.81,CARD,PAID,2024-05-17 17:43:58,C0021,B002,,S0028
O00248,,,,WALK_IN,2024-05-19 11:10:03,COMPLETED,159.24,0.0,0.0,159.24,CASH,PAID,2024-05-19 11:13:11,C0013,B003,,
O00252,Guest User,+60161518716,guest252@example.test,PICKUP,2024-05-19 17:09:50,COMPLETED,102.9,0.0,0.0,102.9,CASH,PAID,2024-05-19 17:10:46,,B007,,
O00281,,,,PICKUP,2024-05-19 18:35:54,COMPLETED,149.72,0.0,0.0,149.72,CASH,PAID,2024-05-19 18:40:11,C0017,B003,,
O00260,,,,WALK_IN,2024-05-20 08:28:32,COMPLETED,355.48,0.0,0.0,355.48,CASH,PAID,2024-05-20 08:29:47,C0015,B001,,S0004
O00261,,,,WALK_IN,2024-05-21 13:41:05,COMPLETED,67.56,0.0,0.0,67.56,ONLINE_BANKING,PAID,2024-05-21 13:41:56,C0021,B002,,
O00268,Guest User,+60131250379,guest268@example.test,WALK_IN,2024-05-21 16:23:11,COMPLETED,225.73,0.0,0.0,225.73,CASH,PAID,2024-05-21 16:27:09,,B003,,
O00236,,,,WALK_IN,2024-05-21 17:01:17,COMPLETED,303.88,0.0,0.0,303.88,CARD,PAID,2024-05-21 17:02:21,C0007,B002,,
O00239,,,,WALK_IN,2024-05-22 12:15:39,COMPLETED,172.99,0.0,0.0,172.99,CARD,PAID,2024-05-22 12:17:39,C0004,B001,,S0012
O00258,,,,WALK_IN,2024-05-22 17:09:14,COMPLETED,40.05,0.0,0.0,40.05,E_WALLET,PAID,2024-05-22 17:09:57,C0002,B001,,S0013
O00249,,,,WALK_IN,2024-05-22 17:12:26,COMPLETED,50.48,0.0,0.0,50.48,CASH,PAID,2024-05-22 17:15:12,,B002,,
O00285,,,,WALK_IN,2024-05-24 15:22:27,COMPLETED,151.93,0.0,0.0,151.93,E_WALLET,PAID,2024-05-24 15:24:53,,B004,,S0052
O00279,Guest User,+60164350914,guest279@example.test,DELIVERY,2024-05-25 13:40:13,COMPLETED,340.51,0.0,0.0,352.91,E_WALLET,PAID,2024-05-25 13:43:49,,B010,,
O00256,,,,WALK_IN,2024-05-25 17:51:38,COMPLETED,355.51,0.0,85.05,270.46,CASH,PAID,2024-05-25 17:54:48,C0001,B003,,
O00237,Guest User,+60157862053,guest237@example.test,DELIVERY,2024-05-26 08:02:37,COMPLETED,61.64,0.0,0.0,79.56,E_WALLET,PAID,2024-05-26 08:06:07,,B001,,
O00238,,,,WALK_IN,2024-05-26 11:56:15,COMPLETED,216.86,0.0,0.0,216.86,CASH,PAID,2024-05-26 11:58:28,C0022,B002,,
O00286,Guest User,+60168893885,guest286@example.test,WALK_IN,2024-05-26 17:32:51,COMPLETED,230.44,0.0,0.0,230.44,CASH,PAID,2024-05-26 17:34:44,,B004,,S0052
O00245,Goh Zi Xuan,+60141509829,goh.zi.xuan.c0013@example.test,DELIVERY,2024-05-26 19:31:12,COMPLETED,53.96,0.0,0.0,79.76,CARD,PAID,2024-05-26 19:36:02,C0013,B008,,
O00263,,,,WALK_IN,2024-05-27 15:35:48,COMPLETED,225.85,0.0,0.0,225.85,E_WALLET,PAID,2024-05-27 15:39:24,,B001,,S0004
O00277,,,,WALK_IN,2024-05-28 10:01:19,COMPLETED,81.6,0.0,0.0,81.6,CASH,PAID,2024-05-28 10:05:21,C0017,B004,,S0052
O00270,Guest User,+60172875469,guest270@example.test,WALK_IN,2024-05-28 17:53:21,COMPLETED,152.14,0.0,0.0,152.14,CASH,PAID,2024-05-28 17:57:09,,B002,,
O00267,,,,WALK_IN,2024-05-28 17:55:43,COMPLETED,58.3,0.0,0.0,58.3,CARD,PAID,2024-05-28 17:57:11,,B001,,S0013
O00284,Guest User,+60142775126,guest284@example.test,WALK_IN,2024-05-28 20:23:01,COMPLETED,205.95,0.0,0.0,205.95,CASH,PAID,2024-05-28 20:27:22,,B008,,S0095
O00242,Guest User,+60145503571,guest242@example.test,DELIVERY,2024-05-30 17:32:52,COMPLETED,235.96,0.0,0.0,255.08,ONLINE_BANKING,PAID,2024-05-30 17:36:31,,B010,,
O00273,,,,WALK_IN,2024-05-31 11:37:29,COMPLETED,127.05,0.0,0.0,127.05,E_WALLET,PAID,2024-05-31 11:40:14,C0013,B002,,
O00246,,,,WALK_IN,2024-05-31 15:49:34,COMPLETED,54.77,0.0,0.0,54.77,CASH,PAID,2024-05-31 15:51:17,C0013,B004,,S0052
O00321,Guest User,+60183092600,guest321@example.test,PICKUP,2024-06-01 13:02:48,COMPLETED,169.52,0.0,0.0,169.52,CASH,PAID,2024-06-01 13:06:59,,B003,,
O00339,,,,WALK_IN,2024-06-01 13:13:47,COMPLETED,147.14,0.0,0.0,147.14,CASH,PAID,2024-06-01 13:15:38,C0015,B003,,
O00342,,,,WALK_IN,2024-06-02 12:25:20,COMPLETED,110.68,0.0,0.0,110.68,CARD,PAID,2024-06-02 12:25:40,,B002,,
O00330,,,,PICKUP,2024-06-02 13:47:09,COMPLETED,398.22,0.0,0.0,398.22,E_WALLET,PAID,2024-06-02 13:49:03,C0003,B002,,S0029
O00291,,,,WALK_IN,2024-06-02 18:58:29,COMPLETED,145.98,0.0,0.0,145.98,CASH,PAID,2024-06-02 19:00:18,C0009,B002,,
O00310,,,,WALK_IN,2024-06-03 08:16:04,COMPLETED,10.56,0.0,0.0,10.56,CARD,PAID,2024-06-03 08:20:11,C0010,B011,,S0111
O00328,,,,WALK_IN,2024-06-03 11:00:22,COMPLETED,246.65,0.0,0.0,246.65,E_WALLET,PAID,2024-06-03 11:01:47,C0008,B004,,S0052
O00297,,,,WALK_IN,2024-06-03 11:10:47,COMPLETED,196.2,0.0,0.0,196.2,CASH,PAID,2024-06-03 11:15:30,C0013,B003,,
O00306,,,,WALK_IN,2024-06-03 12:17:10,COMPLETED,376.81,0.0,0.0,376.81,CARD,PAID,2024-06-03 12:17:44,C0007,B002,,
O00343,,,,WALK_IN,2024-06-03 12:27:45,COMPLETED,39.32,0.0,0.0,39.32,ONLINE_BANKING,PAID,2024-06-03 12:29:34,,B002,,
O00304,,,,WALK_IN,2024-06-04 08:10:23,COMPLETED,266.35,0.0,0.0,266.35,E_WALLET,PAID,2024-06-04 08:14:17,C0023,B002,,
O00331,Yeoh Li Xuan,+60181590370,yeoh.li.xuan.c0017@example.test,DELIVERY,2024-06-04 09:22:22,COMPLETED,180.4,30.0,0.0,164.32,E_WALLET,PAID,2024-06-04 09:24:31,C0017,B003,V001,
O00319,,,,WALK_IN,2024-06-04 20:52:01,COMPLETED,249.26,0.0,0.0,249.26,E_WALLET,PAID,2024-06-04 20:54:44,,B003,,
O00326,,,,WALK_IN,2024-06-05 17:05:08,COMPLETED,395.11,0.0,0.0,395.11,CARD,PAID,2024-06-05 17:05:55,,B003,,
O00294,,,,WALK_IN,2024-06-07 13:08:27,COMPLETED,95.6,0.0,0.0,95.6,CASH,PAID,2024-06-07 13:08:50,C0010,B004,,S0052
O00300,,,,PICKUP,2024-06-08 15:31:33,COMPLETED,81.54,0.0,0.0,81.54,CASH,PAID,2024-06-08 15:33:10,C0019,B003,,
O00305,,,,WALK_IN,2024-06-08 19:37:05,COMPLETED,149.62,0.0,0.0,149.62,CASH,PAID,2024-06-08 19:38:57,C0024,B002,,
O00313,,,,WALK_IN,2024-06-09 13:47:46,COMPLETED,145.97,5.0,0.0,140.97,ONLINE_BANKING,PAID,2024-06-09 13:52:01,C0008,B001,V005,S0013
O00322,Luqman bin Fauzi,+60104827352,luqman.bin.fauzi.c0019@example.test,DELIVERY,2024-06-09 19:20:42,COMPLETED,413.26,5.0,0.0,414.86,CARD,PAID,2024-06-09 19:25:21,C0019,B001,V005,
O00335,,,,WALK_IN,2024-06-10 08:37:40,COMPLETED,22.61,0.0,0.0,22.61,E_WALLET,PAID,2024-06-10 08:40:44,C0017,B008,,S0095
O00314,,,,PICKUP,2024-06-10 12:51:40,COMPLETED,258.37,0.0,0.0,258.37,CASH,PAID,2024-06-10 12:52:11,C0026,B002,,
O00312,Sabrina binti Omar,+60188789653,sabrina.binti.omar.c0016@example.test,DELIVERY,2024-06-10 13:38:37,COMPLETED,123.28,4.0,0.0,132.16,CARD,PAID,2024-06-10 13:40:45,C0016,B004,V006,S0047
O00303,,,,WALK_IN,2024-06-13 11:43:00,COMPLETED,136.33,0.0,0.0,136.33,CASH,PAID,2024-06-13 11:43:51,C0002,B008,,S0095
O00295,,,,WALK_IN,2024-06-13 12:26:56,COMPLETED,328.08,5.0,0.0,323.08,CASH,PAID,2024-06-13 12:28:35,C0012,B007,V005,S0078
O00299,,,,WALK_IN,2024-06-15 14:59:42,COMPLETED,92.26,0.0,0.0,92.26,E_WALLET,PAID,2024-06-15 15:03:16,,B003,,
O00317,,,,WALK_IN,2024-06-15 19:03:26,COMPLETED,333.06,0.0,0.0,333.06,CASH,PAID,2024-06-15 19:05:40,C0026,B004,,S0052
O00341,Guest User,+60181050696,guest341@example.test,WALK_IN,2024-06-16 08:01:39,COMPLETED,44.52,0.0,0.0,44.52,ONLINE_BANKING,PAID,2024-06-16 08:03:11,,B002,,
O00327,Ivan Giman,+60160216530,ivan.giman.c0008@example.test,DELIVERY,2024-06-16 08:40:05,COMPLETED,136.56,0.0,0.0,145.41,CARD,PAID,2024-06-16 08:40:26,C0008,B002,,
O00334,,,,WALK_IN,2024-06-16 16:18:12,COMPLETED,77.12,0.0,14.24,62.88,CASH,PAID,2024-06-16 16:19:30,C0010,B008,,S0095
O00337,Hafiz bin Basri,+60106730441,hafiz.bin.basri.c0006@example.test,DELIVERY,2024-06-18 13:30:51,COMPLETED,94.69,0.0,0.0,104.17,ONLINE_BANKING,PAID,2024-06-18 13:33:46,C0006,B002,,
O00333,Guest User,+60135870867,guest333@example.test,DELIVERY,2024-06-18 19:18:51,COMPLETED,249.24,0.0,0.0,256.69,ONLINE_BANKING,PAID,2024-06-18 19:20:40,,B002,,
O00325,Guest User,+60142664302,guest325@example.test,WALK_IN,2024-06-19 13:16:44,COMPLETED,92.2,0.0,0.0,92.2,E_WALLET,PAID,2024-06-19 13:18:41,,B001,,S0004
O00292,,,,WALK_IN,2024-06-19 15:58:03,COMPLETED,81.39,5.0,0.0,76.39,E_WALLET,PAID,2024-06-19 15:58:45,C0019,B008,V005,S0095
O00323,,,,WALK_IN,2024-06-20 13:52:24,COMPLETED,61.84,0.0,0.0,61.84,CASH,PAID,2024-06-20 13:54:59,C0020,B002,,
O00311,,,,WALK_IN,2024-06-20 14:04:43,COMPLETED,252.37,0.0,0.0,252.37,CASH,PAID,2024-06-20 14:07:23,C0019,B003,,
O00308,Guest User,+60105388716,guest308@example.test,DELIVERY,2024-06-21 08:32:42,COMPLETED,243.1,0.0,0.0,255.74,CARD,PAID,2024-06-21 08:37:42,,B003,,
O00332,,,,PICKUP,2024-06-22 20:14:21,COMPLETED,107.56,0.0,0.0,107.56,E_WALLET,PAID,2024-06-22 20:18:11,C0027,B010,,
O00301,,,,WALK_IN,2024-06-23 19:06:07,COMPLETED,224.45,0.0,11.97,212.48,CASH,PAID,2024-06-23 19:08:49,C0013,B002,,
O00316,,,,WALK_IN,2024-06-24 16:51:18,COMPLETED,244.51,0.0,0.0,244.51,CARD,PAID,2024-06-24 16:55:09,,B002,,
O00336,,,,WALK_IN,2024-06-24 19:11:52,COMPLETED,28.37,0.0,0.0,28.37,CASH,PAID,2024-06-24 19:13:04,,B003,,
O00287,Guest User,+60195456430,guest287@example.test,WALK_IN,2024-06-25 09:55:47,COMPLETED,311.24,0.0,0.0,311.24,CASH,PAID,2024-06-25 09:57:52,,B002,,
O00288,,,,PICKUP,2024-06-25 14:06:51,COMPLETED,94.98,0.0,0.0,94.98,CASH,PAID,2024-06-25 14:07:08,C0016,B011,,
O00302,Chan Pei Shan,+60138636151,chan.pei.shan.c0029@example.test,DELIVERY,2024-06-26 08:01:13,COMPLETED,139.29,0.0,0.0,151.85,CARD,PAID,2024-06-26 08:05:10,C0029,B003,,
O00290,,,,WALK_IN,2024-06-26 12:29:50,COMPLETED,181.22,0.0,0.0,181.22,ONLINE_BANKING,PAID,2024-06-26 12:33:38,,B008,,S0095
O00293,Guest User,+60171162180,guest293@example.test,DELIVERY,2024-06-26 14:08:04,COMPLETED,342.48,0.0,0.0,352.48,CARD,PAID,2024-06-26 14:08:48,,B003,,
O00338,,,,WALK_IN,2024-06-26 14:37:55,COMPLETED,67.69,0.0,0.0,67.69,CARD,PAID,2024-06-26 14:38:12,C0027,B003,,S0032
O00315,,,,WALK_IN,2024-06-27 09:19:55,COMPLETED,80.14,0.0,0.0,80.14,CASH,PAID,2024-06-27 09:22:42,C0020,B002,,
O00324,Guest User,+60193916271,guest324@example.test,DELIVERY,2024-06-27 11:53:04,COMPLETED,206.05,0.0,0.0,221.57,ONLINE_BANKING,PAID,2024-06-27 11:54:34,,B001,,S0005
O00329,,,,PICKUP,2024-06-28 11:52:20,COMPLETED,214.33,0.0,0.0,214.33,CASH,PAID,2024-06-28 11:54:19,C0020,B001,,
O00320,,,,PICKUP,2024-06-28 12:50:52,COMPLETED,182.96,0.0,0.0,182.96,ONLINE_BANKING,PAID,2024-06-28 12:52:48,C0017,B002,,
O00298,,,,WALK_IN,2024-06-28 15:27:18,COMPLETED,168.42,0.0,0.0,168.42,CASH,PAID,2024-06-28 15:29:39,C0018,B002,,
O00307,,,,WALK_IN,2024-06-28 20:52:49,COMPLETED,34.95,0.0,0.0,34.95,CASH,PAID,2024-06-28 20:53:35,,B002,,
O00296,,,,WALK_IN,2024-06-29 08:07:45,COMPLETED,462.33,0.0,0.0,462.33,CASH,PAID,2024-06-29 08:08:37,C0012,B001,,S0013
O00340,,,,WALK_IN,2024-06-29 14:33:49,COMPLETED,168.77,0.0,0.0,168.77,CASH,PAID,2024-06-29 14:35:37,C0004,B004,,S0052
O00289,,,,WALK_IN,2024-06-30 10:41:14,COMPLETED,163.24,0.0,0.0,163.24,CASH,PAID,2024-06-30 10:43:10,C0022,B010,,S0108
O00318,,,,WALK_IN,2024-06-30 14:18:29,COMPLETED,63.85,0.0,0.0,63.85,CARD,PAID,2024-06-30 14:19:22,,B001,,S0004
O00309,,,,WALK_IN,2024-06-30 14:27:32,COMPLETED,271.05,0.0,0.0,271.05,CASH,PAID,2024-06-30 14:28:40,,B004,,S0052
O00394,,,,WALK_IN,2024-07-01 14:10:18,COMPLETED,41.13,0.0,0.0,41.13,CARD,PAID,2024-07-01 14:12:29,C0014,B002,,
O00364,,,,WALK_IN,2024-07-02 08:59:56,COMPLETED,197.04,0.0,0.0,197.04,CASH,PAID,2024-07-02 09:02:17,C0003,B001,,S0004
O00392,,,,WALK_IN,2024-07-02 11:38:22,COMPLETED,325.6,0.0,0.0,325.6,CASH,PAID,2024-07-02 11:42:05,,B010,,S0108
O00357,,,,WALK_IN,2024-07-02 13:18:00,COMPLETED,109.77,0.0,11.97,97.8,CASH,PAID,2024-07-02 13:18:19,C0010,B008,,S0095
O00352,,,,PICKUP,2024-07-03 08:31:03,COMPLETED,128.14,5.0,0.0,123.14,CASH,PAID,2024-07-03 08:32:05,C0020,B004,V005,
O00351,,,,WALK_IN,2024-07-03 12:20:37,COMPLETED,105.02,0.0,0.0,105.02,CASH,PAID,2024-07-03 12:24:01,,B007,,S0082
O00346,Guest User,+60149141921,guest346@example.test,WALK_IN,2024-07-04 08:29:20,COMPLETED,243.35,0.0,0.0,243.35,CASH,PAID,2024-07-04 08:32:36,,B001,,S0012
O00360,,,,WALK_IN,2024-07-05 08:01:40,COMPLETED,219.39,0.0,0.0,219.39,CASH,PAID,2024-07-05 08:03:25,,B002,,
O00344,,,,WALK_IN,2024-07-05 11:17:37,COMPLETED,165.51,0.0,0.0,165.51,CARD,PAID,2024-07-05 11:18:17,C0023,B002,,
O00374,,,,WALK_IN,2024-07-05 18:51:39,COMPLETED,66.99,0.0,0.0,66.99,CARD,PAID,2024-07-05 18:55:38,,B002,,
O00369,,,,WALK_IN,2024-07-06 20:10:52,COMPLETED,46.43,0.0,0.0,46.43,CASH,PAID,2024-07-06 20:11:43,,B001,,S0004
O00372,,,,WALK_IN,2024-07-07 08:48:10,COMPLETED,104.66,0.0,0.0,104.66,CASH,PAID,2024-07-07 08:52:59,C0025,B001,,S0004
O00395,,,,WALK_IN,2024-07-07 14:07:22,COMPLETED,40.68,0.0,0.0,40.68,E_WALLET,PAID,2024-07-07 14:11:18,,B002,,
O00359,Guest User,+60167204877,guest359@example.test,WALK_IN,2024-07-07 18:20:33,COMPLETED,109.41,0.0,0.0,109.41,ONLINE_BANKING,PAID,2024-07-07 18:24:01,,B002,,
O00376,,,,WALK_IN,2024-07-08 20:37:25,COMPLETED,233.2,0.0,0.0,233.2,CARD,PAID,2024-07-08 20:41:18,C0005,B003,,S0032
O00358,,,,WALK_IN,2024-07-12 08:53:27,COMPLETED,55.14,0.0,0.0,55.14,ONLINE_BANKING,PAID,2024-07-12 08:54:42,C0021,B001,,S0004
O00347,,,,WALK_IN,2024-07-12 09:05:20,COMPLETED,280.19,0.0,0.0,280.19,CASH,PAID,2024-07-12 09:10:18,C0019,B007,,S0082
O00384,,,,WALK_IN,2024-07-12 11:16:51,COMPLETED,124.65,0.0,0.0,124.65,CASH,PAID,2024-07-12 11:18:18,,B001,,S0012
O00363,,,,WALK_IN,2024-07-12 12:52:48,CANCELLED,200.82,5.0,0.0,195.82,CARD,FAILED,,C0018,B003,V005,S0032
O00399,Guest User,+60117773333,guest399@example.test,DELIVERY,2024-07-13 09:27:52,COMPLETED,79.98,0.0,0.0,98.14,ONLINE_BANKING,PAID,2024-07-13 09:28:28,,B008,,
O00367,,,,WALK_IN,2024-07-13 13:01:36,CANCELLED,146.59,0.0,0.0,146.59,CASH,FAILED,,,B001,,S0012
O00389,,,,WALK_IN,2024-07-14 08:49:56,COMPLETED,342.45,0.0,88.03,254.42,CASH,PAID,2024-07-14 08:51:38,C0010,B011,,S0111
O00371,Syahirah binti Hassan,+60101946926,syahirah.binti.hassan.c0024@example.test,DELIVERY,2024-07-14 09:03:42,COMPLETED,135.87,0.0,0.0,162.27,E_WALLET,PAID,2024-07-14 09:04:18,C0024,B003,,S0032
O00361,,,,WALK_IN,2024-07-14 10:40:31,COMPLETED,207.35,5.0,0.0,202.35,CASH,PAID,2024-07-14 10:42:38,C0020,B002,V005,
O00378,,,,WALK_IN,2024-07-14 13:30:23,COMPLETED,157.47,5.0,0.0,152.47,CASH,PAID,2024-07-14 13:34:20,C0021,B001,V005,S0012
O00381,Guest User,+60176455061,guest381@example.test,WALK_IN,2024-07-16 20:53:17,COMPLETED,269.11,0.0,0.0,269.11,CASH,PAID,2024-07-16 20:54:02,,B001,,S0013
O00353,Dev a/l Balakrishnan,+60180281799,dev.a.l.balakrishnan.c0020@example.test,DELIVERY,2024-07-16 20:53:36,COMPLETED,35.59,0.0,0.0,50.85,E_WALLET,PAID,2024-07-16 20:54:04,C0020,B002,,S0028
O00368,,,,WALK_IN,2024-07-18 10:31:46,COMPLETED,115.78,0.0,0.0,115.78,CASH,PAID,2024-07-18 10:34:39,C0016,B003,,S0032
O00365,,,,WALK_IN,2024-07-19 14:46:29,COMPLETED,130.54,5.0,0.0,125.54,CASH,PAID,2024-07-19 14:47:31,C0019,B008,V005,S0095
O00396,Guest User,+60131990348,guest396@example.test,WALK_IN,2024-07-20 08:21:56,COMPLETED,4.92,0.0,0.0,4.92,CARD,PAID,2024-07-20 08:24:02,,B003,,S0032
O00354,Guest User,+60134222943,guest354@example.test,DELIVERY,2024-07-20 18:34:20,COMPLETED,17.2,0.0,0.0,32.96,E_WALLET,PAID,2024-07-20 18:36:34,,B003,,S0032
O00356,Arif bin Razak,+60102422227,arif.bin.razak.c0011@example.test,DELIVERY,2024-07-21 15:57:31,COMPLETED,232.94,0.0,0.0,238.74,E_WALLET,PAID,2024-07-21 16:01:25,C0011,B001,,
O00398,,,,WALK_IN,2024-07-21 16:53:49,COMPLETED,91.24,0.0,0.0,91.24,CASH,PAID,2024-07-21 16:58:32,,B007,,S0079
O00345,,,,PICKUP,2024-07-22 08:45:59,COMPLETED,197.92,0.0,0.0,197.92,CASH,PAID,2024-07-22 08:47:25,C0005,B002,,S0029
O00355,Chan Pei Shan,+60138636151,chan.pei.shan.c0029@example.test,DELIVERY,2024-07-22 14:10:34,COMPLETED,274.59,0.0,0.0,287.95,E_WALLET,PAID,2024-07-22 14:11:39,C0029,B002,,
O00388,,,,WALK_IN,2024-07-22 19:19:02,COMPLETED,212.54,0.0,0.0,212.54,CASH,PAID,2024-07-22 19:23:12,,B011,,S0111
O00377,,,,WALK_IN,2024-07-23 11:13:24,COMPLETED,289.34,0.0,0.0,289.34,CARD,PAID,2024-07-23 11:14:57,,B001,,S0004
O00348,,,,WALK_IN,2024-07-23 12:47:24,COMPLETED,145.05,0.0,0.0,145.05,CARD,PAID,2024-07-23 12:48:45,,B003,,S0032
O00383,,,,WALK_IN,2024-07-23 17:54:33,COMPLETED,113.17,0.0,0.0,113.17,CASH,PAID,2024-07-23 17:57:11,C0021,B002,,
O00380,,,,WALK_IN,2024-07-24 10:27:12,COMPLETED,78.89,0.0,0.0,78.89,CARD,PAID,2024-07-24 10:28:17,C0006,B004,,S0052
O00349,,,,WALK_IN,2024-07-25 11:25:43,COMPLETED,165.74,0.0,0.0,165.74,CARD,PAID,2024-07-25 11:27:48,,B003,,S0032
O00390,,,,WALK_IN,2024-07-25 17:14:08,COMPLETED,176.22,0.0,0.0,176.22,CARD,PAID,2024-07-25 17:18:35,,B001,,S0013
O00397,Guest User,+60192820565,guest397@example.test,PICKUP,2024-07-26 08:49:45,COMPLETED,163.43,0.0,0.0,163.43,CASH,PAID,2024-07-26 08:54:02,,B003,,
O00393,,,,WALK_IN,2024-07-26 18:11:22,COMPLETED,348.22,5.0,100.0,243.22,CASH,PAID,2024-07-26 18:16:06,C0023,B007,V005,S0079
O00362,,,,WALK_IN,2024-07-26 20:48:04,COMPLETED,123.23,0.0,0.0,123.23,CARD,PAID,2024-07-26 20:52:35,C0008,B001,,S0004
O00391,Guest User,+60127217254,guest391@example.test,WALK_IN,2024-07-27 11:04:23,COMPLETED,172.04,0.0,0.0,172.04,CASH,PAID,2024-07-27 11:05:12,,B002,,
O00379,,,,WALK_IN,2024-07-27 13:25:46,COMPLETED,126.87,0.0,61.9,64.97,CASH,PAID,2024-07-27 13:30:17,C0001,B001,,S0012
O00370,,,,WALK_IN,2024-07-27 15:44:53,COMPLETED,243.92,0.0,0.0,243.92,CASH,PAID,2024-07-27 15:48:20,C0015,B007,,S0079
O00366,Ivan Giman,+60160216530,ivan.giman.c0008@example.test,DELIVERY,2024-07-27 17:01:19,COMPLETED,176.12,0.0,0.0,186.64,CARD,PAID,2024-07-27 17:02:31,C0008,B002,,S0029
O00350,Guest User,+60171871202,guest350@example.test,WALK_IN,2024-07-28 09:11:46,COMPLETED,96.91,0.0,0.0,96.91,ONLINE_BANKING,PAID,2024-07-28 09:15:58,,B001,,S0004
O00375,,,,WALK_IN,2024-07-28 11:45:28,COMPLETED,182.85,0.0,0.0,182.85,CASH,PAID,2024-07-28 11:49:49,,B003,,S0039
O00382,,,,PICKUP,2024-07-28 17:44:26,COMPLETED,173.32,0.0,46.92,126.4,ONLINE_BANKING,PAID,2024-07-28 17:47:26,C0013,B010,,S0108
O00387,,,,WALK_IN,2024-07-28 19:29:24,COMPLETED,122.5,0.0,0.0,122.5,E_WALLET,PAID,2024-07-28 19:32:34,,B003,,S0039
O00385,,,,WALK_IN,2024-07-29 08:31:07,COMPLETED,41.8,0.0,0.0,41.8,CASH,PAID,2024-07-29 08:35:17,C0033,B008,,S0095
O00386,,,,WALK_IN,2024-07-29 09:39:29,COMPLETED,58.92,0.0,0.0,58.92,CASH,PAID,2024-07-29 09:40:09,C0011,B002,,
O00373,,,,WALK_IN,2024-07-31 12:54:26,COMPLETED,51.42,0.0,0.0,51.42,E_WALLET,PAID,2024-07-31 12:56:10,C0005,B001,,S0004
O00420,,,,WALK_IN,2024-08-02 10:30:58,COMPLETED,95.22,0.0,0.0,95.22,CARD,PAID,2024-08-02 10:34:46,C0002,B004,,S0052
O00431,,,,WALK_IN,2024-08-02 15:06:31,COMPLETED,21.52,0.0,0.0,21.52,CASH,PAID,2024-08-02 15:11:24,C0032,B008,,S0093
O00404,,,,PICKUP,2024-08-03 14:44:41,COMPLETED,26.32,0.0,0.0,26.32,CASH,PAID,2024-08-03 14:45:27,C0028,B004,,S0047
O00410,,,,WALK_IN,2024-08-03 17:08:06,COMPLETED,60.94,0.0,0.0,60.94,CASH,PAID,2024-08-03 17:10:08,,B002,,
O00448,Guest User,+60167748826,guest448@example.test,WALK_IN,2024-08-04 13:39:07,COMPLETED,134.38,0.0,0.0,134.38,CASH,PAID,2024-08-04 13:43:14,,B003,,S0039
O00436,Guest User,+60194607628,guest436@example.test,PICKUP,2024-08-05 16:02:27,COMPLETED,97.58,0.0,0.0,97.58,CASH,PAID,2024-08-05 16:06:39,,B008,,S0093
O00444,Guest User,+60152076093,guest444@example.test,WALK_IN,2024-08-07 10:01:17,COMPLETED,255.55,0.0,0.0,255.55,CASH,PAID,2024-08-07 10:05:48,,B008,,S0095
O00453,,,,WALK_IN,2024-08-07 13:05:30,COMPLETED,171.52,0.0,0.0,171.52,CASH,PAID,2024-08-07 13:07:17,C0030,B002,,
O00402,,,,WALK_IN,2024-08-08 17:33:30,COMPLETED,86.41,0.0,0.0,86.41,ONLINE_BANKING,PAID,2024-08-08 17:33:53,C0008,B011,,S0111
O00432,,,,WALK_IN,2024-08-09 10:32:21,COMPLETED,85.78,0.0,0.0,85.78,CASH,PAID,2024-08-09 10:35:10,,B001,,S0013
O00446,,,,WALK_IN,2024-08-09 11:49:30,COMPLETED,15.54,0.0,15.54,0.0,MYKASIH,PAID,2024-08-09 11:52:29,C0010,B002,,
O00428,Guest User,+60115820777,guest428@example.test,WALK_IN,2024-08-10 12:34:58,COMPLETED,57.83,0.0,0.0,57.83,CASH,PAID,2024-08-10 12:39:43,,B007,,S0078
O00445,Guest User,+60174904131,guest445@example.test,PICKUP,2024-08-10 15:52:15,COMPLETED,92.02,0.0,0.0,92.02,CASH,PAID,2024-08-10 15:54:53,,B004,,
O00452,Guest User,+60155891767,guest452@example.test,WALK_IN,2024-08-10 20:03:00,COMPLETED,176.25,0.0,0.0,176.25,CARD,PAID,2024-08-10 20:03:55,,B007,,S0079
O00434,,,,WALK_IN,2024-08-11 10:34:43,COMPLETED,154.45,0.0,0.0,154.45,CASH,PAID,2024-08-11 10:35:49,C0005,B002,,
O00449,,,,WALK_IN,2024-08-11 10:43:31,COMPLETED,8.94,0.0,0.0,8.94,CASH,PAID,2024-08-11 10:46:28,C0029,B001,,S0013
O00429,,,,WALK_IN,2024-08-11 13:52:14,CANCELLED,35.26,0.0,0.0,35.26,CARD,FAILED,,,B003,,S0032
O00413,Ho Jia En,+60149827734,ho.jia.en.c0009@example.test,DELIVERY,2024-08-11 14:46:17,COMPLETED,135.31,4.0,34.3,107.06,ONLINE_BANKING,PAID,2024-08-11 14:50:38,C0009,B001,V006,S0005
O00435,,,,WALK_IN,2024-08-12 09:46:12,COMPLETED,125.95,0.0,37.44,88.51,ONLINE_BANKING,PAID,2024-08-12 09:47:04,C0024,B002,,
O00406,,,,WALK_IN,2024-08-12 10:05:43,COMPLETED,443.07,0.0,0.0,443.07,ONLINE_BANKING,PAID,2024-08-12 10:06:30,,B001,,S0004
O00423,Guest User,+60109724107,guest423@example.test,PICKUP,2024-08-13 08:12:20,COMPLETED,45.74,0.0,0.0,45.74,CASH,PAID,2024-08-13 08:12:59,,B008,,
O00417,,,,WALK_IN,2024-08-13 09:39:23,COMPLETED,84.39,0.0,2.98,81.41,CASH,PAID,2024-08-13 09:42:23,C0023,B003,,S0032
O00422,,,,WALK_IN,2024-08-13 20:15:41,COMPLETED,418.73,0.0,0.0,418.73,CARD,PAID,2024-08-13 20:17:08,C0011,B010,,S0108
O00450,Guest User,+60141066193,guest450@example.test,DELIVERY,2024-08-15 10:14:13,COMPLETED,2.98,0.0,0.0,15.86,CARD,PAID,2024-08-15 10:16:57,,B002,,S0028
O00425,,,,WALK_IN,2024-08-15 10:48:45,COMPLETED,148.54,0.0,0.0,148.54,CASH,PAID,2024-08-15 10:50:38,C0015,B002,,
O00451,,,,WALK_IN,2024-08-15 13:53:37,COMPLETED,500.16,0.0,0.0,500.16,CASH,PAID,2024-08-15 13:58:15,,B002,,
O00419,,,,PICKUP,2024-08-15 16:26:12,COMPLETED,295.5,0.0,0.0,295.5,ONLINE_BANKING,PAID,2024-08-15 16:28:41,C0004,B002,,S0029
O00415,,,,WALK_IN,2024-08-15 19:02:40,COMPLETED,134.36,0.0,0.0,134.36,CASH,PAID,2024-08-15 19:07:31,C0022,B001,,S0013
O00409,Guest User,+60121860005,guest409@example.test,WALK_IN,2024-08-15 20:00:45,CANCELLED,240.86,0.0,0.0,240.86,CASH,FAILED,,,B010,,S0108
O00426,Guest User,+60181306718,guest426@example.test,DELIVERY,2024-08-16 14:43:01,COMPLETED,83.4,0.0,0.0,100.28,E_WALLET,PAID,2024-08-16 14:43:22,,B004,,S0052
O00401,,,,WALK_IN,2024-08-17 08:33:48,COMPLETED,304.42,0.0,0.0,304.42,CASH,PAID,2024-08-17 08:36:48,C0018,B007,,S0082
O00442,Guest User,+60113313186,guest442@example.test,PICKUP,2024-08-17 11:34:35,COMPLETED,85.22,0.0,0.0,85.22,CASH,PAID,2024-08-17 11:35:27,,B002,,S0028
O00454,,,,WALK_IN,2024-08-17 13:01:03,COMPLETED,98.66,0.0,0.0,98.66,CASH,PAID,2024-08-17 13:03:18,,B003,,S0032
O00443,Guest User,+60168176474,guest443@example.test,WALK_IN,2024-08-17 19:52:10,COMPLETED,306.86,0.0,0.0,306.86,CASH,PAID,2024-08-17 19:55:24,,B003,,S0039
O00440,,,,WALK_IN,2024-08-18 18:23:51,COMPLETED,537.84,0.0,0.0,537.84,CASH,PAID,2024-08-18 18:26:39,C0029,B002,,
O00430,,,,WALK_IN,2024-08-18 20:12:28,COMPLETED,115.94,0.0,0.0,115.94,CASH,PAID,2024-08-18 20:14:12,C0008,B001,,S0012
O00400,,,,PICKUP,2024-08-19 09:12:27,COMPLETED,360.4,30.0,0.0,330.4,E_WALLET,PAID,2024-08-19 09:14:07,C0019,B001,V001,S0004
O00437,,,,WALK_IN,2024-08-19 13:43:28,COMPLETED,22.61,0.0,0.0,22.61,CARD,PAID,2024-08-19 13:47:23,,B004,,S0052
O00424,,,,PICKUP,2024-08-20 17:19:06,COMPLETED,74.56,0.0,0.0,74.56,CASH,PAID,2024-08-20 17:20:24,C0004,B004,,S0055
O00414,Ho Jia En,+60149827734,ho.jia.en.c0009@example.test,DELIVERY,2024-08-20 18:14:16,COMPLETED,24.36,0.0,6.66,27.38,E_WALLET,PAID,2024-08-20 18:17:25,C0009,B003,,
O00403,,,,WALK_IN,2024-08-20 19:50:15,COMPLETED,185.97,0.0,0.0,185.97,ONLINE_BANKING,PAID,2024-08-20 19:53:21,C0031,B001,,S0004
O00407,,,,WALK_IN,2024-08-22 14:33:15,COMPLETED,112.18,0.0,0.0,112.18,CASH,PAID,2024-08-22 14:33:34,,B001,,S0013
O00455,,,,WALK_IN,2024-08-23 16:49:59,COMPLETED,79.32,0.0,0.0,79.32,CARD,PAID,2024-08-23 16:54:27,C0033,B001,,S0013
O00421,,,,WALK_IN,2024-08-23 19:38:23,COMPLETED,234.48,0.0,0.0,234.48,CARD,PAID,2024-08-23 19:42:04,,B003,,S0032
O00441,Guest User,+60182946647,guest441@example.test,DELIVERY,2024-08-24 17:51:27,COMPLETED,261.69,0.0,0.0,273.64,CARD,PAID,2024-08-24 17:53:32,,B002,,S0029
O00456,,,,PICKUP,2024-08-25 11:17:56,COMPLETED,52.41,0.0,0.0,52.41,ONLINE_BANKING,PAID,2024-08-25 11:22:32,C0016,B011,,S0111
O00418,Guest User,+60136488855,guest418@example.test,WALK_IN,2024-08-25 12:34:08,COMPLETED,52.18,0.0,0.0,52.18,CARD,PAID,2024-08-25 12:35:21,,B003,,S0032
O00416,Guest User,+60113428730,guest416@example.test,DELIVERY,2024-08-25 17:28:48,COMPLETED,69.96,0.0,0.0,87.36,ONLINE_BANKING,PAID,2024-08-25 17:32:24,,B003,,S0045
O00458,,,,WALK_IN,2024-08-25 17:38:47,COMPLETED,277.37,0.0,0.0,277.37,CASH,PAID,2024-08-25 17:39:27,C0034,B002,,S0023
O00457,Guest User,+60129147720,guest457@example.test,PICKUP,2024-08-25 18:00:26,COMPLETED,92.41,0.0,0.0,92.41,CASH,PAID,2024-08-25 18:01:44,,B007,,
O00433,,,,WALK_IN,2024-08-25 19:38:24,COMPLETED,208.2,0.0,0.0,208.2,CASH,PAID,2024-08-25 19:41:55,C0004,B007,,S0078
O00411,,,,PICKUP,2024-08-25 20:00:49,COMPLETED,351.49,30.0,0.0,321.49,CARD,PAID,2024-08-25 20:04:59,C0019,B003,V001,S0039
O00447,Guest User,+60196217361,guest447@example.test,WALK_IN,2024-08-26 10:09:27,COMPLETED,49.48,0.0,0.0,49.48,ONLINE_BANKING,PAID,2024-08-26 10:13:49,,B003,,S0032
O00412,,,,WALK_IN,2024-08-27 11:22:44,COMPLETED,259.73,0.0,55.68,204.05,CARD,PAID,2024-08-27 11:24:48,C0009,B002,,S0023
O00438,Guest User,+60151849149,guest438@example.test,DELIVERY,2024-08-27 13:57:19,COMPLETED,229.74,0.0,0.0,248.14,E_WALLET,PAID,2024-08-27 13:59:42,,B008,,S0095
O00427,Guest User,+60137317914,guest427@example.test,WALK_IN,2024-08-30 14:08:07,COMPLETED,239.19,0.0,0.0,239.19,CASH,PAID,2024-08-30 14:12:03,,B003,,S0032
O00408,,,,WALK_IN,2024-08-31 08:21:57,CANCELLED,112.81,0.0,0.0,112.81,CASH,FAILED,,,B003,,S0032
O00439,Guest User,+60139636475,guest439@example.test,DELIVERY,2024-08-31 14:06:38,COMPLETED,554.46,0.0,0.0,568.38,CARD,PAID,2024-08-31 14:08:41,,B010,,S0108
O00405,,,,WALK_IN,2024-08-31 17:48:24,COMPLETED,187.07,0.0,0.0,187.07,CASH,PAID,2024-08-31 17:52:39,,B007,,S0079
O00480,,,,WALK_IN,2024-09-01 08:57:24,COMPLETED,91.68,0.0,0.0,91.68,CASH,PAID,2024-09-01 09:00:14,,B001,,S0012
O00491,,,,PICKUP,2024-09-01 18:09:39,COMPLETED,287.94,0.0,0.0,287.94,CASH,PAID,2024-09-01 18:13:04,C0022,B001,,S0004
O00512,,,,WALK_IN,2024-09-03 12:04:03,COMPLETED,2.98,0.0,0.0,2.98,CASH,PAID,2024-09-03 12:09:01,C0012,B010,,S0108
O00497,,,,WALK_IN,2024-09-03 20:09:10,COMPLETED,103.72,0.0,0.0,103.72,CASH,PAID,2024-09-03 20:12:54,,B001,,S0013
O00475,,,,WALK_IN,2024-09-04 09:57:58,COMPLETED,128.12,0.0,0.0,128.12,CASH,PAID,2024-09-04 10:00:24,C0038,B002,,S0023
O00484,,,,WALK_IN,2024-09-04 11:48:02,COMPLETED,356.62,0.0,0.0,356.62,CASH,PAID,2024-09-04 11:50:27,C0027,B007,,S0078
O00483,,,,WALK_IN,2024-09-04 17:56:47,COMPLETED,267.83,0.0,0.0,267.83,CASH,PAID,2024-09-04 17:58:14,,B003,,S0032
O00508,,,,WALK_IN,2024-09-05 20:28:50,COMPLETED,54.43,0.0,0.0,54.43,CASH,PAID,2024-09-05 20:32:33,C0022,B001,,S0013
O00467,,,,WALK_IN,2024-09-06 10:05:02,COMPLETED,74.56,0.0,0.0,74.56,CASH,PAID,2024-09-06 10:06:01,C0002,B002,,S0023
O00462,,,,PICKUP,2024-09-06 11:00:48,COMPLETED,280.66,0.0,0.0,280.66,CARD,PAID,2024-09-06 11:01:15,C0020,B001,,
O00464,,,,WALK_IN,2024-09-07 10:01:08,CANCELLED,90.81,0.0,0.0,90.81,CASH,FAILED,,C0019,B010,,S0108
O00487,,,,PICKUP,2024-09-07 17:37:35,COMPLETED,150.89,0.0,0.0,150.89,CASH,PAID,2024-09-07 17:38:38,C0011,B001,,S0013
O00460,,,,WALK_IN,2024-09-07 19:24:17,COMPLETED,280.94,0.0,0.0,280.94,CARD,PAID,2024-09-07 19:25:06,C0015,B007,,S0079
O00510,,,,WALK_IN,2024-09-08 10:55:49,COMPLETED,145.11,0.0,96.08,49.03,CASH,PAID,2024-09-08 11:00:15,C0023,B010,,S0108
O00513,,,,PICKUP,2024-09-09 09:18:26,COMPLETED,240.83,0.0,0.0,240.83,ONLINE_BANKING,PAID,2024-09-09 09:19:02,C0038,B003,,
O00490,,,,WALK_IN,2024-09-09 10:24:51,COMPLETED,245.41,0.0,0.0,245.41,ONLINE_BANKING,PAID,2024-09-09 10:25:18,,B002,,S0023
O00500,,,,PICKUP,2024-09-09 18:57:17,COMPLETED,175.59,0.0,0.0,175.59,CASH,PAID,2024-09-09 19:00:40,C0005,B002,,
O00492,,,,PICKUP,2024-09-10 09:12:41,COMPLETED,358.62,0.0,100.0,258.62,CASH,PAID,2024-09-10 09:16:04,C0024,B003,,S0045
O00507,,,,WALK_IN,2024-09-11 08:05:59,COMPLETED,199.9,0.0,0.0,199.9,CASH,PAID,2024-09-11 08:08:51,C0026,B008,,S0095
O00461,,,,WALK_IN,2024-09-11 09:18:53,COMPLETED,145.51,0.0,0.0,145.51,E_WALLET,PAID,2024-09-11 09:23:15,,B007,,S0082
O00493,Chong Yi Chen,+601169580602,chong.yi.chen.c0010@example.test,DELIVERY,2024-09-12 09:03:35,COMPLETED,479.84,0.0,94.13,406.71,ONLINE_BANKING,PAID,2024-09-12 09:08:28,C0010,B004,,S0055
O00495,,,,WALK_IN,2024-09-12 14:47:19,COMPLETED,30.28,0.0,0.0,30.28,CARD,PAID,2024-09-12 14:50:23,C0004,B002,,S0023
O00476,,,,WALK_IN,2024-09-12 16:47:22,COMPLETED,170.66,0.0,0.0,170.66,CASH,PAID,2024-09-12 16:50:04,C0021,B001,,S0004
O00505,,,,WALK_IN,2024-09-13 08:26:41,COMPLETED,41.8,0.0,0.0,41.8,E_WALLET,PAID,2024-09-13 08:27:26,,B010,,S0108
O00477,,,,WALK_IN,2024-09-13 11:14:03,COMPLETED,91.36,0.0,91.36,0.0,MYKASIH,PAID,2024-09-13 11:15:36,C0009,B003,,S0039
O00499,,,,WALK_IN,2024-09-13 17:38:37,COMPLETED,65.04,0.0,0.0,65.04,CASH,PAID,2024-09-13 17:41:11,C0015,B001,,S0012
O00469,,,,PICKUP,2024-09-14 11:18:30,COMPLETED,113.41,0.0,0.0,113.41,E_WALLET,PAID,2024-09-14 11:20:39,C0036,B011,,S0111
O00494,,,,WALK_IN,2024-09-15 15:56:05,COMPLETED,195.37,0.0,0.0,195.37,CASH,PAID,2024-09-15 15:56:37,C0015,B008,,S0093
O00506,,,,WALK_IN,2024-09-16 18:05:02,COMPLETED,58.05,0.0,0.0,58.05,E_WALLET,PAID,2024-09-16 18:08:16,C0021,B007,,S0078
O00463,,,,WALK_IN,2024-09-16 19:43:44,COMPLETED,194.54,0.0,0.0,194.54,CARD,PAID,2024-09-16 19:44:12,C0041,B011,,S0111
O00501,Yeoh Li Xuan,+60181590370,yeoh.li.xuan.c0017@example.test,DELIVERY,2024-09-17 11:47:06,COMPLETED,68.3,0.0,0.0,86.54,CARD,PAID,2024-09-17 11:48:57,C0017,B002,,S0029
O00466,,,,WALK_IN,2024-09-17 12:48:43,COMPLETED,251.57,0.0,0.0,251.57,E_WALLET,PAID,2024-09-17 12:52:06,C0028,B003,,S0032
O00468,Guest User,+60123081611,guest468@example.test,PICKUP,2024-09-19 12:31:26,COMPLETED,101.35,0.0,0.0,101.35,E_WALLET,PAID,2024-09-19 12:33:49,,B003,,
O00482,,,,WALK_IN,2024-09-20 09:45:05,COMPLETED,90.78,0.0,0.0,90.78,CASH,PAID,2024-09-20 09:47:30,,B008,,S0093
O00474,,,,WALK_IN,2024-09-20 13:06:17,COMPLETED,201.65,0.0,0.0,201.65,CASH,PAID,2024-09-20 13:08:02,C0008,B008,,S0095
O00473,,,,PICKUP,2024-09-20 17:44:06,COMPLETED,41.46,0.0,41.46,0.0,MYKASIH,PAID,2024-09-20 17:44:54,C0017,B003,,S0045
O00509,,,,WALK_IN,2024-09-20 19:47:10,COMPLETED,222.52,0.0,0.0,222.52,CASH,PAID,2024-09-20 19:49:38,,B003,,S0039
O00472,,,,WALK_IN,2024-09-21 15:48:18,COMPLETED,78.43,0.0,0.0,78.43,CASH,PAID,2024-09-21 15:49:19,C0034,B003,,S0039
O00479,,,,WALK_IN,2024-09-22 18:20:09,COMPLETED,387.86,0.0,8.64,379.22,CASH,PAID,2024-09-22 18:21:01,C0009,B001,,S0004
O00485,,,,WALK_IN,2024-09-23 13:37:56,COMPLETED,117.0,0.0,0.0,117.0,CASH,PAID,2024-09-23 13:41:43,,B002,,S0023
O00465,,,,WALK_IN,2024-09-24 13:17:19,COMPLETED,95.39,0.0,0.0,95.39,CASH,PAID,2024-09-24 13:22:01,C0006,B004,,S0052
O00459,,,,WALK_IN,2024-09-24 16:02:33,COMPLETED,106.09,0.0,0.0,106.09,CASH,PAID,2024-09-24 16:04:58,C0001,B003,,S0032
O00486,,,,WALK_IN,2024-09-24 17:01:03,COMPLETED,114.11,0.0,0.0,114.11,CASH,PAID,2024-09-24 17:04:11,,B004,,S0052
O00478,,,,WALK_IN,2024-09-25 14:36:26,COMPLETED,117.73,0.0,7.12,110.61,CASH,PAID,2024-09-25 14:40:57,C0033,B003,,S0039
O00489,,,,WALK_IN,2024-09-27 08:52:18,COMPLETED,109.29,0.0,34.35,74.94,CASH,PAID,2024-09-27 08:53:02,C0032,B003,,S0039
O00496,Guest User,+60173235944,guest496@example.test,DELIVERY,2024-09-27 09:13:04,CANCELLED,232.53,0.0,0.0,245.41,ONLINE_BANKING,FAILED,,,B002,,
O00498,,,,PICKUP,2024-09-28 12:19:06,COMPLETED,217.75,0.0,0.0,217.75,CARD,PAID,2024-09-28 12:19:47,C0040,B004,,S0052
O00502,,,,PICKUP,2024-09-28 13:48:41,COMPLETED,73.37,0.0,0.0,73.37,CASH,PAID,2024-09-28 13:51:23,C0012,B001,,
O00511,,,,WALK_IN,2024-09-28 18:39:29,COMPLETED,63.33,0.0,0.0,63.33,CASH,PAID,2024-09-28 18:43:53,,B002,,S0023
O00470,,,,WALK_IN,2024-09-29 14:49:46,COMPLETED,108.48,0.0,0.0,108.48,CASH,PAID,2024-09-29 14:51:34,,B002,,S0023
O00488,,,,WALK_IN,2024-09-29 16:26:57,COMPLETED,122.15,0.0,0.0,122.15,CARD,PAID,2024-09-29 16:30:09,C0039,B001,,S0013
O00471,Felix Jalong,+60139689878,felix.jalong.c0022@example.test,DELIVERY,2024-09-29 17:16:30,COMPLETED,76.2,0.0,0.0,81.7,ONLINE_BANKING,PAID,2024-09-29 17:18:19,C0022,B008,,
O00504,Guest User,+60135033493,guest504@example.test,WALK_IN,2024-09-30 09:31:06,COMPLETED,54.26,0.0,0.0,54.26,CASH,PAID,2024-09-30 09:33:58,,B008,,S0095
O00503,,,,WALK_IN,2024-09-30 10:20:05,COMPLETED,10.56,0.0,0.0,10.56,CASH,PAID,2024-09-30 10:22:13,C0013,B002,,S0023
O00481,,,,PICKUP,2024-09-30 19:22:20,COMPLETED,22.34,0.0,0.0,22.34,E_WALLET,PAID,2024-09-30 19:22:35,C0026,B007,,
O00530,,,,WALK_IN,2024-10-01 16:48:29,COMPLETED,85.57,0.0,0.0,85.57,CASH,PAID,2024-10-01 16:49:13,,B003,,S0032
O00561,Luqman bin Fauzi,+60104827352,luqman.bin.fauzi.c0019@example.test,DELIVERY,2024-10-03 15:59:56,COMPLETED,174.66,0.0,0.0,186.16,ONLINE_BANKING,PAID,2024-10-03 16:00:41,C0019,B002,,S0029
O00553,Guest User,+60199305511,guest553@example.test,PICKUP,2024-10-03 20:36:03,COMPLETED,222.1,0.0,0.0,222.1,CASH,PAID,2024-10-03 20:39:33,,B004,,S0052
O00531,,,,WALK_IN,2024-10-04 13:00:26,COMPLETED,315.01,0.0,0.0,315.01,CARD,PAID,2024-10-04 13:04:48,,B007,,S0082
O00571,Guest User,+60118256593,guest571@example.test,PICKUP,2024-10-04 18:19:23,COMPLETED,221.57,0.0,0.0,221.57,CARD,PAID,2024-10-04 18:22:15,,B007,,
O00517,,,,WALK_IN,2024-10-05 14:46:19,COMPLETED,90.45,0.0,0.0,90.45,CASH,PAID,2024-10-05 14:47:07,C0010,B002,,S0023
O00550,Goh Zi Xuan,+60141509829,goh.zi.xuan.c0013@example.test,DELIVERY,2024-10-06 10:22:32,COMPLETED,166.16,0.0,0.0,178.72,CARD,PAID,2024-10-06 10:27:00,C0013,B002,,
O00551,,,,WALK_IN,2024-10-06 15:36:44,COMPLETED,289.8,0.0,0.0,289.8,CASH,PAID,2024-10-06 15:37:20,,B002,,S0023
O00549,,,,WALK_IN,2024-10-06 19:03:11,COMPLETED,207.94,0.0,0.0,207.94,CASH,PAID,2024-10-06 19:07:38,C0044,B007,,S0079
O00572,,,,WALK_IN,2024-10-07 09:27:11,COMPLETED,144.57,0.0,0.0,144.57,CASH,PAID,2024-10-07 09:29:40,,B002,,S0023
O00570,,,,WALK_IN,2024-10-07 10:10:34,COMPLETED,166.85,0.0,77.74,89.11,CASH,PAID,2024-10-07 10:11:49,C0033,B003,,S0032
O00537,,,,WALK_IN,2024-10-09 13:39:25,COMPLETED,48.86,0.0,0.0,48.86,ONLINE_BANKING,PAID,2024-10-09 13:43:55,C0036,B008,,S0093
O00547,Zara binti Ibrahim,+60198860117,zara.binti.ibrahim.c0049@example.test,DELIVERY,2024-10-10 13:20:07,COMPLETED,106.94,0.0,0.0,116.74,CARD,PAID,2024-10-10 13:24:59,C0049,B004,,
O00514,Guest User,+60172632929,guest514@example.test,PICKUP,2024-10-11 16:00:37,COMPLETED,107.99,0.0,0.0,107.99,CASH,PAID,2024-10-11 16:01:53,,B007,,S0078
O00518,,,,WALK_IN,2024-10-11 16:19:00,COMPLETED,46.62,0.0,0.0,46.62,CASH,PAID,2024-10-11 16:20:11,,B003,,S0039
O00515,,,,WALK_IN,2024-10-11 20:54:37,COMPLETED,65.4,0.0,0.0,65.4,CASH,PAID,2024-10-11 20:59:04,,B001,,S0013
O00562,Lakshmi a/p Pillai,+601160871731,lakshmi.a.p.pillai.c0037@example.test,DELIVERY,2024-10-12 12:06:50,COMPLETED,266.46,0.0,0.0,292.86,ONLINE_BANKING,PAID,2024-10-12 12:10:01,C0037,B001,,
O00535,,,,WALK_IN,2024-10-12 18:11:21,COMPLETED,83.11,0.0,0.0,83.11,CASH,PAID,2024-10-12 18:15:59,C0030,B001,,S0012
O00544,,,,WALK_IN,2024-10-12 19:02:48,COMPLETED,89.02,0.0,0.0,89.02,CARD,PAID,2024-10-12 19:03:30,C0043,B003,,S0032
O00527,,,,PICKUP,2024-10-12 19:26:45,COMPLETED,57.69,0.0,57.69,0.0,MYKASIH,PAID,2024-10-12 19:31:03,C0013,B003,,
O00525,,,,WALK_IN,2024-10-12 20:29:24,COMPLETED,36.02,0.0,0.0,36.02,CASH,PAID,2024-10-12 20:33:43,C0024,B001,,S0004
O00555,,,,WALK_IN,2024-10-13 12:30:44,COMPLETED,317.96,0.0,0.0,317.96,CASH,PAID,2024-10-13 12:31:22,C0027,B008,,S0093
O00540,,,,WALK_IN,2024-10-14 17:18:08,COMPLETED,86.07,0.0,0.0,86.07,CASH,PAID,2024-10-14 17:22:04,C0003,B011,,S0111
O00574,,,,WALK_IN,2024-10-15 13:22:10,COMPLETED,145.03,0.0,0.0,145.03,CASH,PAID,2024-10-15 13:26:17,C0031,B006,,
O00568,,,,WALK_IN,2024-10-16 15:12:49,COMPLETED,172.9,0.0,0.0,172.9,CASH,PAID,2024-10-16 15:15:50,,B004,,S0052
O00516,Arif bin Razak,+60102422227,arif.bin.razak.c0011@example.test,DELIVERY,2024-10-18 13:09:13,COMPLETED,161.14,0.0,0.0,171.09,CARD,PAID,2024-10-18 13:13:47,C0011,B002,,
O00539,Guest User,+60166881966,guest539@example.test,WALK_IN,2024-10-18 19:51:28,COMPLETED,69.87,0.0,0.0,69.87,CASH,PAID,2024-10-18 19:55:07,,B001,,S0012
O00524,,,,PICKUP,2024-10-18 20:51:21,COMPLETED,120.76,0.0,0.0,120.76,CASH,PAID,2024-10-18 20:53:39,C0030,B002,,S0028
O00543,,,,WALK_IN,2024-10-19 17:36:16,COMPLETED,246.78,0.0,100.0,146.78,CARD,PAID,2024-10-19 17:41:04,C0024,B007,,S0082
O00529,,,,WALK_IN,2024-10-19 19:15:38,COMPLETED,249.2,0.0,0.0,249.2,ONLINE_BANKING,PAID,2024-10-19 19:18:31,C0003,B007,,S0082
O00560,,,,WALK_IN,2024-10-21 16:40:37,COMPLETED,50.58,0.0,11.97,38.61,CARD,PAID,2024-10-21 16:45:20,C0032,B003,,S0039
O00559,,,,WALK_IN,2024-10-21 20:44:00,COMPLETED,308.5,0.0,0.0,308.5,CASH,PAID,2024-10-21 20:45:21,,B008,,S0093
O00573,,,,WALK_IN,2024-10-22 12:44:46,COMPLETED,291.52,0.0,0.0,291.52,ONLINE_BANKING,PAID,2024-10-22 12:45:01,C0042,B003,,S0032
O00541,Guest User,+60103898237,guest541@example.test,PICKUP,2024-10-22 17:11:45,COMPLETED,118.99,0.0,0.0,118.99,CASH,PAID,2024-10-22 17:15:52,,B007,,S0082
O00522,Guest User,+60189899972,guest522@example.test,PICKUP,2024-10-23 16:24:00,COMPLETED,127.94,0.0,0.0,127.94,CARD,PAID,2024-10-23 16:24:51,,B011,,S0111
O00532,,,,WALK_IN,2024-10-24 12:18:33,COMPLETED,92.9,0.0,0.0,92.9,CASH,PAID,2024-10-24 12:19:24,C0011,B008,,S0095
O00534,,,,WALK_IN,2024-10-24 14:47:31,COMPLETED,222.19,0.0,0.0,222.19,CARD,PAID,2024-10-24 14:51:05,C0012,B007,,S0079
O00566,Guest User,+60174297686,guest566@example.test,DELIVERY,2024-10-24 18:16:26,CANCELLED,219.45,0.0,0.0,234.39,ONLINE_BANKING,FAILED,,,B007,,S0082
O00520,,,,WALK_IN,2024-10-25 08:21:54,COMPLETED,266.36,0.0,0.0,266.36,CASH,PAID,2024-10-25 08:24:12,C0022,B003,,S0032
O00548,,,,WALK_IN,2024-10-25 08:56:09,COMPLETED,88.2,0.0,0.0,88.2,CARD,PAID,2024-10-25 08:56:29,,B003,,S0039
O00519,,,,WALK_IN,2024-10-25 12:16:11,COMPLETED,231.22,0.0,0.0,231.22,CASH,PAID,2024-10-25 12:19:52,C0037,B008,,S0093
O00546,,,,WALK_IN,2024-10-25 17:59:45,COMPLETED,176.58,0.0,0.0,176.58,CARD,PAID,2024-10-25 18:02:39,C0026,B003,,S0039
O00564,,,,WALK_IN,2024-10-26 12:07:33,COMPLETED,397.03,0.0,0.0,397.03,CASH,PAID,2024-10-26 12:10:12,C0021,B002,,S0023
O00567,Meera a/p Suresh,+60102352781,meera.a.p.suresh.c0004@example.test,DELIVERY,2024-10-26 12:53:55,COMPLETED,72.04,0.0,0.0,83.29,E_WALLET,PAID,2024-10-26 12:55:39,C0004,B002,,S0023
O00545,,,,WALK_IN,2024-10-26 16:36:07,COMPLETED,19.11,0.0,0.0,19.11,E_WALLET,PAID,2024-10-26 16:39:41,C0050,B008,,S0093
O00523,,,,WALK_IN,2024-10-26 17:26:13,COMPLETED,141.43,0.0,0.0,141.43,CASH,PAID,2024-10-26 17:27:11,C0019,B002,,S0023
O00538,,,,PICKUP,2024-10-27 12:36:13,COMPLETED,300.02,0.0,0.0,300.02,CASH,PAID,2024-10-27 12:38:52,C0007,B002,,
O00528,,,,WALK_IN,2024-10-27 16:49:01,COMPLETED,414.86,0.0,0.0,414.86,CARD,PAID,2024-10-27 16:53:26,,B001,,S0013
O00552,Guest User,+60145609892,guest552@example.test,DELIVERY,2024-10-28 08:57:51,COMPLETED,36.05,0.0,0.0,48.85,E_WALLET,PAID,2024-10-28 08:59:18,,B004,,
O00563,Guest User,+60191982230,guest563@example.test,PICKUP,2024-10-28 09:03:22,COMPLETED,107.75,0.0,0.0,107.75,ONLINE_BANKING,PAID,2024-10-28 09:05:38,,B004,,
O00542,Guest User,+60137663299,guest542@example.test,PICKUP,2024-10-28 13:46:10,COMPLETED,51.96,0.0,0.0,51.96,CASH,PAID,2024-10-28 13:49:26,,B001,,S0004
O00556,,,,WALK_IN,2024-10-28 18:28:30,COMPLETED,64.2,0.0,0.0,64.2,E_WALLET,PAID,2024-10-28 18:33:00,,B006,,
O00557,Guest User,+60108577460,guest557@example.test,WALK_IN,2024-10-28 19:35:49,COMPLETED,409.85,0.0,0.0,409.85,CASH,PAID,2024-10-28 19:36:14,,B002,,S0023
O00565,Guest User,+60189098047,guest565@example.test,WALK_IN,2024-10-29 14:41:34,COMPLETED,257.89,0.0,0.0,257.89,CASH,PAID,2024-10-29 14:45:56,,B006,,
O00569,,,,PICKUP,2024-10-30 11:34:46,COMPLETED,14.47,0.0,0.0,14.47,ONLINE_BANKING,PAID,2024-10-30 11:37:29,C0004,B003,,S0045
O00521,,,,PICKUP,2024-10-30 17:28:45,COMPLETED,174.56,0.0,100.0,74.56,CASH,PAID,2024-10-30 17:33:34,C0010,B002,,S0028
O00536,Guest User,+60136117421,guest536@example.test,PICKUP,2024-10-30 20:26:35,COMPLETED,109.47,0.0,0.0,109.47,CASH,PAID,2024-10-30 20:30:33,,B003,,S0034
O00533,Guest User,+60164627206,guest533@example.test,WALK_IN,2024-10-30 20:44:48,COMPLETED,130.18,0.0,0.0,130.18,CASH,PAID,2024-10-30 20:45:11,,B003,,S0039
O00558,,,,WALK_IN,2024-10-31 13:31:54,COMPLETED,163.29,0.0,100.0,63.29,CASH,PAID,2024-10-31 13:34:11,C0042,B008,,S0095
O00526,Guest User,+60167987877,guest526@example.test,PICKUP,2024-10-31 15:51:05,COMPLETED,342.58,0.0,0.0,342.58,CASH,PAID,2024-10-31 15:54:23,,B002,,S0028
O00554,,,,WALK_IN,2024-10-31 18:56:48,COMPLETED,121.7,0.0,77.39,44.31,CARD,PAID,2024-10-31 18:58:10,C0001,B007,,S0078
O00585,,,,WALK_IN,2024-11-01 08:36:09,COMPLETED,86.28,0.0,0.0,86.28,E_WALLET,PAID,2024-11-01 08:36:56,C0027,B001,,S0013
O00600,,,,WALK_IN,2024-11-01 10:13:03,COMPLETED,176.69,0.0,0.0,176.69,ONLINE_BANKING,PAID,2024-11-01 10:13:32,C0050,B003,,S0032
O00602,,,,PICKUP,2024-11-01 10:22:51,COMPLETED,265.45,30.0,0.0,235.45,CARD,PAID,2024-11-01 10:26:33,C0022,B003,V001,
O00636,,,,WALK_IN,2024-11-01 15:19:43,COMPLETED,192.88,0.0,0.0,192.88,CASH,PAID,2024-11-01 15:21:17,,B007,,S0078
O00628,Ananya a/p Chandran,+60126719166,ananya.a.p.chandran.c0039@example.test,DELIVERY,2024-11-02 11:02:10,COMPLETED,42.22,0.0,0.0,68.12,CARD,PAID,2024-11-02 11:04:22,C0039,B006,,
O00634,,,,WALK_IN,2024-11-02 18:14:05,COMPLETED,179.4,0.0,0.0,179.4,CARD,PAID,2024-11-02 18:15:19,C0020,B006,,
O00642,,,,WALK_IN,2024-11-03 13:06:20,COMPLETED,53.96,0.0,0.0,53.96,CASH,PAID,2024-11-03 13:06:36,,B001,,S0013
O00630,Guest User,+60144291244,guest630@example.test,WALK_IN,2024-11-03 15:32:20,COMPLETED,48.1,0.0,0.0,48.1,CASH,PAID,2024-11-03 15:34:30,,B002,,S0023
O00599,Guest User,+60197157851,guest599@example.test,WALK_IN,2024-11-03 20:35:29,COMPLETED,269.6,0.0,0.0,269.6,CASH,PAID,2024-11-03 20:37:18,,B002,,S0023
O00631,Guest User,+60119459729,guest631@example.test,WALK_IN,2024-11-04 18:11:24,COMPLETED,368.54,0.0,0.0,368.54,CASH,PAID,2024-11-04 18:14:24,,B001,,S0004
O00639,,,,WALK_IN,2024-11-06 09:15:09,COMPLETED,389.9,0.0,0.0,389.9,CARD,PAID,2024-11-06 09:17:31,,B010,,S0108
O00591,Guest User,+60106148210,guest591@example.test,PICKUP,2024-11-07 11:42:11,COMPLETED,204.0,0.0,0.0,204.0,CASH,PAID,2024-11-07 11:45:14,,B002,,S0029
O00581,,,,PICKUP,2024-11-07 18:16:15,COMPLETED,100.16,0.0,18.38,81.78,CASH,PAID,2024-11-07 18:16:44,C0014,B010,,
O00614,,,,PICKUP,2024-11-08 19:31:35,COMPLETED,134.03,0.0,0.0,134.03,E_WALLET,PAID,2024-11-08 19:34:40,C0054,B002,,S0029
O00604,,,,WALK_IN,2024-11-09 14:55:52,COMPLETED,264.72,0.0,0.0,264.72,CARD,PAID,2024-11-09 15:00:19,C0016,B008,,S0093
O00627,,,,WALK_IN,2024-11-10 08:40:40,COMPLETED,326.24,0.0,0.0,326.24,CASH,PAID,2024-11-10 08:45:13,C0008,B003,,S0039
O00623,Guest User,+60177530466,guest623@example.test,DELIVERY,2024-11-10 10:48:19,COMPLETED,190.35,0.0,0.0,199.4,CARD,PAID,2024-11-10 10:51:54,,B008,,
O00621,Guest User,+60129627345,guest621@example.test,PICKUP,2024-11-10 11:16:36,COMPLETED,262.02,0.0,0.0,262.02,CASH,PAID,2024-11-10 11:20:25,,B008,,S0095
O00575,,,,WALK_IN,2024-11-10 11:54:31,COMPLETED,179.08,0.0,0.0,179.08,CASH,PAID,2024-11-10 11:55:29,C0043,B003,,S0041
O00603,Guest User,+60144860425,guest603@example.test,PICKUP,2024-11-11 08:36:22,COMPLETED,23.46,0.0,0.0,23.46,CASH,PAID,2024-11-11 08:39:37,,B004,,S0052
O00588,,,,WALK_IN,2024-11-11 10:15:02,COMPLETED,132.65,0.0,37.44,95.21,CASH,PAID,2024-11-11 10:19:26,C0026,B003,,S0039
O00618,Guest User,+60169661291,guest618@example.test,WALK_IN,2024-11-11 16:03:11,COMPLETED,82.58,0.0,0.0,82.58,E_WALLET,PAID,2024-11-11 16:05:46,,B004,,S0052
O00597,Guest User,+60178444275,guest597@example.test,PICKUP,2024-11-11 19:58:08,COMPLETED,194.24,0.0,0.0,194.24,CARD,PAID,2024-11-11 20:01:42,,B002,,
O00584,Guest User,+60189453177,guest584@example.test,PICKUP,2024-11-12 13:50:54,COMPLETED,150.94,0.0,0.0,150.94,CASH,PAID,2024-11-12 13:53:31,,B001,,S0013
O00586,Guest User,+60114143115,guest586@example.test,WALK_IN,2024-11-12 16:29:56,COMPLETED,102.7,0.0,0.0,102.7,CASH,PAID,2024-11-12 16:34:14,,B002,,S0023
O00616,,,,WALK_IN,2024-11-12 17:23:41,COMPLETED,66.12,0.0,24.02,42.1,CARD,PAID,2024-11-12 17:26:48,C0032,B003,,S0041
O00635,Guest User,+60175242129,guest635@example.test,PICKUP,2024-11-12 18:54:58,COMPLETED,141.61,0.0,0.0,141.61,CASH,PAID,2024-11-12 18:57:56,,B003,,
O00615,,,,WALK_IN,2024-11-12 20:37:05,COMPLETED,52.94,0.0,0.0,52.94,CASH,PAID,2024-11-12 20:41:35,C0028,B002,,S0023
O00611,,,,WALK_IN,2024-11-13 08:42:25,COMPLETED,158.8,0.0,0.0,158.8,CASH,PAID,2024-11-13 08:44:16,C0050,B002,,S0023
O00620,,,,WALK_IN,2024-11-14 15:28:40,COMPLETED,221.37,0.0,55.14,166.23,CASH,PAID,2024-11-14 15:31:13,C0046,B004,,S0052
O00601,,,,PICKUP,2024-11-14 16:59:13,COMPLETED,146.07,0.0,0.0,146.07,CASH,PAID,2024-11-14 17:03:58,C0008,B008,,S0088
O00609,,,,WALK_IN,2024-11-14 18:37:08,COMPLETED,14.77,0.0,0.0,14.77,CASH,PAID,2024-11-14 18:38:18,C0009,B002,,S0023
O00578,,,,WALK_IN,2024-11-15 09:34:20,COMPLETED,102.92,0.0,40.5,62.42,ONLINE_BANKING,PAID,2024-11-15 09:39:05,C0031,B002,,S0023
O00637,,,,WALK_IN,2024-11-15 13:18:19,COMPLETED,347.09,0.0,100.0,247.09,CARD,PAID,2024-11-15 13:19:48,C0041,B001,,S0012
O00583,,,,WALK_IN,2024-11-15 14:29:58,COMPLETED,309.65,0.0,0.0,309.65,CARD,PAID,2024-11-15 14:31:18,C0020,B002,,S0023
O00613,Guest User,+60117584213,guest613@example.test,WALK_IN,2024-11-15 14:39:23,CANCELLED,244.72,0.0,0.0,244.72,CARD,FAILED,,,B001,,S0004
O00598,,,,PICKUP,2024-11-16 09:09:16,COMPLETED,196.55,0.0,0.0,196.55,CASH,PAID,2024-11-16 09:13:57,C0021,B003,,S0034
O00632,,,,WALK_IN,2024-11-16 11:56:31,COMPLETED,174.97,0.0,0.0,174.97,CASH,PAID,2024-11-16 11:59:16,,B007,,S0078
O00622,,,,WALK_IN,2024-11-16 17:40:06,COMPLETED,18.45,0.0,18.45,0.0,MYKASIH,PAID,2024-11-16 17:44:17,C0010,B001,,S0004
O00641,Guest User,+60124632714,guest641@example.test,PICKUP,2024-11-16 19:09:48,COMPLETED,223.32,0.0,0.0,223.32,CARD,PAID,2024-11-16 19:10:45,,B001,,S0012
O00593,Hafiz bin Basri,+60106730441,hafiz.bin.basri.c0006@example.test,DELIVERY,2024-11-16 20:41:08,CANCELLED,133.11,0.0,0.0,139.36,E_WALLET,FAILED,,C0006,B003,,
O00605,Guest User,+60186804909,guest605@example.test,WALK_IN,2024-11-17 09:30:30,COMPLETED,262.7,0.0,0.0,262.7,E_WALLET,PAID,2024-11-17 09:34:07,,B002,,S0023
O00576,,,,PICKUP,2024-11-17 16:36:10,COMPLETED,270.56,0.0,0.0,270.56,CARD,PAID,2024-11-17 16:38:58,C0003,B001,,S0013
O00607,,,,WALK_IN,2024-11-20 15:32:47,COMPLETED,307.46,0.0,6.15,301.31,CARD,PAID,2024-11-20 15:35:01,C0046,B002,,S0023
O00606,,,,WALK_IN,2024-11-20 19:13:52,COMPLETED,40.52,0.0,0.0,40.52,ONLINE_BANKING,PAID,2024-11-20 19:16:43,C0028,B003,,S0039
O00596,,,,WALK_IN,2024-11-21 15:18:41,COMPLETED,233.42,0.0,0.0,233.42,CASH,PAID,2024-11-21 15:20:17,,B001,,S0012
O00625,,,,WALK_IN,2024-11-22 10:23:31,COMPLETED,62.02,0.0,0.0,62.02,CASH,PAID,2024-11-22 10:26:23,C0010,B002,,S0023
O00587,,,,PICKUP,2024-11-22 12:32:14,COMPLETED,233.48,0.0,0.0,233.48,CASH,PAID,2024-11-22 12:35:59,C0055,B007,,
O00626,,,,WALK_IN,2024-11-23 09:27:00,COMPLETED,195.55,0.0,100.0,95.55,ONLINE_BANKING,PAID,2024-11-23 09:29:14,C0001,B002,,S0023
O00595,,,,WALK_IN,2024-11-23 13:01:53,COMPLETED,92.81,0.0,0.0,92.81,CASH,PAID,2024-11-23 13:05:30,C0008,B004,,S0052
O00580,,,,WALK_IN,2024-11-23 15:43:52,COMPLETED,402.25,0.0,0.0,402.25,CASH,PAID,2024-11-23 15:47:20,C0016,B001,,S0013
O00608,,,,WALK_IN,2024-11-23 17:05:34,COMPLETED,68.2,0.0,0.0,68.2,CASH,PAID,2024-11-23 17:09:15,,B001,,S0004
O00592,Guest User,+60152611284,guest592@example.test,WALK_IN,2024-11-23 20:17:38,COMPLETED,117.43,0.0,0.0,117.43,E_WALLET,PAID,2024-11-23 20:21:35,,B002,,S0023
O00589,,,,WALK_IN,2024-11-24 13:35:32,COMPLETED,183.39,0.0,0.0,183.39,CARD,PAID,2024-11-24 13:40:28,,B002,,S0023
O00610,,,,WALK_IN,2024-11-25 08:54:07,COMPLETED,268.54,0.0,74.9,193.64,CASH,PAID,2024-11-25 08:56:27,C0014,B010,,S0108
O00577,,,,WALK_IN,2024-11-25 14:38:04,COMPLETED,166.39,0.0,39.43,126.96,CASH,PAID,2024-11-25 14:38:55,C0009,B004,,S0052
O00640,Guest User,+60169930781,guest640@example.test,WALK_IN,2024-11-25 17:11:31,COMPLETED,83.78,0.0,0.0,83.78,CASH,PAID,2024-11-25 17:15:08,,B010,,S0108
O00624,Guest User,+60174154665,guest624@example.test,DELIVERY,2024-11-25 18:04:45,COMPLETED,131.2,0.0,0.0,140.24,E_WALLET,PAID,2024-11-25 18:06:12,,B008,,S0088
O00617,Syahirah binti Hassan,+60101946926,syahirah.binti.hassan.c0024@example.test,DELIVERY,2024-11-25 18:58:31,COMPLETED,199.48,0.0,100.0,112.03,CARD,PAID,2024-11-25 19:00:53,C0024,B001,,
O00579,Guest User,+60192656000,guest579@example.test,PICKUP,2024-11-26 10:23:25,COMPLETED,182.61,0.0,0.0,182.61,E_WALLET,PAID,2024-11-26 10:24:23,,B003,,S0041
O00612,Guest User,+60169172973,guest612@example.test,WALK_IN,2024-11-27 09:32:27,COMPLETED,74.65,0.0,0.0,74.65,CASH,PAID,2024-11-27 09:36:45,,B001,,S0004
O00633,Irfan bin Ibrahim,+60174088619,irfan.bin.ibrahim.c0044@example.test,DELIVERY,2024-11-27 15:45:34,CANCELLED,83.22,0.0,0.0,93.98,CARD,FAILED,,C0044,B003,,
O00582,Guest User,+60197676928,guest582@example.test,WALK_IN,2024-11-28 11:52:49,COMPLETED,67.47,0.0,0.0,67.47,ONLINE_BANKING,PAID,2024-11-28 11:54:05,,B002,,S0023
O00629,,,,WALK_IN,2024-11-28 14:32:34,COMPLETED,57.94,0.0,0.0,57.94,ONLINE_BANKING,PAID,2024-11-28 14:33:23,,B006,,
O00590,,,,WALK_IN,2024-11-29 10:11:18,COMPLETED,153.52,0.0,33.51,120.01,CASH,PAID,2024-11-29 10:16:14,C0009,B004,,S0052
O00638,,,,WALK_IN,2024-11-29 18:29:55,COMPLETED,156.69,0.0,0.0,156.69,CASH,PAID,2024-11-29 18:31:11,,B002,,S0023
O00594,,,,WALK_IN,2024-11-30 18:23:25,COMPLETED,123.05,0.0,0.0,123.05,CASH,PAID,2024-11-30 18:26:01,,B008,,S0095
O00619,Guest User,+60176923172,guest619@example.test,DELIVERY,2024-11-30 20:06:57,COMPLETED,139.7,0.0,0.0,150.74,E_WALLET,PAID,2024-11-30 20:10:51,,B003,,S0034
O00692,,,,WALK_IN,2024-12-01 16:58:01,COMPLETED,343.73,0.0,0.0,343.73,CARD,PAID,2024-12-01 17:02:00,,B007,,S0082
O00647,,,,WALK_IN,2024-12-01 17:22:22,CANCELLED,221.37,0.0,0.0,221.37,CASH,FAILED,,C0012,B002,,S0023
O00680,Guest User,+60128562249,guest680@example.test,WALK_IN,2024-12-01 18:58:49,COMPLETED,138.49,0.0,0.0,138.49,CASH,PAID,2024-12-01 19:03:32,,B002,,S0023
O00704,Guest User,+60166320786,guest704@example.test,WALK_IN,2024-12-02 09:30:47,COMPLETED,204.91,0.0,0.0,204.91,CASH,PAID,2024-12-02 09:31:36,,B001,,S0012
O00665,,,,WALK_IN,2024-12-02 11:41:34,COMPLETED,113.17,0.0,0.0,113.17,CASH,PAID,2024-12-02 11:44:26,,B001,,S0012
O00666,,,,WALK_IN,2024-12-02 13:20:32,COMPLETED,171.52,0.0,0.0,171.52,CARD,PAID,2024-12-02 13:23:11,,B006,,
O00701,,,,WALK_IN,2024-12-02 14:24:09,COMPLETED,65.2,0.0,0.0,65.2,ONLINE_BANKING,PAID,2024-12-02 14:28:33,C0056,B001,,S0012
O00677,,,,WALK_IN,2024-12-03 09:25:46,COMPLETED,371.25,0.0,0.0,371.25,CARD,PAID,2024-12-03 09:29:38,C0058,B008,,S0095
O00682,Guest User,+60191655654,guest682@example.test,PICKUP,2024-12-03 13:35:09,COMPLETED,216.68,0.0,0.0,216.68,CASH,PAID,2024-12-03 13:37:07,,B003,,S0045
O00712,Guest User,+60128047171,guest712@example.test,WALK_IN,2024-12-04 08:17:25,COMPLETED,100.94,0.0,0.0,100.94,CASH,PAID,2024-12-04 08:19:14,,B006,,
O00670,,,,WALK_IN,2024-12-05 08:59:54,COMPLETED,175.32,0.0,0.0,175.32,CASH,PAID,2024-12-05 09:04:17,,B010,,S0108
O00656,Guest User,+60199422041,guest656@example.test,PICKUP,2024-12-05 11:41:43,COMPLETED,164.6,0.0,0.0,164.6,CASH,PAID,2024-12-05 11:44:06,,B003,,S0034
O00698,,,,PICKUP,2024-12-06 09:34:18,COMPLETED,59.22,0.0,0.0,59.22,CASH,PAID,2024-12-06 09:34:46,C0012,B003,,S0032
O00687,,,,WALK_IN,2024-12-06 16:19:44,COMPLETED,239.49,50.0,0.0,189.49,CASH,PAID,2024-12-06 16:23:59,C0022,B007,V004,S0079
O00650,,,,PICKUP,2024-12-07 16:26:04,COMPLETED,205.03,0.0,0.0,205.03,E_WALLET,PAID,2024-12-07 16:29:01,C0064,B008,,
O00697,,,,WALK_IN,2024-12-08 12:16:52,COMPLETED,153.98,0.0,0.0,153.98,CARD,PAID,2024-12-08 12:21:06,C0035,B004,,S0052
O00668,Guest User,+60128638874,guest668@example.test,WALK_IN,2024-12-08 19:56:51,COMPLETED,130.44,0.0,0.0,130.44,E_WALLET,PAID,2024-12-08 19:59:49,,B001,,S0013
O00716,,,,WALK_IN,2024-12-09 14:57:16,COMPLETED,243.5,50.0,0.0,193.5,CARD,PAID,2024-12-09 15:02:11,C0004,B006,V004,
O00658,,,,WALK_IN,2024-12-10 09:30:06,COMPLETED,34.05,0.0,0.0,34.05,CARD,PAID,2024-12-10 09:30:54,,B003,,S0032
O00710,Guest User,+60175596691,guest710@example.test,PICKUP,2024-12-10 12:36:59,COMPLETED,181.71,0.0,0.0,181.71,CASH,PAID,2024-12-10 12:37:31,,B007,,S0079
O00711,,,,WALK_IN,2024-12-12 20:12:54,COMPLETED,59.69,0.0,0.0,59.69,ONLINE_BANKING,PAID,2024-12-12 20:14:59,C0027,B001,,S0012
O00657,,,,WALK_IN,2024-12-13 11:37:16,COMPLETED,188.06,0.0,0.0,188.06,CASH,PAID,2024-12-13 11:41:14,,B002,,S0023
O00683,,,,WALK_IN,2024-12-13 14:37:07,COMPLETED,14.77,0.0,0.0,14.77,CASH,PAID,2024-12-13 14:38:27,,B010,,S0108
O00654,,,,WALK_IN,2024-12-13 20:10:20,COMPLETED,162.34,0.0,88.97,73.37,CASH,PAID,2024-12-13 20:13:33,C0031,B001,,S0013
O00720,Guest User,+60156534479,guest720@example.test,DELIVERY,2024-12-14 11:11:12,COMPLETED,83.61,0.0,0.0,98.09,E_WALLET,PAID,2024-12-14 11:15:04,,B003,,S0041
O00669,Guest User,+60172617133,guest669@example.test,WALK_IN,2024-12-14 14:40:21,COMPLETED,99.3,0.0,0.0,99.3,CASH,PAID,2024-12-14 14:43:59,,B002,,S0023
O00644,,,,WALK_IN,2024-12-14 18:48:53,COMPLETED,129.7,0.0,21.64,108.06,CASH,PAID,2024-12-14 18:53:52,C0023,B010,,S0108
O00674,,,,WALK_IN,2024-12-15 14:48:03,COMPLETED,319.67,0.0,0.0,319.67,ONLINE_BANKING,PAID,2024-12-15 14:49:35,,B001,,S0012
O00688,,,,WALK_IN,2024-12-15 15:33:11,COMPLETED,205.74,0.0,0.0,205.74,CASH,PAID,2024-12-15 15:37:41,,B002,,S0023
O00651,,,,WALK_IN,2024-12-15 18:04:12,COMPLETED,66.94,0.0,0.0,66.94,CASH,PAID,2024-12-15 18:05:26,,B008,,S0093
O00696,,,,WALK_IN,2024-12-15 19:28:03,COMPLETED,122.76,0.0,40.5,82.26,CASH,PAID,2024-12-15 19:31:23,C0036,B002,,S0023
O00676,,,,WALK_IN,2024-12-16 18:56:29,COMPLETED,251.1,0.0,0.0,251.1,CASH,PAID,2024-12-16 18:59:14,,B001,,S0004
O00652,,,,PICKUP,2024-12-17 16:19:34,COMPLETED,135.63,0.0,0.0,135.63,CASH,PAID,2024-12-17 16:24:20,C0058,B002,,S0029
O00689,,,,WALK_IN,2024-12-17 18:14:19,COMPLETED,193.08,0.0,0.0,193.08,CASH,PAID,2024-12-17 18:16:07,,B011,,S0111
O00673,,,,WALK_IN,2024-12-18 17:19:51,COMPLETED,349.26,0.0,0.0,349.26,CARD,PAID,2024-12-18 17:23:47,,B001,,S0004
O00659,,,,WALK_IN,2024-12-20 11:56:19,COMPLETED,260.52,0.0,0.0,260.52,CASH,PAID,2024-12-20 11:59:13,C0014,B001,,S0012
O00648,,,,WALK_IN,2024-12-20 15:27:55,COMPLETED,76.53,0.0,0.0,76.53,CASH,PAID,2024-12-20 15:32:30,,B002,,S0023
O00643,Guest User,+60127615396,guest643@example.test,PICKUP,2024-12-20 16:27:07,COMPLETED,13.54,0.0,0.0,13.54,CASH,PAID,2024-12-20 16:29:58,,B011,,S0111
O00705,,,,WALK_IN,2024-12-20 19:23:54,COMPLETED,45.68,0.0,0.0,45.68,CARD,PAID,2024-12-20 19:24:30,,B006,,S0069
O00703,,,,WALK_IN,2024-12-20 20:09:56,COMPLETED,207.94,0.0,15.54,192.4,CASH,PAID,2024-12-20 20:13:52,C0046,B008,,S0093
O00718,,,,WALK_IN,2024-12-21 19:05:59,COMPLETED,187.62,0.0,0.0,187.62,CARD,PAID,2024-12-21 19:09:54,C0019,B001,,S0013
O00713,Guest User,+60179205830,guest713@example.test,WALK_IN,2024-12-22 15:24:04,COMPLETED,115.5,0.0,0.0,115.5,CASH,PAID,2024-12-22 15:27:28,,B001,,S0012
O00685,Guest User,+60171300146,guest685@example.test,PICKUP,2024-12-22 18:36:41,COMPLETED,136.66,0.0,0.0,136.66,CASH,PAID,2024-12-22 18:39:30,,B004,,
O00667,,,,WALK_IN,2024-12-22 19:48:33,COMPLETED,117.24,0.0,0.0,117.24,CASH,PAID,2024-12-22 19:52:35,C0059,B003,,S0039
O00714,Guest User,+60148709947,guest714@example.test,PICKUP,2024-12-23 20:04:47,COMPLETED,93.79,0.0,0.0,93.79,E_WALLET,PAID,2024-12-23 20:05:56,,B007,,S0078
O00717,Felix Jalong,+60139689878,felix.jalong.c0022@example.test,DELIVERY,2024-12-24 09:12:15,COMPLETED,228.72,0.0,0.0,243.08,E_WALLET,PAID,2024-12-24 09:14:13,C0022,B004,,S0055
O00702,,,,WALK_IN,2024-12-25 08:22:48,COMPLETED,45.32,0.0,0.0,45.32,CASH,PAID,2024-12-25 08:25:41,C0065,B004,,S0052
O00646,,,,WALK_IN,2024-12-25 12:00:28,COMPLETED,109.79,0.0,0.0,109.79,CASH,PAID,2024-12-25 12:04:39,,B003,,S0032
O00690,,,,WALK_IN,2024-12-25 12:43:37,COMPLETED,66.74,0.0,0.0,66.74,CARD,PAID,2024-12-25 12:45:23,,B006,,S0069
O00672,Guest User,+60146831505,guest672@example.test,PICKUP,2024-12-25 17:14:11,COMPLETED,351.58,0.0,0.0,351.58,CARD,PAID,2024-12-25 17:16:00,,B010,,
O00649,,,,WALK_IN,2024-12-25 18:39:11,COMPLETED,69.48,0.0,0.0,69.48,CASH,PAID,2024-12-25 18:43:19,C0055,B003,,S0041
O00662,,,,WALK_IN,2024-12-26 13:00:50,COMPLETED,47.1,0.0,0.0,47.1,CASH,PAID,2024-12-26 13:01:56,C0003,B008,,S0095
O00681,,,,WALK_IN,2024-12-26 13:32:06,COMPLETED,106.82,0.0,0.0,106.82,CASH,PAID,2024-12-26 13:32:27,,B008,,S0093
O00691,,,,WALK_IN,2024-12-26 14:38:57,COMPLETED,64.02,0.0,0.0,64.02,CARD,PAID,2024-12-26 14:40:14,,B003,,S0032
O00663,,,,WALK_IN,2024-12-26 15:08:07,COMPLETED,92.6,0.0,0.0,92.6,E_WALLET,PAID,2024-12-26 15:09:35,,B004,,S0052
O00664,Guest User,+60194306874,guest664@example.test,DELIVERY,2024-12-27 11:12:22,COMPLETED,395.07,0.0,0.0,412.19,E_WALLET,PAID,2024-12-27 11:16:11,,B001,,
O00675,,,,WALK_IN,2024-12-27 13:39:07,COMPLETED,227.9,0.0,0.0,227.9,CASH,PAID,2024-12-27 13:39:49,,B002,,S0023
O00679,,,,WALK_IN,2024-12-27 14:27:57,COMPLETED,245.67,0.0,0.0,245.67,CASH,PAID,2024-12-27 14:31:47,,B004,,S0052
O00709,Guest User,+60183620850,guest709@example.test,PICKUP,2024-12-27 20:07:11,COMPLETED,69.5,0.0,0.0,69.5,CASH,PAID,2024-12-27 20:07:30,,B007,,S0078
O00695,Guest User,+60143488667,guest695@example.test,PICKUP,2024-12-28 13:09:22,COMPLETED,346.88,0.0,0.0,346.88,CASH,PAID,2024-12-28 13:10:41,,B011,,S0111
O00707,,,,WALK_IN,2024-12-28 13:09:36,COMPLETED,269.72,0.0,0.0,269.72,CASH,PAID,2024-12-28 13:13:31,,B006,,S0069
O00708,,,,WALK_IN,2024-12-28 14:20:43,COMPLETED,257.47,0.0,0.0,257.47,CASH,PAID,2024-12-28 14:23:10,,B001,,S0013
O00715,,,,WALK_IN,2024-12-28 14:29:44,COMPLETED,208.99,0.0,0.0,208.99,E_WALLET,PAID,2024-12-28 14:31:34,C0045,B003,,S0032
O00678,,,,PICKUP,2024-12-28 15:17:30,COMPLETED,43.71,0.0,0.0,43.71,CASH,PAID,2024-12-28 15:20:27,C0026,B008,,S0088
O00660,,,,WALK_IN,2024-12-28 19:04:42,CANCELLED,218.22,0.0,0.0,218.22,CARD,FAILED,,,B002,,S0023
O00645,,,,WALK_IN,2024-12-29 12:55:07,CANCELLED,243.75,0.0,0.0,243.75,CASH,FAILED,,,B007,,S0078
O00684,,,,WALK_IN,2024-12-29 19:21:22,COMPLETED,151.74,0.0,14.55,137.19,CASH,PAID,2024-12-29 19:24:56,C0026,B001,,S0004
O00699,Guest User,+60183373245,guest699@example.test,DELIVERY,2024-12-29 20:43:04,COMPLETED,262.63,0.0,0.0,268.63,ONLINE_BANKING,PAID,2024-12-29 20:46:24,,B001,,S0008
O00661,,,,WALK_IN,2024-12-30 13:22:51,COMPLETED,139.13,0.0,0.0,139.13,CASH,PAID,2024-12-30 13:25:11,,B002,,S0023
O00655,,,,WALK_IN,2024-12-30 17:00:32,COMPLETED,110.34,0.0,12.3,98.04,E_WALLET,PAID,2024-12-30 17:05:09,C0042,B007,,S0078
O00700,,,,PICKUP,2024-12-30 18:31:23,COMPLETED,84.24,0.0,24.02,60.22,CASH,PAID,2024-12-30 18:36:22,C0010,B011,,
O00686,,,,WALK_IN,2024-12-30 20:58:14,COMPLETED,267.96,0.0,0.0,267.96,CASH,PAID,2024-12-30 20:59:42,,B003,,S0032
O00653,,,,WALK_IN,2024-12-31 08:25:40,COMPLETED,151.78,0.0,59.5,92.28,CARD,PAID,2024-12-31 08:30:36,C0036,B001,,S0012
O00671,Guest User,+60107682096,guest671@example.test,WALK_IN,2024-12-31 09:03:07,COMPLETED,44.16,0.0,0.0,44.16,CARD,PAID,2024-12-31 09:06:34,,B004,,S0052
O00706,,,,WALK_IN,2024-12-31 11:06:11,COMPLETED,210.11,0.0,0.0,210.11,CARD,PAID,2024-12-31 11:09:43,,B003,,S0032
O00694,,,,WALK_IN,2024-12-31 13:14:20,COMPLETED,190.22,0.0,100.0,90.22,CASH,PAID,2024-12-31 13:19:18,C0068,B002,,S0023
O00693,,,,PICKUP,2024-12-31 13:15:30,COMPLETED,314.66,0.0,0.0,314.66,CASH,PAID,2024-12-31 13:17:03,C0066,B003,,S0032
O00719,,,,WALK_IN,2024-12-31 20:43:12,COMPLETED,85.62,0.0,0.0,85.62,ONLINE_BANKING,PAID,2024-12-31 20:47:44,C0015,B002,,S0023
O00767,,,,WALK_IN,2025-01-01 11:02:57,COMPLETED,143.63,0.0,0.0,143.63,E_WALLET,PAID,2025-01-01 11:07:33,C0060,B008,,S0093
O00781,Guest User,+60121752691,guest781@example.test,WALK_IN,2025-01-01 12:19:46,COMPLETED,154.61,0.0,0.0,154.61,ONLINE_BANKING,PAID,2025-01-01 12:20:32,,B010,,S0108
O00768,,,,WALK_IN,2025-01-01 12:43:29,COMPLETED,151.25,0.0,0.0,151.25,CASH,PAID,2025-01-01 12:44:18,,B004,,S0052
O00742,,,,WALK_IN,2025-01-02 11:56:56,COMPLETED,233.17,0.0,0.0,233.17,CASH,PAID,2025-01-02 12:00:46,C0035,B008,,S0095
O00726,,,,WALK_IN,2025-01-02 17:25:57,COMPLETED,150.91,0.0,0.0,150.91,CARD,PAID,2025-01-02 17:28:25,,B006,,S0069
O00729,,,,WALK_IN,2025-01-02 20:31:25,COMPLETED,116.4,0.0,0.0,116.4,CASH,PAID,2025-01-02 20:34:44,C0061,B001,,S0013
O00735,,,,WALK_IN,2025-01-03 11:49:52,COMPLETED,130.43,0.0,40.57,89.86,CASH,PAID,2025-01-03 11:54:13,C0017,B002,,S0023
O00757,,,,WALK_IN,2025-01-03 15:10:23,COMPLETED,200.83,0.0,29.79,171.04,E_WALLET,PAID,2025-01-03 15:13:19,C0026,B008,,S0095
O00772,,,,PICKUP,2025-01-03 17:41:04,COMPLETED,315.04,0.0,0.0,315.04,CASH,PAID,2025-01-03 17:44:33,C0019,B006,,
O00785,,,,WALK_IN,2025-01-03 18:22:29,COMPLETED,405.49,0.0,0.0,405.49,CASH,PAID,2025-01-03 18:27:21,C0030,B003,,S0039
O00776,,,,WALK_IN,2025-01-04 11:47:17,COMPLETED,119.53,0.0,0.0,119.53,CASH,PAID,2025-01-04 11:49:00,,B002,,S0023
O00761,Guest User,+60132327832,guest761@example.test,WALK_IN,2025-01-04 13:39:29,COMPLETED,196.68,0.0,0.0,196.68,CASH,PAID,2025-01-04 13:42:25,,B003,,S0032
O00759,,,,PICKUP,2025-01-04 16:02:57,COMPLETED,24.52,0.0,0.0,24.52,CARD,PAID,2025-01-04 16:05:27,C0024,B001,,
O00728,,,,WALK_IN,2025-01-04 19:30:47,COMPLETED,73.38,0.0,0.0,73.38,ONLINE_BANKING,PAID,2025-01-04 19:32:01,,B011,,S0111
O00760,,,,PICKUP,2025-01-05 11:41:03,COMPLETED,160.16,0.0,43.78,116.38,E_WALLET,PAID,2025-01-05 11:44:59,C0017,B002,,
O00733,,,,PICKUP,2025-01-06 10:49:37,COMPLETED,139.04,0.0,0.0,139.04,ONLINE_BANKING,PAID,2025-01-06 10:52:42,C0044,B002,,
O00745,,,,WALK_IN,2025-01-06 14:43:49,COMPLETED,272.7,0.0,0.0,272.7,CASH,PAID,2025-01-06 14:48:44,C0006,B001,,S0013
O00743,Guest User,+60152079249,guest743@example.test,WALK_IN,2025-01-07 14:17:56,COMPLETED,196.81,0.0,0.0,196.81,CARD,PAID,2025-01-07 14:21:17,,B001,,S0004
O00758,,,,WALK_IN,2025-01-07 15:03:46,COMPLETED,298.54,50.0,0.0,248.54,E_WALLET,PAID,2025-01-07 15:08:45,C0066,B002,V004,S0023
O00774,,,,WALK_IN,2025-01-07 16:56:23,COMPLETED,153.55,0.0,0.0,153.55,CASH,PAID,2025-01-07 16:58:59,,B004,,S0052
O00775,,,,WALK_IN,2025-01-07 18:40:33,COMPLETED,434.29,0.0,0.0,434.29,CASH,PAID,2025-01-07 18:42:24,C0057,B002,,S0023
O00721,,,,PICKUP,2025-01-07 18:40:51,COMPLETED,268.81,0.0,100.0,168.81,E_WALLET,PAID,2025-01-07 18:45:19,C0070,B002,,S0023
O00770,,,,PICKUP,2025-01-07 19:49:04,COMPLETED,229.79,0.0,15.65,214.14,CARD,PAID,2025-01-07 19:53:49,C0017,B002,,S0023
O00732,,,,WALK_IN,2025-01-08 14:47:00,COMPLETED,70.65,0.0,0.0,70.65,CASH,PAID,2025-01-08 14:48:59,,B007,,S0082
O00769,,,,PICKUP,2025-01-09 08:13:11,COMPLETED,118.29,0.0,10.32,107.97,ONLINE_BANKING,PAID,2025-01-09 08:13:53,C0036,B002,,S0029
O00754,,,,PICKUP,2025-01-09 12:07:39,COMPLETED,213.54,0.0,0.0,213.54,CARD,PAID,2025-01-09 12:09:37,C0022,B001,,S0004
O00746,,,,WALK_IN,2025-01-11 08:21:59,COMPLETED,202.78,0.0,0.0,202.78,CASH,PAID,2025-01-11 08:23:41,,B003,,S0041
O00763,,,,PICKUP,2025-01-11 09:24:53,COMPLETED,208.56,0.0,0.0,208.56,CARD,PAID,2025-01-11 09:25:50,C0069,B008,,S0088
O00771,,,,WALK_IN,2025-01-11 10:44:24,COMPLETED,192.39,0.0,100.0,92.39,ONLINE_BANKING,PAID,2025-01-11 10:46:09,C0028,B004,,S0052
O00755,,,,PICKUP,2025-01-11 15:45:03,COMPLETED,155.68,0.0,0.0,155.68,CARD,PAID,2025-01-11 15:48:30,C0062,B001,,
O00752,,,,WALK_IN,2025-01-11 16:32:57,COMPLETED,108.05,0.0,0.0,108.05,ONLINE_BANKING,PAID,2025-01-11 16:37:16,C0018,B004,,S0052
O00784,,,,WALK_IN,2025-01-12 12:28:01,COMPLETED,75.43,0.0,75.43,0.0,MYKASIH,PAID,2025-01-12 12:28:18,C0024,B001,,S0013
O00764,,,,WALK_IN,2025-01-13 08:54:16,COMPLETED,162.57,0.0,0.0,162.57,ONLINE_BANKING,PAID,2025-01-13 08:57:47,,B001,,S0013
O00722,Guest User,+60175484945,guest722@example.test,PICKUP,2025-01-13 10:41:58,COMPLETED,68.41,0.0,0.0,68.41,CARD,PAID,2025-01-13 10:46:28,,B007,,S0082
O00723,Nabil bin Kamal,+60194580339,nabil.bin.kamal.c0012@example.test,DELIVERY,2025-01-13 13:55:08,COMPLETED,144.17,0.0,0.0,161.37,ONLINE_BANKING,PAID,2025-01-13 13:59:59,C0012,B007,,S0079
O00736,,,,PICKUP,2025-01-13 18:12:48,COMPLETED,127.94,0.0,0.0,127.94,CARD,PAID,2025-01-13 18:17:35,C0019,B008,,S0088
O00741,,,,WALK_IN,2025-01-14 12:43:42,COMPLETED,200.16,0.0,0.0,200.16,ONLINE_BANKING,PAID,2025-01-14 12:44:27,C0059,B004,,S0052
O00724,,,,WALK_IN,2025-01-15 09:08:35,COMPLETED,199.22,0.0,0.0,199.22,CASH,PAID,2025-01-15 09:09:42,C0037,B003,,S0032
O00783,,,,WALK_IN,2025-01-15 10:35:25,COMPLETED,131.84,0.0,0.0,131.84,CASH,PAID,2025-01-15 10:37:13,C0021,B001,,S0012
O00747,Guest User,+60134978971,guest747@example.test,DELIVERY,2025-01-16 16:12:28,COMPLETED,425.0,0.0,0.0,436.2,ONLINE_BANKING,PAID,2025-01-16 16:12:58,,B002,,
O00739,,,,WALK_IN,2025-01-16 19:03:52,COMPLETED,77.11,0.0,0.0,77.11,CASH,PAID,2025-01-16 19:05:50,,B011,,S0111
O00740,,,,WALK_IN,2025-01-17 11:03:41,COMPLETED,50.61,0.0,0.0,50.61,CASH,PAID,2025-01-17 11:07:00,C0019,B003,,S0039
O00750,,,,WALK_IN,2025-01-18 10:41:29,COMPLETED,77.57,0.0,0.0,77.57,CARD,PAID,2025-01-18 10:45:21,,B002,,S0023
O00765,,,,WALK_IN,2025-01-18 14:28:21,COMPLETED,131.85,0.0,53.16,78.69,CASH,PAID,2025-01-18 14:32:58,C0023,B008,,S0093
O00778,,,,WALK_IN,2025-01-18 19:47:15,COMPLETED,173.6,0.0,0.0,173.6,CASH,PAID,2025-01-18 19:48:55,C0015,B002,,S0023
O00748,,,,WALK_IN,2025-01-18 20:55:41,COMPLETED,80.12,0.0,0.0,80.12,CASH,PAID,2025-01-18 20:57:07,C0011,B002,,S0023
O00731,Nadia binti Ibrahim,+601143430549,nadia.binti.ibrahim.c0033@example.test,DELIVERY,2025-01-20 14:36:49,COMPLETED,135.37,0.0,0.0,157.77,E_WALLET,PAID,2025-01-20 14:37:12,C0033,B001,,S0005
O00734,,,,PICKUP,2025-01-21 20:31:04,COMPLETED,252.41,0.0,0.0,252.41,CASH,PAID,2025-01-21 20:33:50,C0028,B002,,S0028
O00786,,,,PICKUP,2025-01-22 13:56:16,COMPLETED,170.32,0.0,35.2,135.12,CARD,PAID,2025-01-22 14:01:02,C0023,B002,,S0028
O00777,,,,WALK_IN,2025-01-22 15:00:40,COMPLETED,78.14,0.0,0.0,78.14,CARD,PAID,2025-01-22 15:04:39,C0021,B002,,S0023
O00762,Guest User,+60111595752,guest762@example.test,WALK_IN,2025-01-22 15:20:34,COMPLETED,124.39,0.0,0.0,124.39,CARD,PAID,2025-01-22 15:21:27,,B003,,S0039
O00780,Guest User,+60164411005,guest780@example.test,PICKUP,2025-01-23 11:11:07,COMPLETED,19.67,0.0,0.0,19.67,CASH,PAID,2025-01-23 11:12:06,,B002,,S0028
O00753,Guest User,+60176031918,guest753@example.test,PICKUP,2025-01-24 09:01:57,COMPLETED,248.12,0.0,0.0,248.12,ONLINE_BANKING,PAID,2025-01-24 09:03:07,,B002,,
O00727,,,,WALK_IN,2025-01-24 09:17:17,COMPLETED,277.22,0.0,0.0,277.22,CASH,PAID,2025-01-24 09:21:44,,B002,,S0023
O00744,,,,WALK_IN,2025-01-24 10:49:19,COMPLETED,237.3,0.0,100.0,137.3,CASH,PAID,2025-01-24 10:50:46,C0064,B003,,S0039
O00738,Guest User,+60167008063,guest738@example.test,DELIVERY,2025-01-24 20:13:27,COMPLETED,209.59,0.0,0.0,223.75,ONLINE_BANKING,PAID,2025-01-24 20:17:09,,B010,,S0108
O00725,Guest User,+60149916924,guest725@example.test,PICKUP,2025-01-25 08:56:14,COMPLETED,137.6,0.0,0.0,137.6,CASH,PAID,2025-01-25 08:56:36,,B002,,
O00751,Guest User,+60137929610,guest751@example.test,DELIVERY,2025-01-25 11:14:16,COMPLETED,205.12,0.0,0.0,219.52,E_WALLET,PAID,2025-01-25 11:15:46,,B002,,
O00773,,,,WALK_IN,2025-01-26 19:32:53,COMPLETED,205.76,0.0,41.68,164.08,ONLINE_BANKING,PAID,2025-01-26 19:33:19,C0013,B003,,S0041
O00749,Guest User,+60183530014,guest749@example.test,WALK_IN,2025-01-27 18:57:12,COMPLETED,276.27,0.0,0.0,276.27,CARD,PAID,2025-01-27 19:01:55,,B006,,S0069
O00782,,,,WALK_IN,2025-01-28 09:21:58,COMPLETED,248.31,0.0,0.0,248.31,CASH,PAID,2025-01-28 09:23:12,,B002,,S0023
O00737,,,,PICKUP,2025-01-28 10:10:53,COMPLETED,194.52,0.0,0.0,194.52,CARD,PAID,2025-01-28 10:13:28,C0049,B001,,S0013
O00730,,,,WALK_IN,2025-01-28 18:45:52,COMPLETED,91.57,0.0,0.0,91.57,ONLINE_BANKING,PAID,2025-01-28 18:47:25,C0061,B003,,S0039
O00756,Guest User,+60114167935,guest756@example.test,WALK_IN,2025-01-30 20:29:48,COMPLETED,298.65,0.0,0.0,298.65,CASH,PAID,2025-01-30 20:30:27,,B008,,S0093
O00779,,,,WALK_IN,2025-01-31 09:03:09,COMPLETED,86.93,0.0,0.0,86.93,CASH,PAID,2025-01-31 09:05:13,C0004,B003,,S0032
O00766,,,,WALK_IN,2025-01-31 20:52:11,COMPLETED,111.41,0.0,0.0,111.41,CARD,PAID,2025-01-31 20:55:32,C0060,B004,,S0052
O00854,,,,PICKUP,2025-02-01 12:26:34,COMPLETED,218.51,0.0,0.0,218.51,CASH,PAID,2025-02-01 12:31:34,C0018,B002,,S0028
O00813,,,,WALK_IN,2025-02-01 12:31:35,COMPLETED,242.3,0.0,96.48,145.82,CARD,PAID,2025-02-01 12:32:22,C0032,B010,,S0108
O00807,,,,WALK_IN,2025-02-02 15:56:17,COMPLETED,191.55,0.0,0.0,191.55,CARD,PAID,2025-02-02 15:58:28,C0018,B002,,S0023
O00826,,,,WALK_IN,2025-02-02 17:48:26,COMPLETED,284.81,0.0,0.0,284.81,CASH,PAID,2025-02-02 17:51:01,C0067,B001,,S0012
O00822,Victor Nanta,+60124515183,victor.nanta.c0038@example.test,DELIVERY,2025-02-02 20:42:54,COMPLETED,171.08,0.0,45.05,140.83,CARD,PAID,2025-02-02 20:47:15,C0038,B011,,S0111
O00855,Guest User,+60131454749,guest855@example.test,PICKUP,2025-02-03 08:42:11,CANCELLED,319.2,0.0,0.0,319.2,CASH,FAILED,,,B011,,
O00795,,,,WALK_IN,2025-02-03 15:47:00,COMPLETED,283.06,0.0,0.0,283.06,CASH,PAID,2025-02-03 15:48:52,C0030,B004,,S0052
O00841,,,,WALK_IN,2025-02-03 17:58:24,COMPLETED,6.44,0.0,6.44,0.0,MYKASIH,PAID,2025-02-03 18:03:17,C0017,B002,,S0023
O00860,,,,PICKUP,2025-02-03 19:50:48,COMPLETED,268.45,0.0,0.0,268.45,CASH,PAID,2025-02-03 19:51:09,C0005,B002,,S0027
O00806,,,,WALK_IN,2025-02-04 16:10:58,COMPLETED,135.38,0.0,0.0,135.38,CASH,PAID,2025-02-04 16:13:41,C0055,B007,,S0079
O00858,,,,WALK_IN,2025-02-05 08:55:33,COMPLETED,384.36,0.0,0.0,384.36,CARD,PAID,2025-02-05 08:57:05,,B003,,S0032
O00819,,,,PICKUP,2025-02-05 11:14:37,COMPLETED,154.99,0.0,0.0,154.99,E_WALLET,PAID,2025-02-05 11:16:53,C0026,B003,,S0045
O00803,,,,WALK_IN,2025-02-05 16:46:10,COMPLETED,85.82,0.0,67.9,17.92,ONLINE_BANKING,PAID,2025-02-05 16:49:32,C0070,B001,,S0004
O00818,Danish bin Ibrahim,+60102221753,danish.bin.ibrahim.c0046@example.test,DELIVERY,2025-02-05 16:59:07,COMPLETED,292.96,0.0,100.0,217.66,E_WALLET,PAID,2025-02-05 17:03:23,C0046,B008,,
O00812,Guest User,+60194353889,guest812@example.test,DELIVERY,2025-02-05 17:16:00,COMPLETED,109.14,0.0,0.0,135.14,E_WALLET,PAID,2025-02-05 17:20:12,,B002,,
O00843,Guest User,+60146326754,guest843@example.test,DELIVERY,2025-02-06 08:53:20,COMPLETED,162.94,0.0,0.0,176.34,E_WALLET,PAID,2025-02-06 08:58:13,,B002,,S0028
O00849,,,,WALK_IN,2025-02-06 09:56:40,COMPLETED,98.52,0.0,0.0,98.52,CARD,PAID,2025-02-06 09:57:02,C0049,B006,,S0069
O00792,,,,WALK_IN,2025-02-06 15:51:00,COMPLETED,256.67,0.0,0.0,256.67,E_WALLET,PAID,2025-02-06 15:54:32,C0005,B002,,S0023
O00791,,,,WALK_IN,2025-02-06 17:45:28,COMPLETED,172.71,0.0,0.0,172.71,ONLINE_BANKING,PAID,2025-02-06 17:50:03,,B001,,S0004
O00821,,,,WALK_IN,2025-02-07 08:47:38,COMPLETED,240.1,0.0,100.0,140.1,CASH,PAID,2025-02-07 08:50:48,C0026,B007,,S0082
O00823,Guest User,+60138348401,guest823@example.test,PICKUP,2025-02-07 09:44:18,COMPLETED,122.65,0.0,0.0,122.65,ONLINE_BANKING,PAID,2025-02-07 09:44:45,,B002,,
O00863,,,,WALK_IN,2025-02-07 09:51:12,COMPLETED,116.92,0.0,0.0,116.92,CARD,PAID,2025-02-07 09:52:42,C0046,B002,,S0023
O00837,,,,PICKUP,2025-02-07 11:58:47,COMPLETED,188.35,0.0,0.0,188.35,CARD,PAID,2025-02-07 12:00:24,C0022,B006,,S0069
O00825,Guest User,+60132119225,guest825@example.test,WALK_IN,2025-02-07 13:13:18,CANCELLED,93.03,0.0,0.0,93.03,CARD,FAILED,,,B006,,S0069
O00811,,,,WALK_IN,2025-02-07 17:05:38,COMPLETED,50.89,0.0,0.0,50.89,CARD,PAID,2025-02-07 17:10:36,C0048,B003,,S0032
O00856,Farah binti Jamal,+60129302629,farah.binti.jamal.c0075@example.test,DELIVERY,2025-02-09 10:09:01,COMPLETED,102.65,0.0,0.0,108.5,CARD,PAID,2025-02-09 10:09:48,C0075,B001,,S0008
O00801,,,,WALK_IN,2025-02-09 10:14:19,COMPLETED,299.54,0.0,100.0,199.54,CARD,PAID,2025-02-09 10:15:15,C0043,B001,,S0012
O00838,Arif bin Razak,+60102422227,arif.bin.razak.c0011@example.test,DELIVERY,2025-02-09 12:38:25,COMPLETED,39.27,0.0,0.0,59.77,CARD,PAID,2025-02-09 12:40:39,C0011,B002,,
O00847,Divya a/p Nair,+60199554984,divya.a.p.nair.c0001@example.test,DELIVERY,2025-02-09 15:33:48,COMPLETED,219.23,0.0,48.23,184.1,E_WALLET,PAID,2025-02-09 15:35:58,C0001,B002,,
O00798,,,,WALK_IN,2025-02-10 13:46:43,COMPLETED,119.79,0.0,0.0,119.79,CARD,PAID,2025-02-10 13:49:20,C0019,B002,,S0023
O00809,,,,WALK_IN,2025-02-10 14:50:54,COMPLETED,169.85,0.0,0.0,169.85,CASH,PAID,2025-02-10 14:55:19,,B007,,S0078
O00844,Syafiq bin Rahman,+60102460299,syafiq.bin.rahman.c0032@example.test,DELIVERY,2025-02-10 14:52:37,COMPLETED,121.34,0.0,3.52,124.56,ONLINE_BANKING,PAID,2025-02-10 14:54:53,C0032,B003,,S0041
O00797,,,,WALK_IN,2025-02-10 15:59:01,COMPLETED,196.82,0.0,0.0,196.82,ONLINE_BANKING,PAID,2025-02-10 16:01:06,C0055,B004,,S0052
O00832,,,,WALK_IN,2025-02-12 19:35:34,COMPLETED,278.67,0.0,0.0,278.67,CASH,PAID,2025-02-12 19:37:02,C0061,B004,,S0052
O00842,,,,PICKUP,2025-02-13 09:42:06,COMPLETED,225.04,50.0,0.0,175.04,CASH,PAID,2025-02-13 09:46:45,C0006,B003,V004,S0045
O00840,,,,WALK_IN,2025-02-15 12:36:01,COMPLETED,118.85,0.0,18.56,100.29,ONLINE_BANKING,PAID,2025-02-15 12:37:42,C0010,B003,,S0041
O00852,,,,WALK_IN,2025-02-15 15:46:54,COMPLETED,145.36,0.0,0.0,145.36,CARD,PAID,2025-02-15 15:47:30,C0017,B001,,S0013
O00793,,,,PICKUP,2025-02-15 17:50:10,COMPLETED,241.38,0.0,100.0,141.38,CARD,PAID,2025-02-15 17:54:38,C0028,B008,,S0096
O00848,,,,WALK_IN,2025-02-16 14:29:43,COMPLETED,31.63,0.0,0.0,31.63,CASH,PAID,2025-02-16 14:30:19,,B002,,S0023
O00804,,,,WALK_IN,2025-02-16 16:33:59,CANCELLED,176.5,0.0,0.0,176.5,ONLINE_BANKING,FAILED,,C0065,B008,,S0095
O00835,,,,WALK_IN,2025-02-16 17:24:01,COMPLETED,58.15,0.0,0.0,58.15,CASH,PAID,2025-02-16 17:27:42,C0004,B001,,S0013
O00834,,,,WALK_IN,2025-02-17 08:38:06,COMPLETED,59.17,0.0,0.0,59.17,CASH,PAID,2025-02-17 08:40:38,,B002,,S0023
O00862,Guest User,+60174746864,guest862@example.test,DELIVERY,2025-02-17 17:45:08,COMPLETED,153.33,0.0,0.0,165.53,CARD,PAID,2025-02-17 17:46:39,,B002,,
O00816,,,,WALK_IN,2025-02-18 08:07:37,COMPLETED,166.18,0.0,0.0,166.18,CARD,PAID,2025-02-18 08:10:29,C0034,B002,,S0023
O00831,,,,WALK_IN,2025-02-18 11:04:16,COMPLETED,171.95,0.0,0.0,171.95,CARD,PAID,2025-02-18 11:05:28,C0021,B004,,S0052
O00794,,,,WALK_IN,2025-02-19 09:17:17,COMPLETED,224.93,0.0,100.0,124.93,CASH,PAID,2025-02-19 09:19:54,C0063,B006,,S0069
O00800,,,,PICKUP,2025-02-19 12:24:43,COMPLETED,126.08,0.0,63.82,62.26,CASH,PAID,2025-02-19 12:26:22,C0024,B008,,S0093
O00788,,,,WALK_IN,2025-02-19 16:41:58,COMPLETED,246.93,0.0,100.0,146.93,CASH,PAID,2025-02-19 16:43:34,C0041,B007,,S0079
O00836,Guest User,+60146322485,guest836@example.test,DELIVERY,2025-02-19 16:52:30,COMPLETED,97.82,0.0,0.0,109.82,E_WALLET,PAID,2025-02-19 16:52:54,,B001,,
O00820,,,,PICKUP,2025-02-21 08:29:12,COMPLETED,41.46,0.0,0.0,41.46,CASH,PAID,2025-02-21 08:29:37,C0050,B010,,
O00861,,,,WALK_IN,2025-02-21 08:46:58,COMPLETED,73.36,0.0,0.0,73.36,CASH,PAID,2025-02-21 08:51:52,C0054,B006,,S0069
O00857,,,,WALK_IN,2025-02-21 08:47:48,COMPLETED,183.66,0.0,0.0,183.66,CASH,PAID,2025-02-21 08:49:06,C0056,B004,,S0052
O00790,Ananya a/p Chandran,+60126719166,ananya.a.p.chandran.c0039@example.test,DELIVERY,2025-02-21 12:29:01,COMPLETED,202.44,0.0,0.0,210.79,CARD,PAID,2025-02-21 12:33:26,C0039,B003,,
O00828,,,,WALK_IN,2025-02-21 12:53:24,COMPLETED,204.39,0.0,0.0,204.39,CASH,PAID,2025-02-21 12:57:26,C0058,B002,,S0023
O00851,,,,WALK_IN,2025-02-21 14:29:32,COMPLETED,440.63,0.0,100.0,340.63,CARD,PAID,2025-02-21 14:31:27,C0065,B003,,S0039
O00846,,,,WALK_IN,2025-02-21 16:19:20,COMPLETED,12.88,0.0,0.0,12.88,CARD,PAID,2025-02-21 16:23:58,C0022,B006,,S0069
O00859,,,,WALK_IN,2025-02-22 19:05:17,COMPLETED,109.44,0.0,0.0,109.44,CASH,PAID,2025-02-22 19:06:44,C0059,B004,,S0052
O00845,,,,WALK_IN,2025-02-23 08:15:31,COMPLETED,309.16,0.0,100.0,209.16,CARD,PAID,2025-02-23 08:19:03,C0054,B007,,S0082
O00850,Farah binti Jamal,+60129302629,farah.binti.jamal.c0075@example.test,DELIVERY,2025-02-23 11:00:10,COMPLETED,179.92,0.0,0.0,187.92,CARD,PAID,2025-02-23 11:05:03,C0075,B006,,S0069
O00814,,,,WALK_IN,2025-02-23 13:01:54,COMPLETED,71.46,0.0,0.0,71.46,CASH,PAID,2025-02-23 13:05:45,,B007,,S0079
O00808,Goh Yi Chen,+60196662484,goh.yi.chen.c0042@example.test,DELIVERY,2025-02-23 20:04:29,COMPLETED,217.11,0.0,36.87,185.59,E_WALLET,PAID,2025-02-23 20:05:59,C0042,B008,,S0093
O00802,,,,PICKUP,2025-02-24 14:43:50,COMPLETED,44.23,0.0,0.0,44.23,ONLINE_BANKING,PAID,2025-02-24 14:48:48,C0004,B010,,S0107
O00815,,,,WALK_IN,2025-02-24 16:24:40,COMPLETED,141.21,0.0,0.0,141.21,E_WALLET,PAID,2025-02-24 16:26:06,C0009,B011,,S0111
O00827,,,,PICKUP,2025-02-25 09:06:29,COMPLETED,97.0,0.0,3.06,93.94,CASH,PAID,2025-02-25 09:11:00,C0010,B002,,S0029
O00864,,,,WALK_IN,2025-02-25 15:08:33,COMPLETED,217.96,0.0,43.4,174.56,CARD,PAID,2025-02-25 15:11:50,C0060,B001,,S0013
O00817,Yeoh Li Xuan,+60181590370,yeoh.li.xuan.c0017@example.test,DELIVERY,2025-02-25 16:17:30,COMPLETED,104.23,0.0,93.56,23.47,CARD,PAID,2025-02-25 16:18:16,C0017,B003,,S0039
O00824,Guest User,+60102633176,guest824@example.test,WALK_IN,2025-02-25 19:50:16,COMPLETED,66.94,0.0,0.0,66.94,CASH,PAID,2025-02-25 19:51:08,,B003,,S0032
O00833,,,,WALK_IN,2025-02-26 12:22:09,COMPLETED,125.94,0.0,0.0,125.94,E_WALLET,PAID,2025-02-26 12:24:03,C0050,B001,,S0004
O00830,Guest User,+60116996703,guest830@example.test,WALK_IN,2025-02-26 18:51:19,COMPLETED,183.0,0.0,0.0,183.0,CASH,PAID,2025-02-26 18:52:23,,B003,,S0032
O00805,,,,PICKUP,2025-02-26 19:51:23,COMPLETED,202.22,0.0,0.0,202.22,ONLINE_BANKING,PAID,2025-02-26 19:52:43,C0063,B008,,S0095
O00853,,,,WALK_IN,2025-02-27 20:17:01,COMPLETED,137.22,0.0,0.0,137.22,CASH,PAID,2025-02-27 20:19:14,C0059,B007,,S0079
O00829,,,,WALK_IN,2025-02-27 20:37:58,COMPLETED,139.71,0.0,0.0,139.71,CARD,PAID,2025-02-27 20:42:48,C0005,B001,,S0004
O00796,,,,WALK_IN,2025-02-28 09:18:52,COMPLETED,140.45,0.0,0.0,140.45,CARD,PAID,2025-02-28 09:19:10,C0067,B003,,S0032
O00799,,,,WALK_IN,2025-02-28 11:13:29,COMPLETED,59.57,0.0,0.0,59.57,ONLINE_BANKING,PAID,2025-02-28 11:13:51,C0042,B010,,S0107
O00789,Syafiq bin Ibrahim,+60124887502,syafiq.bin.ibrahim.c0056@example.test,DELIVERY,2025-02-28 14:11:06,COMPLETED,276.59,0.0,100.0,189.49,ONLINE_BANKING,PAID,2025-02-28 14:15:40,C0056,B003,,S0032
O00839,,,,WALK_IN,2025-02-28 14:18:27,COMPLETED,249.2,0.0,0.0,249.2,ONLINE_BANKING,PAID,2025-02-28 14:20:16,C0076,B011,,S0111
O00787,Guest User,+60112658519,guest787@example.test,DELIVERY,2025-02-28 15:22:17,COMPLETED,94.5,0.0,0.0,108.66,CARD,PAID,2025-02-28 15:24:36,,B001,,
O00810,,,,PICKUP,2025-02-28 16:34:22,COMPLETED,297.94,0.0,0.0,297.94,E_WALLET,PAID,2025-02-28 16:36:21,C0049,B002,,S0027
O00895,Sabrina binti Omar,+60188789653,sabrina.binti.omar.c0016@example.test,DELIVERY,2025-03-01 08:06:24,COMPLETED,133.3,0.0,0.0,151.46,E_WALLET,PAID,2025-03-01 08:06:53,C0016,B004,,
O00865,,,,WALK_IN,2025-03-01 08:21:04,COMPLETED,274.33,0.0,0.0,274.33,CARD,PAID,2025-03-01 08:26:04,,B002,,S0023
O00920,Guest User,+60106763701,guest920@example.test,WALK_IN,2025-03-01 13:27:52,COMPLETED,107.3,0.0,0.0,107.3,CARD,PAID,2025-03-01 13:29:54,,B007,,S0079
O00872,,,,PICKUP,2025-03-01 16:34:06,COMPLETED,213.29,0.0,0.0,213.29,ONLINE_BANKING,PAID,2025-03-01 16:37:43,C0078,B010,,
O00925,,,,PICKUP,2025-03-02 11:41:22,COMPLETED,202.98,0.0,0.0,202.98,CARD,PAID,2025-03-02 11:44:46,C0021,B004,,
O00914,Akmal bin Abdullah,+60194934784,akmal.bin.abdullah.c0058@example.test,DELIVERY,2025-03-02 14:32:38,COMPLETED,61.35,0.0,0.0,69.25,CARD,PAID,2025-03-02 14:35:16,C0058,B002,,
O00880,,,,WALK_IN,2025-03-03 12:19:36,COMPLETED,135.89,0.0,0.0,135.89,CARD,PAID,2025-03-03 12:23:29,C0021,B001,,S0013
O00933,,,,WALK_IN,2025-03-03 14:41:39,COMPLETED,125.31,0.0,0.0,125.31,E_WALLET,PAID,2025-03-03 14:46:24,,B006,,S0069
O00891,,,,WALK_IN,2025-03-04 08:58:34,COMPLETED,148.89,0.0,0.0,148.89,ONLINE_BANKING,PAID,2025-03-04 09:01:47,,B002,,S0023
O00922,,,,WALK_IN,2025-03-04 13:34:50,COMPLETED,266.38,0.0,0.0,266.38,CARD,PAID,2025-03-04 13:37:50,,B001,,S0012
O00886,Guest User,+60148674176,guest886@example.test,PICKUP,2025-03-04 20:54:18,COMPLETED,25.59,0.0,0.0,25.59,CASH,PAID,2025-03-04 20:58:28,,B007,,
O00931,,,,WALK_IN,2025-03-05 10:55:13,COMPLETED,11.91,0.0,0.0,11.91,CASH,PAID,2025-03-05 11:00:12,C0026,B001,,S0004
O00882,,,,WALK_IN,2025-03-06 09:34:13,COMPLETED,94.42,0.0,0.0,94.42,E_WALLET,PAID,2025-03-06 09:35:58,,B001,,S0013
O00870,,,,WALK_IN,2025-03-06 11:38:27,CANCELLED,190.63,0.0,100.0,90.63,CARD,FAILED,,C0056,B007,,S0082
O00903,,,,WALK_IN,2025-03-06 18:39:53,COMPLETED,134.88,0.0,0.0,134.88,CARD,PAID,2025-03-06 18:43:44,,B001,,S0012
O00892,,,,WALK_IN,2025-03-07 10:24:43,COMPLETED,696.2,0.0,0.0,696.2,CASH,PAID,2025-03-07 10:28:39,C0006,B002,,S0023
O00905,,,,PICKUP,2025-03-07 20:46:48,COMPLETED,57.75,0.0,41.76,15.99,CASH,PAID,2025-03-07 20:48:21,C0035,B003,,S0039
O00918,,,,WALK_IN,2025-03-08 14:26:45,COMPLETED,201.72,0.0,0.0,201.72,ONLINE_BANKING,PAID,2025-03-08 14:29:49,,B008,,S0093
O00898,,,,WALK_IN,2025-03-08 18:05:23,COMPLETED,34.77,0.0,0.0,34.77,ONLINE_BANKING,PAID,2025-03-08 18:05:53,,B003,,S0041
O00874,,,,WALK_IN,2025-03-08 20:33:14,COMPLETED,46.87,0.0,0.0,46.87,CASH,PAID,2025-03-08 20:35:53,C0029,B006,,S0076
O00927,Loh Xin Yi,+60105246480,loh.xin.yi.c0077@example.test,DELIVERY,2025-03-09 10:32:26,COMPLETED,78.45,0.0,0.0,100.85,CARD,PAID,2025-03-09 10:36:48,C0077,B003,,
O00929,Deepa a/p Rao,+60188539901,deepa.a.p.rao.c0034@example.test,DELIVERY,2025-03-09 11:40:15,COMPLETED,42.41,0.0,0.0,53.05,CARD,PAID,2025-03-09 11:44:55,C0034,B007,,
O00928,Guest User,+60156183318,guest928@example.test,PICKUP,2025-03-09 12:29:26,COMPLETED,480.8,0.0,0.0,480.8,CASH,PAID,2025-03-09 12:30:59,,B007,,
O00888,,,,WALK_IN,2025-03-09 13:22:22,COMPLETED,92.18,0.0,0.0,92.18,ONLINE_BANKING,PAID,2025-03-09 13:24:44,C0029,B004,,S0052
O00910,Sabrina binti Fauzi,+60139888873,sabrina.binti.fauzi.c0041@example.test,DELIVERY,2025-03-09 13:44:15,COMPLETED,156.46,0.0,30.1,137.16,CARD,PAID,2025-03-09 13:49:14,C0041,B002,,
O00913,,,,WALK_IN,2025-03-09 15:54:43,COMPLETED,162.67,0.0,0.0,162.67,E_WALLET,PAID,2025-03-09 15:59:17,,B007,,S0078
O00876,Guest User,+60157851966,guest876@example.test,WALK_IN,2025-03-09 16:14:48,COMPLETED,48.01,0.0,0.0,48.01,E_WALLET,PAID,2025-03-09 16:15:50,,B001,,S0013
O00906,,,,PICKUP,2025-03-10 12:40:33,COMPLETED,174.23,0.0,30.1,144.13,CARD,PAID,2025-03-10 12:42:53,C0025,B002,,S0028
O00884,Guest User,+60138896264,guest884@example.test,WALK_IN,2025-03-10 20:07:32,COMPLETED,147.37,0.0,0.0,147.37,CASH,PAID,2025-03-10 20:10:14,,B002,,S0023
O00868,,,,PICKUP,2025-03-12 13:20:27,COMPLETED,103.98,0.0,0.0,103.98,CASH,PAID,2025-03-12 13:20:57,C0039,B003,,S0032
O00889,,,,WALK_IN,2025-03-12 17:34:03,CANCELLED,111.99,0.0,0.0,111.99,CARD,FAILED,,,B003,,S0039
O00867,Aarav a/l Raj,+60182515085,aarav.a.l.raj.c0061@example.test,DELIVERY,2025-03-13 09:53:51,COMPLETED,67.91,0.0,0.0,75.67,CARD,PAID,2025-03-13 09:58:49,C0061,B002,,
O00881,,,,WALK_IN,2025-03-13 13:37:39,COMPLETED,40.86,0.0,0.0,40.86,E_WALLET,PAID,2025-03-13 13:42:14,C0026,B003,,S0032
O00924,,,,WALK_IN,2025-03-14 14:52:57,COMPLETED,199.89,0.0,72.66,127.23,ONLINE_BANKING,PAID,2025-03-14 14:55:49,C0064,B002,,S0023
O00893,,,,WALK_IN,2025-03-14 18:43:57,COMPLETED,118.33,0.0,39.21,79.12,CASH,PAID,2025-03-14 18:44:39,C0041,B003,,S0041
O00871,Dev a/l Balakrishnan,+60180281799,dev.a.l.balakrishnan.c0020@example.test,DELIVERY,2025-03-15 10:27:05,COMPLETED,155.61,0.0,25.94,139.82,E_WALLET,PAID,2025-03-15 10:29:13,C0020,B007,,S0078
O00902,,,,WALK_IN,2025-03-15 13:35:27,COMPLETED,80.85,0.0,74.44,6.41,CARD,PAID,2025-03-15 13:39:04,C0024,B007,,S0078
O00916,,,,WALK_IN,2025-03-16 11:14:40,COMPLETED,33.21,0.0,0.0,33.21,ONLINE_BANKING,PAID,2025-03-16 11:17:01,C0066,B006,,S0069
O00917,,,,PICKUP,2025-03-16 17:05:54,COMPLETED,74.2,0.0,0.0,74.2,ONLINE_BANKING,PAID,2025-03-16 17:08:17,C0028,B007,,
O00875,,,,PICKUP,2025-03-16 18:03:05,COMPLETED,192.79,0.0,0.0,192.79,CARD,PAID,2025-03-16 18:03:26,C0002,B003,,
O00877,,,,WALK_IN,2025-03-17 13:43:17,COMPLETED,21.14,0.0,0.0,21.14,E_WALLET,PAID,2025-03-17 13:46:38,C0041,B004,,S0052
O00869,,,,WALK_IN,2025-03-18 13:41:22,COMPLETED,163.06,0.0,0.0,163.06,CASH,PAID,2025-03-18 13:44:26,C0080,B006,,S0069
O00911,Guest User,+60101915826,guest911@example.test,DELIVERY,2025-03-19 18:10:01,COMPLETED,216.33,0.0,0.0,233.29,CARD,PAID,2025-03-19 18:14:39,,B001,,
O00883,Guest User,+60168987548,guest883@example.test,DELIVERY,2025-03-20 08:43:28,COMPLETED,233.9,0.0,0.0,261.4,E_WALLET,PAID,2025-03-20 08:46:32,,B003,,S0032
O00900,Guest User,+60123721470,guest900@example.test,PICKUP,2025-03-21 09:31:13,COMPLETED,110.08,0.0,0.0,110.08,CASH,PAID,2025-03-21 09:34:44,,B004,,
O00879,,,,WALK_IN,2025-03-21 14:55:20,COMPLETED,456.09,0.0,0.0,456.09,CASH,PAID,2025-03-21 15:00:17,,B002,,S0023
O00887,Chan Pei Shan,+60138636151,chan.pei.shan.c0029@example.test,DELIVERY,2025-03-22 10:09:10,CANCELLED,77.49,0.0,0.0,90.19,CARD,FAILED,,C0029,B001,,S0008
O00878,,,,WALK_IN,2025-03-22 14:57:51,COMPLETED,153.77,0.0,25.56,128.21,CARD,PAID,2025-03-22 15:00:18,C0024,B001,,S0012
O00896,,,,WALK_IN,2025-03-23 10:52:20,COMPLETED,264.99,0.0,0.0,264.99,E_WALLET,PAID,2025-03-23 10:56:50,C0045,B001,,S0004
O00873,,,,WALK_IN,2025-03-24 10:34:03,COMPLETED,142.44,0.0,79.98,62.46,CARD,PAID,2025-03-24 10:38:43,C0013,B002,,S0023
O00923,Goh Mei Qi,+60134507564,goh.mei.qi.c0084@example.test,DELIVERY,2025-03-24 11:06:48,CANCELLED,31.21,0.0,0.0,59.21,CARD,FAILED,,C0084,B007,,S0079
O00930,Guest User,+60156154027,guest930@example.test,DELIVERY,2025-03-25 13:34:26,COMPLETED,125.05,0.0,0.0,133.85,ONLINE_BANKING,PAID,2025-03-25 13:37:42,,B007,,
O00908,,,,WALK_IN,2025-03-25 16:57:40,COMPLETED,33.92,0.0,0.0,33.92,CASH,PAID,2025-03-25 16:58:08,C0041,B006,,S0076
O00866,,,,WALK_IN,2025-03-26 10:22:29,COMPLETED,117.68,0.0,0.0,117.68,CASH,PAID,2025-03-26 10:25:29,C0044,B004,,S0052
O00907,,,,WALK_IN,2025-03-27 12:21:41,COMPLETED,387.33,0.0,0.0,387.33,CASH,PAID,2025-03-27 12:22:59,C0008,B010,,S0107
O00926,,,,WALK_IN,2025-03-27 12:38:18,COMPLETED,222.39,0.0,0.0,222.39,ONLINE_BANKING,PAID,2025-03-27 12:41:55,C0008,B007,,S0078
O00921,,,,WALK_IN,2025-03-28 11:05:05,COMPLETED,216.48,0.0,0.0,216.48,CARD,PAID,2025-03-28 11:07:17,C0013,B012,,
O00904,,,,WALK_IN,2025-03-28 12:18:29,COMPLETED,302.0,0.0,96.46,205.54,E_WALLET,PAID,2025-03-28 12:23:25,C0068,B001,,S0012
O00919,,,,WALK_IN,2025-03-28 12:25:44,COMPLETED,114.77,0.0,0.0,114.77,CARD,PAID,2025-03-28 12:30:30,,B011,,S0111
O00912,,,,WALK_IN,2025-03-28 15:53:49,COMPLETED,437.41,0.0,0.0,437.41,CASH,PAID,2025-03-28 15:57:30,C0049,B008,,S0095
O00909,,,,WALK_IN,2025-03-28 16:59:38,COMPLETED,156.54,0.0,91.41,65.13,CASH,PAID,2025-03-28 17:03:33,C0042,B008,,S0095
O00885,,,,WALK_IN,2025-03-28 20:39:23,COMPLETED,84.9,0.0,0.0,84.9,E_WALLET,PAID,2025-03-28 20:42:02,,B008,,S0095
O00901,,,,PICKUP,2025-03-28 20:55:12,COMPLETED,140.84,0.0,74.06,66.78,CARD,PAID,2025-03-28 20:59:07,C0020,B001,,S0012
O00915,Guest User,+60186170993,guest915@example.test,PICKUP,2025-03-29 14:03:51,COMPLETED,190.27,0.0,0.0,190.27,CARD,PAID,2025-03-29 14:04:06,,B001,,S0005
O00894,,,,WALK_IN,2025-03-29 19:28:32,COMPLETED,41.7,0.0,0.0,41.7,ONLINE_BANKING,PAID,2025-03-29 19:31:01,C0080,B012,,
O00899,,,,PICKUP,2025-03-29 20:14:24,COMPLETED,80.23,0.0,17.06,63.17,CASH,PAID,2025-03-29 20:16:32,C0060,B001,,
O00897,Guest User,+60168583036,guest897@example.test,WALK_IN,2025-03-30 15:03:39,COMPLETED,83.95,0.0,0.0,83.95,CASH,PAID,2025-03-30 15:04:28,,B003,,S0041
O00932,,,,PICKUP,2025-03-31 10:23:13,COMPLETED,282.55,0.0,0.0,282.55,CASH,PAID,2025-03-31 10:24:57,C0022,B003,,
O00890,,,,WALK_IN,2025-03-31 18:00:40,COMPLETED,173.94,0.0,0.0,173.94,CASH,PAID,2025-03-31 18:01:41,,B002,,S0023
O00942,,,,PICKUP,2025-04-02 08:00:51,COMPLETED,106.78,0.0,0.0,106.78,E_WALLET,PAID,2025-04-02 08:01:40,C0047,B002,,S0027
O00944,Syafiq bin Rahman,+60102460299,syafiq.bin.rahman.c0032@example.test,DELIVERY,2025-04-02 10:02:03,COMPLETED,84.14,0.0,28.69,81.95,E_WALLET,PAID,2025-04-02 10:03:33,C0032,B001,,
O00936,,,,PICKUP,2025-04-02 16:23:58,COMPLETED,182.93,0.0,70.35,112.58,CASH,PAID,2025-04-02 16:27:38,C0031,B011,,
O00963,,,,PICKUP,2025-04-02 19:48:49,CANCELLED,105.61,0.0,71.95,33.66,E_WALLET,FAILED,,C0062,B002,,
O00938,,,,WALK_IN,2025-04-03 14:14:14,COMPLETED,226.07,0.0,0.0,226.07,CARD,PAID,2025-04-03 14:17:38,C0079,B002,,S0023
O00994,,,,WALK_IN,2025-04-03 19:26:10,COMPLETED,164.74,0.0,0.0,164.74,E_WALLET,PAID,2025-04-03 19:28:34,C0078,B004,,S0052
O00945,Guest User,+60121739714,guest945@example.test,DELIVERY,2025-04-04 10:43:34,COMPLETED,61.29,0.0,0.0,70.57,CARD,PAID,2025-04-04 10:44:49,,B006,,
O00973,,,,WALK_IN,2025-04-04 13:22:46,COMPLETED,71.04,0.0,0.0,71.04,CARD,PAID,2025-04-04 13:26:03,,B004,,S0052
O00946,,,,PICKUP,2025-04-04 16:26:54,COMPLETED,443.44,0.0,100.0,343.44,ONLINE_BANKING,PAID,2025-04-04 16:30:28,C0037,B001,,S0005
O00950,,,,WALK_IN,2025-04-04 17:14:39,COMPLETED,187.33,0.0,100.0,87.33,CASH,PAID,2025-04-04 17:16:05,C0054,B001,,S0012
O00953,,,,WALK_IN,2025-04-05 17:17:47,COMPLETED,181.85,0.0,0.0,181.85,CARD,PAID,2025-04-05 17:18:49,C0016,B003,,S0032
O00986,,,,WALK_IN,2025-04-06 09:40:20,COMPLETED,82.77,0.0,0.0,82.77,CASH,PAID,2025-04-06 09:44:10,,B003,,S0039
O00971,,,,WALK_IN,2025-04-06 15:49:55,COMPLETED,361.8,0.0,0.0,361.8,CASH,PAID,2025-04-06 15:53:09,,B003,,S0041
O00957,,,,PICKUP,2025-04-06 18:56:54,COMPLETED,143.09,0.0,61.04,82.05,ONLINE_BANKING,PAID,2025-04-06 18:58:14,C0013,B002,,S0023
O01004,Guest User,+60186188721,guest1004@example.test,WALK_IN,2025-04-07 13:42:00,COMPLETED,202.2,0.0,0.0,202.2,CASH,PAID,2025-04-07 13:44:59,,B003,,S0039
O01014,Akmal bin Basri,+60101320648,akmal.bin.basri.c0057@example.test,DELIVERY,2025-04-07 14:12:18,COMPLETED,225.14,0.0,0.0,238.26,CARD,PAID,2025-04-07 14:14:28,C0057,B007,,
O00941,,,,WALK_IN,2025-04-07 15:26:50,COMPLETED,92.37,0.0,0.0,92.37,CARD,PAID,2025-04-07 15:28:40,C0036,B003,,S0041
O00965,Guest User,+60156236455,guest965@example.test,DELIVERY,2025-04-07 18:47:17,COMPLETED,249.27,0.0,0.0,261.47,ONLINE_BANKING,PAID,2025-04-07 18:51:09,,B002,,
O00940,Guest User,+60145066886,guest940@example.test,PICKUP,2025-04-10 12:23:24,COMPLETED,85.56,0.0,0.0,85.56,E_WALLET,PAID,2025-04-10 12:24:25,,B003,,
O01017,Syafiq bin Razak,+60168593255,syafiq.bin.razak.c0021@example.test,DELIVERY,2025-04-10 16:59:14,COMPLETED,153.31,0.0,0.0,160.99,CARD,PAID,2025-04-10 17:00:08,C0021,B003,,
O00943,Guest User,+60199933043,guest943@example.test,PICKUP,2025-04-10 17:19:40,COMPLETED,278.66,0.0,0.0,278.66,CARD,PAID,2025-04-10 17:24:09,,B002,,S0028
O01018,,,,WALK_IN,2025-04-10 19:00:34,COMPLETED,261.41,0.0,100.0,161.41,CASH,PAID,2025-04-10 19:03:51,C0042,B012,,
O00958,,,,PICKUP,2025-04-11 08:39:57,COMPLETED,319.67,0.0,0.0,319.67,CASH,PAID,2025-04-11 08:44:27,C0078,B008,,S0095
O00952,Arjun a/l Murugan,+60165835311,arjun.a.l.murugan.c0069@example.test,DELIVERY,2025-04-11 16:17:45,COMPLETED,246.88,0.0,0.0,258.24,CARD,PAID,2025-04-11 16:18:36,C0069,B003,,S0032
O00980,,,,WALK_IN,2025-04-11 18:26:31,COMPLETED,197.06,0.0,0.0,197.06,ONLINE_BANKING,PAID,2025-04-11 18:29:03,C0011,B001,,S0013
O00955,,,,WALK_IN,2025-04-13 08:59:41,COMPLETED,74.11,0.0,0.0,74.11,CASH,PAID,2025-04-13 09:00:02,,B008,,S0095
O00981,,,,PICKUP,2025-04-13 12:15:15,COMPLETED,281.4,0.0,0.0,281.4,CASH,PAID,2025-04-13 12:18:11,C0005,B008,,S0088
O00996,,,,WALK_IN,2025-04-13 12:19:28,COMPLETED,230.39,0.0,0.0,230.39,E_WALLET,PAID,2025-04-13 12:20:25,,B001,,S0004
O00961,Guest User,+60157354075,guest961@example.test,WALK_IN,2025-04-13 12:35:04,COMPLETED,118.81,0.0,0.0,118.81,CASH,PAID,2025-04-13 12:35:27,,B007,,S0079
O00983,,,,WALK_IN,2025-04-13 13:01:27,COMPLETED,366.41,0.0,0.0,366.41,CASH,PAID,2025-04-13 13:03:29,,B008,,S0093
O00968,Dev a/l Anand,+601146268250,dev.a.l.anand.c0059@example.test,DELIVERY,2025-04-13 13:59:33,COMPLETED,199.68,0.0,0.0,221.18,CARD,PAID,2025-04-13 14:04:25,C0059,B004,,
O00992,Tan Ming Jie,+60197339881,tan.ming.jie.c0043@example.test,DELIVERY,2025-04-13 15:14:19,COMPLETED,189.72,0.0,19.64,187.68,CARD,PAID,2025-04-13 15:18:29,C0043,B006,,S0069
O00990,,,,PICKUP,2025-04-13 19:43:15,COMPLETED,283.52,0.0,0.0,283.52,CASH,PAID,2025-04-13 19:45:44,C0034,B003,,
O00969,,,,PICKUP,2025-04-13 20:50:27,COMPLETED,220.48,0.0,0.0,220.48,CARD,PAID,2025-04-13 20:52:27,C0022,B003,,
O00985,Danish bin Fauzi,+60174287973,danish.bin.fauzi.c0074@example.test,DELIVERY,2025-04-14 11:31:21,COMPLETED,172.32,0.0,0.0,188.64,CARD,PAID,2025-04-14 11:35:08,C0074,B003,,S0039
O00975,,,,WALK_IN,2025-04-14 17:53:17,COMPLETED,57.34,0.0,0.0,57.34,CASH,PAID,2025-04-14 17:55:14,C0057,B003,,S0032
O00999,,,,WALK_IN,2025-04-14 19:46:40,COMPLETED,352.24,0.0,89.37,262.87,CASH,PAID,2025-04-14 19:50:52,C0024,B003,,S0041
O01012,,,,WALK_IN,2025-04-15 14:19:56,COMPLETED,158.93,0.0,0.0,158.93,ONLINE_BANKING,PAID,2025-04-15 14:24:29,C0035,B008,,S0095
O00959,Guest User,+60147280638,guest959@example.test,WALK_IN,2025-04-15 14:35:56,COMPLETED,118.15,0.0,0.0,118.15,ONLINE_BANKING,PAID,2025-04-15 14:39:41,,B011,,S0111
O00998,,,,WALK_IN,2025-04-15 19:38:45,COMPLETED,93.64,0.0,0.0,93.64,E_WALLET,PAID,2025-04-15 19:40:19,C0047,B007,,S0078
O00974,Guest User,+60116394525,guest974@example.test,WALK_IN,2025-04-15 20:08:57,COMPLETED,197.89,0.0,0.0,197.89,CASH,PAID,2025-04-15 20:10:09,,B002,,S0023
O00972,Guest User,+60138884192,guest972@example.test,DELIVERY,2025-04-16 10:11:48,COMPLETED,123.01,0.0,0.0,145.51,ONLINE_BANKING,PAID,2025-04-16 10:15:33,,B011,,S0111
O01015,,,,WALK_IN,2025-04-16 10:47:27,COMPLETED,185.5,0.0,100.0,85.5,CASH,PAID,2025-04-16 10:50:36,C0017,B002,,S0023
O01001,,,,PICKUP,2025-04-16 13:15:58,COMPLETED,135.39,0.0,0.0,135.39,E_WALLET,PAID,2025-04-16 13:16:47,C0089,B007,,S0078
O01006,,,,WALK_IN,2025-04-16 18:46:00,COMPLETED,400.19,0.0,0.0,400.19,CASH,PAID,2025-04-16 18:49:33,C0059,B001,,S0012
O00934,,,,WALK_IN,2025-04-17 09:21:37,COMPLETED,309.99,0.0,0.0,309.99,ONLINE_BANKING,PAID,2025-04-17 09:25:47,,B006,,S0076
O00948,Loh Li Xuan,+60105826532,loh.li.xuan.c0003@example.test,DELIVERY,2025-04-17 11:57:25,COMPLETED,257.42,15.0,60.76,194.94,E_WALLET,PAID,2025-04-17 11:59:07,C0003,B007,V011,
O01013,Loh Ming Jie,+60180052335,loh.ming.jie.c0047@example.test,DELIVERY,2025-04-17 11:57:25,COMPLETED,116.96,0.0,0.0,134.64,CARD,PAID,2025-04-17 11:59:03,C0047,B001,,
O00991,,,,WALK_IN,2025-04-18 15:30:14,COMPLETED,249.57,0.0,70.65,178.92,CARD,PAID,2025-04-18 15:31:25,C0065,B002,,S0023
O00978,,,,WALK_IN,2025-04-19 10:42:23,COMPLETED,248.77,0.0,0.0,248.77,CASH,PAID,2025-04-19 10:43:38,C0006,B001,,S0004
O00995,,,,WALK_IN,2025-04-19 12:59:05,COMPLETED,107.89,0.0,0.0,107.89,CASH,PAID,2025-04-19 12:59:36,C0075,B012,,
O00935,Guest User,+60127907914,guest935@example.test,PICKUP,2025-04-20 09:04:36,COMPLETED,132.57,0.0,0.0,132.57,CARD,PAID,2025-04-20 09:08:01,,B002,,S0027
O01009,,,,WALK_IN,2025-04-20 10:17:52,COMPLETED,226.24,0.0,0.0,226.24,CASH,PAID,2025-04-20 10:21:17,C0037,B003,,S0041
O00947,Guest User,+60134755737,guest947@example.test,PICKUP,2025-04-20 12:39:23,COMPLETED,246.27,0.0,0.0,246.27,ONLINE_BANKING,PAID,2025-04-20 12:40:03,,B002,,S0024
O00951,,,,PICKUP,2025-04-21 08:14:50,COMPLETED,274.75,0.0,74.44,200.31,E_WALLET,PAID,2025-04-21 08:18:24,C0051,B012,,
O01008,,,,PICKUP,2025-04-22 13:37:09,COMPLETED,294.69,0.0,59.58,235.11,ONLINE_BANKING,PAID,2025-04-22 13:37:59,C0014,B003,,S0045
O00966,Syafiq bin Razak,+60168593255,syafiq.bin.razak.c0021@example.test,DELIVERY,2025-04-22 17:34:10,COMPLETED,162.03,0.0,0.0,178.33,ONLINE_BANKING,PAID,2025-04-22 17:36:43,C0021,B003,,
O00982,Ho Ai Ling,+60171057616,ho.ai.ling.c0023@example.test,DELIVERY,2025-04-22 20:59:00,COMPLETED,118.21,0.0,34.18,95.23,ONLINE_BANKING,PAID,2025-04-22 21:00:53,C0023,B005,,
O01011,Meera a/p Suresh,+60102352781,meera.a.p.suresh.c0004@example.test,DELIVERY,2025-04-23 12:07:18,COMPLETED,164.6,0.0,0.0,171.25,ONLINE_BANKING,PAID,2025-04-23 12:09:21,C0004,B005,,
O01010,,,,WALK_IN,2025-04-23 15:21:44,COMPLETED,95.65,0.0,28.05,67.6,CASH,PAID,2025-04-23 15:26:27,C0062,B003,,S0039
O00977,Guest User,+60184855699,guest977@example.test,DELIVERY,2025-04-23 16:37:34,COMPLETED,162.3,0.0,0.0,179.58,CARD,PAID,2025-04-23 16:38:25,,B002,,
O00987,,,,WALK_IN,2025-04-23 18:21:11,COMPLETED,153.07,0.0,0.0,153.07,ONLINE_BANKING,PAID,2025-04-23 18:22:26,C0076,B003,,S0032
O00954,Zahir bin Daud,+60146803202,zahir.bin.daud.c0030@example.test,DELIVERY,2025-04-24 11:23:08,COMPLETED,409.31,0.0,0.0,426.27,ONLINE_BANKING,PAID,2025-04-24 11:23:51,C0030,B001,,
O00964,,,,WALK_IN,2025-04-24 12:33:50,COMPLETED,162.72,0.0,0.0,162.72,E_WALLET,PAID,2025-04-24 12:35:10,C0006,B003,,S0041
O00997,,,,WALK_IN,2025-04-24 13:23:42,COMPLETED,234.78,0.0,0.0,234.78,CASH,PAID,2025-04-24 13:25:10,,B001,,S0004
O01007,,,,WALK_IN,2025-04-24 16:30:34,COMPLETED,240.51,0.0,0.0,240.51,CARD,PAID,2025-04-24 16:34:08,C0030,B008,,S0093
O00988,Felix Janting,+60191917399,felix.janting.c0093@example.test,DELIVERY,2025-04-25 12:43:30,COMPLETED,296.32,0.0,0.0,307.52,E_WALLET,PAID,2025-04-25 12:43:49,C0093,B007,,S0082
O00949,,,,WALK_IN,2025-04-25 16:26:23,COMPLETED,331.19,0.0,40.42,290.77,E_WALLET,PAID,2025-04-25 16:27:04,C0014,B002,,S0023
O00962,Guest User,+60127475362,guest962@example.test,PICKUP,2025-04-25 18:50:27,COMPLETED,102.24,0.0,0.0,102.24,ONLINE_BANKING,PAID,2025-04-25 18:51:49,,B007,,S0079
O00937,,,,WALK_IN,2025-04-25 20:02:21,COMPLETED,46.56,0.0,0.0,46.56,CASH,PAID,2025-04-25 20:02:52,C0007,B003,,S0039
O00970,,,,WALK_IN,2025-04-26 09:43:17,COMPLETED,77.63,0.0,0.0,77.63,CASH,PAID,2025-04-26 09:46:59,,B001,,S0013
O01000,Divya a/p Nair,+60199554984,divya.a.p.nair.c0001@example.test,DELIVERY,2025-04-26 18:25:17,COMPLETED,50.73,0.0,50.73,27.6,ONLINE_BANKING,PAID,2025-04-26 18:30:09,C0001,B008,,
O01005,,,,WALK_IN,2025-04-26 18:51:01,COMPLETED,225.51,0.0,0.0,225.51,CARD,PAID,2025-04-26 18:53:34,C0057,B003,,S0032
O00979,Lim Kai Xin,+60183466681,lim.kai.xin.c0085@example.test,DELIVERY,2025-04-27 08:24:59,COMPLETED,340.84,0.0,0.0,349.14,CARD,PAID,2025-04-27 08:25:32,C0085,B010,,S0107
O00967,Meera a/p Suresh,+60102352781,meera.a.p.suresh.c0004@example.test,DELIVERY,2025-04-27 08:34:00,COMPLETED,228.91,0.0,0.0,254.31,CARD,PAID,2025-04-27 08:36:37,C0004,B003,,
O00976,Sabrina binti Omar,+60188789653,sabrina.binti.omar.c0016@example.test,DELIVERY,2025-04-27 12:27:26,COMPLETED,502.68,0.0,0.0,510.93,ONLINE_BANKING,PAID,2025-04-27 12:31:45,C0016,B011,,S0111
O00939,,,,WALK_IN,2025-04-27 16:00:11,COMPLETED,67.63,0.0,0.0,67.63,CASH,PAID,2025-04-27 16:02:14,C0093,B008,,S0095
O00960,Guest User,+60169504377,guest960@example.test,PICKUP,2025-04-28 12:29:59,COMPLETED,227.12,0.0,0.0,227.12,ONLINE_BANKING,PAID,2025-04-28 12:32:33,,B010,,
O01016,,,,WALK_IN,2025-04-29 09:12:50,COMPLETED,101.2,0.0,0.0,101.2,CARD,PAID,2025-04-29 09:16:25,,B012,,
O00993,,,,WALK_IN,2025-04-29 12:28:07,COMPLETED,117.63,0.0,78.42,39.21,CASH,PAID,2025-04-29 12:28:49,C0075,B002,,S0023
O01002,,,,WALK_IN,2025-04-29 13:35:57,COMPLETED,255.66,0.0,100.0,155.66,E_WALLET,PAID,2025-04-29 13:39:02,C0026,B012,,
O00956,,,,WALK_IN,2025-04-29 15:47:57,COMPLETED,102.31,0.0,0.0,102.31,CASH,PAID,2025-04-29 15:52:02,C0090,B003,,S0039
O00984,Guest User,+60108425906,guest984@example.test,DELIVERY,2025-04-29 18:27:43,COMPLETED,144.83,0.0,0.0,158.13,ONLINE_BANKING,PAID,2025-04-29 18:30:43,,B004,,
O01003,,,,WALK_IN,2025-04-29 19:28:58,COMPLETED,216.73,0.0,0.0,216.73,CARD,PAID,2025-04-29 19:33:50,C0079,B002,,S0023
O00989,,,,WALK_IN,2025-04-29 20:21:39,COMPLETED,301.66,0.0,0.0,301.66,CARD,PAID,2025-04-29 20:24:01,C0014,B003,,S0041
O01044,,,,WALK_IN,2025-05-02 20:10:25,COMPLETED,135.92,0.0,0.0,135.92,E_WALLET,PAID,2025-05-02 20:14:26,,B006,,S0076
O01064,Koh Hui Min,+60136520127,koh.hui.min.c0092@example.test,DELIVERY,2025-05-03 17:03:02,COMPLETED,195.24,0.0,0.0,214.52,E_WALLET,PAID,2025-05-03 17:07:47,C0092,B003,,S0033
O01077,,,,WALK_IN,2025-05-03 17:35:38,COMPLETED,131.96,0.0,0.0,131.96,ONLINE_BANKING,PAID,2025-05-03 17:40:09,C0008,B006,,S0069
O01050,,,,WALK_IN,2025-05-03 18:38:00,COMPLETED,156.2,0.0,0.0,156.2,CARD,PAID,2025-05-03 18:41:52,C0093,B001,,S0012
O01038,,,,WALK_IN,2025-05-04 11:16:48,COMPLETED,99.72,0.0,0.0,99.72,CASH,PAID,2025-05-04 11:18:39,C0078,B002,,S0023
O01053,,,,WALK_IN,2025-05-04 14:55:35,COMPLETED,75.97,0.0,0.0,75.97,CASH,PAID,2025-05-04 14:58:37,C0006,B004,,S0052
O01058,,,,PICKUP,2025-05-04 17:07:10,COMPLETED,325.85,0.0,100.0,225.85,CARD,PAID,2025-05-04 17:09:12,C0056,B001,,
O01029,Naveen a/l Murugan,+60100990993,naveen.a.l.murugan.c0068@example.test,DELIVERY,2025-05-04 18:32:29,COMPLETED,24.22,0.0,24.22,17.44,ONLINE_BANKING,PAID,2025-05-04 18:36:55,C0068,B003,,S0039
O01065,Guest User,+60106570450,guest1065@example.test,DELIVERY,2025-05-04 19:11:48,COMPLETED,246.49,0.0,0.0,262.49,CARD,PAID,2025-05-04 19:15:33,,B010,,
O01048,,,,WALK_IN,2025-05-05 10:27:52,COMPLETED,172.03,0.0,0.0,172.03,CASH,PAID,2025-05-05 10:30:04,C0084,B001,,S0012
O01025,,,,WALK_IN,2025-05-05 15:07:51,COMPLETED,27.18,0.0,0.0,27.18,E_WALLET,PAID,2025-05-05 15:11:52,,B002,,S0023
O01040,Deepa a/p Rao,+60188539901,deepa.a.p.rao.c0034@example.test,DELIVERY,2025-05-06 11:47:08,COMPLETED,135.9,0.0,0.0,144.94,E_WALLET,PAID,2025-05-06 11:49:27,C0034,B003,,
O01078,,,,WALK_IN,2025-05-06 20:18:32,COMPLETED,262.82,0.0,0.0,262.82,ONLINE_BANKING,PAID,2025-05-06 20:19:24,C0009,B003,,S0041
O01071,Guest User,+60169252778,guest1071@example.test,PICKUP,2025-05-07 08:56:13,COMPLETED,221.24,0.0,0.0,221.24,CASH,PAID,2025-05-07 09:01:11,,B001,,
O01081,,,,WALK_IN,2025-05-07 12:41:58,COMPLETED,306.79,0.0,0.0,306.79,CARD,PAID,2025-05-07 12:46:49,C0090,B003,,S0039
O01045,,,,WALK_IN,2025-05-08 14:06:33,COMPLETED,111.3,0.0,0.0,111.3,CASH,PAID,2025-05-08 14:11:25,,B002,,S0023
O01046,,,,PICKUP,2025-05-08 19:59:45,CANCELLED,200.43,0.0,34.94,165.49,CASH,FAILED,,C0042,B003,,S0032
O01047,Guest User,+60158774120,guest1047@example.test,DELIVERY,2025-05-09 13:44:08,COMPLETED,178.36,0.0,0.0,195.88,ONLINE_BANKING,PAID,2025-05-09 13:47:46,,B001,,
O01075,Guest User,+60198644047,guest1075@example.test,DELIVERY,2025-05-09 14:20:32,COMPLETED,252.64,0.0,0.0,259.14,CARD,PAID,2025-05-09 14:24:22,,B004,,
O01039,Guest User,+60165072531,guest1039@example.test,WALK_IN,2025-05-09 17:32:13,COMPLETED,170.45,0.0,0.0,170.45,CARD,PAID,2025-05-09 17:34:14,,B001,,S0012
O01067,,,,PICKUP,2025-05-09 17:55:00,COMPLETED,244.73,0.0,0.0,244.73,CASH,PAID,2025-05-09 17:58:44,C0011,B006,,
O01069,,,,WALK_IN,2025-05-09 19:48:39,COMPLETED,167.67,0.0,0.0,167.67,CASH,PAID,2025-05-09 19:52:54,C0021,B007,,S0079
O01086,Zara binti Ibrahim,+60198860117,zara.binti.ibrahim.c0049@example.test,DELIVERY,2025-05-10 16:31:25,COMPLETED,145.2,0.0,0.0,155.76,CARD,PAID,2025-05-10 16:33:03,C0049,B001,,S0013
O01027,Guest User,+60127065533,guest1027@example.test,PICKUP,2025-05-11 09:58:02,COMPLETED,329.13,0.0,0.0,329.13,CASH,PAID,2025-05-11 10:02:03,,B001,,
O01062,Aiman bin Yusof,+60132682591,aiman.bin.yusof.c0067@example.test,DELIVERY,2025-05-11 17:50:05,COMPLETED,73.6,0.0,0.0,80.0,CARD,PAID,2025-05-11 17:52:03,C0067,B005,,
O01084,Guest User,+60129458500,guest1084@example.test,DELIVERY,2025-05-11 19:09:11,COMPLETED,142.14,0.0,0.0,151.02,ONLINE_BANKING,PAID,2025-05-11 19:09:54,,B004,,S0047
O01051,Guest User,+60148341629,guest1051@example.test,PICKUP,2025-05-12 11:09:32,COMPLETED,236.98,0.0,0.0,236.98,CASH,PAID,2025-05-12 11:13:03,,B003,,
O01082,,,,WALK_IN,2025-05-12 16:26:56,COMPLETED,254.93,0.0,0.0,254.93,CARD,PAID,2025-05-12 16:29:25,C0047,B011,,S0111
O01043,,,,WALK_IN,2025-05-12 17:04:01,COMPLETED,198.61,0.0,0.0,198.61,ONLINE_BANKING,PAID,2025-05-12 17:08:07,,B003,,S0039
O01022,,,,WALK_IN,2025-05-13 15:25:57,COMPLETED,316.06,0.0,0.0,316.06,E_WALLET,PAID,2025-05-13 15:28:12,,B012,,
O01037,,,,WALK_IN,2025-05-13 19:01:41,COMPLETED,135.6,0.0,0.0,135.6,ONLINE_BANKING,PAID,2025-05-13 19:02:09,C0084,B005,,
O01054,Guest User,+60188777541,guest1054@example.test,PICKUP,2025-05-15 10:15:26,COMPLETED,175.83,0.0,0.0,175.83,CASH,PAID,2025-05-15 10:18:37,,B002,,S0023
O01028,,,,PICKUP,2025-05-15 18:11:44,COMPLETED,279.86,0.0,0.0,279.86,CARD,PAID,2025-05-15 18:12:56,C0083,B002,,
O01076,,,,PICKUP,2025-05-16 10:52:26,COMPLETED,18.58,0.0,0.0,18.58,ONLINE_BANKING,PAID,2025-05-16 10:53:26,C0060,B002,,
O01068,,,,WALK_IN,2025-05-16 15:57:59,COMPLETED,127.72,0.0,16.04,111.68,ONLINE_BANKING,PAID,2025-05-16 16:02:16,C0092,B006,,S0076
O01063,,,,PICKUP,2025-05-17 08:09:40,COMPLETED,171.53,0.0,53.93,117.6,CARD,PAID,2025-05-17 08:13:13,C0020,B003,,
O01070,,,,WALK_IN,2025-05-17 15:40:21,COMPLETED,198.82,0.0,0.0,198.82,E_WALLET,PAID,2025-05-17 15:43:53,C0089,B003,,S0041
O01066,,,,WALK_IN,2025-05-18 13:34:52,COMPLETED,124.81,0.0,15.48,109.33,CARD,PAID,2025-05-18 13:39:03,C0093,B007,,S0078
O01060,Guest User,+60169172403,guest1060@example.test,PICKUP,2025-05-18 14:01:26,COMPLETED,69.82,0.0,0.0,69.82,CARD,PAID,2025-05-18 14:04:22,,B001,,S0005
O01072,,,,PICKUP,2025-05-18 15:05:44,COMPLETED,295.52,0.0,100.0,195.52,ONLINE_BANKING,PAID,2025-05-18 15:07:13,C0026,B001,,
O01073,,,,WALK_IN,2025-05-18 18:26:59,CANCELLED,162.02,0.0,0.0,162.02,CARD,FAILED,,C0090,B003,,S0032
O01057,,,,WALK_IN,2025-05-20 08:33:33,COMPLETED,149.47,0.0,39.05,110.42,CASH,PAID,2025-05-20 08:34:22,C0013,B003,,S0039
O01041,,,,WALK_IN,2025-05-22 12:21:36,COMPLETED,101.99,0.0,0.0,101.99,CASH,PAID,2025-05-22 12:23:58,C0026,B001,,S0004
O01049,Guest User,+60169554410,guest1049@example.test,WALK_IN,2025-05-22 15:29:32,COMPLETED,112.45,0.0,0.0,112.45,CARD,PAID,2025-05-22 15:33:28,,B002,,S0023
O01085,Lakshmi a/p Pillai,+601160871731,lakshmi.a.p.pillai.c0037@example.test,DELIVERY,2025-05-22 18:40:55,COMPLETED,176.66,0.0,77.62,105.89,CARD,PAID,2025-05-22 18:44:32,C0037,B005,,S0064
O01083,Guest User,+60103539103,guest1083@example.test,DELIVERY,2025-05-23 12:16:26,COMPLETED,138.5,0.0,0.0,162.5,CARD,PAID,2025-05-23 12:19:28,,B007,,
O01059,Guest User,+60123837816,guest1059@example.test,PICKUP,2025-05-23 16:44:39,COMPLETED,111.23,0.0,0.0,111.23,CARD,PAID,2025-05-23 16:45:06,,B001,,
O01026,,,,PICKUP,2025-05-23 17:08:03,COMPLETED,207.38,0.0,81.17,126.21,CASH,PAID,2025-05-23 17:12:00,C0001,B002,,
O01080,Aiman bin Yusof,+60132682591,aiman.bin.yusof.c0067@example.test,DELIVERY,2025-05-23 19:03:28,COMPLETED,395.82,0.0,0.0,403.9,CARD,PAID,2025-05-23 19:06:22,C0067,B006,,
O01021,,,,PICKUP,2025-05-24 12:27:16,COMPLETED,117.08,0.0,0.0,117.08,E_WALLET,PAID,2025-05-24 12:32:04,C0071,B012,,
O01055,,,,WALK_IN,2025-05-24 13:18:32,COMPLETED,46.62,0.0,0.0,46.62,CASH,PAID,2025-05-24 13:19:56,C0022,B001,,S0004
O01019,,,,WALK_IN,2025-05-24 14:34:17,COMPLETED,121.19,0.0,0.0,121.19,CASH,PAID,2025-05-24 14:35:36,C0084,B003,,S0041
O01023,Guest User,+60198358598,guest1023@example.test,DELIVERY,2025-05-24 16:30:01,COMPLETED,171.6,0.0,0.0,183.12,CARD,PAID,2025-05-24 16:34:47,,B008,,S0095
O01042,,,,WALK_IN,2025-05-24 16:42:23,COMPLETED,210.76,0.0,0.0,210.76,ONLINE_BANKING,PAID,2025-05-24 16:44:44,C0016,B001,,S0013
O01033,Syafiq bin Yusof,+60122461759,syafiq.bin.yusof.c0080@example.test,DELIVERY,2025-05-24 17:39:48,COMPLETED,140.17,0.0,0.0,150.09,ONLINE_BANKING,PAID,2025-05-24 17:41:49,C0080,B001,,S0013
O01024,,,,WALK_IN,2025-05-24 20:53:10,COMPLETED,186.01,0.0,18.83,167.18,E_WALLET,PAID,2025-05-24 20:54:31,C0001,B002,,S0023
O01034,,,,WALK_IN,2025-05-25 09:46:16,COMPLETED,153.57,0.0,0.0,153.57,CASH,PAID,2025-05-25 09:48:40,,B001,,S0012
O01030,Guest User,+60173904574,guest1030@example.test,DELIVERY,2025-05-25 16:53:08,COMPLETED,121.4,0.0,0.0,130.12,ONLINE_BANKING,PAID,2025-05-25 16:54:56,,B003,,S0045
O01036,,,,WALK_IN,2025-05-26 13:16:58,COMPLETED,23.64,0.0,0.0,23.64,CASH,PAID,2025-05-26 13:20:33,C0068,B004,,S0052
O01031,,,,WALK_IN,2025-05-27 13:47:18,COMPLETED,122.43,0.0,0.0,122.43,CARD,PAID,2025-05-27 13:51:17,,B007,,S0082
O01032,,,,PICKUP,2025-05-28 08:59:36,COMPLETED,379.22,0.0,0.0,379.22,CASH,PAID,2025-05-28 09:00:37,C0087,B007,,S0079
O01074,,,,PICKUP,2025-05-28 11:28:51,COMPLETED,102.19,0.0,7.74,94.45,CARD,PAID,2025-05-28 11:30:38,C0072,B002,,S0023
O01061,,,,WALK_IN,2025-05-28 12:35:36,COMPLETED,31.13,0.0,0.0,31.13,CASH,PAID,2025-05-28 12:37:52,C0067,B003,,S0041
O01052,,,,WALK_IN,2025-05-28 16:26:03,COMPLETED,203.54,0.0,0.0,203.54,CARD,PAID,2025-05-28 16:29:55,C0021,B005,,
O01079,,,,WALK_IN,2025-05-29 09:43:58,COMPLETED,64.16,0.0,0.0,64.16,ONLINE_BANKING,PAID,2025-05-29 09:48:33,,B008,,S0093
O01020,,,,PICKUP,2025-05-29 16:21:40,COMPLETED,190.18,0.0,61.86,128.32,CASH,PAID,2025-05-29 16:26:09,C0024,B001,,S0012
O01035,,,,WALK_IN,2025-05-29 18:19:41,COMPLETED,209.01,0.0,0.0,209.01,CASH,PAID,2025-05-29 18:24:32,,B002,,S0023
O01056,,,,WALK_IN,2025-05-30 17:28:39,COMPLETED,134.3,0.0,49.48,84.82,E_WALLET,PAID,2025-05-30 17:29:15,C0060,B005,,
O01096,Felix Jalong,+60139689878,felix.jalong.c0022@example.test,DELIVERY,2025-06-01 10:05:09,COMPLETED,613.7,50.0,0.0,570.15,ONLINE_BANKING,PAID,2025-06-01 10:09:40,C0022,B002,V004,
O01087,,,,WALK_IN,2025-06-01 13:40:30,COMPLETED,121.04,0.0,45.76,75.28,ONLINE_BANKING,PAID,2025-06-01 13:41:14,C0036,B011,,S0111
O01133,,,,WALK_IN,2025-06-01 14:28:45,COMPLETED,189.02,0.0,0.0,189.02,ONLINE_BANKING,PAID,2025-06-01 14:32:27,C0027,B002,,S0023
O01117,Guest User,+60131488170,guest1117@example.test,PICKUP,2025-06-01 14:56:56,COMPLETED,155.03,0.0,0.0,155.03,CARD,PAID,2025-06-01 15:01:51,,B005,,
O01115,Guest User,+60115163106,guest1115@example.test,DELIVERY,2025-06-01 15:13:31,COMPLETED,151.32,0.0,0.0,156.92,E_WALLET,PAID,2025-06-01 15:15:59,,B003,,
O01155,,,,WALK_IN,2025-06-02 17:52:11,COMPLETED,252.09,0.0,0.0,252.09,CARD,PAID,2025-06-02 17:55:11,,B007,,S0082
O01136,,,,WALK_IN,2025-06-03 08:02:01,COMPLETED,391.71,0.0,100.0,291.71,CARD,PAID,2025-06-03 08:04:30,C0085,B001,,S0013
O01103,,,,WALK_IN,2025-06-04 14:50:35,COMPLETED,108.74,0.0,41.42,67.32,CARD,PAID,2025-06-04 14:50:57,C0077,B007,,S0078
O01121,,,,WALK_IN,2025-06-05 09:06:52,COMPLETED,161.51,0.0,0.0,161.51,CARD,PAID,2025-06-05 09:09:45,,B002,,S0023
O01120,,,,WALK_IN,2025-06-06 08:53:51,COMPLETED,212.62,0.0,0.0,212.62,CARD,PAID,2025-06-06 08:56:18,,B010,,S0108
O01135,,,,WALK_IN,2025-06-06 14:34:47,COMPLETED,350.01,0.0,0.0,350.01,CASH,PAID,2025-06-06 14:38:49,C0100,B011,,S0111
O01157,,,,PICKUP,2025-06-06 16:36:16,COMPLETED,263.23,0.0,48.23,215.0,CARD,PAID,2025-06-06 16:37:39,C0025,B010,,S0107
O01109,,,,PICKUP,2025-06-06 17:05:56,COMPLETED,107.3,0.0,57.66,49.64,CARD,PAID,2025-06-06 17:09:32,C0092,B010,,S0106
O01108,Guest User,+60113293836,guest1108@example.test,DELIVERY,2025-06-06 19:29:31,COMPLETED,307.74,0.0,0.0,320.78,CARD,PAID,2025-06-06 19:32:29,,B003,,S0033
O01122,,,,WALK_IN,2025-06-07 16:19:02,COMPLETED,46.48,0.0,0.0,46.48,CASH,PAID,2025-06-07 16:21:35,C0002,B002,,S0023
O01150,Guest User,+60123699744,guest1150@example.test,WALK_IN,2025-06-07 20:23:21,COMPLETED,13.82,0.0,0.0,13.82,CASH,PAID,2025-06-07 20:27:13,,B002,,S0023
O01143,,,,WALK_IN,2025-06-08 14:05:52,COMPLETED,151.19,0.0,0.0,151.19,CARD,PAID,2025-06-08 14:10:36,,B004,,S0052
O01142,,,,WALK_IN,2025-06-08 16:27:01,COMPLETED,229.19,0.0,39.21,189.98,CASH,PAID,2025-06-08 16:27:45,C0093,B005,,
O01130,Guest User,+60113812176,guest1130@example.test,WALK_IN,2025-06-08 17:59:00,COMPLETED,219.6,0.0,0.0,219.6,CARD,PAID,2025-06-08 18:01:02,,B002,,S0023
O01123,,,,WALK_IN,2025-06-08 18:47:16,COMPLETED,110.66,0.0,73.02,37.64,CASH,PAID,2025-06-08 18:48:57,C0065,B002,,S0023
O01092,,,,WALK_IN,2025-06-11 15:44:56,COMPLETED,247.31,0.0,0.0,247.31,E_WALLET,PAID,2025-06-11 15:49:41,C0069,B003,,S0041
O01111,,,,WALK_IN,2025-06-12 12:11:57,COMPLETED,323.11,0.0,0.0,323.11,CASH,PAID,2025-06-12 12:14:25,C0102,B001,,S0013
O01110,,,,WALK_IN,2025-06-12 17:35:34,COMPLETED,177.05,0.0,0.0,177.05,CASH,PAID,2025-06-12 17:35:59,C0057,B010,,S0108
O01089,,,,PICKUP,2025-06-12 17:46:41,COMPLETED,232.56,0.0,0.0,232.56,E_WALLET,PAID,2025-06-12 17:49:15,C0024,B002,,S0023
O01119,Guest User,+60167723865,guest1119@example.test,PICKUP,2025-06-12 18:28:43,COMPLETED,202.54,0.0,0.0,202.54,CASH,PAID,2025-06-12 18:31:56,,B002,,
O01090,Guest User,+60131911965,guest1090@example.test,WALK_IN,2025-06-13 12:14:32,COMPLETED,213.55,0.0,0.0,213.55,CASH,PAID,2025-06-13 12:17:12,,B003,,S0032
O01126,Guest User,+60112834409,guest1126@example.test,DELIVERY,2025-06-14 18:30:56,CANCELLED,293.44,0.0,0.0,306.54,CARD,FAILED,,,B005,,
O01141,,,,WALK_IN,2025-06-14 18:56:06,COMPLETED,268.64,0.0,80.93,187.71,CASH,PAID,2025-06-14 18:56:52,C0020,B003,,S0032
O01152,,,,WALK_IN,2025-06-15 10:59:57,COMPLETED,170.16,0.0,0.0,170.16,CASH,PAID,2025-06-15 11:03:11,C0003,B004,,S0052
O01116,Guest User,+60117372299,guest1116@example.test,PICKUP,2025-06-15 16:18:14,COMPLETED,106.14,0.0,0.0,106.14,CARD,PAID,2025-06-15 16:22:36,,B002,,
O01099,Guest User,+60166754290,guest1099@example.test,WALK_IN,2025-06-15 17:52:19,COMPLETED,98.79,0.0,0.0,98.79,CARD,PAID,2025-06-15 17:54:36,,B001,,S0012
O01105,Danish bin Ibrahim,+60102221753,danish.bin.ibrahim.c0046@example.test,DELIVERY,2025-06-15 17:52:19,COMPLETED,140.27,0.0,76.75,68.57,CARD,PAID,2025-06-15 17:56:46,C0046,B008,,
O01113,Guest User,+60163810814,guest1113@example.test,PICKUP,2025-06-16 16:14:01,COMPLETED,210.18,0.0,0.0,210.18,CASH,PAID,2025-06-16 16:17:35,,B007,,S0079
O01154,,,,PICKUP,2025-06-17 13:10:13,COMPLETED,104.52,0.0,51.14,53.38,CASH,PAID,2025-06-17 13:13:12,C0035,B001,,S0008
O01100,Guest User,+60172795479,guest1100@example.test,WALK_IN,2025-06-17 16:05:26,COMPLETED,306.58,0.0,0.0,306.58,CARD,PAID,2025-06-17 16:07:04,,B003,,S0039
O01118,Guest User,+60123750055,guest1118@example.test,PICKUP,2025-06-17 16:26:41,COMPLETED,115.48,0.0,0.0,115.48,E_WALLET,PAID,2025-06-17 16:31:16,,B001,,S0005
O01148,Aditi a/p Nair,+601147077514,aditi.a.p.nair.c0014@example.test,DELIVERY,2025-06-17 19:03:36,COMPLETED,233.5,0.0,56.75,186.11,ONLINE_BANKING,PAID,2025-06-17 19:05:47,C0014,B002,,
O01149,,,,WALK_IN,2025-06-18 18:38:38,COMPLETED,117.93,0.0,72.0,45.93,CARD,PAID,2025-06-18 18:43:05,C0043,B003,,S0039
O01137,,,,WALK_IN,2025-06-19 15:48:17,COMPLETED,228.76,0.0,0.0,228.76,ONLINE_BANKING,PAID,2025-06-19 15:53:10,,B003,,S0041
O01129,,,,WALK_IN,2025-06-19 16:08:03,COMPLETED,608.17,0.0,0.0,608.17,E_WALLET,PAID,2025-06-19 16:12:21,,B003,,S0039
O01145,,,,PICKUP,2025-06-20 12:10:58,COMPLETED,241.4,0.0,0.0,241.4,CARD,PAID,2025-06-20 12:11:25,C0055,B005,,S0064
O01146,,,,WALK_IN,2025-06-20 12:16:29,COMPLETED,136.62,0.0,0.0,136.62,ONLINE_BANKING,PAID,2025-06-20 12:18:30,C0071,B008,,S0093
O01147,Guest User,+60169034681,guest1147@example.test,WALK_IN,2025-06-20 13:22:13,COMPLETED,69.88,0.0,0.0,69.88,CASH,PAID,2025-06-20 13:25:04,,B001,,S0012
O01098,,,,PICKUP,2025-06-20 16:25:03,COMPLETED,125.97,0.0,0.0,125.97,ONLINE_BANKING,PAID,2025-06-20 16:26:12,C0051,B012,,
O01088,Ivan Giman,+60160216530,ivan.giman.c0008@example.test,DELIVERY,2025-06-20 16:56:30,COMPLETED,33.53,0.0,0.0,46.89,ONLINE_BANKING,PAID,2025-06-20 16:59:02,C0008,B002,,
O01153,,,,WALK_IN,2025-06-20 20:44:09,COMPLETED,304.44,0.0,0.0,304.44,CARD,PAID,2025-06-20 20:47:40,C0045,B003,,S0039
O01107,,,,WALK_IN,2025-06-21 14:32:50,COMPLETED,232.86,0.0,0.0,232.86,ONLINE_BANKING,PAID,2025-06-21 14:34:41,,B003,,S0032
O01151,Guest User,+60167779906,guest1151@example.test,DELIVERY,2025-06-21 15:07:32,COMPLETED,274.46,0.0,0.0,289.66,E_WALLET,PAID,2025-06-21 15:08:36,,B004,,
O01131,,,,WALK_IN,2025-06-21 20:09:27,COMPLETED,374.92,0.0,0.0,374.92,CASH,PAID,2025-06-21 20:12:03,C0009,B002,,S0023
O01156,Guest User,+60112500939,guest1156@example.test,WALK_IN,2025-06-22 10:51:47,COMPLETED,163.88,0.0,0.0,163.88,CASH,PAID,2025-06-22 10:53:15,,B003,,S0032
O01097,,,,WALK_IN,2025-06-23 15:01:28,COMPLETED,204.35,0.0,0.0,204.35,ONLINE_BANKING,PAID,2025-06-23 15:02:15,,B003,,S0041
O01106,,,,WALK_IN,2025-06-23 17:44:31,COMPLETED,99.54,0.0,0.0,99.54,ONLINE_BANKING,PAID,2025-06-23 17:46:32,C0090,B002,,S0023
O01125,Maisarah binti Basri,+60135369789,maisarah.binti.basri.c0071@example.test,DELIVERY,2025-06-23 19:08:35,COMPLETED,57.4,0.0,0.0,64.0,CARD,PAID,2025-06-23 19:10:30,C0071,B004,,S0055
O01128,,,,WALK_IN,2025-06-25 12:13:37,COMPLETED,302.81,0.0,0.0,302.81,CARD,PAID,2025-06-25 12:15:10,C0058,B003,,S0039
O01095,,,,WALK_IN,2025-06-25 13:05:47,COMPLETED,301.46,0.0,0.0,301.46,E_WALLET,PAID,2025-06-25 13:10:06,C0021,B007,,S0078
O01134,,,,WALK_IN,2025-06-25 16:33:30,COMPLETED,475.26,0.0,0.0,475.26,ONLINE_BANKING,PAID,2025-06-25 16:36:15,C0097,B007,,S0082
O01101,,,,WALK_IN,2025-06-26 08:28:02,COMPLETED,96.42,0.0,0.0,96.42,ONLINE_BANKING,PAID,2025-06-26 08:32:43,C0066,B002,,S0023
O01132,,,,WALK_IN,2025-06-26 08:56:39,COMPLETED,138.09,0.0,100.0,38.09,CARD,PAID,2025-06-26 08:58:06,C0023,B002,,S0023
O01104,Guest User,+60141353130,guest1104@example.test,DELIVERY,2025-06-26 15:46:59,COMPLETED,153.57,0.0,0.0,179.27,CARD,PAID,2025-06-26 15:50:28,,B010,,
O01112,Guest User,+60197739835,guest1112@example.test,DELIVERY,2025-06-26 18:39:46,COMPLETED,280.88,0.0,0.0,302.48,E_WALLET,PAID,2025-06-26 18:40:11,,B008,,S0096
O01140,,,,WALK_IN,2025-06-26 19:08:30,COMPLETED,237.8,0.0,42.34,195.46,CARD,PAID,2025-06-26 19:11:27,C0092,B002,,S0023
O01091,,,,WALK_IN,2025-06-27 13:23:17,COMPLETED,179.4,0.0,0.0,179.4,CASH,PAID,2025-06-27 13:26:01,,B002,,S0023
O01144,Victor Nanta,+60124515183,victor.nanta.c0038@example.test,DELIVERY,2025-06-27 19:38:34,COMPLETED,112.04,0.0,3.44,119.88,E_WALLET,PAID,2025-06-27 19:40:20,C0038,B012,,
O01138,,,,WALK_IN,2025-06-28 14:47:25,COMPLETED,452.24,0.0,0.0,452.24,ONLINE_BANKING,PAID,2025-06-28 14:51:46,,B001,,S0012
O01102,Guest User,+60167247601,guest1102@example.test,PICKUP,2025-06-29 09:24:22,COMPLETED,38.35,0.0,0.0,38.35,CARD,PAID,2025-06-29 09:29:02,,B001,,S0004
O01139,Loh Jun Hao,+60133354884,loh.jun.hao.c0100@example.test,DELIVERY,2025-06-29 12:16:53,COMPLETED,162.92,0.0,0.0,181.56,CARD,PAID,2025-06-29 12:21:29,C0100,B004,,S0052
O01093,,,,WALK_IN,2025-06-29 15:03:20,COMPLETED,204.71,0.0,0.0,204.71,CASH,PAID,2025-06-29 15:08:18,,B010,,S0105
O01114,,,,WALK_IN,2025-06-29 15:45:35,COMPLETED,252.95,0.0,100.0,152.95,CASH,PAID,2025-06-29 15:45:54,C0024,B002,,S0023
O01127,,,,WALK_IN,2025-06-29 18:12:26,CANCELLED,28.7,0.0,0.0,28.7,CASH,FAILED,,C0054,B002,,S0023
O01094,Irfan bin Ahmad,+60160053891,irfan.bin.ahmad.c0050@example.test,DELIVERY,2025-06-30 09:45:49,COMPLETED,139.41,0.0,37.22,116.99,E_WALLET,PAID,2025-06-30 09:48:07,C0050,B001,,S0005
O01124,,,,WALK_IN,2025-06-30 19:42:28,COMPLETED,117.0,0.0,100.0,17.0,CASH,PAID,2025-06-30 19:46:30,C0026,B002,,S0023
O01168,Guest User,+60178762730,guest1168@example.test,WALK_IN,2025-07-01 10:45:32,COMPLETED,326.69,0.0,0.0,326.69,CASH,PAID,2025-07-01 10:47:47,,B008,,S0093
O01216,,,,PICKUP,2025-07-01 12:10:06,COMPLETED,116.03,0.0,0.0,116.03,CASH,PAID,2025-07-01 12:12:37,C0100,B007,,S0079
O01190,Guest User,+60128347823,guest1190@example.test,PICKUP,2025-07-01 12:43:47,COMPLETED,147.48,0.0,0.0,147.48,E_WALLET,PAID,2025-07-01 12:44:04,,B010,,S0106
O01181,,,,WALK_IN,2025-07-02 15:47:24,COMPLETED,149.27,0.0,37.64,111.63,CARD,PAID,2025-07-02 15:51:23,C0085,B001,,S0006
O01222,Guest User,+60119612261,guest1222@example.test,DELIVERY,2025-07-03 10:04:57,CANCELLED,23.55,0.0,0.0,35.63,CARD,FAILED,,,B006,,S0069
O01219,,,,WALK_IN,2025-07-03 11:15:21,COMPLETED,139.21,0.0,35.34,103.87,CARD,PAID,2025-07-03 11:20:21,C0050,B004,,S0052
O01214,Sonia Mawan,+60171715124,sonia.mawan.c0079@example.test,DELIVERY,2025-07-04 17:32:03,COMPLETED,233.27,0.0,0.0,239.57,ONLINE_BANKING,PAID,2025-07-04 17:34:31,C0079,B002,,S0029
O01162,,,,WALK_IN,2025-07-04 18:59:07,COMPLETED,474.8,0.0,0.0,474.8,CARD,PAID,2025-07-04 19:03:05,,B001,,S0006
O01195,Guest User,+60152619937,guest1195@example.test,PICKUP,2025-07-04 19:39:51,COMPLETED,214.31,0.0,0.0,214.31,E_WALLET,PAID,2025-07-04 19:41:03,,B001,,
O01213,,,,WALK_IN,2025-07-05 08:23:22,COMPLETED,157.5,0.0,57.66,99.84,CASH,PAID,2025-07-05 08:26:19,C0056,B007,,S0079
O01201,,,,WALK_IN,2025-07-05 11:28:43,COMPLETED,250.61,0.0,0.0,250.61,CARD,PAID,2025-07-05 11:30:32,C0019,B004,,S0052
O01198,Guest User,+60178948487,guest1198@example.test,PICKUP,2025-07-05 14:17:32,COMPLETED,249.76,0.0,0.0,249.76,CASH,PAID,2025-07-05 14:21:28,,B003,,
O01224,Guest User,+60172437885,guest1224@example.test,WALK_IN,2025-07-05 17:26:34,COMPLETED,358.71,0.0,0.0,358.71,E_WALLET,PAID,2025-07-05 17:30:48,,B003,,S0041
O01211,,,,WALK_IN,2025-07-05 18:55:32,COMPLETED,124.41,0.0,0.0,124.41,E_WALLET,PAID,2025-07-05 18:59:22,C0096,B003,,S0032
O01212,,,,WALK_IN,2025-07-06 17:55:36,COMPLETED,237.7,0.0,0.0,237.7,CARD,PAID,2025-07-06 17:56:50,,B012,,
O01182,Guest User,+60186499210,guest1182@example.test,DELIVERY,2025-07-06 18:23:37,COMPLETED,201.93,0.0,0.0,221.45,E_WALLET,PAID,2025-07-06 18:28:35,,B008,,S0096
O01209,,,,PICKUP,2025-07-07 17:21:46,COMPLETED,213.47,0.0,0.0,213.47,CASH,PAID,2025-07-07 17:22:14,C0106,B005,,
O01187,Hakim bin Razak,+60195192695,hakim.bin.razak.c0097@example.test,DELIVERY,2025-07-08 10:21:13,COMPLETED,304.39,0.0,0.0,328.29,E_WALLET,PAID,2025-07-08 10:23:00,C0097,B003,,
O01163,,,,WALK_IN,2025-07-08 16:29:19,COMPLETED,203.69,0.0,100.0,103.69,CASH,PAID,2025-07-08 16:33:12,C0026,B005,,
O01178,,,,WALK_IN,2025-07-10 14:08:32,COMPLETED,224.27,0.0,0.0,224.27,CASH,PAID,2025-07-10 14:10:06,,B011,,S0114
O01225,,,,WALK_IN,2025-07-10 14:29:30,COMPLETED,146.35,0.0,55.96,90.39,E_WALLET,PAID,2025-07-10 14:30:01,C0003,B006,,S0067
O01208,,,,WALK_IN,2025-07-11 13:20:32,COMPLETED,157.65,0.0,0.0,157.65,ONLINE_BANKING,PAID,2025-07-11 13:23:25,C0080,B012,,
O01220,,,,WALK_IN,2025-07-11 15:22:23,COMPLETED,102.41,0.0,50.2,52.21,CASH,PAID,2025-07-11 15:25:09,C0054,B007,,S0078
O01199,,,,PICKUP,2025-07-11 18:24:10,COMPLETED,116.91,0.0,53.39,63.52,CASH,PAID,2025-07-11 18:24:31,C0051,B002,,S0018
O01176,,,,WALK_IN,2025-07-12 13:34:19,COMPLETED,49.06,0.0,22.14,26.92,CASH,PAID,2025-07-12 13:37:56,C0025,B011,,S0114
O01164,,,,WALK_IN,2025-07-12 14:23:59,COMPLETED,212.57,0.0,0.0,212.57,CARD,PAID,2025-07-12 14:25:26,,B003,,S0041
O01204,,,,PICKUP,2025-07-12 15:21:30,COMPLETED,79.23,0.0,79.23,0.0,MYKASIH,PAID,2025-07-12 15:23:10,C0031,B001,,
O01185,,,,WALK_IN,2025-07-12 20:41:50,COMPLETED,287.83,0.0,0.0,287.83,CASH,PAID,2025-07-12 20:46:39,C0079,B004,,S0056
O01221,,,,WALK_IN,2025-07-13 12:21:56,COMPLETED,83.63,0.0,0.0,83.63,CARD,PAID,2025-07-13 12:22:40,,B002,,S0022
O01200,,,,WALK_IN,2025-07-13 16:39:57,COMPLETED,79.06,0.0,60.48,18.58,CARD,PAID,2025-07-13 16:43:57,C0014,B005,,
O01223,,,,PICKUP,2025-07-13 20:52:48,COMPLETED,158.19,0.0,0.0,158.19,CASH,PAID,2025-07-13 20:53:44,C0087,B006,,
O01191,,,,WALK_IN,2025-07-14 08:30:01,COMPLETED,105.67,0.0,0.0,105.67,ONLINE_BANKING,PAID,2025-07-14 08:32:20,C0108,B006,,S0067
O01160,Nadia binti Hassan,+60104487570,nadia.binti.hassan.c0072@example.test,DELIVERY,2025-07-14 13:55:36,COMPLETED,207.62,0.0,96.32,123.94,E_WALLET,PAID,2025-07-14 13:57:45,C0072,B007,,S0078
O01215,,,,PICKUP,2025-07-15 12:57:26,COMPLETED,229.04,0.0,0.0,229.04,ONLINE_BANKING,PAID,2025-07-15 13:01:48,C0106,B001,,
O01194,,,,WALK_IN,2025-07-16 08:31:04,COMPLETED,135.4,0.0,0.0,135.4,CARD,PAID,2025-07-16 08:35:21,C0029,B003,,S0039
O01192,,,,WALK_IN,2025-07-16 16:37:41,COMPLETED,139.03,0.0,0.0,139.03,CARD,PAID,2025-07-16 16:41:16,C0052,B001,,S0006
O01205,,,,WALK_IN,2025-07-16 19:58:56,COMPLETED,385.79,0.0,0.0,385.79,CARD,PAID,2025-07-16 20:01:07,,B008,,S0093
O01180,,,,WALK_IN,2025-07-16 20:40:13,COMPLETED,125.13,0.0,0.0,125.13,CASH,PAID,2025-07-16 20:41:31,,B010,,S0108
O01158,,,,WALK_IN,2025-07-17 09:00:57,COMPLETED,327.34,0.0,0.0,327.34,CASH,PAID,2025-07-17 09:05:21,,B010,,S0107
O01174,,,,PICKUP,2025-07-18 15:25:39,COMPLETED,182.63,0.0,100.0,82.63,E_WALLET,PAID,2025-07-18 15:27:37,C0024,B001,,S0006
O01183,,,,WALK_IN,2025-07-18 17:13:53,COMPLETED,215.04,0.0,0.0,215.04,CASH,PAID,2025-07-18 17:17:44,C0098,B002,,S0022
O01172,,,,WALK_IN,2025-07-19 09:27:44,COMPLETED,247.6,0.0,0.0,247.6,E_WALLET,PAID,2025-07-19 09:29:55,C0087,B004,,S0056
O01203,,,,PICKUP,2025-07-19 10:55:27,COMPLETED,292.43,0.0,0.0,292.43,CARD,PAID,2025-07-19 10:56:09,C0086,B001,,S0013
O01167,Zara binti Ibrahim,+60198860117,zara.binti.ibrahim.c0049@example.test,DELIVERY,2025-07-19 12:10:21,COMPLETED,64.77,0.0,0.0,75.49,CARD,PAID,2025-07-19 12:13:04,C0049,B007,,
O01175,,,,WALK_IN,2025-07-19 12:37:26,COMPLETED,307.77,0.0,0.0,307.77,CARD,PAID,2025-07-19 12:38:48,,B003,,S0041
O01186,Dev a/l Anand,+601146268250,dev.a.l.anand.c0059@example.test,DELIVERY,2025-07-19 15:20:24,COMPLETED,438.48,0.0,0.0,457.12,ONLINE_BANKING,PAID,2025-07-19 15:21:27,C0059,B012,,
O01170,,,,WALK_IN,2025-07-19 18:28:35,COMPLETED,328.84,0.0,0.0,328.84,ONLINE_BANKING,PAID,2025-07-19 18:31:14,,B004,,S0052
O01171,,,,WALK_IN,2025-07-20 15:56:02,COMPLETED,58.05,0.0,0.0,58.05,CARD,PAID,2025-07-20 15:56:36,C0011,B012,,
O01166,,,,WALK_IN,2025-07-21 12:55:20,COMPLETED,35.42,0.0,0.0,35.42,CASH,PAID,2025-07-21 12:57:39,,B003,,S0039
O01227,,,,WALK_IN,2025-07-22 15:47:40,COMPLETED,141.54,0.0,0.0,141.54,CARD,PAID,2025-07-22 15:51:37,,B002,,S0018
O01161,Arif bin Azman,+60106991472,arif.bin.azman.c0094@example.test,DELIVERY,2025-07-22 20:28:24,COMPLETED,269.73,0.0,0.0,294.73,CARD,PAID,2025-07-22 20:30:27,C0094,B010,,S0105
O01159,,,,PICKUP,2025-07-23 12:03:11,COMPLETED,31.71,0.0,0.0,31.71,CASH,PAID,2025-07-23 12:08:01,C0062,B006,,S0067
O01210,,,,WALK_IN,2025-07-24 08:31:43,COMPLETED,160.02,0.0,72.66,87.36,CARD,PAID,2025-07-24 08:34:53,C0023,B005,,
O01179,,,,WALK_IN,2025-07-24 14:59:00,COMPLETED,200.44,0.0,38.54,161.9,CASH,PAID,2025-07-24 15:01:52,C0032,B002,,S0022
O01184,,,,PICKUP,2025-07-25 09:06:27,COMPLETED,179.69,0.0,0.0,179.69,CASH,PAID,2025-07-25 09:07:41,C0103,B004,,
O01196,,,,WALK_IN,2025-07-26 13:46:01,COMPLETED,134.92,0.0,0.0,134.92,E_WALLET,PAID,2025-07-26 13:49:20,,B002,,S0023
O01207,Arif bin Razak,+60102422227,arif.bin.razak.c0011@example.test,DELIVERY,2025-07-26 18:48:24,COMPLETED,76.47,0.0,0.0,82.02,E_WALLET,PAID,2025-07-26 18:49:47,C0011,B007,,S0082
O01165,,,,WALK_IN,2025-07-27 08:16:36,COMPLETED,536.8,0.0,0.0,536.8,CARD,PAID,2025-07-27 08:16:57,C0061,B001,,S0012
O01193,,,,WALK_IN,2025-07-27 12:41:51,COMPLETED,317.65,0.0,0.0,317.65,E_WALLET,PAID,2025-07-27 12:46:45,C0055,B012,,
O01173,,,,WALK_IN,2025-07-27 15:58:48,CANCELLED,184.9,0.0,89.37,95.53,ONLINE_BANKING,FAILED,,C0084,B003,,S0041
O01202,,,,WALK_IN,2025-07-27 18:42:34,COMPLETED,183.78,0.0,0.0,183.78,E_WALLET,PAID,2025-07-27 18:42:56,,B002,,S0018
O01197,,,,WALK_IN,2025-07-27 18:58:21,COMPLETED,91.34,0.0,0.0,91.34,CARD,PAID,2025-07-27 19:03:05,,B005,,
O01188,Loh Ming Jie,+60180052335,loh.ming.jie.c0047@example.test,DELIVERY,2025-07-27 19:27:46,COMPLETED,131.92,15.0,0.0,133.24,ONLINE_BANKING,PAID,2025-07-27 19:29:22,C0047,B012,V008,S0119
O01218,,,,WALK_IN,2025-07-28 16:19:14,COMPLETED,144.69,0.0,0.0,144.69,CARD,PAID,2025-07-28 16:21:31,C0083,B003,,S0039
O01177,Irfan bin Basri,+60171219774,irfan.bin.basri.c0073@example.test,DELIVERY,2025-07-28 17:37:26,COMPLETED,479.98,0.0,0.0,490.78,E_WALLET,PAID,2025-07-28 17:39:56,C0073,B002,,S0029
O01217,,,,WALK_IN,2025-07-29 18:05:09,COMPLETED,365.51,0.0,0.0,365.51,CASH,PAID,2025-07-29 18:09:52,C0071,B002,,S0018
O01206,Guest User,+60178385433,guest1206@example.test,PICKUP,2025-07-30 20:42:56,COMPLETED,188.01,0.0,0.0,188.01,CASH,PAID,2025-07-30 20:45:41,,B011,,
O01226,,,,WALK_IN,2025-07-30 20:59:26,COMPLETED,102.09,0.0,0.0,102.09,CASH,PAID,2025-07-30 21:04:01,C0074,B003,,S0041
O01169,Arif bin Azman,+60106991472,arif.bin.azman.c0094@example.test,DELIVERY,2025-07-31 14:21:18,CANCELLED,161.7,0.0,0.0,167.65,E_WALLET,FAILED,,C0094,B008,,S0093
O01189,,,,WALK_IN,2025-07-31 15:24:10,COMPLETED,511.52,0.0,0.0,511.52,CASH,PAID,2025-07-31 15:24:45,C0106,B007,,S0082
O01260,Victor Agan,+601142887872,victor.agan.c0036@example.test,DELIVERY,2025-08-01 15:11:07,COMPLETED,396.12,0.0,100.0,311.22,ONLINE_BANKING,PAID,2025-08-01 15:12:45,C0036,B006,,S0067
O01265,,,,WALK_IN,2025-08-01 15:13:05,COMPLETED,59.44,0.0,0.0,59.44,CASH,PAID,2025-08-01 15:14:39,C0108,B002,,S0018
O01239,,,,WALK_IN,2025-08-01 20:49:22,COMPLETED,130.36,0.0,3.44,126.92,CASH,PAID,2025-08-01 20:53:10,C0065,B010,,S0105
O01295,,,,WALK_IN,2025-08-02 12:59:22,COMPLETED,172.33,0.0,23.24,149.09,CARD,PAID,2025-08-02 13:02:14,C0026,B001,,S0012
O01297,Guest User,+60122093076,guest1297@example.test,PICKUP,2025-08-02 13:39:51,COMPLETED,380.19,0.0,0.0,380.19,CARD,PAID,2025-08-02 13:43:38,,B006,,S0076
O01275,,,,WALK_IN,2025-08-03 09:05:26,COMPLETED,113.84,0.0,0.0,113.84,E_WALLET,PAID,2025-08-03 09:10:03,C0052,B007,,S0079
O01252,,,,PICKUP,2025-08-03 13:31:26,COMPLETED,52.1,0.0,20.97,31.13,CARD,PAID,2025-08-03 13:34:18,C0095,B007,,S0080
O01266,,,,WALK_IN,2025-08-03 15:27:03,COMPLETED,379.5,15.0,100.0,264.5,CARD,PAID,2025-08-03 15:27:57,C0032,B003,V008,S0039
O01255,Divya a/p Chandran,+60184474042,divya.a.p.chandran.c0095@example.test,DELIVERY,2025-08-03 16:59:10,COMPLETED,208.74,0.0,0.0,222.94,E_WALLET,PAID,2025-08-03 16:59:36,C0095,B010,,S0107
O01276,,,,WALK_IN,2025-08-04 14:14:52,COMPLETED,97.34,0.0,0.0,97.34,CASH,PAID,2025-08-04 14:17:00,C0050,B001,,S0004
O01242,,,,PICKUP,2025-08-06 09:26:40,COMPLETED,266.56,0.0,0.0,266.56,CARD,PAID,2025-08-06 09:27:35,C0112,B003,,
O01273,Zara binti Hamid,+60101132726,zara.binti.hamid.c0099@example.test,DELIVERY,2025-08-07 09:08:31,COMPLETED,52.04,0.0,0.0,64.6,ONLINE_BANKING,PAID,2025-08-07 09:10:32,C0099,B008,,
O01264,,,,WALK_IN,2025-08-07 09:36:15,COMPLETED,48.42,0.0,0.0,48.42,E_WALLET,PAID,2025-08-07 09:37:00,C0069,B002,,S0022
O01282,Guest User,+60117374904,guest1282@example.test,DELIVERY,2025-08-07 13:05:21,COMPLETED,87.12,0.0,0.0,95.62,E_WALLET,PAID,2025-08-07 13:08:32,,B006,,S0070
O01241,,,,WALK_IN,2025-08-07 17:14:13,COMPLETED,210.57,15.0,96.56,99.01,CASH,PAID,2025-08-07 17:15:01,C0065,B003,V008,S0032
O01291,,,,WALK_IN,2025-08-08 13:09:45,COMPLETED,106.19,0.0,12.29,93.9,CARD,PAID,2025-08-08 13:10:12,C0024,B005,,S0063
O01257,,,,WALK_IN,2025-08-10 08:41:52,COMPLETED,616.85,0.0,0.0,616.85,CARD,PAID,2025-08-10 08:46:40,,B003,,S0039
O01284,,,,WALK_IN,2025-08-10 10:48:44,COMPLETED,105.28,0.0,0.0,105.28,CASH,PAID,2025-08-10 10:50:23,C0047,B008,,S0093
O01289,,,,WALK_IN,2025-08-10 11:43:47,COMPLETED,71.73,0.0,0.0,71.73,CASH,PAID,2025-08-10 11:45:33,C0035,B008,,S0093
O01286,,,,WALK_IN,2025-08-10 19:12:25,COMPLETED,163.23,0.0,0.0,163.23,CASH,PAID,2025-08-10 19:14:32,,B002,,S0022
O01262,Guest User,+60185232417,guest1262@example.test,PICKUP,2025-08-11 17:07:09,COMPLETED,196.84,0.0,0.0,196.84,E_WALLET,PAID,2025-08-11 17:08:21,,B007,,
O01251,,,,WALK_IN,2025-08-12 12:28:13,COMPLETED,251.99,0.0,0.0,251.99,CASH,PAID,2025-08-12 12:29:53,,B002,,S0018
O01238,,,,WALK_IN,2025-08-12 19:02:18,CANCELLED,16.94,0.0,0.0,16.94,ONLINE_BANKING,FAILED,,,B003,,S0032
O01263,,,,WALK_IN,2025-08-12 20:08:47,CANCELLED,230.1,0.0,0.0,230.1,CASH,FAILED,,C0083,B002,,S0022
O01259,Guest User,+60179399711,guest1259@example.test,PICKUP,2025-08-13 11:56:40,COMPLETED,154.04,0.0,0.0,154.04,CARD,PAID,2025-08-13 11:59:22,,B003,,S0045
O01253,Guest User,+60168688457,guest1253@example.test,PICKUP,2025-08-13 14:03:32,COMPLETED,82.44,0.0,0.0,82.44,ONLINE_BANKING,PAID,2025-08-13 14:06:49,,B012,,
O01258,Guest User,+60143656469,guest1258@example.test,PICKUP,2025-08-13 20:59:16,COMPLETED,118.69,0.0,0.0,118.69,CARD,PAID,2025-08-13 21:01:13,,B001,,S0008
O01254,,,,WALK_IN,2025-08-14 13:42:59,COMPLETED,223.59,0.0,0.0,223.59,ONLINE_BANKING,PAID,2025-08-14 13:46:07,C0066,B012,,
O01278,,,,WALK_IN,2025-08-14 13:48:47,COMPLETED,90.83,0.0,90.83,0.0,MYKASIH,PAID,2025-08-14 13:49:45,C0041,B012,,
O01250,Guest User,+60164206897,guest1250@example.test,WALK_IN,2025-08-15 09:15:03,COMPLETED,89.35,0.0,0.0,89.35,ONLINE_BANKING,PAID,2025-08-15 09:18:05,,B002,,S0022
O01293,,,,PICKUP,2025-08-15 11:24:29,COMPLETED,176.23,0.0,51.14,125.09,CARD,PAID,2025-08-15 11:27:54,C0050,B003,,S0032
O01240,Arjun a/l Murugan,+60165835311,arjun.a.l.murugan.c0069@example.test,DELIVERY,2025-08-15 16:12:39,COMPLETED,134.64,0.0,0.0,145.99,ONLINE_BANKING,PAID,2025-08-15 16:14:10,C0069,B001,,
O01228,Guest User,+60161135978,guest1228@example.test,PICKUP,2025-08-15 17:38:15,COMPLETED,14.67,0.0,0.0,14.67,ONLINE_BANKING,PAID,2025-08-15 17:40:57,,B003,,S0033
O01246,Guest User,+60137576822,guest1246@example.test,PICKUP,2025-08-15 19:07:34,COMPLETED,284.64,0.0,0.0,284.64,CASH,PAID,2025-08-15 19:10:29,,B002,,
O01280,,,,WALK_IN,2025-08-16 13:31:51,COMPLETED,64.03,0.0,17.06,46.97,CARD,PAID,2025-08-16 13:35:45,C0024,B005,,S0063
O01244,,,,WALK_IN,2025-08-16 15:11:16,COMPLETED,135.75,0.0,0.0,135.75,ONLINE_BANKING,PAID,2025-08-16 15:15:36,C0094,B003,,S0041
O01279,,,,WALK_IN,2025-08-16 20:26:25,COMPLETED,314.07,0.0,0.0,314.07,CARD,PAID,2025-08-16 20:29:18,,B008,,S0095
O01261,,,,WALK_IN,2025-08-18 17:18:51,COMPLETED,93.28,0.0,0.0,93.28,CASH,PAID,2025-08-18 17:23:24,,B001,,S0012
O01231,Guest User,+60164657664,guest1231@example.test,DELIVERY,2025-08-19 08:19:26,COMPLETED,255.43,0.0,0.0,272.39,E_WALLET,PAID,2025-08-19 08:23:24,,B008,,
O01296,,,,WALK_IN,2025-08-19 09:33:09,COMPLETED,171.76,0.0,0.0,171.76,ONLINE_BANKING,PAID,2025-08-19 09:37:49,C0040,B008,,S0095
O01249,,,,PICKUP,2025-08-19 12:13:28,COMPLETED,91.21,0.0,35.47,55.74,ONLINE_BANKING,PAID,2025-08-19 12:17:59,C0082,B002,,
O01233,,,,WALK_IN,2025-08-19 15:41:04,COMPLETED,152.21,0.0,0.0,152.21,CASH,PAID,2025-08-19 15:46:03,C0106,B002,,S0022
O01271,,,,WALK_IN,2025-08-19 15:57:57,COMPLETED,400.91,0.0,0.0,400.91,ONLINE_BANKING,PAID,2025-08-19 16:00:25,C0015,B003,,S0039
O01243,,,,WALK_IN,2025-08-19 17:52:17,COMPLETED,138.47,0.0,0.0,138.47,E_WALLET,PAID,2025-08-19 17:53:33,,B002,,S0023
O01269,Guest User,+60146908127,guest1269@example.test,PICKUP,2025-08-19 18:13:02,COMPLETED,136.08,0.0,0.0,136.08,CASH,PAID,2025-08-19 18:15:50,,B001,,S0006
O01272,Guest User,+60165177564,guest1272@example.test,DELIVERY,2025-08-19 18:17:10,COMPLETED,96.87,0.0,0.0,106.07,E_WALLET,PAID,2025-08-19 18:20:40,,B001,,
O01237,,,,WALK_IN,2025-08-20 10:35:59,COMPLETED,58.35,0.0,0.0,58.35,E_WALLET,PAID,2025-08-20 10:38:43,C0016,B004,,S0052
O01283,,,,PICKUP,2025-08-21 17:08:08,COMPLETED,66.36,0.0,33.24,33.12,CASH,PAID,2025-08-21 17:10:15,C0092,B008,,S0088
O01248,,,,WALK_IN,2025-08-21 18:56:40,COMPLETED,108.27,0.0,0.0,108.27,CASH,PAID,2025-08-21 18:57:42,C0040,B001,,S0012
O01287,,,,PICKUP,2025-08-22 11:35:25,COMPLETED,38.24,0.0,0.0,38.24,CARD,PAID,2025-08-22 11:39:07,C0105,B002,,
O01232,,,,WALK_IN,2025-08-22 12:57:00,COMPLETED,155.05,0.0,0.0,155.05,E_WALLET,PAID,2025-08-22 13:00:46,,B003,,S0041
O01268,Guest User,+60172543013,guest1268@example.test,PICKUP,2025-08-22 16:41:46,COMPLETED,92.51,0.0,0.0,92.51,CARD,PAID,2025-08-22 16:46:15,,B005,,S0063
O01230,,,,PICKUP,2025-08-23 18:06:38,COMPLETED,115.64,0.0,57.81,57.83,CARD,PAID,2025-08-23 18:08:47,C0031,B004,,S0047
O01229,,,,PICKUP,2025-08-24 09:56:42,COMPLETED,134.02,0.0,0.0,134.02,E_WALLET,PAID,2025-08-24 10:01:37,C0004,B010,,S0107
O01298,,,,WALK_IN,2025-08-24 12:23:03,COMPLETED,119.58,0.0,0.0,119.58,CASH,PAID,2025-08-24 12:23:54,,B002,,S0023
O01267,,,,WALK_IN,2025-08-24 20:44:48,COMPLETED,334.3,0.0,0.0,334.3,ONLINE_BANKING,PAID,2025-08-24 20:47:25,C0057,B005,,S0063
O01274,,,,WALK_IN,2025-08-25 12:02:38,COMPLETED,335.37,0.0,100.0,235.37,CARD,PAID,2025-08-25 12:05:57,C0090,B003,,S0039
O01277,Guest User,+60188356838,guest1277@example.test,WALK_IN,2025-08-25 16:44:49,COMPLETED,127.94,0.0,0.0,127.94,E_WALLET,PAID,2025-08-25 16:46:26,,B002,,S0022
O01292,Guest User,+60121517587,guest1292@example.test,PICKUP,2025-08-26 10:04:30,COMPLETED,194.46,0.0,0.0,194.46,CASH,PAID,2025-08-26 10:06:39,,B002,,
O01294,,,,WALK_IN,2025-08-27 12:50:04,COMPLETED,121.14,0.0,0.0,121.14,CASH,PAID,2025-08-27 12:50:29,C0111,B002,,S0022
O01288,,,,PICKUP,2025-08-28 09:53:04,COMPLETED,434.29,0.0,0.0,434.29,CARD,PAID,2025-08-28 09:57:24,C0030,B008,,
O01270,,,,PICKUP,2025-08-28 13:05:05,COMPLETED,213.43,0.0,0.0,213.43,CASH,PAID,2025-08-28 13:08:57,C0034,B001,,S0007
O01285,Ho Jia En,+60149827734,ho.jia.en.c0009@example.test,DELIVERY,2025-08-28 13:39:35,COMPLETED,157.47,0.0,0.0,176.97,ONLINE_BANKING,PAID,2025-08-28 13:41:22,C0009,B001,,S0004
O01245,,,,WALK_IN,2025-08-29 10:18:43,COMPLETED,147.41,0.0,44.23,103.18,CARD,PAID,2025-08-29 10:19:26,C0077,B011,,S0114
O01256,,,,WALK_IN,2025-08-29 10:26:40,COMPLETED,249.71,0.0,0.0,249.71,CARD,PAID,2025-08-29 10:29:48,,B002,,S0018
O01234,,,,PICKUP,2025-08-29 20:13:55,COMPLETED,122.15,0.0,8.53,113.62,E_WALLET,PAID,2025-08-29 20:18:35,C0046,B002,,
O01236,,,,WALK_IN,2025-08-29 20:52:50,COMPLETED,133.05,0.0,48.86,84.19,CASH,PAID,2025-08-29 20:57:30,C0050,B012,,
O01247,Nadia binti Nasir,+60124562588,nadia.binti.nasir.c0066@example.test,DELIVERY,2025-08-30 15:06:18,COMPLETED,157.56,0.0,0.0,165.96,CARD,PAID,2025-08-30 15:07:02,C0066,B001,,S0008
O01281,,,,WALK_IN,2025-08-30 15:55:47,COMPLETED,60.72,0.0,0.0,60.72,CARD,PAID,2025-08-30 15:59:12,C0018,B001,,S0004
O01290,Guest User,+60113962493,guest1290@example.test,WALK_IN,2025-08-30 18:35:10,COMPLETED,84.03,0.0,0.0,84.03,CARD,PAID,2025-08-30 18:39:02,,B001,,S0012
O01235,,,,PICKUP,2025-08-30 18:45:26,COMPLETED,203.76,0.0,0.0,203.76,CARD,PAID,2025-08-30 18:45:58,C0027,B002,,S0022
O01299,,,,WALK_IN,2025-08-31 14:41:23,COMPLETED,69.21,0.0,0.0,69.21,ONLINE_BANKING,PAID,2025-08-31 14:42:43,C0086,B008,,S0093
O01301,Guest User,+60119791042,guest1301@example.test,PICKUP,2025-09-01 18:27:56,COMPLETED,141.52,0.0,0.0,141.52,CASH,PAID,2025-09-01 18:32:23,,B004,,S0055
O01304,Syafiq bin Razak,+60168593255,syafiq.bin.razak.c0021@example.test,DELIVERY,2025-09-03 10:15:17,COMPLETED,86.3,0.0,0.0,105.18,E_WALLET,PAID,2025-09-03 10:16:51,C0021,B005,,S0063
O01346,Guest User,+60157853074,guest1346@example.test,PICKUP,2025-09-03 11:43:22,COMPLETED,54.48,0.0,0.0,54.48,CARD,PAID,2025-09-03 11:44:02,,B006,,S0069
O01325,Guest User,+60163625964,guest1325@example.test,PICKUP,2025-09-03 19:17:40,COMPLETED,82.04,0.0,0.0,82.04,E_WALLET,PAID,2025-09-03 19:20:53,,B002,,S0022
O01357,,,,WALK_IN,2025-09-04 16:24:12,COMPLETED,175.85,0.0,0.0,175.85,CASH,PAID,2025-09-04 16:25:11,,B005,,S0063
O01333,Nadia binti Hassan,+60104487570,nadia.binti.hassan.c0072@example.test,DELIVERY,2025-09-05 14:39:33,COMPLETED,253.12,0.0,34.94,230.98,CARD,PAID,2025-09-05 14:42:47,C0072,B001,,
O01365,,,,WALK_IN,2025-09-06 11:13:54,COMPLETED,170.21,0.0,59.58,110.63,CARD,PAID,2025-09-06 11:17:18,C0112,B001,,S0004
O01321,Guest User,+60147830161,guest1321@example.test,WALK_IN,2025-09-06 11:47:28,COMPLETED,128.63,0.0,0.0,128.63,CARD,PAID,2025-09-06 11:50:19,,B001,,S0004
O01348,,,,WALK_IN,2025-09-06 12:42:13,COMPLETED,93.59,0.0,0.0,93.59,CASH,PAID,2025-09-06 12:45:35,C0106,B004,,S0052
O01351,,,,WALK_IN,2025-09-06 17:17:22,COMPLETED,221.62,18.0,0.0,203.62,CARD,PAID,2025-09-06 17:19:13,C0039,B002,V014,S0022
O01309,,,,WALK_IN,2025-09-07 10:30:46,COMPLETED,138.54,0.0,0.0,138.54,E_WALLET,PAID,2025-09-07 10:31:05,,B002,,S0023
O01340,,,,PICKUP,2025-09-07 20:00:15,COMPLETED,147.14,0.0,0.0,147.14,E_WALLET,PAID,2025-09-07 20:05:00,C0064,B010,,
O01307,,,,PICKUP,2025-09-08 08:18:29,COMPLETED,368.08,0.0,0.0,368.08,CARD,PAID,2025-09-08 08:23:08,C0078,B002,,S0023
O01331,,,,WALK_IN,2025-09-08 12:26:55,COMPLETED,18.36,0.0,0.0,18.36,CASH,PAID,2025-09-08 12:29:12,,B003,,S0043
O01361,Hana binti Basri,+60176721272,hana.binti.basri.c0089@example.test,DELIVERY,2025-09-08 16:53:45,COMPLETED,69.67,0.0,11.16,79.31,E_WALLET,PAID,2025-09-08 16:56:48,C0089,B001,,
O01352,,,,PICKUP,2025-09-08 20:01:15,COMPLETED,190.51,0.0,0.0,190.51,CARD,PAID,2025-09-08 20:05:17,C0055,B002,,S0030
O01314,Guest User,+60111922987,guest1314@example.test,WALK_IN,2025-09-09 15:18:57,COMPLETED,209.88,0.0,0.0,209.88,CASH,PAID,2025-09-09 15:21:08,,B001,,S0004
O01303,,,,PICKUP,2025-09-09 19:39:37,COMPLETED,86.39,0.0,0.0,86.39,CARD,PAID,2025-09-09 19:42:07,C0106,B003,,
O01350,,,,WALK_IN,2025-09-09 20:15:55,COMPLETED,374.73,0.0,100.0,274.73,CARD,PAID,2025-09-09 20:16:58,C0001,B007,,S0084
O01337,,,,WALK_IN,2025-09-10 08:07:01,COMPLETED,272.24,0.0,0.0,272.24,CASH,PAID,2025-09-10 08:11:58,C0118,B001,,S0004
O01330,,,,WALK_IN,2025-09-10 18:17:46,COMPLETED,165.36,0.0,0.0,165.36,CASH,PAID,2025-09-10 18:22:46,,B001,,S0013
O01312,,,,PICKUP,2025-09-10 18:29:03,COMPLETED,198.2,0.0,0.0,198.2,CASH,PAID,2025-09-10 18:31:25,C0027,B005,,
O01362,Guest User,+60174424549,guest1362@example.test,WALK_IN,2025-09-11 17:18:06,COMPLETED,112.79,0.0,0.0,112.79,ONLINE_BANKING,PAID,2025-09-11 17:18:29,,B001,,S0012
O01338,,,,WALK_IN,2025-09-12 09:30:10,COMPLETED,208.92,15.0,100.0,93.92,CASH,PAID,2025-09-12 09:34:49,C0085,B003,V008,S0046
O01366,Guest User,+60174883730,guest1366@example.test,PICKUP,2025-09-12 11:58:13,COMPLETED,87.97,0.0,0.0,87.97,CARD,PAID,2025-09-12 11:59:01,,B003,,
O01324,,,,WALK_IN,2025-09-12 13:28:35,COMPLETED,145.83,0.0,0.0,145.83,CASH,PAID,2025-09-12 13:29:11,C0067,B002,,S0023
O01319,,,,WALK_IN,2025-09-12 14:01:50,COMPLETED,28.56,0.0,0.0,28.56,ONLINE_BANKING,PAID,2025-09-12 14:04:01,C0105,B008,,S0095
O01316,,,,WALK_IN,2025-09-12 16:23:49,COMPLETED,291.9,0.0,0.0,291.9,CASH,PAID,2025-09-12 16:28:19,C0037,B001,,S0004
O01349,Guest User,+60115437399,guest1349@example.test,PICKUP,2025-09-12 18:04:05,COMPLETED,182.77,0.0,0.0,182.77,CASH,PAID,2025-09-12 18:05:11,,B003,,S0039
O01345,Syafiq bin Razak,+60168593255,syafiq.bin.razak.c0021@example.test,DELIVERY,2025-09-13 08:31:04,COMPLETED,86.72,0.0,0.0,101.04,ONLINE_BANKING,PAID,2025-09-13 08:32:44,C0021,B005,,
O01308,,,,WALK_IN,2025-09-13 10:19:55,COMPLETED,100.33,0.0,0.0,100.33,CARD,PAID,2025-09-13 10:22:12,C0004,B001,,S0004
O01353,,,,WALK_IN,2025-09-13 10:19:56,COMPLETED,148.07,0.0,0.0,148.07,E_WALLET,PAID,2025-09-13 10:20:41,C0101,B002,,S0018
O01306,Guest User,+60122125844,guest1306@example.test,WALK_IN,2025-09-13 13:46:46,COMPLETED,388.52,0.0,0.0,388.52,ONLINE_BANKING,PAID,2025-09-13 13:49:51,,B002,,S0018
O01344,,,,WALK_IN,2025-09-13 17:56:21,COMPLETED,16.04,0.0,0.0,16.04,CASH,PAID,2025-09-13 18:00:35,,B005,,S0062
O01323,Priya a/p Maniam,+60169296430,priya.a.p.maniam.c0065@example.test,DELIVERY,2025-09-13 19:21:52,COMPLETED,255.98,0.0,36.96,230.87,ONLINE_BANKING,PAID,2025-09-13 19:24:18,C0065,B004,,
O01300,,,,WALK_IN,2025-09-13 20:43:44,COMPLETED,98.24,0.0,0.0,98.24,CASH,PAID,2025-09-13 20:47:11,,B004,,S0056
O01367,Guest User,+60131699041,guest1367@example.test,WALK_IN,2025-09-14 10:58:01,COMPLETED,275.64,0.0,0.0,275.64,CARD,PAID,2025-09-14 11:02:26,,B003,,S0043
O01336,,,,PICKUP,2025-09-14 13:36:31,COMPLETED,149.11,0.0,88.84,60.27,CARD,PAID,2025-09-14 13:38:37,C0089,B001,,S0008
O01332,Guest User,+60163152164,guest1332@example.test,WALK_IN,2025-09-15 11:46:54,COMPLETED,133.98,0.0,0.0,133.98,CASH,PAID,2025-09-15 11:47:38,,B002,,S0018
O01335,,,,WALK_IN,2025-09-15 15:49:22,COMPLETED,81.3,0.0,0.0,81.3,ONLINE_BANKING,PAID,2025-09-15 15:53:50,,B012,,
O01339,Guest User,+60127595393,guest1339@example.test,DELIVERY,2025-09-16 20:49:07,COMPLETED,76.52,0.0,0.0,84.44,E_WALLET,PAID,2025-09-16 20:52:25,,B003,,
O01313,,,,WALK_IN,2025-09-17 13:43:01,COMPLETED,65.49,0.0,0.0,65.49,E_WALLET,PAID,2025-09-17 13:47:37,C0105,B006,,S0067
O01358,,,,PICKUP,2025-09-17 13:59:45,COMPLETED,60.45,0.0,0.0,60.45,E_WALLET,PAID,2025-09-17 14:03:07,C0066,B001,,
O01329,,,,WALK_IN,2025-09-17 16:00:39,COMPLETED,304.24,0.0,0.0,304.24,CASH,PAID,2025-09-17 16:04:32,C0116,B002,,S0023
O01343,,,,WALK_IN,2025-09-18 09:59:38,COMPLETED,235.36,0.0,0.0,235.36,CASH,PAID,2025-09-18 10:03:16,C0083,B003,,S0039
O01317,Guest User,+60121953361,guest1317@example.test,DELIVERY,2025-09-18 10:40:39,COMPLETED,197.15,0.0,0.0,215.79,CARD,PAID,2025-09-18 10:41:43,,B005,,S0063
O01322,,,,WALK_IN,2025-09-18 19:57:43,COMPLETED,151.39,0.0,0.0,151.39,CASH,PAID,2025-09-18 20:00:25,,B003,,S0043
O01341,Danish bin Fauzi,+60174287973,danish.bin.fauzi.c0074@example.test,DELIVERY,2025-09-19 11:43:33,COMPLETED,8.53,0.0,8.53,8.96,ONLINE_BANKING,PAID,2025-09-19 11:47:42,C0074,B002,,
O01355,,,,PICKUP,2025-09-19 12:42:31,COMPLETED,203.28,0.0,0.0,203.28,CASH,PAID,2025-09-19 12:42:59,C0067,B006,,S0070
O01363,,,,WALK_IN,2025-09-19 20:58:04,COMPLETED,89.3,0.0,42.33,46.97,CASH,PAID,2025-09-19 21:02:51,C0056,B001,,S0002
O01318,,,,WALK_IN,2025-09-20 08:32:31,COMPLETED,175.19,0.0,0.0,175.19,CASH,PAID,2025-09-20 08:36:57,,B004,,S0056
O01342,Guest User,+60191415147,guest1342@example.test,PICKUP,2025-09-20 13:10:41,COMPLETED,65.59,0.0,0.0,65.59,ONLINE_BANKING,PAID,2025-09-20 13:11:27,,B006,,S0070
O01347,Guest User,+60123322466,guest1347@example.test,DELIVERY,2025-09-20 13:38:40,COMPLETED,120.46,0.0,0.0,136.7,CARD,PAID,2025-09-20 13:38:59,,B011,,
O01360,,,,WALK_IN,2025-09-22 14:48:12,COMPLETED,44.91,0.0,0.0,44.91,CARD,PAID,2025-09-22 14:51:18,,B005,,S0063
O01356,Ivan Giman,+60160216530,ivan.giman.c0008@example.test,DELIVERY,2025-09-25 12:17:26,COMPLETED,217.35,12.0,0.0,211.85,CARD,PAID,2025-09-25 12:20:13,C0008,B001,V009,
O01310,Guest User,+60138924851,guest1310@example.test,PICKUP,2025-09-25 17:49:28,COMPLETED,147.08,0.0,0.0,147.08,ONLINE_BANKING,PAID,2025-09-25 17:52:19,,B002,,
O01354,,,,WALK_IN,2025-09-26 08:25:26,COMPLETED,164.01,0.0,0.0,164.01,CASH,PAID,2025-09-26 08:27:21,C0079,B002,,S0018
O01334,,,,WALK_IN,2025-09-26 17:55:03,COMPLETED,52.35,0.0,0.0,52.35,CASH,PAID,2025-09-26 17:59:54,C0046,B005,,S0062
O01328,Guest User,+60133386666,guest1328@example.test,DELIVERY,2025-09-26 18:48:42,COMPLETED,303.48,0.0,0.0,312.36,CARD,PAID,2025-09-26 18:50:12,,B002,,S0029
O01359,Guest User,+60114579094,guest1359@example.test,WALK_IN,2025-09-26 18:51:55,COMPLETED,374.51,0.0,0.0,374.51,CARD,PAID,2025-09-26 18:56:51,,B006,,S0069
O01327,Guest User,+60158428059,guest1327@example.test,WALK_IN,2025-09-26 19:42:56,COMPLETED,137.0,0.0,0.0,137.0,CARD,PAID,2025-09-26 19:45:12,,B002,,S0018
O01315,,,,WALK_IN,2025-09-27 09:20:44,COMPLETED,118.07,0.0,0.0,118.07,CASH,PAID,2025-09-27 09:21:12,C0012,B003,,S0041
O01305,,,,WALK_IN,2025-09-28 08:31:28,COMPLETED,269.93,0.0,0.0,269.93,CARD,PAID,2025-09-28 08:33:21,C0101,B005,,S0062
O01368,,,,WALK_IN,2025-09-28 17:00:40,COMPLETED,132.27,0.0,0.0,132.27,CASH,PAID,2025-09-28 17:01:54,C0098,B001,,S0002
O01364,,,,PICKUP,2025-09-28 19:50:16,COMPLETED,328.33,0.0,0.0,328.33,CARD,PAID,2025-09-28 19:53:03,C0103,B001,,S0012
O01311,Chan Pei Shan,+60138636151,chan.pei.shan.c0029@example.test,DELIVERY,2025-09-29 10:35:20,COMPLETED,296.61,0.0,0.0,316.77,ONLINE_BANKING,PAID,2025-09-29 10:37:33,C0029,B008,,S0088
O01326,,,,WALK_IN,2025-09-29 20:09:58,COMPLETED,61.04,0.0,0.0,61.04,E_WALLET,PAID,2025-09-29 20:10:29,C0052,B007,,S0078
O01302,,,,WALK_IN,2025-09-30 08:17:03,COMPLETED,186.4,0.0,34.77,151.63,CASH,PAID,2025-09-30 08:19:20,C0023,B008,,S0093
O01320,,,,WALK_IN,2025-09-30 11:13:50,COMPLETED,203.28,0.0,65.23,138.05,CASH,PAID,2025-09-30 11:14:13,C0023,B007,,S0082
O01392,Guest User,+60185295015,guest1392@example.test,PICKUP,2025-10-02 16:28:58,COMPLETED,84.32,0.0,0.0,84.32,CASH,PAID,2025-10-02 16:31:57,,B002,,S0023
O01401,,,,WALK_IN,2025-10-02 17:14:52,COMPLETED,176.42,0.0,22.14,154.28,CARD,PAID,2025-10-02 17:16:48,C0090,B007,,S0078
O01412,Guest User,+60125291011,guest1412@example.test,PICKUP,2025-10-03 08:46:16,COMPLETED,95.02,0.0,0.0,95.02,CARD,PAID,2025-10-03 08:48:36,,B011,,
O01389,,,,WALK_IN,2025-10-03 10:55:14,COMPLETED,119.24,0.0,0.0,119.24,CASH,PAID,2025-10-03 10:56:28,,B006,,S0067
O01386,,,,WALK_IN,2025-10-03 13:33:12,COMPLETED,107.99,0.0,0.0,107.99,E_WALLET,PAID,2025-10-03 13:37:17,,B003,,S0043
O01388,,,,PICKUP,2025-10-03 15:58:05,COMPLETED,236.67,0.0,100.0,136.67,CASH,PAID,2025-10-03 16:00:10,C0098,B003,,
O01421,,,,WALK_IN,2025-10-03 17:46:53,COMPLETED,62.42,0.0,0.0,62.42,CASH,PAID,2025-10-03 17:49:41,,B001,,S0013
O01434,,,,WALK_IN,2025-10-04 18:31:56,COMPLETED,78.0,0.0,7.38,70.62,ONLINE_BANKING,PAID,2025-10-04 18:32:26,C0037,B003,,S0044
O01404,,,,WALK_IN,2025-10-04 18:40:46,COMPLETED,157.31,0.0,0.0,157.31,E_WALLET,PAID,2025-10-04 18:41:52,C0048,B004,,S0056
O01372,,,,WALK_IN,2025-10-05 15:35:36,COMPLETED,69.58,0.0,0.0,69.58,CASH,PAID,2025-10-05 15:36:53,C0038,B011,,S0114
O01402,Guest User,+60181564295,guest1402@example.test,PICKUP,2025-10-06 09:02:06,COMPLETED,395.04,0.0,0.0,395.04,CARD,PAID,2025-10-06 09:05:22,,B002,,S0022
O01425,Guest User,+60106822915,guest1425@example.test,PICKUP,2025-10-07 09:00:34,COMPLETED,161.69,0.0,0.0,161.69,CASH,PAID,2025-10-07 09:04:32,,B002,,
O01435,,,,WALK_IN,2025-10-07 09:27:29,COMPLETED,22.99,0.0,0.0,22.99,CASH,PAID,2025-10-07 09:31:49,,B006,,S0076
O01394,Guest User,+60188302981,guest1394@example.test,PICKUP,2025-10-07 09:42:29,COMPLETED,158.94,0.0,0.0,158.94,CASH,PAID,2025-10-07 09:47:20,,B004,,
O01385,,,,WALK_IN,2025-10-07 12:23:29,COMPLETED,233.87,15.0,100.0,118.87,CASH,PAID,2025-10-07 12:26:38,C0019,B008,V008,S0089
O01408,,,,PICKUP,2025-10-08 09:24:06,COMPLETED,496.64,0.0,0.0,496.64,E_WALLET,PAID,2025-10-08 09:28:27,C0048,B002,,S0030
O01373,Guest User,+60146506884,guest1373@example.test,PICKUP,2025-10-08 10:57:48,CANCELLED,368.77,0.0,0.0,368.77,CASH,FAILED,,,B001,,S0006
O01436,,,,WALK_IN,2025-10-08 16:53:07,COMPLETED,33.92,0.0,0.0,33.92,E_WALLET,PAID,2025-10-08 16:55:28,C0020,B005,,S0058
O01396,,,,WALK_IN,2025-10-10 10:05:56,COMPLETED,246.9,12.0,0.0,234.9,CASH,PAID,2025-10-10 10:08:47,C0003,B002,V009,S0018
O01411,,,,WALK_IN,2025-10-10 15:09:09,COMPLETED,63.4,0.0,0.0,63.4,CARD,PAID,2025-10-10 15:12:00,C0086,B002,,S0018
O01414,,,,PICKUP,2025-10-10 16:15:28,COMPLETED,95.32,0.0,0.0,95.32,ONLINE_BANKING,PAID,2025-10-10 16:15:47,C0113,B003,,S0045
O01439,Guest User,+60168756915,guest1439@example.test,WALK_IN,2025-10-10 18:28:03,COMPLETED,10.65,0.0,0.0,10.65,ONLINE_BANKING,PAID,2025-10-10 18:32:13,,B005,,S0063
O01384,Guest User,+60103409098,guest1384@example.test,PICKUP,2025-10-11 13:29:04,COMPLETED,150.99,0.0,0.0,150.99,CASH,PAID,2025-10-11 13:31:44,,B001,,
O01395,,,,WALK_IN,2025-10-11 18:33:20,COMPLETED,268.16,0.0,0.0,268.16,ONLINE_BANKING,PAID,2025-10-11 18:35:01,,B003,,S0044
O01442,,,,PICKUP,2025-10-12 09:19:20,COMPLETED,221.65,0.0,0.0,221.65,E_WALLET,PAID,2025-10-12 09:20:58,C0105,B001,,S0004
O01432,,,,PICKUP,2025-10-12 19:44:39,COMPLETED,78.86,0.0,47.1,31.76,CASH,PAID,2025-10-12 19:48:08,C0085,B002,,S0022
O01444,,,,WALK_IN,2025-10-13 09:25:13,COMPLETED,160.9,0.0,0.0,160.9,CASH,PAID,2025-10-13 09:27:21,,B003,,S0046
O01379,,,,WALK_IN,2025-10-13 18:26:04,COMPLETED,197.7,12.0,0.0,185.7,E_WALLET,PAID,2025-10-13 18:30:45,C0078,B004,V009,S0052
O01430,,,,WALK_IN,2025-10-13 18:35:57,COMPLETED,151.32,0.0,0.0,151.32,CASH,PAID,2025-10-13 18:38:06,,B001,,S0006
O01437,,,,WALK_IN,2025-10-14 13:31:27,COMPLETED,110.8,0.0,0.0,110.8,CASH,PAID,2025-10-14 13:34:35,C0039,B010,,S0107
O01433,Guest User,+60137895112,guest1433@example.test,PICKUP,2025-10-15 18:14:50,COMPLETED,470.04,0.0,0.0,470.04,ONLINE_BANKING,PAID,2025-10-15 18:16:16,,B003,,
O01441,,,,WALK_IN,2025-10-15 20:17:01,COMPLETED,162.13,0.0,33.48,128.65,ONLINE_BANKING,PAID,2025-10-15 20:19:20,C0041,B003,,S0041
O01370,Guest User,+60199313388,guest1370@example.test,DELIVERY,2025-10-16 08:29:08,COMPLETED,176.55,0.0,0.0,198.75,ONLINE_BANKING,PAID,2025-10-16 08:30:12,,B002,,
O01416,,,,PICKUP,2025-10-16 20:24:48,COMPLETED,158.99,0.0,0.0,158.99,E_WALLET,PAID,2025-10-16 20:26:42,C0021,B001,,
O01371,,,,WALK_IN,2025-10-17 12:23:43,COMPLETED,345.18,0.0,0.0,345.18,ONLINE_BANKING,PAID,2025-10-17 12:25:35,,B010,,S0107
O01398,,,,PICKUP,2025-10-17 17:50:06,COMPLETED,290.88,0.0,0.0,290.88,CASH,PAID,2025-10-17 17:54:40,C0067,B008,,S0096
O01387,Guest User,+60107150118,guest1387@example.test,DELIVERY,2025-10-18 11:05:51,COMPLETED,53.16,0.0,0.0,72.12,CARD,PAID,2025-10-18 11:09:35,,B003,,S0043
O01369,,,,PICKUP,2025-10-18 11:53:07,COMPLETED,146.5,0.0,41.38,105.12,CARD,PAID,2025-10-18 11:54:57,C0102,B008,,
O01420,,,,PICKUP,2025-10-18 16:57:43,COMPLETED,214.92,0.0,100.0,114.92,CASH,PAID,2025-10-18 17:01:52,C0028,B003,,S0039
O01431,,,,WALK_IN,2025-10-18 19:52:16,COMPLETED,208.98,0.0,0.0,208.98,CASH,PAID,2025-10-18 19:53:16,,B006,,S0069
O01415,,,,WALK_IN,2025-10-18 20:47:43,COMPLETED,28.69,0.0,0.0,28.69,CASH,PAID,2025-10-18 20:52:26,C0057,B003,,S0032
O01406,Guest User,+60157124278,guest1406@example.test,DELIVERY,2025-10-19 08:51:19,COMPLETED,144.56,0.0,0.0,153.28,ONLINE_BANKING,PAID,2025-10-19 08:54:03,,B008,,
O01407,,,,PICKUP,2025-10-19 14:47:27,COMPLETED,67.79,12.0,0.0,55.79,E_WALLET,PAID,2025-10-19 14:52:22,C0034,B003,V009,S0044
O01393,Guest User,+60108446943,guest1393@example.test,WALK_IN,2025-10-19 17:43:45,COMPLETED,164.59,0.0,0.0,164.59,CASH,PAID,2025-10-19 17:48:23,,B002,,S0023
O01375,Guest User,+60156768132,guest1375@example.test,DELIVERY,2025-10-19 18:26:56,COMPLETED,122.9,0.0,0.0,135.05,E_WALLET,PAID,2025-10-19 18:28:45,,B007,,
O01381,,,,PICKUP,2025-10-20 08:28:10,COMPLETED,228.73,0.0,0.0,228.73,CARD,PAID,2025-10-20 08:31:35,C0114,B005,,S0057
O01377,,,,PICKUP,2025-10-20 08:45:50,COMPLETED,111.58,0.0,0.0,111.58,E_WALLET,PAID,2025-10-20 08:49:45,C0078,B001,,S0004
O01410,Guest User,+60166567357,guest1410@example.test,PICKUP,2025-10-20 11:19:25,COMPLETED,149.83,0.0,0.0,149.83,CARD,PAID,2025-10-20 11:24:22,,B012,,
O01378,Guest User,+60141081145,guest1378@example.test,WALK_IN,2025-10-20 14:42:03,COMPLETED,225.38,0.0,0.0,225.38,CASH,PAID,2025-10-20 14:42:20,,B002,,S0023
O01380,Zara binti Ismail,+60131836792,zara.binti.ismail.c0125@example.test,DELIVERY,2025-10-20 18:48:30,COMPLETED,413.36,0.0,0.0,435.06,ONLINE_BANKING,PAID,2025-10-20 18:53:22,C0125,B002,,
O01438,,,,WALK_IN,2025-10-21 10:51:29,COMPLETED,95.81,0.0,0.0,95.81,ONLINE_BANKING,PAID,2025-10-21 10:53:37,,B004,,S0051
O01403,Guest User,+60132432210,guest1403@example.test,DELIVERY,2025-10-21 14:12:44,COMPLETED,46.72,0.0,0.0,57.92,CARD,PAID,2025-10-21 14:16:08,,B011,,
O01443,,,,WALK_IN,2025-10-22 18:33:31,COMPLETED,115.14,0.0,0.0,115.14,ONLINE_BANKING,PAID,2025-10-22 18:36:40,,B004,,S0051
O01376,,,,WALK_IN,2025-10-23 08:48:20,COMPLETED,322.77,18.0,0.0,304.77,CASH,PAID,2025-10-23 08:51:04,C0057,B011,V014,S0109
O01383,Guest User,+60139641217,guest1383@example.test,WALK_IN,2025-10-23 19:09:36,COMPLETED,124.78,0.0,0.0,124.78,CARD,PAID,2025-10-23 19:11:44,,B008,,S0095
O01429,,,,PICKUP,2025-10-24 08:46:18,COMPLETED,142.31,0.0,45.05,97.26,CARD,PAID,2025-10-24 08:48:51,C0001,B003,,
O01390,Marcus Rantai,+60168227301,marcus.rantai.c0108@example.test,DELIVERY,2025-10-24 08:55:34,COMPLETED,81.42,0.0,0.0,101.58,CARD,PAID,2025-10-24 08:59:03,C0108,B003,,S0039
O01424,,,,WALK_IN,2025-10-24 12:39:21,COMPLETED,30.94,0.0,0.0,30.94,CASH,PAID,2025-10-24 12:42:11,C0028,B002,,S0022
O01382,,,,WALK_IN,2025-10-24 13:54:03,COMPLETED,125.46,0.0,0.0,125.46,CASH,PAID,2025-10-24 13:54:18,,B007,,S0082
O01426,,,,WALK_IN,2025-10-24 14:56:58,COMPLETED,83.25,0.0,0.0,83.25,CASH,PAID,2025-10-24 15:01:07,C0131,B001,,S0006
O01428,,,,WALK_IN,2025-10-24 16:29:24,COMPLETED,414.16,0.0,0.0,414.16,CARD,PAID,2025-10-24 16:32:25,,B004,,S0051
O01427,,,,PICKUP,2025-10-25 08:28:31,COMPLETED,102.88,0.0,0.0,102.88,CARD,PAID,2025-10-25 08:30:28,C0087,B003,,S0046
O01423,Guest User,+60138529288,guest1423@example.test,WALK_IN,2025-10-25 13:37:02,COMPLETED,250.81,0.0,0.0,250.81,CASH,PAID,2025-10-25 13:38:30,,B005,,S0062
O01400,Ananya a/p Raj,+60140531710,ananya.a.p.raj.c0127@example.test,DELIVERY,2025-10-25 13:48:44,COMPLETED,82.42,0.0,0.0,102.18,ONLINE_BANKING,PAID,2025-10-25 13:53:02,C0127,B003,,S0043
O01399,Guest User,+60129592220,guest1399@example.test,WALK_IN,2025-10-26 11:55:08,COMPLETED,54.91,0.0,0.0,54.91,ONLINE_BANKING,PAID,2025-10-26 11:56:14,,B004,,S0051
O01397,Guest User,+60149615513,guest1397@example.test,PICKUP,2025-10-26 15:09:57,COMPLETED,167.01,0.0,0.0,167.01,CASH,PAID,2025-10-26 15:13:53,,B005,,S0065
O01391,,,,WALK_IN,2025-10-26 16:30:37,COMPLETED,147.28,0.0,30.38,116.9,CASH,PAID,2025-10-26 16:33:09,C0025,B002,,S0023
O01440,,,,WALK_IN,2025-10-26 20:31:23,COMPLETED,259.16,0.0,0.0,259.16,ONLINE_BANKING,PAID,2025-10-26 20:35:15,C0073,B006,,S0067
O01419,,,,WALK_IN,2025-10-27 13:45:04,COMPLETED,142.16,0.0,100.0,42.16,CARD,PAID,2025-10-27 13:49:16,C0095,B003,,S0039
O01418,Guest User,+60164242824,guest1418@example.test,DELIVERY,2025-10-27 17:13:44,COMPLETED,131.76,0.0,0.0,144.51,ONLINE_BANKING,PAID,2025-10-27 17:16:06,,B008,,S0087
O01413,Guest User,+60178117151,guest1413@example.test,PICKUP,2025-10-28 18:09:07,COMPLETED,163.76,0.0,0.0,163.76,CASH,PAID,2025-10-28 18:13:39,,B005,,
O01405,Adrian Kedit,+60169727703,adrian.kedit.c0105@example.test,DELIVERY,2025-10-28 19:20:26,COMPLETED,35.28,0.0,0.0,49.2,CARD,PAID,2025-10-28 19:23:29,C0105,B003,,
O01409,,,,WALK_IN,2025-10-30 08:10:16,COMPLETED,189.09,0.0,0.0,189.09,CASH,PAID,2025-10-30 08:13:23,C0096,B003,,S0039
O01374,,,,WALK_IN,2025-10-30 15:48:56,CANCELLED,345.11,0.0,0.0,345.11,E_WALLET,FAILED,,C0114,B007,,S0084
O01422,,,,PICKUP,2025-10-31 12:32:58,COMPLETED,143.29,0.0,0.0,143.29,ONLINE_BANKING,PAID,2025-10-31 12:35:40,C0057,B006,,
O01417,,,,WALK_IN,2025-10-31 20:11:04,COMPLETED,44.31,0.0,0.0,44.31,CARD,PAID,2025-10-31 20:15:03,C0069,B006,,S0068
O01492,Guest User,+60131591377,guest1492@example.test,WALK_IN,2025-11-01 17:16:24,COMPLETED,139.12,0.0,0.0,139.12,CASH,PAID,2025-11-01 17:20:22,,B006,,S0072
O01499,,,,WALK_IN,2025-11-01 17:21:25,COMPLETED,160.14,0.0,22.47,137.67,E_WALLET,PAID,2025-11-01 17:24:50,C0023,B003,,S0032
O01495,,,,WALK_IN,2025-11-01 19:41:28,COMPLETED,60.01,0.0,0.0,60.01,ONLINE_BANKING,PAID,2025-11-01 19:44:18,C0031,B004,,S0051
O01519,,,,WALK_IN,2025-11-02 10:22:45,COMPLETED,209.84,12.0,0.0,197.84,CASH,PAID,2025-11-02 10:23:44,C0061,B011,V009,S0114
O01472,,,,WALK_IN,2025-11-02 14:46:39,COMPLETED,117.57,0.0,0.0,117.57,CASH,PAID,2025-11-02 14:50:19,,B004,,S0052
O01462,Guest User,+60126138831,guest1462@example.test,PICKUP,2025-11-02 16:47:01,COMPLETED,199.82,0.0,0.0,199.82,CASH,PAID,2025-11-02 16:50:51,,B001,,S0013
O01446,Akmal bin Basri,+60101320648,akmal.bin.basri.c0057@example.test,DELIVERY,2025-11-02 18:15:34,COMPLETED,151.26,0.0,0.0,163.26,E_WALLET,PAID,2025-11-02 18:16:42,C0057,B004,,
O01469,,,,WALK_IN,2025-11-03 08:46:39,COMPLETED,212.97,0.0,0.0,212.97,CASH,PAID,2025-11-03 08:48:14,C0083,B007,,S0086
O01475,,,,WALK_IN,2025-11-03 13:17:30,COMPLETED,232.57,0.0,100.0,132.57,CASH,PAID,2025-11-03 13:20:16,C0093,B001,,S0013
O01479,Guest User,+60176319422,guest1479@example.test,WALK_IN,2025-11-03 16:00:53,COMPLETED,58.49,0.0,0.0,58.49,CARD,PAID,2025-11-03 16:03:21,,B002,,S0018
O01513,,,,WALK_IN,2025-11-03 17:04:28,COMPLETED,138.56,0.0,72.22,66.34,CARD,PAID,2025-11-03 17:05:31,C0085,B008,,S0095
O01488,,,,WALK_IN,2025-11-03 20:06:47,COMPLETED,256.72,0.0,0.0,256.72,CARD,PAID,2025-11-03 20:07:35,C0005,B004,,S0056
O01447,,,,WALK_IN,2025-11-04 14:01:52,COMPLETED,120.41,0.0,0.0,120.41,CASH,PAID,2025-11-04 14:03:39,C0049,B003,,S0041
O01466,Guest User,+60193944189,guest1466@example.test,WALK_IN,2025-11-04 14:14:04,COMPLETED,110.38,0.0,0.0,110.38,E_WALLET,PAID,2025-11-04 14:18:06,,B005,,S0062
O01527,Loh Ming Jie,+60180052335,loh.ming.jie.c0047@example.test,DELIVERY,2025-11-04 14:25:38,COMPLETED,147.12,0.0,0.0,155.87,E_WALLET,PAID,2025-11-04 14:27:47,C0047,B002,,
O01501,,,,WALK_IN,2025-11-04 14:51:36,COMPLETED,344.47,18.0,0.0,326.47,ONLINE_BANKING,PAID,2025-11-04 14:53:14,C0009,B007,V012,S0078
O01512,,,,WALK_IN,2025-11-04 17:04:44,COMPLETED,297.56,0.0,0.0,297.56,CARD,PAID,2025-11-04 17:08:57,C0024,B007,,S0086
O01497,Guest User,+60119950210,guest1497@example.test,PICKUP,2025-11-05 18:51:05,COMPLETED,178.54,0.0,0.0,178.54,ONLINE_BANKING,PAID,2025-11-05 18:54:10,,B004,,
O01474,,,,WALK_IN,2025-11-05 19:52:47,COMPLETED,212.72,0.0,0.0,212.72,CARD,PAID,2025-11-05 19:56:49,,B008,,S0093
O01445,Guest User,+60191523316,guest1445@example.test,DELIVERY,2025-11-06 20:16:58,COMPLETED,172.26,0.0,0.0,180.31,CARD,PAID,2025-11-06 20:20:23,,B001,,S0013
O01465,Syafiq bin Rahman,+60102460299,syafiq.bin.rahman.c0032@example.test,DELIVERY,2025-11-07 08:19:36,COMPLETED,391.88,0.0,0.0,409.32,E_WALLET,PAID,2025-11-07 08:24:30,C0032,B003,,
O01510,,,,PICKUP,2025-11-07 11:23:42,COMPLETED,160.84,0.0,0.0,160.84,E_WALLET,PAID,2025-11-07 11:26:30,C0094,B003,,
O01521,,,,WALK_IN,2025-11-07 13:11:50,COMPLETED,153.25,0.0,0.0,153.25,CASH,PAID,2025-11-07 13:13:04,C0120,B008,,S0089
O01464,,,,WALK_IN,2025-11-07 14:22:03,COMPLETED,349.74,0.0,0.0,349.74,CASH,PAID,2025-11-07 14:23:42,C0132,B007,,S0082
O01451,,,,WALK_IN,2025-11-07 16:56:17,COMPLETED,117.7,0.0,0.0,117.7,CARD,PAID,2025-11-07 16:59:31,C0091,B005,,S0063
O01450,Guest User,+60192590982,guest1450@example.test,PICKUP,2025-11-08 08:11:31,COMPLETED,253.22,0.0,0.0,253.22,CASH,PAID,2025-11-08 08:15:54,,B002,,S0022
O01487,,,,PICKUP,2025-11-08 11:44:52,COMPLETED,182.19,0.0,0.0,182.19,E_WALLET,PAID,2025-11-08 11:48:35,C0078,B003,,S0044
O01490,,,,PICKUP,2025-11-08 12:19:29,COMPLETED,121.4,0.0,58.98,62.42,CARD,PAID,2025-11-08 12:24:09,C0051,B003,,S0035
O01486,,,,WALK_IN,2025-11-08 12:32:13,COMPLETED,233.39,0.0,0.0,233.39,CARD,PAID,2025-11-08 12:33:44,C0125,B011,,S0109
O01461,,,,WALK_IN,2025-11-08 14:54:18,COMPLETED,132.55,0.0,0.0,132.55,CARD,PAID,2025-11-08 14:58:06,C0107,B003,,S0046
O01509,Nurin binti Basri,+60182755093,nurin.binti.basri.c0104@example.test,DELIVERY,2025-11-08 18:17:15,COMPLETED,164.54,0.0,0.0,176.74,E_WALLET,PAID,2025-11-08 18:18:16,C0104,B004,,S0056
O01476,,,,WALK_IN,2025-11-09 13:09:05,COMPLETED,195.46,0.0,60.64,134.82,CARD,PAID,2025-11-09 13:10:16,C0053,B002,,S0023
O01515,,,,WALK_IN,2025-11-09 17:26:15,COMPLETED,72.77,0.0,0.0,72.77,CARD,PAID,2025-11-09 17:30:32,,B010,,S0107
O01496,Guest User,+60107280342,guest1496@example.test,DELIVERY,2025-11-10 08:12:49,COMPLETED,126.39,0.0,0.0,144.49,E_WALLET,PAID,2025-11-10 08:17:10,,B002,,S0030
O01463,,,,PICKUP,2025-11-10 19:34:27,COMPLETED,212.06,0.0,8.24,203.82,CARD,PAID,2025-11-10 19:39:22,C0072,B008,,
O01503,Guest User,+60108523470,guest1503@example.test,DELIVERY,2025-11-11 15:23:52,COMPLETED,90.78,0.0,0.0,108.3,ONLINE_BANKING,PAID,2025-11-11 15:27:19,,B002,,S0024
O01483,Loh Li Xuan,+60105826532,loh.li.xuan.c0003@example.test,DELIVERY,2025-11-11 18:42:32,COMPLETED,120.87,0.0,34.86,106.25,E_WALLET,PAID,2025-11-11 18:43:35,C0003,B005,,
O01524,,,,WALK_IN,2025-11-11 18:53:46,COMPLETED,307.88,0.0,0.0,307.88,ONLINE_BANKING,PAID,2025-11-11 18:58:40,C0107,B001,,S0012
O01489,,,,WALK_IN,2025-11-12 10:02:07,COMPLETED,213.27,0.0,0.0,213.27,CASH,PAID,2025-11-12 10:06:15,C0130,B003,,S0041
O01459,,,,WALK_IN,2025-11-12 11:28:12,COMPLETED,358.55,12.0,0.0,346.55,CARD,PAID,2025-11-12 11:32:51,C0006,B004,V009,S0056
O01458,Guest User,+60192039693,guest1458@example.test,DELIVERY,2025-11-12 14:24:36,COMPLETED,212.68,0.0,0.0,218.28,ONLINE_BANKING,PAID,2025-11-12 14:24:55,,B008,,
O01448,,,,WALK_IN,2025-11-12 16:01:12,COMPLETED,67.32,0.0,0.0,67.32,CASH,PAID,2025-11-12 16:04:41,,B004,,S0052
O01471,,,,WALK_IN,2025-11-13 08:00:50,COMPLETED,171.33,0.0,0.0,171.33,ONLINE_BANKING,PAID,2025-11-13 08:03:22,C0132,B002,,S0022
O01453,Guest User,+60128079744,guest1453@example.test,DELIVERY,2025-11-13 09:05:21,COMPLETED,216.71,0.0,0.0,243.31,CARD,PAID,2025-11-13 09:08:49,,B001,,
O01454,Hafiz bin Mahmud,+60149531910,hafiz.bin.mahmud.c0116@example.test,DELIVERY,2025-11-13 11:48:43,COMPLETED,130.29,0.0,44.23,98.46,CARD,PAID,2025-11-13 11:52:36,C0116,B005,,S0057
O01506,,,,WALK_IN,2025-11-13 20:22:44,COMPLETED,63.27,0.0,0.0,63.27,ONLINE_BANKING,PAID,2025-11-13 20:24:33,,B002,,S0022
O01480,,,,PICKUP,2025-11-14 11:09:37,COMPLETED,76.41,0.0,58.49,17.92,E_WALLET,PAID,2025-11-14 11:12:42,C0041,B002,,
O01449,,,,WALK_IN,2025-11-14 12:05:46,COMPLETED,333.18,0.0,80.59,252.59,CASH,PAID,2025-11-14 12:10:00,C0032,B005,,S0063
O01493,,,,WALK_IN,2025-11-15 11:08:38,COMPLETED,38.0,0.0,0.0,38.0,CASH,PAID,2025-11-15 11:11:25,,B007,,S0083
O01494,,,,WALK_IN,2025-11-15 15:13:43,CANCELLED,31.48,0.0,0.0,31.48,CASH,FAILED,,C0050,B001,,S0002
O01525,Guest User,+60122916727,guest1525@example.test,WALK_IN,2025-11-16 08:56:41,COMPLETED,254.26,0.0,0.0,254.26,CASH,PAID,2025-11-16 08:58:05,,B002,,S0018
O01514,,,,WALK_IN,2025-11-17 10:41:17,COMPLETED,51.62,0.0,23.24,28.38,CASH,PAID,2025-11-17 10:42:00,C0074,B003,,S0043
O01502,,,,WALK_IN,2025-11-18 16:33:38,COMPLETED,142.65,0.0,0.0,142.65,E_WALLET,PAID,2025-11-18 16:34:36,C0047,B006,,S0068
O01518,,,,WALK_IN,2025-11-19 15:48:25,COMPLETED,177.76,0.0,0.0,177.76,ONLINE_BANKING,PAID,2025-11-19 15:48:52,C0009,B008,,S0093
O01477,,,,PICKUP,2025-11-19 19:12:11,COMPLETED,180.91,0.0,0.0,180.91,ONLINE_BANKING,PAID,2025-11-19 19:15:03,C0080,B001,,S0004
O01452,Guest User,+60123929408,guest1452@example.test,DELIVERY,2025-11-20 11:40:37,COMPLETED,348.61,0.0,0.0,361.31,ONLINE_BANKING,PAID,2025-11-20 11:44:19,,B002,,
O01523,,,,WALK_IN,2025-11-21 09:12:31,COMPLETED,177.54,0.0,0.0,177.54,ONLINE_BANKING,PAID,2025-11-21 09:17:14,,B003,,S0032
O01517,Arif bin Hamid,+60140512664,arif.bin.hamid.c0130@example.test,DELIVERY,2025-11-21 10:02:24,COMPLETED,70.48,0.0,0.0,88.98,ONLINE_BANKING,PAID,2025-11-21 10:06:13,C0130,B001,,
O01507,,,,WALK_IN,2025-11-21 13:04:23,COMPLETED,177.48,0.0,0.0,177.48,CARD,PAID,2025-11-21 13:08:47,C0015,B008,,S0093
O01508,,,,WALK_IN,2025-11-21 13:54:26,COMPLETED,207.62,0.0,0.0,207.62,CARD,PAID,2025-11-21 13:56:22,,B007,,S0086
O01516,,,,WALK_IN,2025-11-21 14:07:50,COMPLETED,92.76,0.0,0.0,92.76,CARD,PAID,2025-11-21 14:11:26,,B002,,S0023
O01468,,,,WALK_IN,2025-11-21 15:24:54,COMPLETED,279.99,0.0,0.0,279.99,CARD,PAID,2025-11-21 15:25:34,,B002,,S0023
O01467,,,,WALK_IN,2025-11-21 18:10:46,COMPLETED,149.35,0.0,0.0,149.35,CASH,PAID,2025-11-21 18:15:42,C0009,B007,,S0078
O01520,,,,WALK_IN,2025-11-21 19:36:17,COMPLETED,215.5,0.0,0.0,215.5,CARD,PAID,2025-11-21 19:41:06,C0006,B006,,S0068
O01473,Guest User,+60158709256,guest1473@example.test,PICKUP,2025-11-21 20:41:38,COMPLETED,220.0,0.0,0.0,220.0,CARD,PAID,2025-11-21 20:41:56,,B002,,
O01504,,,,WALK_IN,2025-11-22 12:38:25,COMPLETED,49.5,0.0,0.0,49.5,ONLINE_BANKING,PAID,2025-11-22 12:43:06,,B002,,S0023
O01457,,,,WALK_IN,2025-11-23 09:09:59,COMPLETED,392.08,0.0,41.51,350.57,CASH,PAID,2025-11-23 09:11:32,C0041,B010,,S0107
O01484,Guest User,+60152840746,guest1484@example.test,WALK_IN,2025-11-23 16:44:50,COMPLETED,117.96,0.0,0.0,117.96,CARD,PAID,2025-11-23 16:46:56,,B003,,S0039
O01522,,,,WALK_IN,2025-11-24 10:58:19,COMPLETED,109.24,20.0,0.0,89.24,CASH,PAID,2025-11-24 10:59:10,C0091,B003,V016,S0041
O01485,Guest User,+60189408982,guest1485@example.test,DELIVERY,2025-11-24 18:59:40,COMPLETED,268.42,0.0,0.0,287.3,CARD,PAID,2025-11-24 19:02:12,,B007,,S0078
O01455,,,,WALK_IN,2025-11-25 10:13:34,COMPLETED,232.61,0.0,0.0,232.61,CASH,PAID,2025-11-25 10:17:40,C0103,B010,,S0108
O01456,Guest User,+60195336844,guest1456@example.test,PICKUP,2025-11-25 13:23:42,COMPLETED,95.57,0.0,0.0,95.57,ONLINE_BANKING,PAID,2025-11-25 13:27:14,,B006,,
O01498,,,,WALK_IN,2025-11-26 11:26:20,COMPLETED,253.61,12.0,0.0,241.61,ONLINE_BANKING,PAID,2025-11-26 11:29:23,C0015,B003,V009,S0032
O01460,Zara binti Ismail,+60131836792,zara.binti.ismail.c0125@example.test,DELIVERY,2025-11-26 15:23:39,COMPLETED,316.79,0.0,0.0,324.34,E_WALLET,PAID,2025-11-26 15:24:28,C0125,B004,,S0048
O01500,,,,WALK_IN,2025-11-28 13:48:53,COMPLETED,77.08,0.0,77.08,0.0,MYKASIH,PAID,2025-11-28 13:50:13,C0112,B002,,S0023
O01491,,,,WALK_IN,2025-11-28 14:13:02,COMPLETED,44.41,0.0,0.0,44.41,E_WALLET,PAID,2025-11-28 14:16:34,,B001,,S0013
O01482,,,,WALK_IN,2025-11-28 19:26:48,COMPLETED,55.25,0.0,0.0,55.25,CARD,PAID,2025-11-28 19:29:15,C0022,B002,,S0022
O01481,Irfan bin Basri,+60171219774,irfan.bin.basri.c0073@example.test,DELIVERY,2025-11-29 09:35:13,CANCELLED,205.07,0.0,0.0,213.87,ONLINE_BANKING,FAILED,,C0073,B004,,S0048
O01526,,,,WALK_IN,2025-11-29 11:17:47,COMPLETED,117.63,0.0,0.0,117.63,E_WALLET,PAID,2025-11-29 11:22:18,,B003,,S0040
O01511,,,,PICKUP,2025-11-29 12:38:30,COMPLETED,330.39,0.0,0.0,330.39,CARD,PAID,2025-11-29 12:42:44,C0004,B004,,
O01478,Guest User,+60108985264,guest1478@example.test,DELIVERY,2025-11-29 13:12:20,COMPLETED,105.06,0.0,0.0,119.06,ONLINE_BANKING,PAID,2025-11-29 13:16:51,,B002,,
O01470,Zara binti Hamid,+60101132726,zara.binti.hamid.c0099@example.test,DELIVERY,2025-11-29 14:01:24,COMPLETED,168.09,0.0,0.0,183.09,ONLINE_BANKING,PAID,2025-11-29 14:03:37,C0099,B004,,S0052
O01505,,,,WALK_IN,2025-11-30 17:03:37,COMPLETED,225.55,0.0,0.0,225.55,CARD,PAID,2025-11-30 17:07:26,C0083,B002,,S0023
O01556,,,,PICKUP,2025-12-02 09:41:53,COMPLETED,180.67,0.0,0.0,180.67,CASH,PAID,2025-12-02 09:42:41,C0040,B003,,S0046
O01583,,,,PICKUP,2025-12-02 10:48:29,COMPLETED,164.52,0.0,0.0,164.52,CASH,PAID,2025-12-02 10:51:54,C0059,B001,,S0012
O01560,,,,WALK_IN,2025-12-02 13:11:34,COMPLETED,184.76,0.0,0.0,184.76,CASH,PAID,2025-12-02 13:11:51,C0121,B001,,S0012
O01547,,,,PICKUP,2025-12-02 19:45:43,COMPLETED,263.07,0.0,100.0,163.07,CASH,PAID,2025-12-02 19:49:07,C0100,B003,,S0045
O01607,,,,WALK_IN,2025-12-03 13:24:34,COMPLETED,270.36,0.0,100.0,170.36,E_WALLET,PAID,2025-12-03 13:27:28,C0032,B004,,S0056
O01619,Hakim bin Omar,+60194158555,hakim.bin.omar.c0096@example.test,DELIVERY,2025-12-03 14:15:56,COMPLETED,510.22,0.0,0.0,515.32,CARD,PAID,2025-12-03 14:18:27,C0096,B004,,
O01618,,,,WALK_IN,2025-12-04 11:49:21,COMPLETED,156.7,0.0,0.0,156.7,CARD,PAID,2025-12-04 11:52:00,C0139,B011,,S0114
O01617,,,,WALK_IN,2025-12-04 16:05:07,COMPLETED,73.88,0.0,0.0,73.88,E_WALLET,PAID,2025-12-04 16:06:27,C0005,B002,,S0022
O01573,Guest User,+60128419847,guest1573@example.test,WALK_IN,2025-12-05 11:51:42,COMPLETED,353.3,0.0,0.0,353.3,CASH,PAID,2025-12-05 11:56:37,,B002,,S0022
O01543,,,,WALK_IN,2025-12-05 11:56:27,COMPLETED,63.67,0.0,29.79,33.88,E_WALLET,PAID,2025-12-05 11:56:47,C0087,B001,,S0013
O01597,,,,PICKUP,2025-12-05 17:47:07,COMPLETED,164.16,20.0,100.0,44.16,CARD,PAID,2025-12-05 17:49:18,C0060,B007,V016,
O01540,Guest User,+60123660187,guest1540@example.test,WALK_IN,2025-12-05 18:32:46,COMPLETED,492.66,0.0,0.0,492.66,CASH,PAID,2025-12-05 18:36:17,,B008,,S0093
O01567,Maisarah binti Basri,+60135369789,maisarah.binti.basri.c0071@example.test,DELIVERY,2025-12-06 14:45:31,COMPLETED,142.88,0.0,0.0,157.28,CARD,PAID,2025-12-06 14:48:32,C0071,B004,,S0048
O01534,,,,WALK_IN,2025-12-06 17:26:26,COMPLETED,230.51,0.0,0.0,230.51,ONLINE_BANKING,PAID,2025-12-06 17:30:40,C0073,B010,,S0105
O01604,,,,WALK_IN,2025-12-06 18:18:07,COMPLETED,95.22,15.0,0.0,80.22,E_WALLET,PAID,2025-12-06 18:20:31,C0060,B002,V008,S0018
O01559,Guest User,+60195492140,guest1559@example.test,PICKUP,2025-12-07 08:21:47,COMPLETED,135.65,0.0,0.0,135.65,CASH,PAID,2025-12-07 08:23:28,,B002,,
O01581,,,,WALK_IN,2025-12-07 20:24:55,COMPLETED,68.1,0.0,0.0,68.1,ONLINE_BANKING,PAID,2025-12-07 20:26:15,,B002,,S0018
O01545,,,,WALK_IN,2025-12-08 09:09:13,COMPLETED,108.74,0.0,0.0,108.74,CASH,PAID,2025-12-08 09:09:31,C0048,B002,,S0022
O01569,,,,WALK_IN,2025-12-08 14:59:32,CANCELLED,103.46,0.0,0.0,103.46,CARD,FAILED,,C0006,B001,,S0013
O01568,,,,PICKUP,2025-12-09 08:36:27,COMPLETED,97.85,0.0,74.44,23.41,CARD,PAID,2025-12-09 08:37:35,C0043,B008,,
O01577,Guest User,+60166847128,guest1577@example.test,PICKUP,2025-12-09 10:02:11,COMPLETED,328.52,0.0,0.0,328.52,CASH,PAID,2025-12-09 10:03:01,,B005,,S0065
O01562,,,,WALK_IN,2025-12-09 13:32:48,COMPLETED,96.7,0.0,0.0,96.7,CARD,PAID,2025-12-09 13:33:16,,B002,,S0022
O01582,,,,WALK_IN,2025-12-09 14:08:32,COMPLETED,212.9,0.0,0.0,212.9,E_WALLET,PAID,2025-12-09 14:08:48,C0018,B001,,S0010
O01572,,,,WALK_IN,2025-12-10 11:12:37,COMPLETED,116.46,15.0,0.0,101.46,CARD,PAID,2025-12-10 11:14:12,C0031,B002,V008,S0018
O01586,Arif bin Azman,+60106991472,arif.bin.azman.c0094@example.test,DELIVERY,2025-12-11 09:14:18,COMPLETED,225.01,0.0,0.0,247.31,CARD,PAID,2025-12-11 09:18:24,C0094,B003,,
O01593,,,,WALK_IN,2025-12-11 11:16:51,COMPLETED,102.83,0.0,0.0,102.83,CARD,PAID,2025-12-11 11:19:32,C0012,B006,,S0068
O01548,Koh Hui Min,+60136520127,koh.hui.min.c0092@example.test,DELIVERY,2025-12-11 11:41:54,COMPLETED,326.0,0.0,100.0,231.5,E_WALLET,PAID,2025-12-11 11:44:08,C0092,B005,,
O01541,,,,WALK_IN,2025-12-11 12:54:45,COMPLETED,38.0,0.0,0.0,38.0,CARD,PAID,2025-12-11 12:58:40,C0132,B003,,S0043
O01536,Hakim bin Razak,+60195192695,hakim.bin.razak.c0097@example.test,DELIVERY,2025-12-11 13:23:41,COMPLETED,181.64,0.0,0.0,191.79,CARD,PAID,2025-12-11 13:25:18,C0097,B004,,S0056
O01620,,,,WALK_IN,2025-12-11 19:20:36,COMPLETED,499.2,0.0,70.21,428.99,CASH,PAID,2025-12-11 19:22:24,C0087,B007,,S0079
O01609,,,,PICKUP,2025-12-12 11:24:30,COMPLETED,50.82,0.0,0.0,50.82,CARD,PAID,2025-12-12 11:27:07,C0083,B002,,
O01554,Guest User,+60127903674,guest1554@example.test,PICKUP,2025-12-12 12:20:01,COMPLETED,405.84,0.0,0.0,405.84,E_WALLET,PAID,2025-12-12 12:24:38,,B007,,S0081
O01570,,,,WALK_IN,2025-12-12 12:43:20,COMPLETED,288.08,0.0,0.0,288.08,E_WALLET,PAID,2025-12-12 12:43:44,C0142,B005,,S0062
O01600,,,,WALK_IN,2025-12-14 10:41:50,COMPLETED,274.07,0.0,0.0,274.07,CARD,PAID,2025-12-14 10:42:21,C0099,B002,,S0023
O01598,,,,WALK_IN,2025-12-14 14:09:25,COMPLETED,316.53,0.0,0.0,316.53,CARD,PAID,2025-12-14 14:12:23,C0018,B008,,S0093
O01585,Nabil bin Kamal,+60194580339,nabil.bin.kamal.c0012@example.test,DELIVERY,2025-12-14 16:01:10,COMPLETED,346.71,0.0,0.0,365.21,CARD,PAID,2025-12-14 16:06:00,C0012,B002,,S0024
O01558,,,,PICKUP,2025-12-16 09:47:13,COMPLETED,310.67,0.0,0.0,310.67,CARD,PAID,2025-12-16 09:48:06,C0017,B002,,
O01551,,,,WALK_IN,2025-12-16 10:45:14,COMPLETED,207.86,0.0,0.0,207.86,CASH,PAID,2025-12-16 10:48:02,,B002,,S0018
O01612,,,,WALK_IN,2025-12-16 11:47:57,COMPLETED,38.38,0.0,0.0,38.38,CASH,PAID,2025-12-16 11:49:04,C0022,B004,,S0056
O01601,,,,PICKUP,2025-12-16 13:56:53,COMPLETED,113.58,0.0,100.0,13.58,CASH,PAID,2025-12-16 14:00:37,C0014,B006,,S0076
O01596,,,,WALK_IN,2025-12-16 15:33:18,COMPLETED,251.62,0.0,0.0,251.62,E_WALLET,PAID,2025-12-16 15:35:12,C0133,B012,,S0120
O01599,Guest User,+60139882221,guest1599@example.test,PICKUP,2025-12-17 08:22:49,COMPLETED,289.96,0.0,0.0,289.96,E_WALLET,PAID,2025-12-17 08:25:17,,B007,,
O01555,,,,WALK_IN,2025-12-17 14:41:50,COMPLETED,32.86,0.0,0.0,32.86,E_WALLET,PAID,2025-12-17 14:45:24,,B003,,S0040
O01530,Guest User,+60194052234,guest1530@example.test,DELIVERY,2025-12-17 16:50:03,COMPLETED,59.92,0.0,0.0,76.96,E_WALLET,PAID,2025-12-17 16:52:03,,B003,,
O01575,,,,WALK_IN,2025-12-17 20:05:21,COMPLETED,246.95,0.0,100.0,146.95,CARD,PAID,2025-12-17 20:05:45,C0088,B001,,S0012
O01587,,,,WALK_IN,2025-12-18 11:11:26,COMPLETED,112.02,0.0,0.0,112.02,CARD,PAID,2025-12-18 11:14:59,C0101,B002,,S0018
O01546,,,,WALK_IN,2025-12-18 12:53:49,COMPLETED,190.76,0.0,0.0,190.76,E_WALLET,PAID,2025-12-18 12:56:17,,B006,,S0068
O01580,,,,WALK_IN,2025-12-19 14:50:29,COMPLETED,577.99,0.0,0.0,577.99,CARD,PAID,2025-12-19 14:53:13,C0032,B011,,S0114
O01537,,,,WALK_IN,2025-12-19 16:46:49,COMPLETED,117.38,0.0,0.0,117.38,E_WALLET,PAID,2025-12-19 16:47:44,C0125,B002,,S0022
O01590,,,,PICKUP,2025-12-20 16:24:12,COMPLETED,300.8,0.0,0.0,300.8,CARD,PAID,2025-12-20 16:28:50,C0142,B006,,
O01542,,,,WALK_IN,2025-12-21 10:07:22,COMPLETED,200.94,0.0,0.0,200.94,ONLINE_BANKING,PAID,2025-12-21 10:11:24,C0031,B008,,S0095
O01584,,,,WALK_IN,2025-12-21 11:30:55,COMPLETED,153.02,0.0,100.0,53.02,ONLINE_BANKING,PAID,2025-12-21 11:32:14,C0115,B003,,S0040
O01538,,,,PICKUP,2025-12-21 15:09:09,COMPLETED,191.36,12.0,48.44,130.92,E_WALLET,PAID,2025-12-21 15:12:15,C0019,B002,V009,S0028
O01574,,,,WALK_IN,2025-12-21 16:21:07,COMPLETED,169.19,20.0,0.0,149.19,CARD,PAID,2025-12-21 16:24:25,C0133,B001,V016,S0002
O01532,,,,WALK_IN,2025-12-21 17:06:29,COMPLETED,103.92,0.0,56.09,47.83,CASH,PAID,2025-12-21 17:09:28,C0089,B002,,S0023
O01610,Meera a/p Suresh,+60102352781,meera.a.p.suresh.c0004@example.test,DELIVERY,2025-12-21 18:59:35,COMPLETED,212.12,10.0,0.0,229.32,E_WALLET,PAID,2025-12-21 19:01:09,C0004,B005,V010,S0061
O01613,Guest User,+60122814142,guest1613@example.test,PICKUP,2025-12-22 08:13:16,COMPLETED,280.59,0.0,0.0,280.59,CARD,PAID,2025-12-22 08:14:27,,B011,,S0109
O01565,Guest User,+60183010663,guest1565@example.test,PICKUP,2025-12-22 08:33:37,COMPLETED,191.58,0.0,0.0,191.58,ONLINE_BANKING,PAID,2025-12-22 08:37:50,,B001,,S0010
O01578,,,,WALK_IN,2025-12-22 11:54:41,COMPLETED,335.8,0.0,100.0,235.8,E_WALLET,PAID,2025-12-22 11:57:33,C0075,B008,,S0089
O01550,,,,WALK_IN,2025-12-23 12:40:55,COMPLETED,215.87,0.0,0.0,215.87,CARD,PAID,2025-12-23 12:44:12,C0007,B002,,S0022
O01615,,,,WALK_IN,2025-12-23 17:37:59,COMPLETED,306.48,0.0,0.0,306.48,CARD,PAID,2025-12-23 17:42:06,C0071,B002,,S0022
O01611,,,,WALK_IN,2025-12-23 19:05:25,COMPLETED,88.13,0.0,0.0,88.13,ONLINE_BANKING,PAID,2025-12-23 19:05:49,C0101,B001,,S0004
O01616,,,,WALK_IN,2025-12-23 20:40:28,COMPLETED,84.19,0.0,0.0,84.19,CASH,PAID,2025-12-23 20:41:43,C0103,B002,,S0018
O01602,,,,WALK_IN,2025-12-24 10:17:33,COMPLETED,225.91,0.0,0.0,225.91,CASH,PAID,2025-12-24 10:21:27,,B002,,S0023
O01553,Guest User,+60148729496,guest1553@example.test,DELIVERY,2025-12-24 12:56:41,COMPLETED,151.02,0.0,0.0,161.02,E_WALLET,PAID,2025-12-24 12:57:14,,B002,,S0024
O01557,,,,WALK_IN,2025-12-25 10:03:54,COMPLETED,299.72,0.0,100.0,199.72,CASH,PAID,2025-12-25 10:05:42,C0050,B001,,S0011
O01571,,,,WALK_IN,2025-12-25 11:29:27,COMPLETED,146.56,0.0,0.0,146.56,CASH,PAID,2025-12-25 11:30:56,C0021,B003,,S0046
O01605,,,,WALK_IN,2025-12-25 16:59:42,COMPLETED,344.7,0.0,100.0,244.7,E_WALLET,PAID,2025-12-25 17:01:21,C0102,B003,,S0046
O01549,,,,PICKUP,2025-12-25 18:17:48,COMPLETED,230.18,0.0,0.0,230.18,ONLINE_BANKING,PAID,2025-12-25 18:21:38,C0036,B002,,S0023
O01594,,,,WALK_IN,2025-12-26 08:29:58,COMPLETED,163.71,0.0,0.0,163.71,ONLINE_BANKING,PAID,2025-12-26 08:30:51,C0139,B011,,S0109
O01539,Guest User,+60104189261,guest1539@example.test,PICKUP,2025-12-26 09:26:00,COMPLETED,190.68,0.0,0.0,190.68,CASH,PAID,2025-12-26 09:29:20,,B004,,S0052
O01579,,,,PICKUP,2025-12-26 10:37:36,COMPLETED,230.19,0.0,0.0,230.19,E_WALLET,PAID,2025-12-26 10:39:32,C0044,B011,,S0109
O01589,Qistina binti Ibrahim,+60179755821,qistina.binti.ibrahim.c0133@example.test,DELIVERY,2025-12-26 15:51:14,COMPLETED,132.68,0.0,0.0,144.23,CARD,PAID,2025-12-26 15:53:07,C0133,B003,,
O01566,,,,WALK_IN,2025-12-27 12:35:20,COMPLETED,99.23,20.0,0.0,79.23,CASH,PAID,2025-12-27 12:39:16,C0073,B003,V016,S0043
O01529,,,,WALK_IN,2025-12-27 13:55:53,COMPLETED,230.82,0.0,0.0,230.82,CASH,PAID,2025-12-27 13:56:17,,B006,,S0072
O01614,,,,WALK_IN,2025-12-27 19:38:50,COMPLETED,157.45,0.0,0.0,157.45,E_WALLET,PAID,2025-12-27 19:42:57,C0021,B011,,S0109
O01588,Joanne Mawan,+60188645318,joanne.mawan.c0123@example.test,DELIVERY,2025-12-28 08:15:45,COMPLETED,236.77,0.0,0.0,245.47,E_WALLET,PAID,2025-12-28 08:18:01,C0123,B003,,S0032
O01608,,,,WALK_IN,2025-12-28 11:26:57,COMPLETED,283.32,0.0,0.0,283.32,CASH,PAID,2025-12-28 11:30:50,C0133,B003,,S0039
O01591,,,,PICKUP,2025-12-28 14:36:33,COMPLETED,106.42,0.0,0.0,106.42,CASH,PAID,2025-12-28 14:39:12,C0107,B008,,
O01531,Guest User,+60193172003,guest1531@example.test,WALK_IN,2025-12-28 15:25:48,COMPLETED,162.4,0.0,0.0,162.4,E_WALLET,PAID,2025-12-28 15:30:03,,B002,,S0018
O01606,,,,WALK_IN,2025-12-28 16:26:08,COMPLETED,240.4,15.0,0.0,225.4,CASH,PAID,2025-12-28 16:29:37,C0005,B002,V008,S0022
O01563,,,,WALK_IN,2025-12-29 08:05:48,COMPLETED,104.1,0.0,0.0,104.1,CASH,PAID,2025-12-29 08:08:58,C0032,B012,,S0120
O01544,,,,PICKUP,2025-12-29 09:06:46,COMPLETED,431.07,0.0,0.0,431.07,CASH,PAID,2025-12-29 09:09:50,C0088,B006,,S0067
O01592,Victor Nanta,+60124515183,victor.nanta.c0038@example.test,DELIVERY,2025-12-29 11:30:56,COMPLETED,65.98,18.0,11.62,54.76,ONLINE_BANKING,PAID,2025-12-29 11:35:15,C0038,B003,V015,
O01528,Guest User,+60157453588,guest1528@example.test,DELIVERY,2025-12-29 12:23:58,COMPLETED,220.5,0.0,0.0,232.9,CARD,PAID,2025-12-29 12:25:52,,B007,,S0084
O01595,Guest User,+60162271464,guest1595@example.test,WALK_IN,2025-12-29 17:06:57,COMPLETED,246.46,0.0,0.0,246.46,E_WALLET,PAID,2025-12-29 17:11:50,,B001,,S0006
O01533,,,,WALK_IN,2025-12-29 18:24:16,COMPLETED,129.25,0.0,12.29,116.96,E_WALLET,PAID,2025-12-29 18:28:46,C0090,B002,,S0018
O01564,Guest User,+60187138287,guest1564@example.test,PICKUP,2025-12-29 19:19:24,COMPLETED,160.26,0.0,0.0,160.26,CASH,PAID,2025-12-29 19:23:52,,B001,,
O01561,Tan Ming Jie,+60197339881,tan.ming.jie.c0043@example.test,DELIVERY,2025-12-29 20:45:04,COMPLETED,224.95,0.0,25.56,208.34,ONLINE_BANKING,PAID,2025-12-29 20:46:31,C0043,B008,,S0088
O01552,Guest User,+60183968969,guest1552@example.test,PICKUP,2025-12-30 16:30:44,COMPLETED,285.35,0.0,0.0,285.35,CASH,PAID,2025-12-30 16:35:30,,B006,,
O01603,,,,WALK_IN,2025-12-30 17:59:01,COMPLETED,110.16,0.0,10.32,99.84,E_WALLET,PAID,2025-12-30 18:03:46,C0144,B003,,S0046
O01535,Guest User,+60104088262,guest1535@example.test,DELIVERY,2025-12-31 08:29:49,COMPLETED,165.66,0.0,0.0,173.26,CARD,PAID,2025-12-31 08:31:59,,B005,,S0063
O01576,Guest User,+60195176842,guest1576@example.test,DELIVERY,2025-12-31 10:12:13,COMPLETED,57.81,0.0,0.0,69.46,ONLINE_BANKING,PAID,2025-12-31 10:13:35,,B002,,
O01643,,,,PICKUP,2026-01-01 14:48:30,COMPLETED,240.35,0.0,100.0,140.35,CARD,PAID,2026-01-01 14:51:37,C0037,B007,,S0083
O01669,Syahirah binti Hassan,+60101946926,syahirah.binti.hassan.c0024@example.test,DELIVERY,2026-01-01 16:23:33,COMPLETED,99.55,0.0,6.59,104.11,CARD,PAID,2026-01-01 16:24:10,C0024,B003,,
O01696,,,,WALK_IN,2026-01-01 17:14:35,COMPLETED,152.63,0.0,0.0,152.63,ONLINE_BANKING,PAID,2026-01-01 17:16:32,C0007,B002,,S0023
O01637,,,,PICKUP,2026-01-02 11:07:30,COMPLETED,262.82,0.0,0.0,262.82,E_WALLET,PAID,2026-01-02 11:11:18,C0130,B006,,
O01685,,,,PICKUP,2026-01-03 10:02:44,COMPLETED,162.41,0.0,0.0,162.41,CASH,PAID,2026-01-03 10:05:30,C0133,B003,,S0035
O01652,Aditi a/p Nair,+601147077514,aditi.a.p.nair.c0014@example.test,DELIVERY,2026-01-03 19:18:29,COMPLETED,240.41,0.0,3.87,245.1,ONLINE_BANKING,PAID,2026-01-03 19:21:51,C0014,B003,,S0044
O01667,,,,WALK_IN,2026-01-04 08:01:31,COMPLETED,123.56,0.0,0.0,123.56,E_WALLET,PAID,2026-01-04 08:04:58,C0043,B002,,S0018
O01689,,,,WALK_IN,2026-01-05 20:40:13,COMPLETED,16.22,0.0,0.0,16.22,E_WALLET,PAID,2026-01-05 20:40:31,,B008,,S0089
O01636,Aarav a/l Suresh,+60138823660,aarav.a.l.suresh.c0110@example.test,DELIVERY,2026-01-08 09:08:34,COMPLETED,262.0,0.0,100.0,174.2,ONLINE_BANKING,PAID,2026-01-08 09:13:11,C0110,B012,,
O01690,Nurin binti Zainal,+60123470920,nurin.binti.zainal.c0090@example.test,DELIVERY,2026-01-08 12:53:07,COMPLETED,104.39,18.0,36.17,65.52,E_WALLET,PAID,2026-01-08 12:56:19,C0090,B003,V015,
O01641,Darren Laja,+60149238578,darren.laja.c0146@example.test,DELIVERY,2026-01-08 18:08:11,COMPLETED,161.83,0.0,65.43,110.0,ONLINE_BANKING,PAID,2026-01-08 18:12:29,C0146,B008,,S0089
O01706,,,,WALK_IN,2026-01-09 09:57:33,COMPLETED,368.2,0.0,0.0,368.2,ONLINE_BANKING,PAID,2026-01-09 09:57:49,,B005,,S0063
O01703,Guest User,+60127047384,guest1703@example.test,DELIVERY,2026-01-09 10:37:10,COMPLETED,92.96,0.0,0.0,102.66,ONLINE_BANKING,PAID,2026-01-09 10:40:34,,B005,,
O01705,,,,WALK_IN,2026-01-09 14:32:48,COMPLETED,234.82,0.0,0.0,234.82,ONLINE_BANKING,PAID,2026-01-09 14:35:42,C0120,B005,,S0061
O01686,,,,PICKUP,2026-01-10 10:27:33,COMPLETED,59.74,0.0,16.14,43.6,ONLINE_BANKING,PAID,2026-01-10 10:32:12,C0105,B001,,
O01625,,,,PICKUP,2026-01-10 13:08:01,COMPLETED,159.92,0.0,0.0,159.92,ONLINE_BANKING,PAID,2026-01-10 13:10:45,C0083,B001,,
O01626,,,,WALK_IN,2026-01-10 14:41:38,COMPLETED,214.68,18.0,0.0,196.68,CARD,PAID,2026-01-10 14:45:53,C0007,B007,V015,S0078
O01660,Guest User,+60137204355,guest1660@example.test,WALK_IN,2026-01-10 16:18:08,COMPLETED,301.03,0.0,0.0,301.03,CARD,PAID,2026-01-10 16:19:49,,B003,,S0032
O01627,,,,WALK_IN,2026-01-10 19:00:55,COMPLETED,179.51,0.0,0.0,179.51,E_WALLET,PAID,2026-01-10 19:01:20,,B004,,S0052
O01654,,,,WALK_IN,2026-01-10 20:30:43,COMPLETED,121.25,0.0,82.76,38.49,CASH,PAID,2026-01-10 20:34:16,C0019,B002,,S0018
O01684,,,,WALK_IN,2026-01-10 20:44:35,COMPLETED,159.31,0.0,0.0,159.31,ONLINE_BANKING,PAID,2026-01-10 20:47:13,C0069,B007,,S0079
O01678,,,,WALK_IN,2026-01-11 10:32:01,COMPLETED,63.85,0.0,31.27,32.58,CASH,PAID,2026-01-11 10:36:10,C0077,B011,,S0109
O01681,,,,WALK_IN,2026-01-11 11:56:54,COMPLETED,67.12,0.0,0.0,67.12,ONLINE_BANKING,PAID,2026-01-11 12:01:21,,B006,,S0076
O01640,Syafiq bin Rahman,+60102460299,syafiq.bin.rahman.c0032@example.test,DELIVERY,2026-01-11 13:01:07,COMPLETED,160.91,0.0,39.42,131.41,ONLINE_BANKING,PAID,2026-01-11 13:06:04,C0032,B002,,
O01638,Hafiz bin Nasir,+60140652302,hafiz.bin.nasir.c0103@example.test,DELIVERY,2026-01-11 13:38:57,COMPLETED,200.16,0.0,0.0,211.31,ONLINE_BANKING,PAID,2026-01-11 13:41:25,C0103,B005,,S0064
O01630,,,,WALK_IN,2026-01-11 15:30:01,COMPLETED,168.06,0.0,0.0,168.06,CASH,PAID,2026-01-11 15:32:43,C0052,B002,,S0022
O01622,,,,PICKUP,2026-01-11 20:22:41,COMPLETED,247.83,0.0,0.0,247.83,CASH,PAID,2026-01-11 20:26:43,C0002,B001,,
O01679,,,,WALK_IN,2026-01-12 08:46:57,COMPLETED,251.56,0.0,0.0,251.56,E_WALLET,PAID,2026-01-12 08:51:45,,B006,,S0068
O01674,,,,WALK_IN,2026-01-12 13:07:27,COMPLETED,316.66,0.0,0.0,316.66,CARD,PAID,2026-01-12 13:08:50,C0008,B006,,S0072
O01621,,,,PICKUP,2026-01-13 14:15:38,COMPLETED,71.16,0.0,38.04,33.12,ONLINE_BANKING,PAID,2026-01-13 14:16:34,C0014,B001,,
O01661,Guest User,+60102742962,guest1661@example.test,PICKUP,2026-01-13 19:17:59,COMPLETED,128.44,0.0,0.0,128.44,CARD,PAID,2026-01-13 19:19:19,,B004,,S0053
O01694,Guest User,+60113387468,guest1694@example.test,PICKUP,2026-01-13 19:53:36,COMPLETED,58.83,0.0,0.0,58.83,ONLINE_BANKING,PAID,2026-01-13 19:55:44,,B010,,S0108
O01666,,,,PICKUP,2026-01-14 08:54:52,COMPLETED,223.67,0.0,0.0,223.67,CARD,PAID,2026-01-14 08:59:36,C0150,B006,,S0067
O01680,,,,WALK_IN,2026-01-14 10:47:50,COMPLETED,73.35,0.0,6.59,66.76,CASH,PAID,2026-01-14 10:51:00,C0084,B006,,S0071
O01700,,,,WALK_IN,2026-01-14 17:34:50,COMPLETED,125.97,0.0,0.0,125.97,CASH,PAID,2026-01-14 17:36:05,C0049,B001,,S0004
O01704,,,,PICKUP,2026-01-16 09:08:23,COMPLETED,116.58,0.0,0.0,116.58,CASH,PAID,2026-01-16 09:09:59,C0066,B002,,
O01707,,,,PICKUP,2026-01-16 09:30:30,CANCELLED,204.62,0.0,40.72,163.9,ONLINE_BANKING,FAILED,,C0087,B012,,
O01683,,,,PICKUP,2026-01-16 10:21:13,COMPLETED,275.65,0.0,0.0,275.65,CASH,PAID,2026-01-16 10:22:46,C0031,B005,,
O01699,,,,PICKUP,2026-01-16 14:16:44,COMPLETED,241.49,0.0,0.0,241.49,CARD,PAID,2026-01-16 14:17:53,C0123,B007,,S0081
O01659,,,,WALK_IN,2026-01-17 14:38:17,COMPLETED,152.86,0.0,0.0,152.86,ONLINE_BANKING,PAID,2026-01-17 14:39:43,C0097,B002,,S0018
O01664,,,,PICKUP,2026-01-17 19:30:40,COMPLETED,421.58,18.0,0.0,403.58,CASH,PAID,2026-01-17 19:31:48,C0018,B001,V015,S0010
O01644,,,,WALK_IN,2026-01-18 14:19:11,COMPLETED,279.8,0.0,0.0,279.8,CASH,PAID,2026-01-18 14:23:27,C0061,B001,,S0010
O01671,,,,WALK_IN,2026-01-18 19:35:35,COMPLETED,89.88,0.0,0.0,89.88,ONLINE_BANKING,PAID,2026-01-18 19:39:08,C0151,B003,,S0032
O01657,Lim Kai Xin,+60183466681,lim.kai.xin.c0085@example.test,DELIVERY,2026-01-19 09:29:25,COMPLETED,210.89,0.0,100.0,125.37,ONLINE_BANKING,PAID,2026-01-19 09:32:32,C0085,B002,,S0030
O01634,Aiman bin Yusof,+60132682591,aiman.bin.yusof.c0067@example.test,DELIVERY,2026-01-19 14:49:57,COMPLETED,157.3,0.0,0.0,177.22,E_WALLET,PAID,2026-01-19 14:54:28,C0067,B004,,S0048
O01693,,,,PICKUP,2026-01-20 14:07:20,COMPLETED,108.78,0.0,0.0,108.78,E_WALLET,PAID,2026-01-20 14:08:11,C0037,B003,,S0041
O01629,,,,WALK_IN,2026-01-21 11:58:47,COMPLETED,86.31,0.0,0.0,86.31,E_WALLET,PAID,2026-01-21 11:59:11,C0050,B003,,S0043
O01692,,,,WALK_IN,2026-01-21 19:24:46,COMPLETED,99.6,0.0,0.0,99.6,CARD,PAID,2026-01-21 19:27:13,C0040,B001,,S0010
O01649,,,,WALK_IN,2026-01-21 20:11:56,COMPLETED,65.82,0.0,28.91,36.91,E_WALLET,PAID,2026-01-21 20:13:33,C0074,B008,,S0093
O01656,,,,WALK_IN,2026-01-22 13:08:22,COMPLETED,68.04,0.0,51.71,16.33,E_WALLET,PAID,2026-01-22 13:10:06,C0054,B002,,S0022
O01639,Guest User,+60173430159,guest1639@example.test,DELIVERY,2026-01-22 14:45:02,COMPLETED,152.75,0.0,0.0,166.11,ONLINE_BANKING,PAID,2026-01-22 14:46:48,,B001,,
O01645,Guest User,+60109544931,guest1645@example.test,PICKUP,2026-01-22 18:24:32,COMPLETED,78.82,0.0,0.0,78.82,CARD,PAID,2026-01-22 18:27:20,,B002,,S0023
O01623,,,,WALK_IN,2026-01-22 19:34:20,COMPLETED,182.34,0.0,0.0,182.34,CASH,PAID,2026-01-22 19:38:09,C0040,B005,,S0062
O01665,Guest User,+60146912226,guest1665@example.test,PICKUP,2026-01-23 10:03:46,COMPLETED,153.89,0.0,0.0,153.89,E_WALLET,PAID,2026-01-23 10:04:18,,B007,,S0079
O01646,Felix Laja,+60183134421,felix.laja.c0118@example.test,DELIVERY,2026-01-23 13:35:55,COMPLETED,137.94,0.0,0.0,150.64,ONLINE_BANKING,PAID,2026-01-23 13:40:13,C0118,B002,,S0030
O01655,,,,WALK_IN,2026-01-23 14:38:11,COMPLETED,257.78,0.0,0.0,257.78,ONLINE_BANKING,PAID,2026-01-23 14:40:16,C0061,B005,,S0066
O01697,Guest User,+60145112827,guest1697@example.test,WALK_IN,2026-01-23 15:26:31,COMPLETED,177.99,0.0,0.0,177.99,E_WALLET,PAID,2026-01-23 15:29:47,,B004,,S0052
O01632,,,,WALK_IN,2026-01-23 18:11:23,COMPLETED,144.87,0.0,47.14,97.73,ONLINE_BANKING,PAID,2026-01-23 18:12:13,C0143,B002,,S0022
O01702,Guest User,+60154569130,guest1702@example.test,PICKUP,2026-01-23 20:17:00,COMPLETED,121.74,0.0,0.0,121.74,CARD,PAID,2026-01-23 20:20:50,,B002,,S0027
O01668,Naveen a/l Murugan,+60100990993,naveen.a.l.murugan.c0068@example.test,DELIVERY,2026-01-24 08:34:19,COMPLETED,126.8,0.0,92.38,49.32,CARD,PAID,2026-01-24 08:36:35,C0068,B012,,S0120
O01633,,,,WALK_IN,2026-01-24 10:36:10,COMPLETED,259.75,12.0,100.0,147.75,ONLINE_BANKING,PAID,2026-01-24 10:39:14,C0023,B001,V009,S0011
O01698,Sonia Bansa,+60109611686,sonia.bansa.c0112@example.test,DELIVERY,2026-01-24 12:05:58,COMPLETED,168.88,0.0,22.91,164.57,E_WALLET,PAID,2026-01-24 12:08:02,C0112,B001,,S0013
O01658,Guest User,+60182537094,guest1658@example.test,DELIVERY,2026-01-24 15:55:45,COMPLETED,135.08,0.0,0.0,143.08,E_WALLET,PAID,2026-01-24 15:59:05,,B011,,S0114
O01663,,,,WALK_IN,2026-01-24 20:36:19,COMPLETED,108.88,0.0,4.25,104.63,ONLINE_BANKING,PAID,2026-01-24 20:37:18,C0010,B003,,S0041
O01695,,,,WALK_IN,2026-01-25 08:05:03,COMPLETED,188.67,0.0,0.0,188.67,ONLINE_BANKING,PAID,2026-01-25 08:07:27,,B002,,S0018
O01648,Arjun a/l Murugan,+60165835311,arjun.a.l.murugan.c0069@example.test,DELIVERY,2026-01-25 13:27:17,COMPLETED,466.19,0.0,0.0,482.43,CARD,PAID,2026-01-25 13:29:28,C0069,B001,,S0012
O01650,Guest User,+60175138708,guest1650@example.test,WALK_IN,2026-01-25 18:16:10,COMPLETED,88.56,0.0,0.0,88.56,E_WALLET,PAID,2026-01-25 18:17:08,,B005,,S0066
O01688,Rafiq bin Basri,+601173942849,rafiq.bin.basri.c0101@example.test,DELIVERY,2026-01-25 19:38:28,COMPLETED,314.81,0.0,0.0,329.21,CARD,PAID,2026-01-25 19:43:06,C0101,B005,,
O01670,Syahirah binti Hassan,+60101946926,syahirah.binti.hassan.c0024@example.test,DELIVERY,2026-01-25 20:14:50,COMPLETED,132.9,0.0,25.68,112.77,E_WALLET,PAID,2026-01-25 20:15:27,C0024,B007,,S0081
O01673,,,,PICKUP,2026-01-26 09:02:20,COMPLETED,262.19,0.0,0.0,262.19,E_WALLET,PAID,2026-01-26 09:05:48,C0066,B003,,S0046
O01676,,,,WALK_IN,2026-01-26 19:11:24,COMPLETED,174.13,0.0,0.0,174.13,E_WALLET,PAID,2026-01-26 19:15:15,C0027,B003,,S0032
O01672,,,,WALK_IN,2026-01-26 20:30:27,COMPLETED,147.88,0.0,37.98,109.9,ONLINE_BANKING,PAID,2026-01-26 20:32:32,C0134,B010,,S0107
O01647,Goh Yi Chen,+60196662484,goh.yi.chen.c0042@example.test,DELIVERY,2026-01-26 20:53:32,COMPLETED,244.44,0.0,0.0,252.68,ONLINE_BANKING,PAID,2026-01-26 20:58:08,C0042,B006,,
O01677,,,,WALK_IN,2026-01-28 08:48:50,COMPLETED,289.3,0.0,100.0,189.3,CARD,PAID,2026-01-28 08:51:56,C0035,B008,,S0089
O01631,Ng Shi Hao,+601165484751,ng.shi.hao.c0153@example.test,DELIVERY,2026-01-28 15:56:10,COMPLETED,181.26,0.0,0.0,200.06,E_WALLET,PAID,2026-01-28 16:00:58,C0153,B012,,S0115
O01687,,,,WALK_IN,2026-01-29 11:00:56,COMPLETED,319.97,0.0,0.0,319.97,CASH,PAID,2026-01-29 11:01:16,,B001,,S0013
O01701,,,,PICKUP,2026-01-29 14:12:48,COMPLETED,146.41,0.0,0.0,146.41,CASH,PAID,2026-01-29 14:17:18,C0087,B005,,S0058
O01662,,,,WALK_IN,2026-01-29 19:53:50,COMPLETED,217.08,0.0,0.0,217.08,CARD,PAID,2026-01-29 19:55:12,,B003,,S0032
O01635,,,,WALK_IN,2026-01-30 08:49:44,COMPLETED,210.32,0.0,0.0,210.32,E_WALLET,PAID,2026-01-30 08:51:43,,B002,,S0022
O01675,Luqman bin Fauzi,+60104827352,luqman.bin.fauzi.c0019@example.test,DELIVERY,2026-01-30 10:15:00,COMPLETED,154.61,0.0,17.24,149.37,E_WALLET,PAID,2026-01-30 10:16:10,C0019,B004,,
O01682,Guest User,+60169895548,guest1682@example.test,DELIVERY,2026-01-30 14:28:31,COMPLETED,121.42,0.0,0.0,134.37,ONLINE_BANKING,PAID,2026-01-30 14:31:19,,B002,,S0027
O01628,Guest User,+60115444930,guest1628@example.test,PICKUP,2026-01-30 14:36:39,COMPLETED,244.6,0.0,0.0,244.6,ONLINE_BANKING,PAID,2026-01-30 14:40:34,,B001,,
O01653,,,,WALK_IN,2026-01-30 16:51:47,COMPLETED,153.54,0.0,0.0,153.54,E_WALLET,PAID,2026-01-30 16:52:24,C0136,B008,,S0093
O01651,,,,PICKUP,2026-01-30 17:48:12,COMPLETED,107.48,0.0,0.0,107.48,ONLINE_BANKING,PAID,2026-01-30 17:51:51,C0080,B004,,S0052
O01642,Guest User,+60132786285,guest1642@example.test,DELIVERY,2026-01-31 18:38:25,COMPLETED,254.17,0.0,0.0,264.25,E_WALLET,PAID,2026-01-31 18:39:24,,B003,,S0043
O01691,Sonia Bansa,+60109611686,sonia.bansa.c0112@example.test,DELIVERY,2026-01-31 19:11:35,COMPLETED,207.55,0.0,72.34,155.37,CARD,PAID,2026-01-31 19:16:12,C0112,B008,,S0094
O01624,Guest User,+60199006831,guest1624@example.test,WALK_IN,2026-01-31 19:26:36,COMPLETED,72.51,0.0,0.0,72.51,ONLINE_BANKING,PAID,2026-01-31 19:27:06,,B005,,S0063
O01786,Guest User,+60126756495,guest1786@example.test,WALK_IN,2026-02-01 12:02:13,COMPLETED,177.49,0.0,0.0,177.49,CARD,PAID,2026-02-01 12:04:29,,B001,,S0012
O01791,Ho Jia En,+60149827734,ho.jia.en.c0009@example.test,DELIVERY,2026-02-01 12:23:39,COMPLETED,249.7,0.0,0.0,265.9,CARD,PAID,2026-02-01 12:26:58,C0009,B010,,
O01798,Maisarah binti Yusof,+60173886835,maisarah.binti.yusof.c0045@example.test,DELIVERY,2026-02-01 12:28:45,COMPLETED,151.91,0.0,0.0,160.23,E_WALLET,PAID,2026-02-01 12:33:38,C0045,B006,,
O01761,,,,PICKUP,2026-02-01 13:24:21,COMPLETED,221.55,0.0,0.0,221.55,CASH,PAID,2026-02-01 13:25:02,C0148,B001,,S0004
O01811,,,,WALK_IN,2026-02-01 16:59:48,COMPLETED,148.1,0.0,0.0,148.1,CARD,PAID,2026-02-01 17:04:01,C0035,B001,,S0011
O01787,,,,WALK_IN,2026-02-01 18:28:01,COMPLETED,122.25,0.0,0.0,122.25,CASH,PAID,2026-02-01 18:30:06,,B002,,S0018
O01776,Guest User,+60149802641,guest1776@example.test,PICKUP,2026-02-01 19:28:39,COMPLETED,157.17,0.0,0.0,157.17,ONLINE_BANKING,PAID,2026-02-01 19:29:09,,B007,,
O01782,Guest User,+60158514819,guest1782@example.test,DELIVERY,2026-02-02 15:08:21,COMPLETED,73.85,0.0,0.0,86.25,CARD,PAID,2026-02-02 15:12:44,,B008,,
O01770,Naveen a/l Murugan,+60100990993,naveen.a.l.murugan.c0068@example.test,DELIVERY,2026-02-02 17:51:48,COMPLETED,184.23,0.0,86.13,118.1,E_WALLET,PAID,2026-02-02 17:56:22,C0068,B004,,
O01792,Guest User,+60156325955,guest1792@example.test,PICKUP,2026-02-02 17:56:55,COMPLETED,258.77,0.0,0.0,258.77,E_WALLET,PAID,2026-02-02 18:00:44,,B001,,S0006
O01748,Guest User,+60185540539,guest1748@example.test,DELIVERY,2026-02-03 14:42:52,COMPLETED,327.76,0.0,0.0,337.04,ONLINE_BANKING,PAID,2026-02-03 14:44:20,,B001,,
O01754,,,,WALK_IN,2026-02-03 20:32:18,COMPLETED,186.83,0.0,0.0,186.83,ONLINE_BANKING,PAID,2026-02-03 20:36:40,C0107,B008,,S0089
O01746,,,,PICKUP,2026-02-04 13:35:49,COMPLETED,162.2,0.0,0.0,162.2,E_WALLET,PAID,2026-02-04 13:40:23,C0108,B012,,
O01795,Guest User,+60121356967,guest1795@example.test,WALK_IN,2026-02-04 13:55:28,COMPLETED,39.55,0.0,0.0,39.55,E_WALLET,PAID,2026-02-04 13:57:43,,B002,,S0022
O01788,Divya a/p Nair,+60199554984,divya.a.p.nair.c0001@example.test,DELIVERY,2026-02-04 17:55:33,COMPLETED,142.99,0.0,0.0,160.99,ONLINE_BANKING,PAID,2026-02-04 18:00:28,C0001,B006,,S0069
O01758,,,,PICKUP,2026-02-05 11:09:06,COMPLETED,169.05,0.0,0.0,169.05,ONLINE_BANKING,PAID,2026-02-05 11:10:56,C0108,B004,,
O01763,,,,WALK_IN,2026-02-05 14:58:23,COMPLETED,297.76,0.0,100.0,197.76,CASH,PAID,2026-02-05 15:00:18,C0046,B001,,S0010
O01783,Hakim bin Kamal,+60121060594,hakim.bin.kamal.c0018@example.test,DELIVERY,2026-02-05 18:04:38,COMPLETED,333.55,0.0,0.0,342.75,ONLINE_BANKING,PAID,2026-02-05 18:06:05,C0018,B001,,S0011
O01709,Darren Laja,+60149238578,darren.laja.c0146@example.test,DELIVERY,2026-02-06 08:35:14,COMPLETED,264.29,0.0,100.0,182.45,ONLINE_BANKING,PAID,2026-02-06 08:35:56,C0146,B004,,S0051
O01734,,,,WALK_IN,2026-02-06 08:35:59,COMPLETED,152.21,0.0,78.01,74.2,CARD,PAID,2026-02-06 08:36:41,C0112,B005,,S0066
O01733,,,,WALK_IN,2026-02-06 13:00:40,COMPLETED,344.25,0.0,0.0,344.25,CARD,PAID,2026-02-06 13:04:56,,B004,,S0052
O01799,,,,PICKUP,2026-02-06 20:10:37,COMPLETED,201.8,0.0,0.0,201.8,ONLINE_BANKING,PAID,2026-02-06 20:15:37,C0157,B003,,
O01751,,,,PICKUP,2026-02-07 08:55:42,COMPLETED,363.88,12.0,100.0,251.88,E_WALLET,PAID,2026-02-07 09:00:04,C0001,B001,V009,S0005
O01807,,,,PICKUP,2026-02-07 08:59:27,COMPLETED,32.48,0.0,0.0,32.48,CARD,PAID,2026-02-07 09:02:59,C0015,B001,,S0006
O01774,,,,PICKUP,2026-02-07 09:48:45,COMPLETED,170.45,0.0,0.0,170.45,CARD,PAID,2026-02-07 09:52:53,C0007,B002,,
O01812,Guest User,+60106251103,guest1812@example.test,PICKUP,2026-02-07 10:45:39,COMPLETED,91.64,0.0,0.0,91.64,CASH,PAID,2026-02-07 10:46:47,,B010,,S0103
O01777,,,,WALK_IN,2026-02-08 11:24:49,COMPLETED,70.56,0.0,0.0,70.56,CASH,PAID,2026-02-08 11:29:01,C0012,B007,,S0083
O01732,,,,WALK_IN,2026-02-08 11:45:12,COMPLETED,35.28,0.0,0.0,35.28,CASH,PAID,2026-02-08 11:46:42,C0102,B001,,S0012
O01744,,,,WALK_IN,2026-02-09 09:08:03,COMPLETED,397.23,0.0,0.0,397.23,CARD,PAID,2026-02-09 09:09:47,C0080,B004,,S0056
O01810,Guest User,+60102684916,guest1810@example.test,DELIVERY,2026-02-10 17:02:46,COMPLETED,220.4,0.0,0.0,247.2,CARD,PAID,2026-02-10 17:03:06,,B003,,S0040
O01796,Guest User,+60175984537,guest1796@example.test,DELIVERY,2026-02-10 19:56:30,COMPLETED,225.55,0.0,0.0,237.7,ONLINE_BANKING,PAID,2026-02-10 20:00:41,,B002,,
O01779,Guest User,+60166930118,guest1779@example.test,WALK_IN,2026-02-11 09:53:48,COMPLETED,209.18,0.0,0.0,209.18,ONLINE_BANKING,PAID,2026-02-11 09:57:37,,B001,,S0006
O01762,Goh Yi Chen,+60196662484,goh.yi.chen.c0042@example.test,DELIVERY,2026-02-11 10:16:56,CANCELLED,187.38,0.0,0.0,194.68,ONLINE_BANKING,FAILED,,C0042,B001,,
O01731,Guest User,+60141986763,guest1731@example.test,DELIVERY,2026-02-11 11:05:55,COMPLETED,29.7,0.0,0.0,40.1,ONLINE_BANKING,PAID,2026-02-11 11:09:56,,B003,,
O01790,Luqman bin Fauzi,+60104827352,luqman.bin.fauzi.c0019@example.test,DELIVERY,2026-02-11 18:25:47,COMPLETED,149.35,0.0,100.0,59.25,E_WALLET,PAID,2026-02-11 18:27:29,C0019,B001,,
O01765,,,,WALK_IN,2026-02-12 11:14:21,COMPLETED,35.77,0.0,0.0,35.77,ONLINE_BANKING,PAID,2026-02-12 11:18:15,C0015,B001,,S0006
O01723,Alvin Jalong,+60171432705,alvin.jalong.c0143@example.test,DELIVERY,2026-02-12 14:57:07,COMPLETED,614.93,0.0,100.0,531.97,E_WALLET,PAID,2026-02-12 14:58:56,C0143,B006,,S0076
O01724,Guest User,+60139601006,guest1724@example.test,PICKUP,2026-02-12 17:46:09,COMPLETED,71.73,0.0,0.0,71.73,E_WALLET,PAID,2026-02-12 17:46:36,,B003,,
O01801,,,,PICKUP,2026-02-13 12:21:16,COMPLETED,418.25,0.0,97.41,320.84,ONLINE_BANKING,PAID,2026-02-13 12:22:50,C0092,B003,,
O01773,,,,PICKUP,2026-02-13 14:07:46,COMPLETED,193.01,0.0,0.0,193.01,E_WALLET,PAID,2026-02-13 14:11:11,C0150,B003,,S0044
O01778,,,,WALK_IN,2026-02-13 15:46:42,COMPLETED,144.89,0.0,0.0,144.89,CARD,PAID,2026-02-13 15:47:43,C0034,B001,,S0013
O01710,Felix Jalong,+60139689878,felix.jalong.c0022@example.test,DELIVERY,2026-02-13 18:06:29,COMPLETED,107.42,0.0,0.0,119.74,ONLINE_BANKING,PAID,2026-02-13 18:11:24,C0022,B003,,S0033
O01784,,,,WALK_IN,2026-02-14 14:22:24,COMPLETED,124.35,0.0,0.0,124.35,CASH,PAID,2026-02-14 14:25:10,C0159,B006,,S0072
O01735,,,,WALK_IN,2026-02-14 16:17:33,COMPLETED,310.56,18.0,0.0,292.56,CASH,PAID,2026-02-14 16:19:47,C0016,B012,V015,S0120
O01808,,,,WALK_IN,2026-02-14 19:11:55,COMPLETED,188.37,0.0,48.66,139.71,CARD,PAID,2026-02-14 19:16:01,C0065,B008,,S0089
O01711,Guest User,+60135358156,guest1711@example.test,PICKUP,2026-02-14 19:48:17,COMPLETED,18.67,0.0,0.0,18.67,E_WALLET,PAID,2026-02-14 19:51:16,,B006,,S0071
O01789,,,,PICKUP,2026-02-15 10:32:38,COMPLETED,74.9,0.0,0.0,74.9,CARD,PAID,2026-02-15 10:35:52,C0043,B007,,
O01756,Chong Yi Chen,+601169580602,chong.yi.chen.c0010@example.test,DELIVERY,2026-02-15 16:35:51,COMPLETED,113.01,0.0,41.83,83.98,E_WALLET,PAID,2026-02-15 16:38:48,C0010,B007,,S0084
O01728,,,,PICKUP,2026-02-15 19:40:15,COMPLETED,91.82,18.0,0.0,73.82,CARD,PAID,2026-02-15 19:41:51,C0015,B007,V012,
O01730,Rahul a/l Raj,+60122506285,rahul.a.l.raj.c0138@example.test,DELIVERY,2026-02-16 08:05:07,COMPLETED,205.81,0.0,0.0,225.89,ONLINE_BANKING,PAID,2026-02-16 08:09:24,C0138,B008,,S0094
O01717,,,,WALK_IN,2026-02-16 11:33:49,COMPLETED,244.02,0.0,0.0,244.02,CARD,PAID,2026-02-16 11:37:04,C0029,B006,,S0076
O01805,,,,PICKUP,2026-02-16 12:52:59,COMPLETED,125.05,0.0,51.28,73.77,CARD,PAID,2026-02-16 12:57:48,C0041,B011,,
O01737,,,,WALK_IN,2026-02-17 09:15:22,COMPLETED,269.69,0.0,100.0,169.69,CASH,PAID,2026-02-17 09:18:27,C0157,B001,,S0002
O01781,,,,WALK_IN,2026-02-17 12:09:44,COMPLETED,385.41,0.0,0.0,385.41,E_WALLET,PAID,2026-02-17 12:13:43,C0125,B003,,S0039
O01772,Guest User,+60152758946,guest1772@example.test,PICKUP,2026-02-17 12:59:45,COMPLETED,184.44,0.0,0.0,184.44,ONLINE_BANKING,PAID,2026-02-17 13:04:44,,B008,,S0089
O01714,Guest User,+60187171588,guest1714@example.test,DELIVERY,2026-02-17 18:24:29,COMPLETED,196.05,0.0,0.0,215.17,ONLINE_BANKING,PAID,2026-02-17 18:25:31,,B012,,
O01804,,,,WALK_IN,2026-02-18 08:20:41,COMPLETED,212.93,0.0,0.0,212.93,CASH,PAID,2026-02-18 08:24:57,C0145,B003,,S0044
O01809,Joanne Mawan,+60188645318,joanne.mawan.c0123@example.test,DELIVERY,2026-02-18 09:08:37,CANCELLED,75.01,0.0,0.0,83.41,CARD,FAILED,,C0123,B003,,
O01785,,,,WALK_IN,2026-02-18 14:00:17,COMPLETED,468.42,0.0,100.0,368.42,ONLINE_BANKING,PAID,2026-02-18 14:00:52,C0129,B004,,S0056
O01713,,,,WALK_IN,2026-02-18 14:28:37,COMPLETED,93.56,0.0,0.0,93.56,CARD,PAID,2026-02-18 14:33:36,C0060,B003,,S0038
O01716,,,,WALK_IN,2026-02-18 16:42:49,COMPLETED,158.27,0.0,24.21,134.06,ONLINE_BANKING,PAID,2026-02-18 16:43:47,C0144,B003,,S0043
O01727,Maisarah binti Basri,+60135369789,maisarah.binti.basri.c0071@example.test,DELIVERY,2026-02-18 18:39:57,COMPLETED,91.69,0.0,0.0,99.94,E_WALLET,PAID,2026-02-18 18:43:40,C0071,B002,,S0028
O01725,Guest User,+60158800097,guest1725@example.test,DELIVERY,2026-02-18 19:21:43,COMPLETED,104.72,0.0,0.0,111.62,E_WALLET,PAID,2026-02-18 19:22:51,,B007,,S0086
O01802,,,,WALK_IN,2026-02-18 19:29:46,COMPLETED,29.52,0.0,0.0,29.52,ONLINE_BANKING,PAID,2026-02-18 19:32:55,C0162,B001,,S0004
O01708,Rahul a/l Krishnan,+60184005307,rahul.a.l.krishnan.c0154@example.test,DELIVERY,2026-02-18 20:12:05,COMPLETED,275.1,0.0,0.0,285.45,CARD,PAID,2026-02-18 20:13:11,C0154,B005,,S0058
O01769,Guest User,+60109166398,guest1769@example.test,WALK_IN,2026-02-19 15:10:27,COMPLETED,498.95,0.0,0.0,498.95,E_WALLET,PAID,2026-02-19 15:11:12,,B003,,S0043
O01745,,,,WALK_IN,2026-02-20 10:09:01,COMPLETED,223.67,0.0,0.0,223.67,E_WALLET,PAID,2026-02-20 10:10:14,C0108,B001,,S0002
O01719,,,,PICKUP,2026-02-20 12:52:43,COMPLETED,96.6,0.0,0.0,96.6,CASH,PAID,2026-02-20 12:53:47,C0021,B001,,
O01738,,,,PICKUP,2026-02-20 15:28:51,COMPLETED,250.12,0.0,0.0,250.12,ONLINE_BANKING,PAID,2026-02-20 15:29:48,C0028,B004,,S0052
O01771,Guest User,+60139745022,guest1771@example.test,DELIVERY,2026-02-20 16:40:44,COMPLETED,488.82,0.0,0.0,501.27,ONLINE_BANKING,PAID,2026-02-20 16:45:04,,B011,,S0109
O01764,,,,PICKUP,2026-02-20 19:32:22,COMPLETED,185.3,0.0,0.0,185.3,E_WALLET,PAID,2026-02-20 19:33:50,C0126,B007,,
O01722,Guest User,+60138125945,guest1722@example.test,DELIVERY,2026-02-20 20:36:39,COMPLETED,153.28,0.0,0.0,177.88,CARD,PAID,2026-02-20 20:37:27,,B002,,S0023
O01760,,,,WALK_IN,2026-02-20 20:49:59,COMPLETED,117.6,0.0,100.0,17.6,CARD,PAID,2026-02-20 20:50:50,C0060,B011,,S0114
O01729,,,,PICKUP,2026-02-21 08:25:26,COMPLETED,113.25,0.0,0.0,113.25,E_WALLET,PAID,2026-02-21 08:27:33,C0025,B008,,
O01715,,,,WALK_IN,2026-02-21 10:10:35,COMPLETED,296.36,0.0,0.0,296.36,E_WALLET,PAID,2026-02-21 10:13:51,,B007,,S0084
O01753,,,,WALK_IN,2026-02-21 10:41:52,CANCELLED,198.62,18.0,100.0,80.62,ONLINE_BANKING,FAILED,,C0085,B004,V015,S0056
O01749,,,,WALK_IN,2026-02-21 12:31:11,COMPLETED,190.2,0.0,0.0,190.2,CARD,PAID,2026-02-21 12:32:16,,B006,,S0076
O01718,,,,PICKUP,2026-02-21 15:22:58,COMPLETED,58.43,0.0,58.43,0.0,MYKASIH,PAID,2026-02-21 15:26:46,C0098,B006,,
O01800,,,,WALK_IN,2026-02-21 18:13:10,COMPLETED,188.55,0.0,100.0,88.55,E_WALLET,PAID,2026-02-21 18:14:59,C0124,B006,,S0072
O01806,,,,WALK_IN,2026-02-22 14:53:56,COMPLETED,175.04,0.0,7.74,167.3,E_WALLET,PAID,2026-02-22 14:55:59,C0089,B005,,S0061
O01747,,,,WALK_IN,2026-02-23 09:52:56,COMPLETED,571.51,0.0,0.0,571.51,E_WALLET,PAID,2026-02-23 09:56:40,C0059,B002,,S0022
O01793,,,,PICKUP,2026-02-23 10:22:14,COMPLETED,35.85,0.0,4.25,31.6,E_WALLET,PAID,2026-02-23 10:26:04,C0032,B002,,S0023
O01759,Guest User,+60141894215,guest1759@example.test,PICKUP,2026-02-24 08:34:25,COMPLETED,155.8,0.0,0.0,155.8,CASH,PAID,2026-02-24 08:38:51,,B005,,
O01766,Guest User,+60183765607,guest1766@example.test,DELIVERY,2026-02-24 14:22:39,CANCELLED,182.55,0.0,0.0,205.95,CARD,FAILED,,,B003,,S0044
O01743,,,,WALK_IN,2026-02-24 15:58:46,COMPLETED,298.12,0.0,0.0,298.12,ONLINE_BANKING,PAID,2026-02-24 16:01:42,,B003,,S0040
O01797,,,,WALK_IN,2026-02-24 17:08:53,COMPLETED,113.15,0.0,36.17,76.98,CARD,PAID,2026-02-24 17:10:54,C0032,B007,,S0078
O01720,Guest User,+60187854450,guest1720@example.test,PICKUP,2026-02-24 19:36:53,COMPLETED,68.14,0.0,0.0,68.14,E_WALLET,PAID,2026-02-24 19:37:20,,B002,,
O01767,,,,WALK_IN,2026-02-25 09:08:37,COMPLETED,214.25,0.0,0.0,214.25,CASH,PAID,2026-02-25 09:13:32,,B007,,S0086
O01757,,,,WALK_IN,2026-02-25 16:18:54,COMPLETED,150.25,0.0,0.0,150.25,CARD,PAID,2026-02-25 16:20:15,C0006,B011,,S0111
O01768,,,,PICKUP,2026-02-25 17:20:40,COMPLETED,93.89,0.0,0.0,93.89,CARD,PAID,2026-02-25 17:23:18,C0111,B003,,S0044
O01803,Guest User,+60188374992,guest1803@example.test,WALK_IN,2026-02-26 09:03:45,COMPLETED,135.12,0.0,0.0,135.12,ONLINE_BANKING,PAID,2026-02-26 09:06:09,,B001,,S0012
O01740,,,,PICKUP,2026-02-26 11:35:31,COMPLETED,157.83,0.0,0.0,157.83,E_WALLET,PAID,2026-02-26 11:38:04,C0081,B004,,
O01755,,,,WALK_IN,2026-02-26 19:32:13,COMPLETED,229.56,0.0,0.0,229.56,ONLINE_BANKING,PAID,2026-02-26 19:33:51,C0067,B011,,S0111
O01794,,,,WALK_IN,2026-02-26 20:14:40,COMPLETED,127.15,0.0,0.0,127.15,CASH,PAID,2026-02-26 20:19:04,,B003,,S0044
O01752,,,,WALK_IN,2026-02-27 08:40:07,COMPLETED,225.57,0.0,0.0,225.57,E_WALLET,PAID,2026-02-27 08:44:50,C0046,B001,,S0012
O01780,Felix Jalong,+60139689878,felix.jalong.c0022@example.test,DELIVERY,2026-02-27 10:31:45,COMPLETED,296.65,0.0,0.0,309.25,ONLINE_BANKING,PAID,2026-02-27 10:33:32,C0022,B003,,S0046
O01726,Hakim bin Omar,+60194158555,hakim.bin.omar.c0096@example.test,DELIVERY,2026-02-27 11:55:49,COMPLETED,104.22,0.0,0.0,111.22,CARD,PAID,2026-02-27 11:58:57,C0096,B004,,
O01741,,,,WALK_IN,2026-02-27 12:28:34,COMPLETED,108.07,0.0,0.0,108.07,CARD,PAID,2026-02-27 12:32:10,,B008,,S0095
O01736,Kavitha a/p Anand,+60132707336,kavitha.a.p.anand.c0150@example.test,DELIVERY,2026-02-27 12:53:54,COMPLETED,92.3,0.0,0.0,112.62,ONLINE_BANKING,PAID,2026-02-27 12:57:47,C0150,B001,,S0008
O01742,,,,WALK_IN,2026-02-27 16:11:32,COMPLETED,162.39,0.0,0.0,162.39,E_WALLET,PAID,2026-02-27 16:14:34,C0076,B007,,S0084
O01775,,,,PICKUP,2026-02-27 17:40:31,COMPLETED,203.94,0.0,0.0,203.94,ONLINE_BANKING,PAID,2026-02-27 17:41:57,C0055,B001,,
O01721,,,,PICKUP,2026-02-27 18:06:04,COMPLETED,397.25,0.0,0.0,397.25,E_WALLET,PAID,2026-02-27 18:08:00,C0071,B004,,
O01739,,,,WALK_IN,2026-02-27 18:58:27,COMPLETED,167.74,0.0,0.0,167.74,CASH,PAID,2026-02-27 19:02:20,C0113,B004,,S0052
O01750,Guest User,+60199401792,guest1750@example.test,PICKUP,2026-02-28 15:57:32,COMPLETED,157.54,0.0,0.0,157.54,CASH,PAID,2026-02-28 16:01:45,,B008,,S0091
O01712,,,,WALK_IN,2026-02-28 16:34:14,COMPLETED,306.29,12.0,51.34,242.95,ONLINE_BANKING,PAID,2026-02-28 16:34:32,C0065,B003,V020,S0038
O01863,,,,PICKUP,2026-03-01 09:49:27,COMPLETED,192.38,0.0,0.0,192.38,CARD,PAID,2026-03-01 09:52:06,C0152,B004,,S0056
O01848,Ho Ai Ling,+60171057616,ho.ai.ling.c0023@example.test,DELIVERY,2026-03-01 14:51:08,COMPLETED,122.51,0.0,100.0,46.91,E_WALLET,PAID,2026-03-01 14:54:11,C0023,B011,,S0109
O01861,Guest User,+60176121404,guest1861@example.test,WALK_IN,2026-03-01 16:07:42,COMPLETED,171.47,0.0,0.0,171.47,ONLINE_BANKING,PAID,2026-03-01 16:09:00,,B003,,S0039
O01900,,,,WALK_IN,2026-03-02 11:41:36,COMPLETED,217.81,0.0,100.0,117.81,CARD,PAID,2026-03-02 11:46:16,C0130,B001,,S0010
O01862,Guest User,+60193378870,guest1862@example.test,DELIVERY,2026-03-02 13:05:33,COMPLETED,102.39,0.0,0.0,124.89,ONLINE_BANKING,PAID,2026-03-02 13:06:42,,B002,,S0022
O01860,,,,PICKUP,2026-03-02 14:28:54,COMPLETED,200.26,0.0,64.88,135.38,E_WALLET,PAID,2026-03-02 14:30:23,C0146,B002,,
O01834,,,,WALK_IN,2026-03-02 14:33:22,COMPLETED,393.06,0.0,100.0,293.06,CARD,PAID,2026-03-02 14:35:19,C0134,B003,,S0043
O01877,,,,WALK_IN,2026-03-02 14:45:55,COMPLETED,368.48,0.0,0.0,368.48,ONLINE_BANKING,PAID,2026-03-02 14:48:10,C0069,B003,,S0044
O01851,,,,WALK_IN,2026-03-02 16:39:05,COMPLETED,172.17,12.0,0.0,160.17,ONLINE_BANKING,PAID,2026-03-02 16:42:37,C0133,B002,V020,S0018
O01821,,,,PICKUP,2026-03-02 17:15:15,CANCELLED,125.6,18.0,0.0,107.6,ONLINE_BANKING,FAILED,,C0029,B001,V012,S0002
O01873,,,,PICKUP,2026-03-02 20:12:18,COMPLETED,364.88,0.0,100.0,264.88,ONLINE_BANKING,PAID,2026-03-02 20:15:42,C0121,B006,,
O01828,,,,WALK_IN,2026-03-03 09:32:50,COMPLETED,246.28,0.0,83.05,163.23,E_WALLET,PAID,2026-03-03 09:36:14,C0100,B001,,S0010
O01841,Luqman bin Jamal,+60135843471,luqman.bin.jamal.c0040@example.test,DELIVERY,2026-03-04 08:26:39,COMPLETED,90.42,0.0,0.0,111.42,ONLINE_BANKING,PAID,2026-03-04 08:31:33,C0040,B007,,
O01890,Guest User,+60163621073,guest1890@example.test,DELIVERY,2026-03-04 18:25:48,COMPLETED,327.1,0.0,0.0,352.6,ONLINE_BANKING,PAID,2026-03-04 18:26:30,,B001,,
O01835,,,,WALK_IN,2026-03-04 20:19:07,COMPLETED,166.84,0.0,0.0,166.84,ONLINE_BANKING,PAID,2026-03-04 20:19:55,,B011,,S0114
O01870,Victor Nanta,+60124515183,victor.nanta.c0038@example.test,DELIVERY,2026-03-05 11:30:26,COMPLETED,253.22,0.0,72.08,196.1,E_WALLET,PAID,2026-03-05 11:35:19,C0038,B003,,
O01892,,,,WALK_IN,2026-03-05 14:13:58,COMPLETED,135.48,0.0,0.0,135.48,CASH,PAID,2026-03-05 14:18:10,C0072,B001,,S0010
O01865,,,,WALK_IN,2026-03-05 20:44:15,COMPLETED,166.59,0.0,0.0,166.59,CASH,PAID,2026-03-05 20:46:01,,B002,,S0022
O01847,,,,WALK_IN,2026-03-06 08:24:21,COMPLETED,94.16,0.0,8.5,85.66,E_WALLET,PAID,2026-03-06 08:28:06,C0053,B011,,S0111
O01885,,,,WALK_IN,2026-03-06 10:15:25,COMPLETED,115.72,0.0,0.0,115.72,E_WALLET,PAID,2026-03-06 10:18:10,C0126,B003,,S0032
O01876,,,,WALK_IN,2026-03-07 13:24:51,COMPLETED,271.68,0.0,0.0,271.68,CARD,PAID,2026-03-07 13:29:30,C0027,B001,,S0012
O01868,,,,WALK_IN,2026-03-07 17:22:12,COMPLETED,239.41,0.0,100.0,139.41,CASH,PAID,2026-03-07 17:23:11,C0035,B004,,S0056
O01850,Guest User,+60145000884,guest1850@example.test,PICKUP,2026-03-08 09:22:54,COMPLETED,66.79,0.0,0.0,66.79,CASH,PAID,2026-03-08 09:25:09,,B008,,
O01815,Maisarah binti Basri,+60135369789,maisarah.binti.basri.c0071@example.test,DELIVERY,2026-03-08 16:13:14,COMPLETED,102.29,20.0,0.0,93.04,E_WALLET,PAID,2026-03-08 16:16:49,C0071,B002,V021,S0022
O01866,,,,PICKUP,2026-03-08 17:41:15,COMPLETED,268.57,12.0,0.0,256.57,ONLINE_BANKING,PAID,2026-03-08 17:43:17,C0118,B002,V020,S0024
O01854,,,,WALK_IN,2026-03-08 19:40:12,COMPLETED,108.19,0.0,0.0,108.19,E_WALLET,PAID,2026-03-08 19:44:29,,B003,,S0046
O01897,,,,WALK_IN,2026-03-10 18:45:36,COMPLETED,251.53,0.0,0.0,251.53,CASH,PAID,2026-03-10 18:49:20,,B005,,S0058
O01879,,,,WALK_IN,2026-03-11 08:33:36,COMPLETED,80.86,0.0,0.0,80.86,ONLINE_BANKING,PAID,2026-03-11 08:38:19,C0135,B005,,S0062
O01853,Guest User,+60185759602,guest1853@example.test,PICKUP,2026-03-12 10:30:43,COMPLETED,135.12,0.0,0.0,135.12,CASH,PAID,2026-03-12 10:33:47,,B006,,
O01833,Guest User,+60112300347,guest1833@example.test,WALK_IN,2026-03-12 11:36:07,COMPLETED,363.18,0.0,0.0,363.18,E_WALLET,PAID,2026-03-12 11:40:57,,B007,,S0078
O01825,,,,PICKUP,2026-03-12 17:30:07,COMPLETED,54.88,0.0,0.0,54.88,CARD,PAID,2026-03-12 17:32:46,C0004,B003,,
O01824,Felix Janting,+60191917399,felix.janting.c0093@example.test,DELIVERY,2026-03-13 15:00:25,COMPLETED,5.47,0.0,0.0,13.79,ONLINE_BANKING,PAID,2026-03-13 15:04:01,C0093,B011,,
O01899,,,,WALK_IN,2026-03-13 16:36:38,COMPLETED,186.88,0.0,0.0,186.88,E_WALLET,PAID,2026-03-13 16:41:22,,B006,,S0076
O01849,,,,WALK_IN,2026-03-13 17:44:26,COMPLETED,275.37,12.0,0.0,263.37,ONLINE_BANKING,PAID,2026-03-13 17:47:47,C0070,B006,V020,S0076
O01872,,,,WALK_IN,2026-03-13 18:05:47,COMPLETED,136.17,0.0,0.0,136.17,CARD,PAID,2026-03-13 18:08:12,C0038,B003,,S0039
O01840,,,,PICKUP,2026-03-14 08:33:41,COMPLETED,203.74,0.0,0.0,203.74,ONLINE_BANKING,PAID,2026-03-14 08:34:13,C0133,B005,,S0062
O01822,,,,WALK_IN,2026-03-14 08:33:46,COMPLETED,98.98,0.0,0.0,98.98,CARD,PAID,2026-03-14 08:35:09,C0106,B003,,S0046
O01818,Guest User,+60127685976,guest1818@example.test,PICKUP,2026-03-14 09:29:13,COMPLETED,99.24,0.0,0.0,99.24,CARD,PAID,2026-03-14 09:32:59,,B006,,S0067
O01839,,,,PICKUP,2026-03-14 10:49:44,COMPLETED,440.15,12.0,100.0,328.15,CASH,PAID,2026-03-14 10:54:08,C0085,B004,V020,
O01831,,,,PICKUP,2026-03-14 11:36:10,CANCELLED,160.3,0.0,0.0,160.3,E_WALLET,FAILED,,C0171,B001,,
O01886,,,,WALK_IN,2026-03-14 11:51:49,COMPLETED,261.11,12.0,100.0,149.11,E_WALLET,PAID,2026-03-14 11:55:45,C0095,B003,V020,S0040
O01817,,,,WALK_IN,2026-03-15 08:57:30,COMPLETED,280.7,0.0,100.0,180.7,CARD,PAID,2026-03-15 08:58:21,C0124,B003,,S0044
O01820,,,,WALK_IN,2026-03-15 13:08:47,COMPLETED,249.71,0.0,0.0,249.71,CASH,PAID,2026-03-15 13:13:45,C0160,B002,,S0023
O01864,,,,WALK_IN,2026-03-15 15:41:11,CANCELLED,121.12,0.0,0.0,121.12,CARD,FAILED,,C0158,B003,,S0043
O01895,,,,WALK_IN,2026-03-16 14:28:16,COMPLETED,59.04,0.0,26.52,32.52,ONLINE_BANKING,PAID,2026-03-16 14:32:44,C0053,B005,,S0061
O01888,,,,WALK_IN,2026-03-17 09:13:29,COMPLETED,180.16,0.0,0.0,180.16,CARD,PAID,2026-03-17 09:16:12,,B002,,S0023
O01880,Arif bin Razak,+60102422227,arif.bin.razak.c0011@example.test,DELIVERY,2026-03-17 12:44:02,COMPLETED,282.08,0.0,0.0,292.8,CARD,PAID,2026-03-17 12:44:19,C0011,B006,,
O01881,,,,WALK_IN,2026-03-17 18:24:52,COMPLETED,250.12,0.0,100.0,150.12,CARD,PAID,2026-03-17 18:28:53,C0064,B002,,S0023
O01838,Guest User,+60196524623,guest1838@example.test,DELIVERY,2026-03-18 11:49:19,COMPLETED,166.11,0.0,0.0,178.35,E_WALLET,PAID,2026-03-18 11:53:53,,B005,,
O01884,,,,PICKUP,2026-03-18 20:32:20,CANCELLED,274.41,0.0,100.0,174.41,CARD,FAILED,,C0003,B001,,
O01898,Felix Janting,+60191917399,felix.janting.c0093@example.test,DELIVERY,2026-03-19 09:21:07,COMPLETED,287.72,0.0,100.0,195.96,E_WALLET,PAID,2026-03-19 09:25:59,C0093,B006,,S0069
O01883,Guest User,+60151839402,guest1883@example.test,WALK_IN,2026-03-19 10:38:49,COMPLETED,22.36,0.0,0.0,22.36,ONLINE_BANKING,PAID,2026-03-19 10:43:11,,B002,,S0023
O01858,,,,WALK_IN,2026-03-19 10:45:01,CANCELLED,241.47,0.0,0.0,241.47,CASH,FAILED,,C0170,B004,,S0052
O01843,,,,PICKUP,2026-03-19 13:22:23,COMPLETED,322.26,0.0,100.0,222.26,ONLINE_BANKING,PAID,2026-03-19 13:23:03,C0087,B002,,
O01887,Guest User,+60168100836,guest1887@example.test,DELIVERY,2026-03-20 14:15:56,COMPLETED,317.12,0.0,0.0,333.6,E_WALLET,PAID,2026-03-20 14:17:58,,B001,,
O01836,Sanjay a/l Krishnan,+60148439344,sanjay.a.l.krishnan.c0129@example.test,DELIVERY,2026-03-20 16:51:01,COMPLETED,268.43,0.0,36.17,241.81,CARD,PAID,2026-03-20 16:55:31,C0129,B003,,
O01893,,,,PICKUP,2026-03-20 19:46:24,COMPLETED,175.54,0.0,0.0,175.54,CASH,PAID,2026-03-20 19:50:23,C0151,B003,,S0038
O01814,,,,PICKUP,2026-03-21 10:20:52,COMPLETED,371.71,0.0,100.0,271.71,ONLINE_BANKING,PAID,2026-03-21 10:23:11,C0010,B003,,
O01875,Guest User,+60187038544,guest1875@example.test,WALK_IN,2026-03-21 12:21:30,COMPLETED,166.75,0.0,0.0,166.75,CASH,PAID,2026-03-21 12:22:21,,B011,,S0114
O01869,Meera a/p Suresh,+60102352781,meera.a.p.suresh.c0004@example.test,DELIVERY,2026-03-21 13:59:55,COMPLETED,230.74,0.0,0.0,237.94,E_WALLET,PAID,2026-03-21 14:02:05,C0004,B006,,S0072
O01842,,,,PICKUP,2026-03-21 16:24:08,COMPLETED,102.43,0.0,0.0,102.43,CASH,PAID,2026-03-21 16:27:33,C0106,B002,,S0031
O01813,Yeoh Jia En,+601163144304,yeoh.jia.en.c0081@example.test,DELIVERY,2026-03-21 20:47:59,COMPLETED,56.01,0.0,0.0,62.71,CARD,PAID,2026-03-21 20:48:37,C0081,B003,,S0045
O01902,,,,PICKUP,2026-03-22 15:29:10,COMPLETED,150.22,0.0,100.0,50.22,E_WALLET,PAID,2026-03-22 15:32:19,C0144,B002,,
O01882,,,,WALK_IN,2026-03-22 18:27:59,COMPLETED,312.26,0.0,0.0,312.26,CARD,PAID,2026-03-22 18:31:21,,B002,,S0018
O01816,Guest User,+60104579716,guest1816@example.test,WALK_IN,2026-03-23 11:45:09,CANCELLED,312.49,0.0,0.0,312.49,E_WALLET,FAILED,,,B003,,S0038
O01829,,,,WALK_IN,2026-03-23 11:52:59,COMPLETED,226.31,0.0,92.04,134.27,E_WALLET,PAID,2026-03-23 11:54:33,C0040,B002,,S0018
O01855,,,,PICKUP,2026-03-24 11:01:48,COMPLETED,295.01,18.0,0.0,277.01,CASH,PAID,2026-03-24 11:06:37,C0004,B002,V012,S0028
O01878,Danish bin Ibrahim,+60102221753,danish.bin.ibrahim.c0046@example.test,DELIVERY,2026-03-24 18:45:18,COMPLETED,53.66,4.0,15.53,49.43,E_WALLET,PAID,2026-03-24 18:49:59,C0046,B007,V017,
O01856,,,,WALK_IN,2026-03-24 20:35:51,COMPLETED,313.91,12.0,0.0,301.91,CARD,PAID,2026-03-24 20:37:31,C0153,B005,V020,S0063
O01826,Sanjay a/l Raman,+60176182996,sanjay.a.l.raman.c0141@example.test,DELIVERY,2026-03-25 08:56:59,COMPLETED,205.59,0.0,77.13,144.7,ONLINE_BANKING,PAID,2026-03-25 08:57:22,C0141,B007,,S0080
O01823,Nurin binti Zainal,+60123470920,nurin.binti.zainal.c0090@example.test,DELIVERY,2026-03-25 09:46:00,COMPLETED,276.83,0.0,100.0,195.13,E_WALLET,PAID,2026-03-25 09:50:37,C0090,B007,,
O01891,,,,WALK_IN,2026-03-25 14:37:40,COMPLETED,285.36,0.0,100.0,185.36,CARD,PAID,2026-03-25 14:40:48,C0086,B010,,S0104
O01867,,,,WALK_IN,2026-03-26 17:51:55,COMPLETED,295.5,0.0,0.0,295.5,CARD,PAID,2026-03-26 17:56:08,C0136,B007,,S0079
O01852,Aisyah binti Jamal,+60130245912,aisyah.binti.jamal.c0113@example.test,DELIVERY,2026-03-26 19:53:22,COMPLETED,179.25,0.0,0.0,189.49,CARD,PAID,2026-03-26 19:56:32,C0113,B001,,
O01832,,,,PICKUP,2026-03-27 09:55:35,COMPLETED,258.24,0.0,0.0,258.24,ONLINE_BANKING,PAID,2026-03-27 09:58:24,C0149,B004,,S0049
O01844,Guest User,+60146922337,guest1844@example.test,PICKUP,2026-03-27 11:59:30,COMPLETED,141.78,0.0,0.0,141.78,CARD,PAID,2026-03-27 12:03:14,,B003,,
O01889,Guest User,+60151633898,guest1889@example.test,DELIVERY,2026-03-27 12:44:01,COMPLETED,270.11,0.0,0.0,286.27,CARD,PAID,2026-03-27 12:47:00,,B003,,S0032
O01871,,,,WALK_IN,2026-03-27 20:55:59,COMPLETED,275.04,0.0,92.79,182.25,CARD,PAID,2026-03-27 20:58:11,C0050,B001,,S0004
O01837,,,,WALK_IN,2026-03-28 17:18:33,COMPLETED,71.35,0.0,0.0,71.35,ONLINE_BANKING,PAID,2026-03-28 17:21:50,C0161,B003,,S0041
O01857,,,,WALK_IN,2026-03-29 14:12:37,COMPLETED,270.73,0.0,0.0,270.73,ONLINE_BANKING,PAID,2026-03-29 14:14:32,C0129,B004,,S0052
O01859,,,,PICKUP,2026-03-29 20:51:55,COMPLETED,172.44,0.0,56.43,116.01,E_WALLET,PAID,2026-03-29 20:55:01,C0014,B003,,S0044
O01846,Guest User,+60115329534,guest1846@example.test,DELIVERY,2026-03-30 16:28:44,COMPLETED,490.02,0.0,0.0,502.52,E_WALLET,PAID,2026-03-30 16:31:28,,B005,,
O01894,Irfan bin Ahmad,+60160053891,irfan.bin.ahmad.c0050@example.test,DELIVERY,2026-03-30 17:19:08,COMPLETED,236.9,0.0,7.21,244.73,CARD,PAID,2026-03-30 17:23:06,C0050,B001,,S0016
O01827,,,,PICKUP,2026-03-30 17:32:16,COMPLETED,187.95,0.0,0.0,187.95,ONLINE_BANKING,PAID,2026-03-30 17:33:14,C0097,B001,,S0012
O01830,,,,WALK_IN,2026-03-30 19:42:19,COMPLETED,294.23,0.0,80.07,214.16,CARD,PAID,2026-03-30 19:44:12,C0074,B003,,S0040
O01845,,,,PICKUP,2026-03-31 08:49:01,COMPLETED,215.66,0.0,43.57,172.09,E_WALLET,PAID,2026-03-31 08:49:49,C0014,B002,,S0029
O01819,,,,PICKUP,2026-03-31 13:34:57,COMPLETED,197.93,0.0,0.0,197.93,CASH,PAID,2026-03-31 13:35:34,C0064,B005,,S0066
O01874,Danish bin Ibrahim,+60102221753,danish.bin.ibrahim.c0046@example.test,DELIVERY,2026-03-31 14:29:04,COMPLETED,356.5,0.0,84.47,291.15,E_WALLET,PAID,2026-03-31 14:32:52,C0046,B002,,
O01896,Sanjay a/l Murugan,+60129480423,sanjay.a.l.murugan.c0119@example.test,DELIVERY,2026-03-31 18:50:12,COMPLETED,186.84,0.0,0.0,195.16,CARD,PAID,2026-03-31 18:53:59,C0119,B001,,S0005
O01901,,,,PICKUP,2026-03-31 19:11:45,CANCELLED,207.83,0.0,0.0,207.83,ONLINE_BANKING,FAILED,,C0028,B009,,S0101
O01951,,,,WALK_IN,2026-04-01 15:52:37,COMPLETED,203.71,0.0,0.0,203.71,CARD,PAID,2026-04-01 15:53:21,C0133,B001,,S0011
O02009,,,,WALK_IN,2026-04-01 19:22:28,COMPLETED,156.21,12.0,0.0,144.21,CARD,PAID,2026-04-01 19:23:24,C0129,B003,V020,S0046
O01904,Guest User,+60128957359,guest1904@example.test,PICKUP,2026-04-02 08:12:00,COMPLETED,295.3,0.0,0.0,295.3,E_WALLET,PAID,2026-04-02 08:15:01,,B003,,
O01971,,,,PICKUP,2026-04-03 08:09:41,COMPLETED,328.21,0.0,0.0,328.21,ONLINE_BANKING,PAID,2026-04-03 08:12:24,C0139,B011,,
O01953,Luqman bin Jamal,+60135843471,luqman.bin.jamal.c0040@example.test,DELIVERY,2026-04-03 08:31:30,COMPLETED,281.8,4.0,100.0,190.2,CARD,PAID,2026-04-03 08:34:26,C0040,B008,V017,S0095
O01979,,,,PICKUP,2026-04-03 12:16:52,COMPLETED,228.61,12.0,65.72,150.89,CARD,PAID,2026-04-03 12:20:52,C0087,B002,V020,
O01925,,,,WALK_IN,2026-04-03 14:25:29,COMPLETED,43.78,0.0,0.0,43.78,CASH,PAID,2026-04-03 14:29:05,,B001,,S0006
O01939,,,,PICKUP,2026-04-03 16:27:37,COMPLETED,263.4,0.0,0.0,263.4,ONLINE_BANKING,PAID,2026-04-03 16:30:17,C0071,B002,,
O01947,Ng Shi Hao,+601165484751,ng.shi.hao.c0153@example.test,DELIVERY,2026-04-03 16:45:01,COMPLETED,138.98,0.0,0.0,156.82,ONLINE_BANKING,PAID,2026-04-03 16:46:13,C0153,B011,,S0114
O01949,,,,WALK_IN,2026-04-03 19:30:32,COMPLETED,180.29,12.0,0.0,168.29,CARD,PAID,2026-04-03 19:34:47,C0133,B008,V020,S0095
O01919,Guest User,+60176195596,guest1919@example.test,DELIVERY,2026-04-03 20:00:30,COMPLETED,227.46,0.0,0.0,237.31,ONLINE_BANKING,PAID,2026-04-03 20:00:50,,B006,,
O01917,,,,WALK_IN,2026-04-04 08:02:19,COMPLETED,227.36,0.0,0.0,227.36,CASH,PAID,2026-04-04 08:03:24,,B006,,S0068
O01915,,,,WALK_IN,2026-04-04 12:46:49,COMPLETED,186.03,0.0,0.0,186.03,ONLINE_BANKING,PAID,2026-04-04 12:47:27,,B011,,S0113
O01992,,,,PICKUP,2026-04-04 14:45:29,COMPLETED,296.36,0.0,100.0,196.36,ONLINE_BANKING,PAID,2026-04-04 14:48:13,C0146,B001,,
O02005,Guest User,+60199316761,guest2005@example.test,WALK_IN,2026-04-04 16:59:18,COMPLETED,210.29,0.0,0.0,210.29,CASH,PAID,2026-04-04 17:03:43,,B002,,S0023
O01906,,,,PICKUP,2026-04-04 20:04:10,COMPLETED,188.6,0.0,0.0,188.6,CASH,PAID,2026-04-04 20:08:39,C0145,B003,,S0032
O02007,,,,WALK_IN,2026-04-04 20:45:16,CANCELLED,200.15,0.0,41.83,158.32,ONLINE_BANKING,FAILED,,C0168,B005,,S0066
O01922,,,,WALK_IN,2026-04-05 13:55:29,COMPLETED,47.38,0.0,0.0,47.38,CARD,PAID,2026-04-05 13:58:37,C0042,B009,,S0101
O01946,,,,WALK_IN,2026-04-05 18:42:49,COMPLETED,408.78,0.0,0.0,408.78,CARD,PAID,2026-04-05 18:46:48,C0101,B003,,S0032
O01988,,,,WALK_IN,2026-04-05 19:23:16,COMPLETED,225.75,0.0,0.0,225.75,CARD,PAID,2026-04-05 19:26:17,,B004,,S0052
O01958,Ong Shi Hao,+60169510458,ong.shi.hao.c0160@example.test,DELIVERY,2026-04-05 19:37:45,COMPLETED,177.57,0.0,0.0,204.67,E_WALLET,PAID,2026-04-05 19:39:42,C0160,B005,,
O01921,,,,PICKUP,2026-04-06 11:27:01,COMPLETED,74.25,0.0,8.07,66.18,E_WALLET,PAID,2026-04-06 11:27:36,C0023,B003,,
O01926,Guest User,+60103887428,guest1926@example.test,DELIVERY,2026-04-06 11:38:23,COMPLETED,135.11,0.0,0.0,149.35,E_WALLET,PAID,2026-04-06 11:41:33,,B001,,S0007
O01961,Goh Mei Qi,+60134507564,goh.mei.qi.c0084@example.test,DELIVERY,2026-04-06 18:32:33,COMPLETED,313.61,0.0,46.19,276.37,ONLINE_BANKING,PAID,2026-04-06 18:35:08,C0084,B005,,
O01924,,,,WALK_IN,2026-04-07 10:35:27,COMPLETED,30.48,0.0,0.0,30.48,CARD,PAID,2026-04-07 10:37:46,,B010,,S0105
O01912,Guest User,+60184755315,guest1912@example.test,WALK_IN,2026-04-07 10:36:56,COMPLETED,190.45,0.0,0.0,190.45,ONLINE_BANKING,PAID,2026-04-07 10:41:34,,B002,,S0018
O01934,,,,WALK_IN,2026-04-08 11:01:54,COMPLETED,79.83,0.0,63.64,16.19,E_WALLET,PAID,2026-04-08 11:05:47,C0170,B003,,S0040
O01986,,,,PICKUP,2026-04-08 13:10:21,COMPLETED,59.96,0.0,36.36,23.6,CASH,PAID,2026-04-08 13:13:51,C0170,B006,,
O01955,,,,WALK_IN,2026-04-08 15:24:11,COMPLETED,242.05,0.0,0.0,242.05,ONLINE_BANKING,PAID,2026-04-08 15:28:39,,B004,,S0056
O01964,,,,WALK_IN,2026-04-10 11:57:52,COMPLETED,138.37,0.0,11.9,126.47,ONLINE_BANKING,PAID,2026-04-10 11:58:39,C0110,B008,,S0093
O01994,Guest User,+60129440561,guest1994@example.test,WALK_IN,2026-04-10 14:28:51,COMPLETED,362.74,0.0,0.0,362.74,ONLINE_BANKING,PAID,2026-04-10 14:32:43,,B006,,S0072
O02010,,,,WALK_IN,2026-04-10 15:59:18,COMPLETED,54.82,12.0,0.0,42.82,ONLINE_BANKING,PAID,2026-04-10 16:00:59,C0091,B001,V020,S0010
O01903,Guest User,+60126299894,guest1903@example.test,WALK_IN,2026-04-10 17:21:11,COMPLETED,245.63,0.0,0.0,245.63,CARD,PAID,2026-04-10 17:26:08,,B003,,S0043
O01942,Guest User,+60142174262,guest1942@example.test,DELIVERY,2026-04-10 17:35:44,COMPLETED,326.61,0.0,0.0,346.37,E_WALLET,PAID,2026-04-10 17:38:29,,B006,,
O01908,Nabil bin Hamid,+60147184403,nabil.bin.hamid.c0173@example.test,DELIVERY,2026-04-11 10:45:59,COMPLETED,192.14,0.0,0.0,206.38,E_WALLET,PAID,2026-04-11 10:49:49,C0173,B006,,
O01940,Ananya a/p Chandran,+60126719166,ananya.a.p.chandran.c0039@example.test,DELIVERY,2026-04-11 13:47:50,COMPLETED,303.64,0.0,0.0,325.04,CARD,PAID,2026-04-11 13:51:30,C0039,B001,,S0002
O01987,,,,WALK_IN,2026-04-11 15:56:25,COMPLETED,128.45,0.0,0.0,128.45,CARD,PAID,2026-04-11 15:58:56,,B008,,S0093
O01944,,,,PICKUP,2026-04-11 18:31:07,COMPLETED,79.35,0.0,0.0,79.35,ONLINE_BANKING,PAID,2026-04-11 18:34:38,C0144,B001,,
O01931,,,,WALK_IN,2026-04-12 09:11:33,COMPLETED,261.19,0.0,41.99,219.2,ONLINE_BANKING,PAID,2026-04-12 09:13:39,C0134,B001,,S0012
O01936,,,,WALK_IN,2026-04-12 09:18:35,COMPLETED,125.21,0.0,0.0,125.21,CASH,PAID,2026-04-12 09:19:30,C0157,B007,,S0078
O01945,,,,WALK_IN,2026-04-12 10:47:18,COMPLETED,222.5,0.0,0.0,222.5,CASH,PAID,2026-04-12 10:51:40,,B005,,S0062
O01910,,,,WALK_IN,2026-04-12 17:56:33,COMPLETED,8.5,0.0,0.0,8.5,CASH,PAID,2026-04-12 17:57:59,,B002,,S0023
O01993,Guest User,+60105146337,guest1993@example.test,DELIVERY,2026-04-12 19:06:43,COMPLETED,42.78,0.0,0.0,55.88,ONLINE_BANKING,PAID,2026-04-12 19:11:09,,B002,,
O01999,Guest User,+60175142562,guest1999@example.test,WALK_IN,2026-04-12 20:27:40,COMPLETED,206.75,0.0,0.0,206.75,CASH,PAID,2026-04-12 20:28:29,,B002,,S0022
O01943,,,,WALK_IN,2026-04-13 13:27:33,COMPLETED,95.6,0.0,95.6,0.0,MYKASIH,PAID,2026-04-13 13:29:38,C0115,B009,,S0101
O01977,Guest User,+60111052311,guest1977@example.test,PICKUP,2026-04-13 13:32:50,COMPLETED,28.78,0.0,0.0,28.78,CARD,PAID,2026-04-13 13:36:56,,B003,,
O01982,Harish a/l Krishnan,+60197887550,harish.a.l.krishnan.c0174@example.test,DELIVERY,2026-04-13 16:26:50,COMPLETED,92.44,0.0,0.0,102.99,CARD,PAID,2026-04-13 16:28:36,C0174,B002,,
O01930,,,,WALK_IN,2026-04-13 18:15:41,COMPLETED,269.89,0.0,0.0,269.89,CASH,PAID,2026-04-13 18:18:14,C0176,B011,,S0112
O01974,Guest User,+60175771967,guest1974@example.test,DELIVERY,2026-04-14 08:20:34,COMPLETED,101.85,0.0,0.0,118.49,ONLINE_BANKING,PAID,2026-04-14 08:22:15,,B003,,
O01965,Guest User,+60162205913,guest1965@example.test,DELIVERY,2026-04-14 16:23:38,COMPLETED,216.41,0.0,0.0,227.61,CARD,PAID,2026-04-14 16:28:34,,B001,,
O02002,,,,WALK_IN,2026-04-14 19:32:29,COMPLETED,205.57,12.0,0.0,193.57,E_WALLET,PAID,2026-04-14 19:33:24,C0170,B004,V020,S0052
O01981,Guest User,+60112905785,guest1981@example.test,PICKUP,2026-04-15 15:21:01,COMPLETED,62.23,0.0,0.0,62.23,CARD,PAID,2026-04-15 15:25:01,,B002,,
O01905,,,,WALK_IN,2026-04-15 16:12:30,COMPLETED,218.22,0.0,0.0,218.22,CASH,PAID,2026-04-15 16:17:07,C0138,B002,,S0022
O02000,Luqman bin Fauzi,+60104827352,luqman.bin.fauzi.c0019@example.test,DELIVERY,2026-04-15 16:59:24,COMPLETED,136.57,0.0,83.86,57.91,ONLINE_BANKING,PAID,2026-04-15 17:01:51,C0019,B001,,S0013
O01950,,,,PICKUP,2026-04-15 20:33:45,COMPLETED,54.63,0.0,0.0,54.63,CASH,PAID,2026-04-15 20:38:29,C0174,B001,,
O01907,,,,WALK_IN,2026-04-15 20:43:32,COMPLETED,216.38,0.0,100.0,116.38,CARD,PAID,2026-04-15 20:48:24,C0116,B011,,S0113
O01960,,,,WALK_IN,2026-04-16 08:00:48,COMPLETED,117.54,0.0,0.0,117.54,CARD,PAID,2026-04-16 08:02:32,C0080,B001,,S0014
O01963,,,,WALK_IN,2026-04-16 19:32:24,COMPLETED,48.57,12.0,0.0,36.57,ONLINE_BANKING,PAID,2026-04-16 19:33:28,C0028,B005,V020,S0063
O01973,Guest User,+60112922784,guest1973@example.test,PICKUP,2026-04-17 08:48:20,COMPLETED,184.53,0.0,0.0,184.53,ONLINE_BANKING,PAID,2026-04-17 08:48:46,,B005,,S0061
O01990,Guest User,+60103153296,guest1990@example.test,WALK_IN,2026-04-17 09:22:36,COMPLETED,277.56,0.0,0.0,277.56,CARD,PAID,2026-04-17 09:27:25,,B006,,S0073
O01948,Aarav a/l Suresh,+60138823660,aarav.a.l.suresh.c0110@example.test,DELIVERY,2026-04-17 09:41:28,COMPLETED,179.74,0.0,54.66,137.98,ONLINE_BANKING,PAID,2026-04-17 09:45:12,C0110,B002,,
O01972,,,,WALK_IN,2026-04-17 15:56:13,COMPLETED,122.35,0.0,0.0,122.35,CARD,PAID,2026-04-17 15:56:55,,B008,,S0095
O02004,,,,PICKUP,2026-04-17 17:04:31,COMPLETED,58.44,0.0,0.0,58.44,CARD,PAID,2026-04-17 17:06:09,C0177,B002,,
O02001,,,,WALK_IN,2026-04-18 12:56:21,COMPLETED,229.9,0.0,0.0,229.9,CARD,PAID,2026-04-18 12:58:17,,B002,,S0018
O01911,,,,WALK_IN,2026-04-18 13:12:11,COMPLETED,305.16,0.0,100.0,205.16,CASH,PAID,2026-04-18 13:15:46,C0150,B001,,S0006
O01933,Guest User,+60124747406,guest1933@example.test,WALK_IN,2026-04-18 14:12:24,COMPLETED,120.59,0.0,0.0,120.59,ONLINE_BANKING,PAID,2026-04-18 14:15:02,,B001,,S0006
O01995,,,,WALK_IN,2026-04-18 14:32:25,COMPLETED,221.11,0.0,0.0,221.11,CASH,PAID,2026-04-18 14:32:49,C0007,B004,,S0051
O01927,Guest User,+60171681938,guest1927@example.test,DELIVERY,2026-04-18 20:40:37,COMPLETED,247.78,0.0,0.0,264.34,ONLINE_BANKING,PAID,2026-04-18 20:44:15,,B001,,
O01962,,,,PICKUP,2026-04-19 09:35:26,COMPLETED,245.55,0.0,100.0,145.55,CARD,PAID,2026-04-19 09:36:38,C0121,B010,,
O01909,,,,WALK_IN,2026-04-19 09:45:53,COMPLETED,170.11,0.0,0.0,170.11,E_WALLET,PAID,2026-04-19 09:50:49,C0138,B006,,S0069
O01937,,,,PICKUP,2026-04-19 12:06:30,COMPLETED,34.47,0.0,0.0,34.47,CARD,PAID,2026-04-19 12:08:09,C0120,B003,,
O02003,,,,WALK_IN,2026-04-19 19:20:09,COMPLETED,173.67,0.0,84.53,89.14,ONLINE_BANKING,PAID,2026-04-19 19:24:29,C0089,B003,,S0040
O01966,,,,WALK_IN,2026-04-20 17:40:34,COMPLETED,73.17,0.0,0.0,73.17,ONLINE_BANKING,PAID,2026-04-20 17:44:59,C0081,B003,,S0038
O01996,,,,WALK_IN,2026-04-20 18:45:50,CANCELLED,170.82,0.0,94.8,76.02,E_WALLET,FAILED,,C0165,B003,,S0044
O02006,,,,WALK_IN,2026-04-20 19:45:09,COMPLETED,265.24,0.0,0.0,265.24,CARD,PAID,2026-04-20 19:45:25,,B002,,S0018
O01914,Guest User,+60173066052,guest1914@example.test,WALK_IN,2026-04-21 08:50:18,COMPLETED,60.89,0.0,0.0,60.89,ONLINE_BANKING,PAID,2026-04-21 08:53:14,,B002,,S0018
O01938,,,,WALK_IN,2026-04-21 12:50:46,COMPLETED,225.61,0.0,0.0,225.61,ONLINE_BANKING,PAID,2026-04-21 12:55:29,,B011,,S0111
O01969,,,,WALK_IN,2026-04-22 09:24:10,COMPLETED,243.3,0.0,36.24,207.06,ONLINE_BANKING,PAID,2026-04-22 09:26:13,C0062,B002,,S0023
O01918,,,,WALK_IN,2026-04-22 20:32:58,COMPLETED,115.84,0.0,0.0,115.84,CASH,PAID,2026-04-22 20:33:58,C0174,B001,,S0002
O01928,Luqman bin Jamal,+60135843471,luqman.bin.jamal.c0040@example.test,DELIVERY,2026-04-23 08:24:47,COMPLETED,116.53,0.0,0.0,135.09,E_WALLET,PAID,2026-04-23 08:29:37,C0040,B005,,
O01985,,,,WALK_IN,2026-04-23 13:06:36,COMPLETED,97.64,0.0,0.0,97.64,CARD,PAID,2026-04-23 13:08:34,C0118,B001,,S0014
O01970,,,,WALK_IN,2026-04-23 15:55:34,COMPLETED,114.56,0.0,0.0,114.56,E_WALLET,PAID,2026-04-23 15:59:47,,B003,,S0046
O01916,Guest User,+60125274808,guest1916@example.test,WALK_IN,2026-04-23 18:22:45,COMPLETED,235.83,0.0,0.0,235.83,E_WALLET,PAID,2026-04-23 18:24:27,,B009,,S0102
O01967,,,,WALK_IN,2026-04-23 18:28:35,COMPLETED,247.59,0.0,0.0,247.59,CARD,PAID,2026-04-23 18:32:02,C0160,B003,,S0044
O01997,Guest User,+60124492323,guest1997@example.test,DELIVERY,2026-04-24 09:07:50,COMPLETED,243.08,0.0,0.0,259.0,CARD,PAID,2026-04-24 09:11:37,,B002,,
O01968,Lee Hui Min,+60123361468,lee.hui.min.c0172@example.test,DELIVERY,2026-04-24 12:58:01,COMPLETED,217.53,0.0,0.0,224.63,E_WALLET,PAID,2026-04-24 12:59:41,C0172,B004,,S0052
O01913,Loh Kai Xin,+60143269313,loh.kai.xin.c0091@example.test,DELIVERY,2026-04-24 15:34:43,COMPLETED,275.26,0.0,0.0,285.56,E_WALLET,PAID,2026-04-24 15:39:43,C0091,B004,,S0047
O02008,Akmal bin Basri,+60101320648,akmal.bin.basri.c0057@example.test,DELIVERY,2026-04-24 17:39:07,COMPLETED,75.28,0.0,0.0,85.04,E_WALLET,PAID,2026-04-24 17:43:57,C0057,B011,,
O01959,,,,WALK_IN,2026-04-24 17:41:46,CANCELLED,52.1,0.0,0.0,52.1,CASH,FAILED,,,B003,,S0040
O01998,,,,WALK_IN,2026-04-25 09:24:38,COMPLETED,261.32,0.0,0.0,261.32,CASH,PAID,2026-04-25 09:27:23,,B005,,S0059
O01954,,,,WALK_IN,2026-04-25 16:56:10,COMPLETED,157.98,0.0,0.0,157.98,CARD,PAID,2026-04-25 16:56:25,C0102,B006,,S0067
O02012,,,,PICKUP,2026-04-25 19:07:35,COMPLETED,176.65,0.0,0.0,176.65,CARD,PAID,2026-04-25 19:09:33,C0050,B003,,
O01929,,,,PICKUP,2026-04-25 19:12:58,COMPLETED,6.63,0.0,0.0,6.63,CASH,PAID,2026-04-25 19:14:51,C0176,B006,,
O01976,Guest User,+60151969212,guest1976@example.test,WALK_IN,2026-04-25 19:43:45,COMPLETED,375.98,0.0,0.0,375.98,CARD,PAID,2026-04-25 19:47:46,,B001,,S0012
O01923,Guest User,+60166315356,guest1923@example.test,WALK_IN,2026-04-25 20:00:09,COMPLETED,185.76,0.0,0.0,185.76,ONLINE_BANKING,PAID,2026-04-25 20:03:40,,B009,,S0101
O01957,,,,WALK_IN,2026-04-25 20:17:50,COMPLETED,182.77,0.0,11.61,171.16,CASH,PAID,2026-04-25 20:21:16,C0075,B007,,S0084
O01956,,,,WALK_IN,2026-04-25 20:59:22,COMPLETED,289.76,0.0,0.0,289.76,E_WALLET,PAID,2026-04-25 21:02:35,,B005,,S0059
O01952,Guest User,+60128096477,guest1952@example.test,WALK_IN,2026-04-26 09:10:11,COMPLETED,76.28,0.0,0.0,76.28,E_WALLET,PAID,2026-04-26 09:13:23,,B001,,S0006
O01989,,,,PICKUP,2026-04-26 10:51:19,COMPLETED,174.2,0.0,0.0,174.2,ONLINE_BANKING,PAID,2026-04-26 10:54:43,C0082,B005,,
O01991,,,,WALK_IN,2026-04-26 14:20:53,COMPLETED,125.0,0.0,0.0,125.0,CARD,PAID,2026-04-26 14:21:17,C0011,B005,,S0058
O02011,Guest User,+60112666483,guest2011@example.test,PICKUP,2026-04-26 18:34:35,COMPLETED,169.93,0.0,0.0,169.93,CASH,PAID,2026-04-26 18:35:44,,B008,,S0095
O01941,,,,WALK_IN,2026-04-27 09:29:56,COMPLETED,147.07,0.0,0.0,147.07,CARD,PAID,2026-04-27 09:30:38,C0175,B001,,S0006
O01935,,,,WALK_IN,2026-04-27 09:36:32,COMPLETED,84.58,0.0,35.59,48.99,ONLINE_BANKING,PAID,2026-04-27 09:38:04,C0063,B003,,S0040
O01983,,,,WALK_IN,2026-04-28 08:08:17,COMPLETED,265.82,0.0,0.0,265.82,CARD,PAID,2026-04-28 08:12:46,C0152,B005,,S0058
O01975,,,,WALK_IN,2026-04-28 11:06:31,COMPLETED,160.62,0.0,0.0,160.62,CASH,PAID,2026-04-28 11:07:02,C0153,B006,,S0071
O01932,,,,WALK_IN,2026-04-28 17:16:37,COMPLETED,113.09,12.0,49.14,51.95,ONLINE_BANKING,PAID,2026-04-28 17:18:34,C0104,B008,V020,S0095
O01980,Ong Kai Xin,+60173641207,ong.kai.xin.c0121@example.test,DELIVERY,2026-04-28 18:13:42,COMPLETED,245.32,0.0,0.0,256.6,CARD,PAID,2026-04-28 18:15:04,C0121,B005,,
O01984,,,,WALK_IN,2026-04-28 19:29:21,COMPLETED,175.46,0.0,15.47,159.99,CARD,PAID,2026-04-28 19:33:05,C0089,B004,,S0051
O01920,,,,WALK_IN,2026-04-29 14:13:19,COMPLETED,138.49,0.0,0.0,138.49,E_WALLET,PAID,2026-04-29 14:14:27,C0012,B006,,S0072
O01978,Guest User,+60132499815,guest1978@example.test,PICKUP,2026-04-29 17:22:33,COMPLETED,209.52,0.0,0.0,209.52,CARD,PAID,2026-04-29 17:25:59,,B007,,S0085
O02058,,,,WALK_IN,2026-05-01 08:16:39,COMPLETED,378.16,0.0,0.0,378.16,CARD,PAID,2026-05-01 08:18:27,,B003,,S0046
O02103,,,,WALK_IN,2026-05-01 10:25:16,COMPLETED,169.8,0.0,0.0,169.8,ONLINE_BANKING,PAID,2026-05-01 10:25:38,,B001,,S0004
O02032,Guest User,+60157740594,guest2032@example.test,DELIVERY,2026-05-01 15:00:08,COMPLETED,210.32,0.0,0.0,228.16,ONLINE_BANKING,PAID,2026-05-01 15:01:38,,B004,,
O02036,Naveen a/l Murugan,+60100990993,naveen.a.l.murugan.c0068@example.test,DELIVERY,2026-05-01 15:51:34,COMPLETED,81.58,0.0,25.36,71.82,ONLINE_BANKING,PAID,2026-05-01 15:56:13,C0068,B009,,
O02086,,,,WALK_IN,2026-05-01 20:57:06,COMPLETED,227.67,0.0,0.0,227.67,ONLINE_BANKING,PAID,2026-05-01 20:59:47,C0107,B001,,S0002
O02073,,,,WALK_IN,2026-05-02 08:52:46,COMPLETED,117.35,0.0,0.0,117.35,E_WALLET,PAID,2026-05-02 08:56:27,C0130,B003,,S0039
O02066,,,,WALK_IN,2026-05-02 11:34:19,COMPLETED,229.17,0.0,79.54,149.63,E_WALLET,PAID,2026-05-02 11:37:10,C0026,B007,,S0086
O02019,,,,PICKUP,2026-05-02 12:10:11,COMPLETED,64.65,12.0,0.0,52.65,CASH,PAID,2026-05-02 12:12:33,C0037,B003,V020,
O02051,,,,PICKUP,2026-05-03 11:12:48,COMPLETED,129.82,0.0,0.0,129.82,CARD,PAID,2026-05-03 11:16:47,C0180,B002,,
O02013,Guest User,+60106357871,guest2013@example.test,DELIVERY,2026-05-03 12:30:38,COMPLETED,391.41,0.0,0.0,409.09,E_WALLET,PAID,2026-05-03 12:34:51,,B002,,
O02023,Guest User,+60152032358,guest2023@example.test,PICKUP,2026-05-03 14:34:32,COMPLETED,328.15,0.0,0.0,328.15,CARD,PAID,2026-05-03 14:38:38,,B007,,S0085
O02017,Guest User,+60167632533,guest2017@example.test,PICKUP,2026-05-04 09:39:39,COMPLETED,400.75,0.0,0.0,400.75,CASH,PAID,2026-05-04 09:42:40,,B004,,S0049
O02014,,,,PICKUP,2026-05-04 15:13:40,COMPLETED,269.13,0.0,0.0,269.13,ONLINE_BANKING,PAID,2026-05-04 15:14:02,C0027,B003,,S0044
O02057,,,,WALK_IN,2026-05-05 11:23:29,COMPLETED,102.55,0.0,74.44,28.11,CASH,PAID,2026-05-05 11:26:50,C0023,B010,,S0107
O02046,,,,WALK_IN,2026-05-05 14:41:02,COMPLETED,154.54,0.0,11.61,142.93,CASH,PAID,2026-05-05 14:44:44,C0001,B003,,S0038
O02045,,,,WALK_IN,2026-05-06 10:35:36,COMPLETED,102.01,0.0,0.0,102.01,CARD,PAID,2026-05-06 10:40:19,C0140,B005,,S0063
O02024,,,,WALK_IN,2026-05-06 16:30:52,COMPLETED,189.43,0.0,0.0,189.43,CARD,PAID,2026-05-06 16:32:00,,B003,,S0039
O02067,Natalie Giman,+60128278500,natalie.giman.c0149@example.test,DELIVERY,2026-05-07 13:04:21,COMPLETED,68.98,0.0,0.0,89.88,ONLINE_BANKING,PAID,2026-05-07 13:09:03,C0149,B002,,S0029
O02030,Guest User,+60171601671,guest2030@example.test,DELIVERY,2026-05-07 14:31:15,COMPLETED,26.71,0.0,0.0,49.11,ONLINE_BANKING,PAID,2026-05-07 14:32:22,,B002,,S0023
O02101,,,,WALK_IN,2026-05-07 17:58:19,COMPLETED,372.4,0.0,0.0,372.4,ONLINE_BANKING,PAID,2026-05-07 18:00:03,,B007,,S0082
O02098,,,,WALK_IN,2026-05-08 08:45:24,COMPLETED,280.31,0.0,100.0,180.31,E_WALLET,PAID,2026-05-08 08:47:07,C0129,B003,,S0041
O02041,,,,PICKUP,2026-05-08 12:48:56,COMPLETED,227.18,10.0,0.0,217.18,ONLINE_BANKING,PAID,2026-05-08 12:49:26,C0084,B001,V024,
O02085,Guest User,+60163362972,guest2085@example.test,PICKUP,2026-05-08 15:12:02,COMPLETED,221.38,0.0,0.0,221.38,ONLINE_BANKING,PAID,2026-05-08 15:14:22,,B002,,
O02070,,,,PICKUP,2026-05-08 18:15:15,COMPLETED,193.63,0.0,0.0,193.63,ONLINE_BANKING,PAID,2026-05-08 18:18:36,C0047,B002,,
O02082,Guest User,+60157522572,guest2082@example.test,PICKUP,2026-05-09 11:34:03,COMPLETED,224.38,0.0,0.0,224.38,E_WALLET,PAID,2026-05-09 11:37:04,,B006,,S0076
O02093,,,,WALK_IN,2026-05-10 11:53:22,COMPLETED,269.48,0.0,14.03,255.45,ONLINE_BANKING,PAID,2026-05-10 11:57:27,C0132,B003,,S0039
O02095,,,,WALK_IN,2026-05-10 19:27:14,COMPLETED,331.53,0.0,100.0,231.53,ONLINE_BANKING,PAID,2026-05-10 19:30:30,C0090,B003,,S0046
O02076,,,,WALK_IN,2026-05-11 14:30:49,COMPLETED,397.57,0.0,100.0,297.57,CASH,PAID,2026-05-11 14:32:56,C0102,B008,,S0093
O02053,,,,PICKUP,2026-05-13 12:51:35,COMPLETED,179.52,18.0,0.0,161.52,ONLINE_BANKING,PAID,2026-05-13 12:55:04,C0071,B003,V012,
O02064,Guest User,+60177065763,guest2064@example.test,DELIVERY,2026-05-13 18:53:32,COMPLETED,150.59,0.0,0.0,156.04,ONLINE_BANKING,PAID,2026-05-13 18:54:01,,B010,,
O02037,,,,WALK_IN,2026-05-14 08:40:07,COMPLETED,129.9,0.0,0.0,129.9,E_WALLET,PAID,2026-05-14 08:40:30,,B001,,S0014
O02102,Ishaan a/l Chandran,+60103709410,ishaan.a.l.chandran.c0126@example.test,DELIVERY,2026-05-14 20:48:05,COMPLETED,211.97,0.0,0.0,229.17,ONLINE_BANKING,PAID,2026-05-14 20:49:01,C0126,B011,,S0111
O02081,,,,WALK_IN,2026-05-16 10:41:32,COMPLETED,306.83,18.0,0.0,288.83,ONLINE_BANKING,PAID,2026-05-16 10:43:20,C0079,B003,V012,S0039
O02090,Marcus Nanta,+60139716677,marcus.nanta.c0165@example.test,DELIVERY,2026-05-16 11:04:20,CANCELLED,321.85,0.0,61.86,282.99,CARD,FAILED,,C0165,B006,,S0076
O02047,,,,PICKUP,2026-05-16 12:47:46,COMPLETED,221.39,0.0,0.0,221.39,CARD,PAID,2026-05-16 12:51:15,C0102,B003,,S0039
O02055,,,,WALK_IN,2026-05-16 19:47:05,COMPLETED,154.1,0.0,0.0,154.1,ONLINE_BANKING,PAID,2026-05-16 19:49:24,,B006,,S0073
O02097,,,,PICKUP,2026-05-17 09:38:28,COMPLETED,203.4,0.0,0.0,203.4,CASH,PAID,2026-05-17 09:40:48,C0114,B007,,
O02071,,,,PICKUP,2026-05-17 09:47:19,COMPLETED,120.95,0.0,0.0,120.95,CARD,PAID,2026-05-17 09:51:02,C0168,B001,,
O02054,,,,WALK_IN,2026-05-17 17:42:28,COMPLETED,10.75,0.0,8.07,2.68,CASH,PAID,2026-05-17 17:43:52,C0026,B001,,S0002
O02027,,,,PICKUP,2026-05-17 18:09:55,COMPLETED,153.21,0.0,0.0,153.21,ONLINE_BANKING,PAID,2026-05-17 18:11:01,C0182,B007,,
O02026,,,,WALK_IN,2026-05-18 10:01:28,COMPLETED,322.69,0.0,100.0,222.69,CASH,PAID,2026-05-18 10:05:22,C0120,B002,,S0018
O02100,,,,WALK_IN,2026-05-18 17:23:59,COMPLETED,67.45,0.0,0.0,67.45,ONLINE_BANKING,PAID,2026-05-18 17:25:47,C0122,B007,,S0079
O02065,,,,WALK_IN,2026-05-19 08:23:35,COMPLETED,194.62,10.0,0.0,184.62,CARD,PAID,2026-05-19 08:27:37,C0113,B001,V024,S0010
O02074,Guest User,+60167403863,guest2074@example.test,DELIVERY,2026-05-19 10:09:56,COMPLETED,201.63,0.0,0.0,227.13,ONLINE_BANKING,PAID,2026-05-19 10:14:32,,B001,,S0016
O02069,,,,WALK_IN,2026-05-19 10:12:40,COMPLETED,109.77,10.0,0.0,99.77,E_WALLET,PAID,2026-05-19 10:15:48,C0063,B003,V024,S0046
O02075,Alvin Jalong,+60171432705,alvin.jalong.c0143@example.test,DELIVERY,2026-05-19 13:37:53,COMPLETED,336.15,0.0,35.7,308.75,ONLINE_BANKING,PAID,2026-05-19 13:40:58,C0143,B003,,
O02029,,,,WALK_IN,2026-05-19 14:06:25,COMPLETED,72.92,0.0,0.0,72.92,ONLINE_BANKING,PAID,2026-05-19 14:10:13,C0139,B009,,S0102
O02063,,,,WALK_IN,2026-05-19 20:36:05,COMPLETED,233.34,0.0,0.0,233.34,CASH,PAID,2026-05-19 20:38:40,C0021,B011,,S0109
O02022,Adrian Kedit,+60169727703,adrian.kedit.c0105@example.test,DELIVERY,2026-05-20 08:08:52,COMPLETED,270.41,0.0,85.37,201.44,CARD,PAID,2026-05-20 08:13:27,C0105,B001,,S0009
O02059,,,,WALK_IN,2026-05-20 08:42:01,CANCELLED,339.13,0.0,0.0,339.13,E_WALLET,FAILED,,,B009,,S0101
O02018,,,,WALK_IN,2026-05-20 12:10:43,COMPLETED,96.4,0.0,0.0,96.4,CASH,PAID,2026-05-20 12:14:26,,B002,,S0022
O02033,,,,WALK_IN,2026-05-20 14:09:39,COMPLETED,456.67,0.0,0.0,456.67,CARD,PAID,2026-05-20 14:14:25,C0166,B007,,S0085
O02079,,,,WALK_IN,2026-05-20 16:23:41,COMPLETED,262.66,12.0,50.45,200.21,E_WALLET,PAID,2026-05-20 16:26:00,C0170,B006,V020,S0068
O02025,,,,WALK_IN,2026-05-20 17:41:07,COMPLETED,118.73,0.0,0.0,118.73,CASH,PAID,2026-05-20 17:41:56,,B001,,S0010
O02083,,,,WALK_IN,2026-05-21 11:36:11,COMPLETED,154.89,10.0,36.24,108.65,ONLINE_BANKING,PAID,2026-05-21 11:39:19,C0087,B003,V024,S0041
O02031,Guest User,+60191083509,guest2031@example.test,DELIVERY,2026-05-21 13:43:10,CANCELLED,124.33,0.0,0.0,137.53,ONLINE_BANKING,FAILED,,,B003,,S0033
O02039,Nadia binti Kamal,+60103871839,nadia.binti.kamal.c0148@example.test,DELIVERY,2026-05-22 08:05:24,COMPLETED,189.07,0.0,0.0,196.12,CARD,PAID,2026-05-22 08:10:24,C0148,B003,,S0039
O02092,,,,WALK_IN,2026-05-22 17:22:41,COMPLETED,169.34,0.0,0.0,169.34,E_WALLET,PAID,2026-05-22 17:25:16,C0034,B009,,S0101
O02016,,,,WALK_IN,2026-05-22 19:07:15,COMPLETED,64.32,0.0,0.0,64.32,ONLINE_BANKING,PAID,2026-05-22 19:11:42,,B006,,S0068
O02028,Dev a/l Subramaniam,+60186737356,dev.a.l.subramaniam.c0115@example.test,DELIVERY,2026-05-22 19:52:29,COMPLETED,221.66,0.0,7.63,229.79,E_WALLET,PAID,2026-05-22 19:54:24,C0115,B001,,
O02038,Zara binti Ibrahim,+60198860117,zara.binti.ibrahim.c0049@example.test,DELIVERY,2026-05-23 08:09:07,COMPLETED,548.81,0.0,0.0,556.49,CARD,PAID,2026-05-23 08:13:23,C0049,B004,,
O02049,,,,PICKUP,2026-05-23 10:01:42,COMPLETED,197.15,0.0,0.0,197.15,CARD,PAID,2026-05-23 10:03:20,C0172,B010,,
O02087,Syafiq bin Hamid,+60170134628,syafiq.bin.hamid.c0053@example.test,DELIVERY,2026-05-23 19:25:57,COMPLETED,262.89,0.0,100.0,172.09,ONLINE_BANKING,PAID,2026-05-23 19:29:26,C0053,B008,,
O02021,,,,WALK_IN,2026-05-23 20:32:28,COMPLETED,168.39,0.0,100.0,68.39,CARD,PAID,2026-05-23 20:34:15,C0168,B009,,S0101
O02040,,,,WALK_IN,2026-05-24 14:57:17,COMPLETED,271.36,12.0,81.76,177.6,ONLINE_BANKING,PAID,2026-05-24 15:00:25,C0054,B004,V020,S0056
O02060,,,,WALK_IN,2026-05-24 16:31:34,COMPLETED,336.49,0.0,0.0,336.49,ONLINE_BANKING,PAID,2026-05-24 16:32:43,C0166,B001,,S0012
O02062,Farhan bin Abdullah,+60181877718,farhan.bin.abdullah.c0107@example.test,DELIVERY,2026-05-24 18:30:33,COMPLETED,113.29,0.0,0.0,122.79,ONLINE_BANKING,PAID,2026-05-24 18:35:17,C0107,B007,,
O02094,,,,WALK_IN,2026-05-24 19:40:48,COMPLETED,96.32,0.0,0.0,96.32,ONLINE_BANKING,PAID,2026-05-24 19:41:22,C0149,B007,,S0077
O02035,Guest User,+60169110174,guest2035@example.test,DELIVERY,2026-05-25 19:34:49,COMPLETED,150.01,0.0,0.0,159.76,CARD,PAID,2026-05-25 19:37:07,,B001,,S0011
O02068,,,,WALK_IN,2026-05-25 19:39:40,COMPLETED,94.52,0.0,0.0,94.52,ONLINE_BANKING,PAID,2026-05-25 19:41:16,C0017,B003,,S0040
O02077,Qistina binti Ibrahim,+60179755821,qistina.binti.ibrahim.c0133@example.test,DELIVERY,2026-05-26 09:23:52,COMPLETED,253.96,0.0,0.0,262.71,CARD,PAID,2026-05-26 09:25:31,C0133,B004,,
O02088,,,,WALK_IN,2026-05-26 12:53:38,COMPLETED,35.18,0.0,0.0,35.18,CASH,PAID,2026-05-26 12:58:16,,B001,,S0006
O02020,,,,WALK_IN,2026-05-26 13:38:56,COMPLETED,17.25,0.0,0.0,17.25,CASH,PAID,2026-05-26 13:40:24,C0007,B001,,S0010
O02078,,,,PICKUP,2026-05-27 11:44:36,COMPLETED,178.5,0.0,36.46,142.04,CARD,PAID,2026-05-27 11:47:29,C0154,B002,,S0022
O02080,Ananya a/p Chandran,+60126719166,ananya.a.p.chandran.c0039@example.test,DELIVERY,2026-05-27 14:30:25,COMPLETED,43.98,0.0,0.0,53.42,ONLINE_BANKING,PAID,2026-05-27 14:33:22,C0039,B002,,S0030
O02091,Alia binti Ismail,+60149033602,alia.binti.ismail.c0136@example.test,DELIVERY,2026-05-27 19:58:47,COMPLETED,7.76,0.0,0.0,17.46,CARD,PAID,2026-05-27 20:03:15,C0136,B003,,S0033
O02043,,,,WALK_IN,2026-05-28 08:21:53,COMPLETED,118.41,0.0,5.67,112.74,ONLINE_BANKING,PAID,2026-05-28 08:23:27,C0165,B001,,S0001
O02061,Ravi a/l Raj,+601179449362,ravi.a.l.raj.c0180@example.test,DELIVERY,2026-05-28 16:03:06,COMPLETED,288.9,0.0,0.0,294.7,CARD,PAID,2026-05-28 16:05:05,C0180,B003,,
O02042,,,,WALK_IN,2026-05-28 18:15:26,COMPLETED,244.18,0.0,0.0,244.18,E_WALLET,PAID,2026-05-28 18:18:34,C0056,B002,,S0022
O02050,,,,PICKUP,2026-05-28 18:20:28,COMPLETED,55.98,0.0,0.0,55.98,CARD,PAID,2026-05-28 18:21:58,C0049,B003,,
O02096,,,,WALK_IN,2026-05-28 18:56:02,COMPLETED,168.26,0.0,0.0,168.26,E_WALLET,PAID,2026-05-28 19:00:27,,B005,,S0066
O02084,,,,WALK_IN,2026-05-29 19:41:16,COMPLETED,204.26,0.0,0.0,204.26,CASH,PAID,2026-05-29 19:45:24,C0178,B005,,S0066
O02048,,,,WALK_IN,2026-05-30 08:25:07,COMPLETED,147.41,0.0,0.0,147.41,ONLINE_BANKING,PAID,2026-05-30 08:29:14,C0104,B003,,S0039
O02052,,,,WALK_IN,2026-05-30 13:42:52,COMPLETED,216.43,0.0,0.0,216.43,E_WALLET,PAID,2026-05-30 13:44:54,,B003,,S0039
O02099,,,,WALK_IN,2026-05-30 14:08:52,COMPLETED,145.99,12.0,46.19,87.8,E_WALLET,PAID,2026-05-30 14:12:33,C0074,B001,V020,S0014
O02015,Guest User,+60146090809,guest2015@example.test,DELIVERY,2026-05-30 14:36:53,COMPLETED,114.97,0.0,0.0,123.52,E_WALLET,PAID,2026-05-30 14:38:28,,B002,,S0023
O02089,,,,WALK_IN,2026-05-30 17:04:54,COMPLETED,157.18,0.0,47.06,110.12,E_WALLET,PAID,2026-05-30 17:09:52,C0062,B003,,S0046
O02044,,,,WALK_IN,2026-05-30 18:43:30,COMPLETED,39.24,0.0,0.0,39.24,CARD,PAID,2026-05-30 18:44:12,C0076,B006,,S0073
O02034,,,,WALK_IN,2026-05-31 13:14:32,COMPLETED,150.88,0.0,0.0,150.88,CARD,PAID,2026-05-31 13:18:05,C0053,B002,,S0018
O02072,,,,PICKUP,2026-05-31 14:47:40,COMPLETED,211.02,12.0,46.59,152.43,E_WALLET,PAID,2026-05-31 14:50:11,C0025,B002,V020,S0023
O02056,Guest User,+60117396382,guest2056@example.test,WALK_IN,2026-05-31 16:34:41,COMPLETED,254.27,0.0,0.0,254.27,CARD,PAID,2026-05-31 16:38:19,,B007,,S0077
O02132,Guest User,+60194715220,guest2132@example.test,WALK_IN,2026-06-01 12:08:40,COMPLETED,118.64,0.0,0.0,118.64,CARD,PAID,2026-06-01 12:11:35,,B010,,S0104
O02187,,,,PICKUP,2026-06-01 20:22:15,COMPLETED,118.15,0.0,0.0,118.15,CASH,PAID,2026-06-01 20:22:39,C0118,B002,,S0018
O02117,,,,WALK_IN,2026-06-02 15:30:48,COMPLETED,272.54,0.0,0.0,272.54,CASH,PAID,2026-06-02 15:35:08,C0014,B003,,S0032
O02195,,,,WALK_IN,2026-06-02 17:14:13,COMPLETED,173.47,0.0,100.0,73.47,ONLINE_BANKING,PAID,2026-06-02 17:15:27,C0040,B008,,S0091
O02175,,,,PICKUP,2026-06-02 17:27:02,COMPLETED,180.61,0.0,0.0,180.61,ONLINE_BANKING,PAID,2026-06-02 17:30:12,C0029,B007,,S0083
O02180,,,,WALK_IN,2026-06-03 09:23:30,COMPLETED,411.44,0.0,0.0,411.44,E_WALLET,PAID,2026-06-03 09:25:11,C0076,B002,,S0022
O02199,,,,WALK_IN,2026-06-03 15:11:58,COMPLETED,76.76,0.0,0.0,76.76,CASH,PAID,2026-06-03 15:14:25,,B006,,S0073
O02156,Guest User,+60102188518,guest2156@example.test,PICKUP,2026-06-04 10:05:04,COMPLETED,289.05,0.0,0.0,289.05,CARD,PAID,2026-06-04 10:06:08,,B009,,S0101
O02126,,,,WALK_IN,2026-06-04 11:04:00,COMPLETED,407.06,0.0,100.0,307.06,ONLINE_BANKING,PAID,2026-06-04 11:07:13,C0046,B002,,S0023
O02182,Guest User,+60164272563,guest2182@example.test,DELIVERY,2026-06-04 20:53:44,COMPLETED,109.19,0.0,0.0,127.03,ONLINE_BANKING,PAID,2026-06-04 20:58:14,,B003,,
O02158,,,,PICKUP,2026-06-05 11:54:27,COMPLETED,329.24,0.0,100.0,229.24,CARD,PAID,2026-06-05 11:58:33,C0087,B001,,S0013
O02105,,,,PICKUP,2026-06-05 15:16:46,COMPLETED,61.32,0.0,61.32,0.0,MYKASIH,PAID,2026-06-05 15:18:27,C0032,B005,,S0063
O02130,,,,PICKUP,2026-06-05 17:26:14,COMPLETED,294.35,0.0,0.0,294.35,CARD,PAID,2026-06-05 17:30:08,C0079,B007,,S0078
O02150,,,,WALK_IN,2026-06-05 17:34:58,COMPLETED,132.85,10.0,63.62,59.23,ONLINE_BANKING,PAID,2026-06-05 17:36:39,C0124,B008,V024,S0089
O02144,Guest User,+60107887917,guest2144@example.test,DELIVERY,2026-06-05 19:11:29,COMPLETED,180.14,0.0,0.0,207.14,CARD,PAID,2026-06-05 19:14:54,,B003,,S0045
O02177,Naveen a/l Murugan,+60100990993,naveen.a.l.murugan.c0068@example.test,DELIVERY,2026-06-05 19:29:44,COMPLETED,71.82,0.0,28.84,63.58,CARD,PAID,2026-06-05 19:31:24,C0068,B007,,
O02140,,,,PICKUP,2026-06-06 11:05:17,COMPLETED,149.24,0.0,0.0,149.24,E_WALLET,PAID,2026-06-06 11:09:33,C0155,B001,,S0004
O02145,,,,WALK_IN,2026-06-06 12:34:12,COMPLETED,165.36,0.0,0.0,165.36,ONLINE_BANKING,PAID,2026-06-06 12:35:58,C0017,B004,,S0054
O02104,,,,WALK_IN,2026-06-06 15:27:28,COMPLETED,75.37,0.0,0.0,75.37,E_WALLET,PAID,2026-06-06 15:30:30,C0145,B001,,S0004
O02190,Guest User,+60188517750,guest2190@example.test,PICKUP,2026-06-07 10:11:12,COMPLETED,265.33,0.0,0.0,265.33,CARD,PAID,2026-06-07 10:12:59,,B004,,S0054
O02198,Guest User,+60139577970,guest2198@example.test,PICKUP,2026-06-08 13:10:59,COMPLETED,182.46,0.0,0.0,182.46,CASH,PAID,2026-06-08 13:13:17,,B001,,S0009
O02189,,,,PICKUP,2026-06-08 18:35:57,COMPLETED,160.09,0.0,11.34,148.75,ONLINE_BANKING,PAID,2026-06-08 18:40:52,C0124,B001,,S0007
O02171,,,,WALK_IN,2026-06-09 09:15:19,COMPLETED,152.53,12.0,85.49,55.04,CASH,PAID,2026-06-09 09:17:44,C0120,B008,V020,S0093
O02111,,,,WALK_IN,2026-06-09 10:44:22,COMPLETED,369.98,0.0,100.0,269.98,ONLINE_BANKING,PAID,2026-06-09 10:48:24,C0019,B002,,S0018
O02194,,,,PICKUP,2026-06-09 18:24:55,COMPLETED,111.2,0.0,83.66,27.54,CASH,PAID,2026-06-09 18:25:55,C0060,B004,,S0055
O02118,Arif bin Zainal,+60192957671,arif.bin.zainal.c0152@example.test,DELIVERY,2026-06-10 09:32:20,COMPLETED,169.75,0.0,0.0,182.85,CARD,PAID,2026-06-10 09:33:50,C0152,B001,,S0013
O02197,,,,PICKUP,2026-06-10 15:33:05,COMPLETED,77.61,0.0,7.63,69.98,ONLINE_BANKING,PAID,2026-06-10 15:34:40,C0090,B001,,S0001
O02179,Nabil bin Kamal,+60194580339,nabil.bin.kamal.c0012@example.test,DELIVERY,2026-06-10 17:53:01,COMPLETED,79.97,0.0,0.0,99.97,CARD,PAID,2026-06-10 17:55:12,C0012,B003,,S0044
O02107,,,,PICKUP,2026-06-10 19:29:17,COMPLETED,414.88,0.0,100.0,314.88,CARD,PAID,2026-06-10 19:30:12,C0093,B004,,
O02109,,,,WALK_IN,2026-06-11 12:39:24,COMPLETED,236.53,0.0,0.0,236.53,CARD,PAID,2026-06-11 12:39:52,C0140,B001,,S0009
O02154,,,,WALK_IN,2026-06-12 08:55:59,COMPLETED,332.72,0.0,0.0,332.72,ONLINE_BANKING,PAID,2026-06-12 08:57:02,C0005,B002,,S0023
O02142,,,,WALK_IN,2026-06-12 14:46:19,COMPLETED,307.76,0.0,0.0,307.76,ONLINE_BANKING,PAID,2026-06-12 14:49:00,C0140,B011,,S0113
O02200,Chong Yi Chen,+601169580602,chong.yi.chen.c0010@example.test,DELIVERY,2026-06-12 20:28:26,COMPLETED,94.24,0.0,0.0,112.64,E_WALLET,PAID,2026-06-12 20:29:44,C0010,B002,,
O02184,,,,WALK_IN,2026-06-12 20:45:47,COMPLETED,415.34,0.0,0.0,415.34,CASH,PAID,2026-06-12 20:49:04,C0004,B005,,S0062
O02155,,,,WALK_IN,2026-06-13 09:51:30,COMPLETED,250.32,0.0,0.0,250.32,CASH,PAID,2026-06-13 09:55:30,C0009,B003,,S0039
O02141,,,,WALK_IN,2026-06-13 11:45:15,COMPLETED,207.17,0.0,0.0,207.17,CARD,PAID,2026-06-13 11:47:18,C0073,B003,,S0043
O02166,,,,PICKUP,2026-06-13 12:15:23,COMPLETED,85.84,0.0,0.0,85.84,CASH,PAID,2026-06-13 12:15:50,C0163,B001,,
O02124,,,,PICKUP,2026-06-13 12:23:59,COMPLETED,100.7,0.0,0.0,100.7,ONLINE_BANKING,PAID,2026-06-13 12:28:56,C0166,B008,,S0089
O02193,Kiran a/l Maniam,+60160932921,kiran.a.l.maniam.c0145@example.test,DELIVERY,2026-06-13 15:55:15,COMPLETED,274.35,0.0,0.0,297.15,ONLINE_BANKING,PAID,2026-06-13 15:57:33,C0145,B002,,S0019
O02129,Guest User,+60109373276,guest2129@example.test,DELIVERY,2026-06-13 16:47:05,COMPLETED,93.68,0.0,0.0,103.76,E_WALLET,PAID,2026-06-13 16:48:28,,B002,,S0023
O02192,,,,WALK_IN,2026-06-14 09:46:03,COMPLETED,175.07,0.0,0.0,175.07,CARD,PAID,2026-06-14 09:48:58,C0174,B003,,S0044
O02147,Guest User,+60121113591,guest2147@example.test,PICKUP,2026-06-14 10:17:24,COMPLETED,195.3,0.0,0.0,195.3,CASH,PAID,2026-06-14 10:19:23,,B001,,S0001
O02151,,,,WALK_IN,2026-06-15 14:53:26,COMPLETED,302.51,0.0,0.0,302.51,CASH,PAID,2026-06-15 14:55:43,C0015,B002,,S0022
O02112,Guest User,+60193056107,guest2112@example.test,DELIVERY,2026-06-15 19:58:01,COMPLETED,190.73,0.0,0.0,200.09,E_WALLET,PAID,2026-06-15 20:00:04,,B001,,
O02119,,,,PICKUP,2026-06-15 20:30:38,COMPLETED,172.21,0.0,0.0,172.21,CARD,PAID,2026-06-15 20:31:32,C0180,B004,,S0048
O02148,,,,WALK_IN,2026-06-17 13:24:31,COMPLETED,9.47,0.0,0.0,9.47,CARD,PAID,2026-06-17 13:26:38,C0029,B002,,S0018
O02183,,,,WALK_IN,2026-06-18 10:46:59,COMPLETED,51.42,0.0,0.0,51.42,E_WALLET,PAID,2026-06-18 10:50:41,C0119,B003,,S0040
O02160,Zahir bin Daud,+60146803202,zahir.bin.daud.c0030@example.test,DELIVERY,2026-06-18 13:09:24,COMPLETED,131.81,0.0,0.0,143.36,E_WALLET,PAID,2026-06-18 13:12:39,C0030,B007,,
O02116,,,,WALK_IN,2026-06-18 13:55:55,COMPLETED,312.31,15.0,0.0,297.31,E_WALLET,PAID,2026-06-18 14:00:02,C0172,B001,V019,S0014
O02186,,,,PICKUP,2026-06-18 17:59:31,COMPLETED,229.47,0.0,0.0,229.47,CASH,PAID,2026-06-18 18:03:15,C0116,B001,,
O02138,,,,WALK_IN,2026-06-18 19:55:55,COMPLETED,415.58,0.0,0.0,415.58,CASH,PAID,2026-06-18 19:56:30,C0042,B002,,S0025
O02181,,,,PICKUP,2026-06-19 13:52:31,COMPLETED,487.02,0.0,0.0,487.02,E_WALLET,PAID,2026-06-19 13:55:45,C0181,B010,,S0107
O02167,,,,WALK_IN,2026-06-19 16:02:38,COMPLETED,213.92,0.0,100.0,113.92,ONLINE_BANKING,PAID,2026-06-19 16:06:47,C0038,B005,,S0058
O02170,,,,WALK_IN,2026-06-19 16:54:01,COMPLETED,193.08,0.0,0.0,193.08,CARD,PAID,2026-06-19 16:55:00,C0174,B004,,S0051
O02127,,,,PICKUP,2026-06-20 15:45:26,COMPLETED,87.49,0.0,0.0,87.49,E_WALLET,PAID,2026-06-20 15:47:34,C0174,B004,,
O02164,,,,WALK_IN,2026-06-21 10:33:25,COMPLETED,118.39,0.0,0.0,118.39,ONLINE_BANKING,PAID,2026-06-21 10:34:22,,B002,,S0022
O02136,,,,WALK_IN,2026-06-21 17:56:26,COMPLETED,145.54,0.0,0.0,145.54,CARD,PAID,2026-06-21 18:00:14,C0029,B006,,S0072
O02196,,,,WALK_IN,2026-06-21 18:02:21,COMPLETED,220.66,12.0,31.06,177.6,E_WALLET,PAID,2026-06-21 18:06:15,C0003,B001,V020,S0006
O02176,,,,WALK_IN,2026-06-21 20:20:31,COMPLETED,143.7,0.0,0.0,143.7,ONLINE_BANKING,PAID,2026-06-21 20:23:49,C0195,B002,,S0023
O02153,,,,PICKUP,2026-06-22 15:59:19,COMPLETED,97.28,0.0,0.0,97.28,CARD,PAID,2026-06-22 16:01:53,C0109,B005,,
O02120,Guest User,+60154353363,guest2120@example.test,DELIVERY,2026-06-23 09:38:21,COMPLETED,189.07,0.0,0.0,195.57,ONLINE_BANKING,PAID,2026-06-23 09:39:27,,B008,,
O02165,,,,WALK_IN,2026-06-23 16:45:12,COMPLETED,141.1,0.0,0.0,141.1,CASH,PAID,2026-06-23 16:46:25,C0028,B010,,S0107
O02128,Hafiz bin Mahmud,+60149531910,hafiz.bin.mahmud.c0116@example.test,DELIVERY,2026-06-24 11:20:00,COMPLETED,110.11,0.0,3.18,120.85,E_WALLET,PAID,2026-06-24 11:21:08,C0116,B006,,S0073
O02134,Guest User,+60179335727,guest2134@example.test,PICKUP,2026-06-24 14:51:46,UNPAID,347.94,0.0,0.0,347.94,CASH,PENDING,,,B004,,
O02113,,,,WALK_IN,2026-06-25 10:03:49,COMPLETED,92.54,0.0,0.0,92.54,ONLINE_BANKING,PAID,2026-06-25 10:04:10,C0118,B002,,S0025
O02131,,,,WALK_IN,2026-06-25 10:20:47,UNPAID,93.26,0.0,0.0,93.26,CARD,PENDING,,C0103,B006,,S0076
O02146,,,,WALK_IN,2026-06-25 12:38:30,COMPLETED,324.08,0.0,0.0,324.08,CARD,PAID,2026-06-25 12:40:53,C0066,B003,,S0040
O02168,,,,PICKUP,2026-06-25 17:00:25,COMPLETED,334.93,0.0,70.69,264.24,CARD,PAID,2026-06-25 17:01:56,C0100,B008,,S0095
O02191,,,,PICKUP,2026-06-25 17:45:49,COMPLETED,90.0,0.0,0.0,90.0,E_WALLET,PAID,2026-06-25 17:47:22,C0107,B010,,
O02106,,,,WALK_IN,2026-06-25 17:57:59,COMPLETED,360.99,0.0,0.0,360.99,ONLINE_BANKING,PAID,2026-06-25 18:00:43,C0048,B009,,S0101
O02174,,,,PICKUP,2026-06-25 20:19:39,READY_FOR_PICKUP,183.11,15.0,0.0,168.11,E_WALLET,PAID,2026-06-25 20:21:44,C0073,B002,V019,
O02143,,,,PICKUP,2026-06-26 08:14:43,UNPAID,38.77,0.0,0.0,38.77,CARD,PENDING,,C0177,B006,,S0074
O02169,,,,WALK_IN,2026-06-26 10:41:59,COMPLETED,132.25,0.0,0.0,132.25,CASH,PAID,2026-06-26 10:42:33,,B010,,S0105
O02123,,,,WALK_IN,2026-06-26 11:17:36,COMPLETED,201.63,0.0,0.0,201.63,ONLINE_BANKING,PAID,2026-06-26 11:20:27,C0135,B011,,S0109
O02161,,,,PICKUP,2026-06-26 14:22:33,COMPLETED,112.7,0.0,0.0,112.7,ONLINE_BANKING,PAID,2026-06-26 14:24:56,C0061,B003,,
O02135,Guest User,+60108557359,guest2135@example.test,DELIVERY,2026-06-26 17:32:07,COMPLETED,236.18,0.0,0.0,254.5,E_WALLET,PAID,2026-06-26 17:36:29,,B007,,
O02159,Guest User,+60138412961,guest2159@example.test,PICKUP,2026-06-26 17:56:05,COMPLETED,97.98,0.0,0.0,97.98,E_WALLET,PAID,2026-06-26 17:57:39,,B002,,
O02133,,,,WALK_IN,2026-06-26 18:34:59,COMPLETED,322.41,0.0,0.0,322.41,E_WALLET,PAID,2026-06-26 18:38:53,C0197,B003,,S0037
O02114,Akmal bin Basri,+60101320648,akmal.bin.basri.c0057@example.test,DELIVERY,2026-06-26 18:48:13,IN_PROGRESS,81.81,0.0,0.0,99.97,E_WALLET,PAID,2026-06-26 18:50:23,C0057,B008,,S0087
O02139,,,,PICKUP,2026-06-27 11:01:12,COMPLETED,297.66,0.0,0.0,297.66,E_WALLET,PAID,2026-06-27 11:04:22,C0177,B001,,S0003
O02122,,,,WALK_IN,2026-06-27 12:32:44,IN_PROGRESS,58.04,12.0,0.0,46.04,ONLINE_BANKING,PAID,2026-06-27 12:36:54,C0134,B002,V020,S0023
O02185,Guest User,+60185941849,guest2185@example.test,DELIVERY,2026-06-27 12:49:10,COMPLETED,82.36,0.0,0.0,102.52,E_WALLET,PAID,2026-06-27 12:52:50,,B005,,
O02178,,,,PICKUP,2026-06-27 16:28:24,COMPLETED,247.09,0.0,0.0,247.09,E_WALLET,PAID,2026-06-27 16:30:07,C0038,B002,,
O02152,Loh Ming Jie,+60180052335,loh.ming.jie.c0047@example.test,DELIVERY,2026-06-27 17:33:43,COMPLETED,175.8,0.0,100.0,100.0,CARD,PAID,2026-06-27 17:34:27,C0047,B005,,
O02125,Guest User,+60145362014,guest2125@example.test,DELIVERY,2026-06-28 08:13:19,IN_PROGRESS,156.7,0.0,0.0,170.38,E_WALLET,PAID,2026-06-28 08:16:31,,B001,,
O02163,Danish bin Ibrahim,+60102221753,danish.bin.ibrahim.c0046@example.test,DELIVERY,2026-06-28 08:40:54,COMPLETED,220.48,18.0,0.0,207.93,ONLINE_BANKING,PAID,2026-06-28 08:44:17,C0046,B007,V012,
O02108,,,,WALK_IN,2026-06-28 08:53:45,COMPLETED,183.62,0.0,0.0,183.62,ONLINE_BANKING,PAID,2026-06-28 08:54:20,C0191,B003,,S0036
O02172,Guest User,+60132333188,guest2172@example.test,DELIVERY,2026-06-28 16:32:24,IN_PROGRESS,86.39,0.0,0.0,110.99,E_WALLET,PAID,2026-06-28 16:34:53,,B001,,
O02188,,,,WALK_IN,2026-06-28 20:50:27,COMPLETED,236.59,0.0,3.87,232.72,ONLINE_BANKING,PAID,2026-06-28 20:51:24,C0120,B002,,S0023
O02137,,,,WALK_IN,2026-06-29 13:30:45,COMPLETED,184.03,12.0,0.0,172.03,CARD,PAID,2026-06-29 13:32:11,C0017,B007,V020,S0077
O02121,,,,PICKUP,2026-06-29 17:56:36,COMPLETED,90.58,0.0,0.0,90.58,CASH,PAID,2026-06-29 18:00:17,C0080,B007,,S0077
O02115,,,,WALK_IN,2026-06-29 18:00:28,IN_PROGRESS,111.97,0.0,96.15,15.82,CASH,PAID,2026-06-29 18:01:15,C0105,B006,,S0067
O02157,,,,WALK_IN,2026-06-29 20:27:24,COMPLETED,85.31,0.0,0.0,85.31,ONLINE_BANKING,PAID,2026-06-29 20:28:10,C0024,B007,,S0078
O02162,,,,PICKUP,2026-06-30 09:47:00,READY_FOR_PICKUP,193.97,0.0,0.0,193.97,CARD,PAID,2026-06-30 09:47:50,C0166,B001,,S0003
O02149,,,,WALK_IN,2026-06-30 11:06:39,COMPLETED,247.79,0.0,0.0,247.79,E_WALLET,PAID,2026-06-30 11:08:24,,B002,,S0022
O02110,,,,WALK_IN,2026-06-30 11:48:45,COMPLETED,489.15,0.0,0.0,489.15,ONLINE_BANKING,PAID,2026-06-30 11:49:08,,B008,,S0089
O02173,,,,WALK_IN,2026-06-30 16:53:12,UNPAID,134.23,0.0,0.0,134.23,CARD,PENDING,,C0193,B006,,S0068
