"CUSTOMER_KEY","CUSTOMER_ID","CUSTOMER_NAME","IS_BENEFICIARY","TIER_NAME","JOIN_DATE","CUSTOMER_TENURE_DAYS","LAST_PURCHASE_DATE","DAYS_SINCE_LAST_PURCHASE","TOTAL_PURCHASES","TOTAL_SALES_AMOUNT","TOTAL_REFUND_AMOUNT","TOTAL_SPENDING","CUSTOMER_LIFETIME_VALUE","AVERAGE_ORDER_VALUE","RECENCY_SCORE","FREQUENCY_SCORE","MONETARY_SCORE","RFM_SEGMENT","CHURN_RISK","PREFERRED_CATEGORY","PREFERRED_BRANCH","PREFERRED_BRANCH_CITY","PREFERRED_BRANCH_STATE"
1,"C0001","Saraswathy a/p Raman","N","Normal Member","2021-12-14",1659,"2025-12-25",187,39,1335.9,2.73,1333.17,1333.17,34.18,1,5,5,"At Risk","High Risk","Cooking Essentials","Ampang 88 Speedmart","Ampang","Selangor"
2,"C0002","Ong Kin Hoong","N","Normal Member","2021-01-28",1979,"2025-12-19",193,49,1546.66,0,1546.66,1546.66,31.56,1,5,5,"At Risk","High Risk","Rice and Grains","Ampang 88 Speedmart","Ampang","Selangor"
3,"C0003","Zara binti Daud","N","Normal Member","2020-09-25",2104,"2024-08-10",689,39,1918.73,0,1918.73,1918.73,49.2,1,5,5,"At Risk","Churned","Rice and Grains","Ampang 88 Speedmart","Ampang","Selangor"
4,"C0004","Aqilah binti Ishak","N","VIP Member","2020-08-10",2150,"2026-03-07",115,34,1232.98,0,1232.98,1232.98,36.26,2,5,5,"At Risk","Medium Risk","Rice and Grains","Ampang 88 Speedmart","Ampang","Selangor"
5,"C0005","Khalid bin Azman","N","Non-Member",,,"2025-11-23",219,29,1146.63,0,1146.63,1146.63,39.54,1,5,5,"At Risk","High Risk","Canned and Packaged Food","Ampang 88 Speedmart","Ampang","Selangor"
6,"C0006","Faris bin Omar","N","Normal Member","2020-06-19",2202,"2025-11-26",216,65,2159.01,5.2,2153.81,2153.81,33.14,1,5,5,"At Risk","High Risk","Frozen Food","Ampang 88 Speedmart","Ampang","Selangor"
7,"C0007","Sabrina binti Yusof","N","Normal Member","2021-01-25",1982,"2025-11-08",234,42,1544.02,2.87,1541.15,1541.15,36.69,1,5,5,"At Risk","High Risk","Rice and Grains","Ampang 88 Speedmart","Ampang","Selangor"
8,"C0008","Grace a/p Krishnan","N","Normal Member","2020-10-11",2088,"2025-11-16",226,27,830.98,13.12,817.86,817.86,30.29,1,5,5,"At Risk","High Risk","Rice and Grains","Ampang 88 Speedmart","Ampang","Selangor"
9,"C0009","Sanjay a/l Murugan","N","Non-Member",,,"2026-06-21",9,33,1010.56,0,1010.56,1010.56,30.62,5,5,5,"Champions","Low Risk","Rice and Grains","Ampang 88 Speedmart","Ampang","Selangor"
10,"C0010","Chow Seng Huat","N","Normal Member","2021-02-03",1973,"2026-05-01",60,27,1059.09,12.59,1046.5,1046.5,38.76,4,5,5,"Champions","Low Risk","Instant Food","Ampang 88 Speedmart","Ampang","Selangor"
11,"C0011","Harish a/l Balakrishnan","N","Non-Member",,,"2025-10-19",254,82,2647.49,0,2647.49,2647.49,32.29,1,5,5,"At Risk","High Risk","Instant Food","Ampang 88 Speedmart","Ampang","Selangor"
12,"C0012","Fong Yi Wen","N","Non-Member",,,"2024-07-05",725,66,2676.87,0,2676.87,2676.87,40.56,1,5,5,"At Risk","Churned","Rice and Grains","Ampang 88 Speedmart","Ampang","Selangor"
13,"C0013","Chong Wan Ting","N","Normal Member","2020-11-10",2058,"2026-02-01",149,61,2109.94,0,2109.94,2109.94,34.59,2,5,5,"At Risk","Medium Risk","Baby Products","Ampang 88 Speedmart","Ampang","Selangor"
14,"C0014","Faris bin Mahmud","N","Normal Member","2020-06-02",2219,"2026-06-30",0,37,1563.66,0,1563.66,1563.66,42.26,5,5,5,"Champions","Low Risk","Beverages","Ampang 88 Speedmart","Ampang","Selangor"
15,"C0015","Nabil bin Omar","N","Non-Member",,,"2023-09-14",1020,19,521.42,2.18,519.24,519.24,27.33,1,5,4,"At Risk","Churned","Rice and Grains","Ampang 88 Speedmart","Ampang","Selangor"
16,"C0016","Low Ching Yee","N","Normal Member","2021-06-03",1853,"2024-12-30",547,67,3070.89,20.39,3050.5,3050.5,45.53,1,5,5,"At Risk","Churned","Canned and Packaged Food","Ampang 88 Speedmart","Ampang","Selangor"
17,"C0017","Nurul binti Zainal","N","Non-Member",,,"2026-01-22",159,21,1056.36,10.68,1045.68,1045.68,49.79,2,5,5,"At Risk","Medium Risk","Rice and Grains","Ampang 88 Speedmart","Ampang","Selangor"
18,"C0018","Hana binti Fauzi","N","Normal Member","2021-09-13",1751,"2025-07-15",350,21,1005.78,30.11,975.67,975.67,46.46,1,5,5,"At Risk","High Risk","Rice and Grains","Ampang 88 Speedmart","Ampang","Selangor"
19,"C0019","Amir bin Yusof","N","Normal Member","2021-08-21",1774,"2025-03-12",475,33,1123.63,0,1123.63,1123.63,34.05,1,5,5,"At Risk","Churned","Personal Care","Ampang 88 Speedmart","Ampang","Selangor"
20,"C0020","Maisarah binti Ibrahim","N","Normal Member","2021-07-05",1821,"2024-12-18",559,24,785.27,6.81,778.46,778.46,32.44,1,5,5,"At Risk","Churned","Frozen Food","Ampang 88 Speedmart","Ampang","Selangor"
21,"C0021","Ong Jun Hao","N","Normal Member","2021-06-21",1835,"2026-03-16",106,58,1822.78,1.45,1821.33,1821.33,31.4,2,5,5,"At Risk","Medium Risk","Rice and Grains","Ampang 88 Speedmart","Ampang","Selangor"
22,"C0022","Kaur a/p Maniam","N","Non-Member",,,"2024-11-11",596,30,912.69,0,912.69,912.69,30.42,1,5,5,"At Risk","Churned","Dairy Products","Ampang 88 Speedmart","Ampang","Selangor"
23,"C0023","Teoh Siew Hong","N","Normal Member","2020-04-02",2280,"2026-03-10",112,65,3124.34,2.93,3121.41,3121.41,48.02,2,5,5,"At Risk","Medium Risk","Rice and Grains","Ampang 88 Speedmart","Ampang","Selangor"
24,"C0024","Intan binti Jamal","N","Normal Member","2020-09-28",2101,"2025-04-25",431,15,403.69,2.96,400.73,400.73,26.72,1,4,4,"At Risk","Churned","Rice and Grains","Ampang 88 Speedmart","Ampang","Selangor"
25,"C0025","Kevin a/l Krishnan","N","Normal Member","2021-06-03",1853,"2024-08-27",672,24,657.06,0,657.06,657.06,27.38,1,5,5,"At Risk","Churned","Frozen Food","Ampang 88 Speedmart","Ampang","Selangor"
26,"C0026","Zahir bin Hassan","N","Normal Member","2021-11-16",1687,"2026-02-26",124,25,913.38,0,913.38,913.38,36.54,2,5,5,"At Risk","Medium Risk","Canned and Packaged Food","Cheras 88 Speedmart","Cheras","Kuala Lumpur"
27,"C0027","Liyana binti Abdullah","N","Non-Member",,,"2025-10-06",267,21,657.64,0,657.64,657.64,31.32,1,5,5,"At Risk","High Risk","Rice and Grains","Ampang 88 Speedmart","Ampang","Selangor"
28,"C0028","Natalie Nanta","N","VIP Member","2021-04-09",1908,"2025-07-28",337,51,2013,7.73,2005.27,2005.27,39.32,1,5,5,"At Risk","High Risk","Canned and Packaged Food","Ampang 88 Speedmart","Ampang","Selangor"
29,"C0029","Hana binti Ismail","N","Normal Member","2021-03-13",1935,"2023-11-30",943,103,3339.01,0,3339.01,3339.01,32.42,1,5,5,"At Risk","Churned","Instant Food","Ampang 88 Speedmart","Ampang","Selangor"
30,"C0030","Khalid bin Mahmud","N","Non-Member",,,"2023-07-15",1081,21,661.26,0,661.26,661.26,31.49,1,5,5,"At Risk","Churned","Rice and Grains","Ampang 88 Speedmart","Ampang","Selangor"
31,"C0031","Zara binti Nasir","N","Non-Member",,,"2026-02-06",144,35,1187.24,9.32,1177.92,1177.92,33.65,2,5,5,"At Risk","Medium Risk","Cooking Essentials","Ampang 88 Speedmart","Ampang","Selangor"
32,"C0032","Danish bin Omar","N","Normal Member","2020-03-21",2292,"2025-07-03",362,32,1052,0,1052,1052,32.88,1,5,5,"At Risk","High Risk","Rice and Grains","Ampang 88 Speedmart","Ampang","Selangor"
33,"C0033","Chow Yi Wen","N","Non-Member",,,"2025-10-24",249,44,1152.17,2.76,1149.41,1149.41,26.12,1,5,5,"At Risk","High Risk","Rice and Grains","Ampang 88 Speedmart","Ampang","Selangor"
34,"C0034","Ong Yi Wen","N","Normal Member","2021-09-26",1738,"2025-08-14",320,70,2707.45,14.31,2693.14,2693.14,38.47,1,5,5,"At Risk","High Risk","Cooking Essentials","Ampang 88 Speedmart","Ampang","Selangor"
35,"C0035","Ahmad bin Fauzi","N","Non-Member",,,"2026-05-10",51,31,1132.15,2.57,1129.58,1129.58,36.44,4,5,5,"Champions","Low Risk","Dairy Products","Ampang 88 Speedmart","Ampang","Selangor"
36,"C0036","Farhan bin Ibrahim","N","Normal Member","2021-04-19",1898,"2026-06-25",5,19,876.78,0,876.78,876.78,46.15,5,5,5,"Champions","Low Risk","Rice and Grains","Cheras 88 Speedmart","Cheras","Kuala Lumpur"
37,"C0037","Ishaan bin Abdullah","N","Non-Member",,,"2024-03-09",843,18,573.17,0,573.17,573.17,31.84,1,5,5,"At Risk","Churned","Canned and Packaged Food","Ampang 88 Speedmart","Ampang","Selangor"
38,"C0038","Imran bin Hassan","N","Normal Member","2021-09-19",1745,"2024-12-07",570,20,1000.44,0,1000.44,1000.44,50.02,1,5,5,"At Risk","Churned","Rice and Grains","Ampang 88 Speedmart","Ampang","Selangor"
39,"C0039","Yeoh Ming Jie","N","VIP Member","2020-06-02",2219,"2026-03-03",119,34,1118.86,5.48,1113.38,1113.38,32.75,2,5,5,"At Risk","Medium Risk","Dairy Products","Ampang 88 Speedmart","Ampang","Selangor"
40,"C0040","Raymond Mawan","N","Normal Member","2020-10-24",2075,"2024-01-04",908,15,578.25,1.37,576.88,576.88,38.46,1,4,5,"At Risk","Churned","Cooking Essentials","Cheras 88 Speedmart","Cheras","Kuala Lumpur"
41,"C0041","Jannah binti Jamal","N","Normal Member","2020-12-12",2026,"2025-07-13",352,46,1587.57,25.01,1562.56,1562.56,33.97,1,5,5,"At Risk","High Risk","Rice and Grains","Ampang 88 Speedmart","Ampang","Selangor"
42,"C0042","Ishaan a/l Anand","N","Normal Member","2020-05-07",2245,"2025-02-01",514,21,467.33,5.46,461.87,461.87,21.99,1,5,4,"At Risk","Churned","Rice and Grains","Ampang 88 Speedmart","Ampang","Selangor"
43,"C0043","Goh Chui Shan","N","Non-Member",,,"2026-05-21",40,22,943.87,1.68,942.19,942.19,42.83,4,5,5,"Champions","Low Risk","Rice and Grains","Ampang 88 Speedmart","Ampang","Selangor"
44,"C0044","Lim Li Xuan","N","Normal Member","2021-09-05",1759,"2026-01-27",154,23,908,8.31,899.69,899.69,39.12,2,5,5,"At Risk","Medium Risk","Cooking Essentials","Ampang 88 Speedmart","Ampang","Selangor"
45,"C0045","Ahmad bin Ishak","N","Non-Member",,,"2025-04-26",430,18,890.7,0,890.7,890.7,49.48,1,5,5,"At Risk","Churned","Personal Care","Cheras 88 Speedmart","Cheras","Kuala Lumpur"
46,"C0046","Kevin Kedit","N","VIP Member","2020-09-19",2110,"2024-05-13",778,44,1146.44,0,1146.44,1146.44,26.06,1,5,5,"At Risk","Churned","Snacks and Confectionery","Ampang 88 Speedmart","Ampang","Selangor"
47,"C0047","Lee Ming Jie","N","Non-Member",,,"2025-05-22",404,17,530.28,0,530.28,530.28,31.19,1,5,4,"At Risk","Churned","Baby Products","Ampang 88 Speedmart","Ampang","Selangor"
48,"C0048","Low Shi Hao","N","Non-Member",,,"2025-06-23",372,36,1080.89,1.43,1079.46,1079.46,29.99,1,5,5,"At Risk","Churned","Dairy Products","Ampang 88 Speedmart","Ampang","Selangor"
49,"C0049","Chong Jia En","N","Normal Member","2020-05-15",2237,"2025-12-09",203,18,778.18,0,778.18,778.18,43.23,1,5,5,"At Risk","High Risk","Dairy Products","Ampang 88 Speedmart","Ampang","Selangor"
50,"C0050","Sabrina binti Kamal","N","Non-Member",,,"2026-03-08",114,17,675.65,0,675.65,675.65,39.74,2,5,5,"At Risk","Medium Risk","Household Cleaning","Ampang 88 Speedmart","Ampang","Selangor"
51,"C0051","Khadijah binti Yusof","N","Non-Member",,,"2025-01-29",517,15,947.49,0,947.49,947.49,63.17,1,4,5,"At Risk","Churned","Canned and Packaged Food","Ampang 88 Speedmart","Ampang","Selangor"
52,"C0052","Aiman bin Zainal","N","Normal Member","2020-10-23",2076,"2025-12-30",182,15,496.55,0,496.55,496.55,33.1,1,4,4,"At Risk","High Risk","Rice and Grains","Ampang 88 Speedmart","Ampang","Selangor"
53,"C0053","Nabil bin Ismail","N","Normal Member","2020-11-21",2047,"2025-06-13",382,22,666.51,0,666.51,666.51,30.3,1,5,5,"At Risk","Churned","Dairy Products","Ampang 88 Speedmart","Ampang","Selangor"
54,"C0054","Loh Xin Yi","N","Non-Member",,,"2025-07-03",362,27,855.17,0,855.17,855.17,31.67,1,5,5,"At Risk","High Risk","Personal Care","Ampang 88 Speedmart","Ampang","Selangor"
55,"C0055","Devi a/p Gopal","N","Normal Member","2021-05-03",1884,"2024-06-05",755,14,645.41,0,645.41,645.41,46.1,1,4,5,"At Risk","Churned","Household Cleaning","Ampang 88 Speedmart","Ampang","Selangor"
56,"C0056","Rafiq bin Hamid","N","Normal Member","2020-03-07",2306,"2024-10-21",617,25,1279.42,0,1279.42,1279.42,51.18,1,5,5,"At Risk","Churned","Cooking Essentials","Ampang 88 Speedmart","Ampang","Selangor"
57,"C0057","Syahirah binti Kamal","N","Non-Member",,,"2026-03-12",110,35,1049.53,1.82,1047.71,1047.71,29.93,2,5,5,"At Risk","Medium Risk","Rice and Grains","Ampang 88 Speedmart","Ampang","Selangor"
58,"C0058","Ng Ching Yee","N","Non-Member",,,"2025-09-12",291,22,700.25,4.02,696.23,696.23,31.65,1,5,5,"At Risk","High Risk","Beverages","Ampang 88 Speedmart","Ampang","Selangor"
59,"C0059","Koh Zhi Hao","N","Normal Member","2021-04-22",1895,"2025-12-10",202,46,1975.02,0,1975.02,1975.02,42.94,1,5,5,"At Risk","High Risk","Rice and Grains","Ampang 88 Speedmart","Ampang","Selangor"
60,"C0060","Amir bin Hamid","N","VIP Member","2020-11-14",2054,"2026-06-09",21,23,757.06,0,757.06,757.06,32.92,5,5,5,"Champions","Low Risk","Canned and Packaged Food","Ampang 88 Speedmart","Ampang","Selangor"
61,"C0061","Hafiz bin Kamal","N","Normal Member","2021-01-20",1987,"2025-07-26",339,39,1657.32,0,1657.32,1657.32,42.5,1,5,5,"At Risk","High Risk","Rice and Grains","Ampang 88 Speedmart","Ampang","Selangor"
62,"C0062","Akmal bin Basri","N","Normal Member","2020-05-17",2235,"2026-05-23",38,24,761.81,0,761.81,761.81,31.74,4,5,5,"Champions","Low Risk","Cooking Essentials","Ampang 88 Speedmart","Ampang","Selangor"
63,"C0063","Nabilah binti Omar","N","Normal Member","2021-10-14",1720,"2026-04-13",78,18,678.43,0,678.43,678.43,37.69,3,5,5,"Loyal Customers","Low Risk","Rice and Grains","Ampang 88 Speedmart","Ampang","Selangor"
64,"C0064","Zahir bin Abdullah","N","Normal Member","2020-08-26",2134,"2023-12-19",924,24,674.2,0,674.2,674.2,28.09,1,5,5,"At Risk","Churned","Personal Care","Ampang 88 Speedmart","Ampang","Selangor"
65,"C0065","Ho Li Xuan","N","Normal Member","2020-04-30",2252,"2025-12-12",200,50,2372.33,1.71,2370.62,2370.62,47.41,1,5,5,"At Risk","High Risk","Dairy Products","Ampang 88 Speedmart","Ampang","Selangor"
66,"C0066","Farhan bin Nasir","N","VIP Member","2020-07-07",2184,"2026-05-24",37,18,689.69,0,689.69,689.69,38.32,4,5,5,"Champions","Low Risk","Rice and Grains","Ampang 88 Speedmart","Ampang","Selangor"
67,"C0067","Lim Zhi Hao","N","VIP Member","2021-04-12",1905,"2025-12-07",205,28,1160.42,34.61,1125.81,1125.81,40.21,1,5,5,"At Risk","High Risk","Rice and Grains","Ampang 88 Speedmart","Ampang","Selangor"
68,"C0068","Yeoh Shu Fen","N","Normal Member","2021-01-20",1987,"2023-02-05",1241,39,938.32,0,938.32,938.32,24.06,1,5,5,"At Risk","Churned","Canned and Packaged Food","Cheras 88 Speedmart","Cheras","Kuala Lumpur"
69,"C0069","Chin Zhi Qing","N","Non-Member",,,"2024-05-19",772,18,1079.82,0,1079.82,1079.82,59.99,1,5,5,"At Risk","Churned","Household Cleaning","Ampang 88 Speedmart","Ampang","Selangor"
70,"C0070","Koh Mei Qi","N","Non-Member",,,"2025-12-30",182,18,478.99,0,478.99,478.99,26.61,1,5,4,"At Risk","High Risk","Rice and Grains","Ampang 88 Speedmart","Ampang","Selangor"
71,"C0071","Loh Seng Huat","N","Normal Member","2021-05-10",1877,"2025-08-22",312,13,626.45,0,626.45,626.45,48.19,1,4,5,"At Risk","High Risk","Rice and Grains","Cheras 88 Speedmart","Cheras","Kuala Lumpur"
72,"C0072","Syafiq bin Basri","N","Non-Member",,,"2026-01-29",152,29,1324.34,0,1324.34,1324.34,45.67,2,5,5,"At Risk","Medium Risk","Beverages","Ampang 88 Speedmart","Ampang","Selangor"
73,"C0073","Ong Wai Keong","N","VIP Member","2020-07-12",2179,"2026-01-05",176,50,1759.31,2.77,1756.54,1756.54,35.13,2,5,5,"At Risk","Medium Risk","Household Cleaning","Ampang 88 Speedmart","Ampang","Selangor"
74,"C0074","Ng Wei Lun","N","Non-Member",,,"2026-04-11",80,43,1540.13,32.62,1507.51,1507.51,35.06,3,5,5,"Loyal Customers","Low Risk","Rice and Grains","Ampang 88 Speedmart","Ampang","Selangor"
75,"C0075","Wong Wan Ting","N","Non-Member",,,"2026-05-23",38,46,1503.19,0,1503.19,1503.19,32.68,4,5,5,"Champions","Low Risk","Cooking Essentials","Ampang 88 Speedmart","Ampang","Selangor"
76,"C0076","Farhan bin Azman","N","Normal Member","2021-11-02",1701,"2025-08-28",306,12,508.37,0,508.37,508.37,42.36,1,4,4,"At Risk","High Risk","Cooking Essentials","Ampang 88 Speedmart","Ampang","Selangor"
77,"C0077","Lakshmi a/p Anand","N","Non-Member",,,"2024-08-11",688,47,1511.82,0,1511.82,1511.82,32.17,1,5,5,"At Risk","Churned","Rice and Grains","Cheras 88 Speedmart","Cheras","Kuala Lumpur"
78,"C0078","Nurul binti Ismail","N","Normal Member","2021-12-20",1653,"2026-04-30",61,22,1248.25,0,1248.25,1248.25,56.74,3,5,5,"Loyal Customers","Low Risk","Rice and Grains","Ampang 88 Speedmart","Ampang","Selangor"
79,"C0079","Koh Hong Sheng","N","Normal Member","2021-08-06",1789,"2025-11-08",234,19,968.5,0,968.5,968.5,50.97,1,5,5,"At Risk","High Risk","Frozen Food","Ampang 88 Speedmart","Ampang","Selangor"
80,"C0080","Chow Shu Fen","N","Non-Member",,,"2024-12-07",570,19,638.86,1.79,637.07,637.07,33.53,1,5,5,"At Risk","Churned","Baby Products","Ampang 88 Speedmart","Ampang","Selangor"
81,"C0081","Maisarah binti Daud","N","Normal Member","2021-01-23",1984,"2024-02-10",871,19,592.29,0,592.29,592.29,31.17,1,5,5,"At Risk","Churned","Canned and Packaged Food","Ampang 88 Speedmart","Ampang","Selangor"
82,"C0082","Syahirah binti Kamal","N","Non-Member",,,"2026-01-22",159,25,1261.37,6.93,1254.44,1254.44,50.18,2,5,5,"At Risk","Medium Risk","Snacks and Confectionery","Cheras 88 Speedmart","Cheras","Kuala Lumpur"
83,"C0083","Maisarah binti Ibrahim","N","Normal Member","2021-08-25",1770,"2023-07-04",1092,13,597.58,0,597.58,597.58,45.97,1,4,5,"At Risk","Churned","Rice and Grains","Ampang 88 Speedmart","Ampang","Selangor"
84,"C0084","Chew Zhi Qing","N","Normal Member","2021-10-05",1729,"2025-12-24",188,12,365.87,38.54,327.33,327.33,27.28,1,4,3,"At Risk","High Risk","Dairy Products","Ampang 88 Speedmart","Ampang","Selangor"
85,"C0085","Irfan bin Hassan","N","Normal Member","2020-05-13",2239,"2024-02-09",872,25,672.03,3.91,668.12,668.12,26.72,1,5,5,"At Risk","Churned","Rice and Grains","Cheras 88 Speedmart","Cheras","Kuala Lumpur"
86,"C0086","Liyana binti Ahmad","N","Normal Member","2022-01-03",1639,"2024-11-05",602,25,719.13,0,719.13,719.13,28.77,1,5,5,"At Risk","Churned","Household Cleaning","Ampang 88 Speedmart","Ampang","Selangor"
87,"C0087","Deepa a/p Kaur","N","Normal Member","2020-10-18",2081,"2026-06-10",20,12,462.95,0,462.95,462.95,38.58,5,4,4,"Champions","Low Risk","Baby Products","Petaling Jaya 88 Speedmart","Petaling Jaya","Selangor"
88,"C0088","Loh Shu Fen","N","Normal Member","2020-03-04",2309,"2025-12-29",183,13,332.67,2.14,330.53,330.53,25.43,1,4,3,"At Risk","High Risk","Frozen Food","Cheras 88 Speedmart","Cheras","Kuala Lumpur"
89,"C0089","Syahirah binti Azman","N","Normal Member","2021-10-26",1708,"2025-08-03",331,14,388.31,0,388.31,388.31,27.74,1,4,4,"At Risk","High Risk","Rice and Grains","Klang 88 Speedmart","Klang","Selangor"
90,"C0090","Khadijah binti Razak","N","VIP Member","2021-01-27",1980,"2026-06-06",24,20,840.67,4.49,836.18,836.18,41.81,5,5,5,"Champions","Low Risk","Dairy Products","Ampang 88 Speedmart","Ampang","Selangor"
91,"C0091","Yeoh Yi Wen","N","VIP Member","2021-01-22",1985,"2024-08-01",698,13,825.98,29.89,796.09,796.09,61.24,1,4,5,"At Risk","Churned","Dairy Products","Petaling Jaya 88 Speedmart","Petaling Jaya","Selangor"
92,"C0092","Tan Ching Yee","N","Normal Member","2021-12-27",1646,"2024-11-13",594,18,875.18,1.89,873.29,873.29,48.52,1,5,5,"At Risk","Churned","Rice and Grains","Cheras 88 Speedmart","Cheras","Kuala Lumpur"
93,"C0093","Liyana binti Hamid","N","Normal Member","2021-01-21",1986,"2024-11-11",596,22,948.18,0,948.18,948.18,43.1,1,5,5,"At Risk","Churned","Cooking Essentials","Ampang 88 Speedmart","Ampang","Selangor"
94,"C0094","Chan Boon Hui","N","Normal Member","2020-02-17",2325,"2025-09-22",281,42,1750.01,0,1750.01,1750.01,41.67,1,5,5,"At Risk","High Risk","Household Cleaning","Ampang 88 Speedmart","Ampang","Selangor"
95,"C0095","Zahir bin Daud","N","Normal Member","2021-02-02",1974,"2025-03-25",462,15,482.48,0,482.48,482.48,32.17,1,4,4,"At Risk","Churned","Beverages","Ampang 88 Speedmart","Ampang","Selangor"
96,"C0096","Chong Mei Qi","N","Non-Member",,,"2024-08-21",678,17,760.24,0,760.24,760.24,44.72,1,5,5,"At Risk","Churned","Cooking Essentials","Ampang 88 Speedmart","Ampang","Selangor"
97,"C0097","Yeoh Li Xuan","N","Normal Member","2020-08-13",2147,"2024-06-16",744,47,1466.78,1.77,1465.01,1465.01,31.17,1,5,5,"At Risk","Churned","Rice and Grains","Ampang 88 Speedmart","Ampang","Selangor"
98,"C0098","Chin Hui Ying","N","Normal Member","2020-05-21",2231,"2026-02-08",142,11,405.66,0,405.66,405.66,36.88,2,4,4,"At Risk","Medium Risk","Beverages","Shah Alam 88 Speedmart","Shah Alam","Selangor"
99,"C0099","Sonia a/p Kaur","N","Non-Member",,,"2025-12-30",182,22,515.5,0,515.5,515.5,23.43,1,5,4,"At Risk","High Risk","Rice and Grains","Ampang 88 Speedmart","Ampang","Selangor"
100,"C0100","Mardhiah binti Jamal","N","Non-Member",,,"2025-07-14",351,61,1988.31,0,1988.31,1988.31,32.6,1,5,5,"At Risk","High Risk","Rice and Grains","Ampang 88 Speedmart","Ampang","Selangor"
101,"C0101","Ong Seng Huat","N","Normal Member","2021-08-02",1793,"2024-12-08",569,11,482.84,0,482.84,482.84,43.89,1,4,4,"At Risk","Churned","Rice and Grains","George Town 88 Speedmart","George Town","Penang"
102,"C0102","Chew Zhi Hao","N","Non-Member",,,"2026-06-14",16,14,602.21,0,602.21,602.21,43.02,5,4,5,"Champions","Low Risk","Canned and Packaged Food","Petaling Jaya 88 Speedmart","Petaling Jaya","Selangor"
103,"C0103","Tan Kai Xin","N","Normal Member","2020-11-28",2040,"2026-03-11",111,19,745.36,0,745.36,745.36,39.23,2,5,5,"At Risk","Medium Risk","Cooking Essentials","Ampang 88 Speedmart","Ampang","Selangor"
104,"C0104","Nadia binti Mahmud","N","Normal Member","2021-01-30",1977,"2026-01-25",156,20,634.69,0,634.69,634.69,31.73,2,5,5,"At Risk","Medium Risk","Canned and Packaged Food","Cheras 88 Speedmart","Cheras","Kuala Lumpur"
105,"C0105","Ivan a/l Raman","N","VIP Member","2020-04-05",2277,"2026-03-04",118,15,711.93,0,711.93,711.93,47.46,2,4,5,"At Risk","Medium Risk","Dairy Products","George Town 88 Speedmart","George Town","Penang"
106,"C0106","Adilah binti Nasir","N","Normal Member","2021-06-13",1843,"2025-02-21",494,48,1998.79,0,1998.79,1998.79,41.64,1,5,5,"At Risk","Churned","Baby Products","Ampang 88 Speedmart","Ampang","Selangor"
107,"C0107","Ahmad bin Daud","N","Normal Member","2021-09-27",1737,"2024-04-21",800,16,849.05,4.75,844.3,844.3,52.77,1,5,5,"At Risk","Churned","Rice and Grains","Cheras 88 Speedmart","Cheras","Kuala Lumpur"
108,"C0108","Wong Zhi Hao","N","Non-Member",,,"2024-01-28",884,14,545.87,0,545.87,545.87,38.99,1,4,4,"At Risk","Churned","Canned and Packaged Food","Petaling Jaya 88 Speedmart","Petaling Jaya","Selangor"
109,"C0109","Ong Jia Wei","N","VIP Member","2020-10-27",2072,"2026-05-23",38,15,483.53,0,483.53,483.53,32.24,4,4,4,"Champions","Low Risk","Canned and Packaged Food","Ampang 88 Speedmart","Ampang","Selangor"
110,"C0110","Danish bin Azman","N","Normal Member","2021-07-30",1796,"2023-08-04",1061,15,520.04,0,520.04,520.04,34.67,1,4,4,"At Risk","Churned","Baby Products","Ampang 88 Speedmart","Ampang","Selangor"
111,"C0111","Sonia Janting","N","Normal Member","2022-02-20",1591,"2024-12-10",567,24,798.87,0,798.87,798.87,33.29,1,5,5,"At Risk","Churned","Instant Food","Cheras 88 Speedmart","Cheras","Kuala Lumpur"
112,"C0112","Nabilah binti Basri","N","Non-Member",,,"2024-07-12",718,26,977.36,3.65,973.71,973.71,37.45,1,5,5,"At Risk","Churned","Dairy Products","Ampang 88 Speedmart","Ampang","Selangor"
113,"C0113","Lim Wei Lun","N","Non-Member",,,"2025-04-19",437,34,953.61,0,953.61,953.61,28.05,1,5,5,"At Risk","Churned","Cooking Essentials","Cheras 88 Speedmart","Cheras","Kuala Lumpur"
114,"C0114","Chow Wei Lun","N","Normal Member","2021-12-15",1658,"2023-10-14",990,29,717.71,0,717.71,717.71,24.75,1,5,5,"At Risk","Churned","Beverages","Ampang 88 Speedmart","Ampang","Selangor"
115,"C0115","Ong Wai Keong","N","Normal Member","2020-10-10",2089,"2026-02-23",127,20,804.7,0,804.7,804.7,40.24,2,5,5,"At Risk","Medium Risk","Cooking Essentials","Cheras 88 Speedmart","Cheras","Kuala Lumpur"
116,"C0116","Raymond Mawan","N","Non-Member",,,"2024-09-07",661,16,703.37,6.85,696.52,696.52,43.53,1,5,5,"At Risk","Churned","Canned and Packaged Food","Ampang 88 Speedmart","Ampang","Selangor"
117,"C0117","Chong Wan Ting","N","VIP Member","2020-12-08",2030,"2025-07-19",346,16,504.12,0,504.12,504.12,31.51,1,5,4,"At Risk","High Risk","Rice and Grains","Cheras 88 Speedmart","Cheras","Kuala Lumpur"
118,"C0118","Ravi a/l Vijayan","N","Non-Member",,,"2026-03-10",112,20,642.29,0,642.29,642.29,32.11,2,5,5,"At Risk","Medium Risk","Rice and Grains","Petaling Jaya 88 Speedmart","Petaling Jaya","Selangor"
119,"C0119","Hana binti Abdullah","N","Normal Member","2021-12-22",1651,"2026-02-13",137,46,1361.28,0,1361.28,1361.28,29.59,2,5,5,"At Risk","Medium Risk","Baby Products","Cheras 88 Speedmart","Cheras","Kuala Lumpur"
120,"C0120","Zahir bin Daud","N","Non-Member",,,"2026-05-14",47,28,849.01,0,849.01,849.01,30.32,4,5,5,"Champions","Low Risk","Instant Food","Ampang 88 Speedmart","Ampang","Selangor"
121,"C0121","Mardhiah binti Daud","N","VIP Member","2021-05-19",1868,"2026-06-04",26,21,605.26,0,605.26,605.26,28.82,5,5,5,"Champions","Low Risk","Canned and Packaged Food","Cheras 88 Speedmart","Cheras","Kuala Lumpur"
122,"C0122","Letchumy a/p Subramaniam","N","Non-Member",,,"2025-12-03",209,37,864.38,0,864.38,864.38,23.36,1,5,5,"At Risk","High Risk","Beverages","Cheras 88 Speedmart","Cheras","Kuala Lumpur"
123,"C0123","Elena Agan","N","VIP Member","2020-10-29",2070,"2025-10-14",259,15,479.33,0,479.33,479.33,31.96,1,4,4,"At Risk","High Risk","Instant Food","Ampang 88 Speedmart","Ampang","Selangor"
124,"C0124","Aqilah binti Kamal","N","Non-Member",,,"2024-12-06",571,26,685.04,0,685.04,685.04,26.35,1,5,5,"At Risk","Churned","Instant Food","Ampang 88 Speedmart","Ampang","Selangor"
125,"C0125","Chan Xin Yi","N","Normal Member","2021-01-23",1984,"2026-01-07",174,15,613.58,0,613.58,613.58,40.91,2,4,5,"At Risk","Medium Risk","Household Cleaning","Ampang 88 Speedmart","Ampang","Selangor"
126,"C0126","Muthu a/p Muthu","N","Normal Member","2021-06-15",1841,"2025-12-20",192,28,1038.25,0,1038.25,1038.25,37.08,1,5,5,"At Risk","High Risk","Cooking Essentials","Ampang 88 Speedmart","Ampang","Selangor"
127,"C0127","Sabrina binti Kamal","N","Non-Member",,,"2025-06-23",372,15,698.15,0,698.15,698.15,46.54,1,4,5,"At Risk","Churned","Rice and Grains","Kuching 88 Speedmart","Kuching","Sarawak"
128,"C0128","Wong Siew Chin","N","Non-Member",,,"2025-10-04",269,17,681.95,0,681.95,681.95,40.11,1,5,5,"At Risk","High Risk","Canned and Packaged Food","Johor Bahru 88 Speedmart","Johor Bahru","Johor"
129,"C0129","Goh Li Xuan","N","VIP Member","2021-12-24",1649,"2026-01-01",180,21,804.51,0,804.51,804.51,38.31,2,5,5,"At Risk","Medium Risk","Instant Food","Ampang 88 Speedmart","Ampang","Selangor"
130,"C0130","Chew Jia En","N","VIP Member","2020-05-20",2232,"2025-12-17",195,18,656.39,0,656.39,656.39,36.47,1,5,5,"At Risk","High Risk","Baby Products","Cheras 88 Speedmart","Cheras","Kuala Lumpur"
131,"C0131","Lee Mei Ling","N","Normal Member","2021-05-30",1857,"2025-12-14",198,16,689.91,0,689.91,689.91,43.12,1,5,5,"At Risk","High Risk","Canned and Packaged Food","Ampang 88 Speedmart","Ampang","Selangor"
132,"C0132","Danish bin Omar","N","Non-Member",,,"2025-03-04",483,19,877.13,0,877.13,877.13,46.16,1,5,5,"At Risk","Churned","Canned and Packaged Food","Ampang 88 Speedmart","Ampang","Selangor"
133,"C0133","Grace a/p Saraswathy","N","Normal Member","2022-02-23",1588,"2026-05-31",30,14,653.04,0,653.04,653.04,46.65,5,4,5,"Champions","Low Risk","Baby Products","Klang 88 Speedmart","Klang","Selangor"
134,"C0134","Maisarah binti Jamal","N","Normal Member","2020-03-25",2288,"2026-02-22",128,15,631.21,0,631.21,631.21,42.08,2,4,5,"At Risk","Medium Risk","Cooking Essentials","Shah Alam 88 Speedmart","Shah Alam","Selangor"
135,"C0135","Faris bin Razak","N","Normal Member","2020-08-10",2150,"2024-07-26",704,28,690.46,0,690.46,690.46,24.66,1,5,5,"At Risk","Churned","Cooking Essentials","Ampang 88 Speedmart","Ampang","Selangor"
136,"C0136","Syahirah binti Abdullah","N","Normal Member","2021-07-08",1818,"2025-12-13",199,44,1964.29,67.92,1896.37,1896.37,43.1,1,5,5,"At Risk","High Risk","Beverages","Ampang 88 Speedmart","Ampang","Selangor"
137,"C0137","Maisarah binti Mahmud","N","Non-Member",,,"2026-06-12",18,41,1873.46,0,1873.46,1873.46,45.69,5,5,5,"Champions","Low Risk","Rice and Grains","Cheras 88 Speedmart","Cheras","Kuala Lumpur"
138,"C0138","Lee Chui Shan","N","Normal Member","2021-11-11",1692,"2025-10-10",263,16,660.01,2.85,657.16,657.16,41.07,1,5,5,"At Risk","High Risk","Rice and Grains","Cheras 88 Speedmart","Cheras","Kuala Lumpur"
139,"C0139","Clarissa a/p Letchumy","N","Non-Member",,,"2025-02-16",499,39,1050.12,0,1050.12,1050.12,26.93,1,5,5,"At Risk","Churned","Beverages","Cheras 88 Speedmart","Cheras","Kuala Lumpur"
140,"C0140","Syafiq bin Salleh","N","Normal Member","2020-10-20",2079,"2026-03-03",119,11,461.52,3.93,457.59,457.59,41.6,2,4,4,"At Risk","Medium Risk","Household Cleaning","Petaling Jaya 88 Speedmart","Petaling Jaya","Selangor"
141,"C0141","Lakshmi a/p Gopal","N","VIP Member","2021-03-24",1924,"2025-11-29",213,16,502.76,1.71,501.05,501.05,31.32,1,5,4,"At Risk","High Risk","Dairy Products","Ampang 88 Speedmart","Ampang","Selangor"
142,"C0142","Nurul binti Yusof","N","Normal Member","2021-02-12",1964,"2026-04-12",79,14,579.21,0,579.21,579.21,41.37,3,4,5,"Loyal Customers","Low Risk","Instant Food","Seremban 88 Speedmart","Seremban","Negeri Sembilan"
143,"C0143","Nasir bin Daud","N","VIP Member","2021-03-09",1939,"2025-12-20",192,15,567.33,0,567.33,567.33,37.82,1,4,4,"At Risk","High Risk","Beverages","Ampang 88 Speedmart","Ampang","Selangor"
144,"C0144","Ng Zhi Qing","N","VIP Member","2021-12-26",1647,"2024-12-10",567,29,950.66,12.05,938.61,938.61,32.37,1,5,5,"At Risk","Churned","Canned and Packaged Food","Ampang 88 Speedmart","Ampang","Selangor"
145,"C0145","Muthu a/p Selvam","N","Normal Member","2020-08-12",2148,"2025-04-06",450,10,193.98,0,193.98,193.98,19.4,1,4,2,"At Risk","Churned","Instant Food","Ampang 88 Speedmart","Ampang","Selangor"
146,"C0146","Ishaan bin Basri","N","VIP Member","2021-06-03",1853,"2026-06-03",27,15,660.8,6.44,654.36,654.36,43.62,5,4,5,"Champions","Low Risk","Rice and Grains","Ampang 88 Speedmart","Ampang","Selangor"
147,"C0147","Lim Cheng Wei","N","Non-Member",,,"2025-01-31",515,16,421.68,3.84,417.84,417.84,26.12,1,5,4,"At Risk","Churned","Rice and Grains","Ampang 88 Speedmart","Ampang","Selangor"
148,"C0148","Felix Jalong","N","Normal Member","2021-01-01",2006,"2024-07-06",724,14,789.12,0,789.12,789.12,56.37,1,4,5,"At Risk","Churned","Baby Products","Petaling Jaya 88 Speedmart","Petaling Jaya","Selangor"
149,"C0149","Kiran a/l Suresh","N","Normal Member","2020-07-28",2163,"2025-04-06",450,12,536.16,0,536.16,536.16,44.68,1,4,4,"At Risk","Churned","Canned and Packaged Food","Ampang 88 Speedmart","Ampang","Selangor"
150,"C0150","Victor Sagang","N","Normal Member","2020-09-22",2107,"2024-09-08",660,17,561.13,1.12,560.01,560.01,32.94,1,5,4,"At Risk","Churned","Baby Products","Ampang 88 Speedmart","Ampang","Selangor"
151,"C0151","Aqilah binti Nasir","N","VIP Member","2020-09-07",2122,"2025-12-07",205,26,718.66,0,718.66,718.66,27.64,1,5,5,"At Risk","High Risk","Beverages","Cheras 88 Speedmart","Cheras","Kuala Lumpur"
152,"C0152","Ishaan bin Azman","N","Normal Member","2022-01-03",1639,"2025-07-22",343,15,496.57,0,496.57,496.57,33.1,1,4,4,"At Risk","High Risk","Dairy Products","Melaka 88 Speedmart","Melaka","Melaka"
153,"C0153","Khadijah binti Ahmad","N","Normal Member","2020-04-17",2265,"2026-03-08",114,14,430.1,0,430.1,430.1,30.72,2,4,4,"At Risk","Medium Risk","Rice and Grains","Ampang 88 Speedmart","Ampang","Selangor"
154,"C0154","Ong Jun Hao","N","Non-Member",,,"2026-05-09",52,23,842.86,0,842.86,842.86,36.65,4,5,5,"Champions","Low Risk","Snacks and Confectionery","Ampang 88 Speedmart","Ampang","Selangor"
155,"C0155","Aiman bin Abdullah","N","Normal Member","2021-01-18",1989,"2025-03-21",466,13,298.43,10.07,288.36,288.36,22.18,1,4,3,"At Risk","Churned","Baby Products","Cheras 88 Speedmart","Cheras","Kuala Lumpur"
156,"C0156","Hafiz bin Nasir","N","Normal Member","2021-11-26",1677,"2026-05-04",57,47,1372.28,12.52,1359.76,1359.76,28.93,4,5,5,"Champions","Low Risk","Instant Food","Ampang 88 Speedmart","Ampang","Selangor"
157,"C0157","Dev a/l Kumar","N","Normal Member","2020-09-07",2122,"2026-06-11",19,44,1856.57,1.62,1854.95,1854.95,42.16,5,5,5,"Champions","Low Risk","Canned and Packaged Food","Ampang 88 Speedmart","Ampang","Selangor"
158,"C0158","Maisarah binti Omar","N","Normal Member","2020-08-23",2137,"2025-03-17",470,34,1035.29,0,1035.29,1035.29,30.45,1,5,5,"At Risk","Churned","Instant Food","Ampang 88 Speedmart","Ampang","Selangor"
159,"C0159","Elena a/p Nair","N","Non-Member",,,"2026-06-24",6,28,857.8,0,857.8,857.8,30.64,5,5,5,"Champions","Low Risk","Rice and Grains","Shah Alam 88 Speedmart","Shah Alam","Selangor"
160,"C0160","Ivan Giman","N","Normal Member","2020-10-09",2090,"2024-11-11",596,19,802.36,0,802.36,802.36,42.23,1,5,5,"At Risk","Churned","Baby Products","Cheras 88 Speedmart","Cheras","Kuala Lumpur"
161,"C0161","Hana binti Hamid","N","Normal Member","2022-03-12",1571,"2025-01-08",538,31,1194.33,16.66,1177.67,1177.67,37.99,1,5,5,"At Risk","Churned","Rice and Grains","Cheras 88 Speedmart","Cheras","Kuala Lumpur"
162,"C0162","Nadia binti Mahmud","N","VIP Member","2020-04-11",2271,"2025-01-31",515,15,595.86,0,595.86,595.86,39.72,1,4,5,"At Risk","Churned","Frozen Food","Cheras 88 Speedmart","Cheras","Kuala Lumpur"
163,"C0163","Nabilah binti Salleh","N","VIP Member","2021-08-03",1792,"2024-02-16",865,15,702.5,0,702.5,702.5,46.83,1,4,5,"At Risk","Churned","Dairy Products","Ampang 88 Speedmart","Ampang","Selangor"
164,"C0164","Maisarah binti Hamid","N","Normal Member","2022-01-04",1638,"2025-04-28",428,35,1210.24,7.28,1202.96,1202.96,34.37,1,5,5,"At Risk","Churned","Rice and Grains","Petaling Jaya 88 Speedmart","Petaling Jaya","Selangor"
165,"C0165","Loh Hui Ying","N","Normal Member","2021-04-03",1914,"2024-12-26",551,27,712.97,0,712.97,712.97,26.41,1,5,5,"At Risk","Churned","Rice and Grains","Cheras 88 Speedmart","Cheras","Kuala Lumpur"
166,"C0166","Chong Wei Lun","N","Normal Member","2021-01-13",1994,"2024-08-06",693,26,616.74,0,616.74,616.74,23.72,1,5,5,"At Risk","Churned","Rice and Grains","Ampang 88 Speedmart","Ampang","Selangor"
167,"C0167","Alvin Laja","N","Normal Member","2021-03-17",1931,"2025-10-09",264,35,820.84,9.61,811.23,811.23,23.18,1,5,5,"At Risk","High Risk","Cooking Essentials","Cheras 88 Speedmart","Cheras","Kuala Lumpur"
168,"C0168","Alvin Laja","N","Normal Member","2021-10-10",1724,"2025-12-27",185,53,1599.1,1.62,1597.48,1597.48,30.14,1,5,5,"At Risk","High Risk","Beverages","Petaling Jaya 88 Speedmart","Petaling Jaya","Selangor"
169,"C0169","Danish bin Ismail","N","Non-Member",,,"2025-12-04",208,19,721.64,0,721.64,721.64,37.98,1,5,5,"At Risk","High Risk","Alcoholic Beverages","Ampang 88 Speedmart","Ampang","Selangor"
170,"C0170","Nurul binti Ibrahim","N","Normal Member","2022-02-18",1593,"2025-06-22",373,19,903.05,3,900.05,900.05,47.37,1,5,5,"At Risk","Churned","Instant Food","Ampang 88 Speedmart","Ampang","Selangor"
171,"C0171","Aditi a/p Raman","N","Non-Member",,,"2026-01-29",152,17,412.23,0,412.23,412.23,24.25,2,5,4,"At Risk","Medium Risk","Cooking Essentials","Shah Alam 88 Speedmart","Shah Alam","Selangor"
172,"C0172","Lee Jia Wei","N","Normal Member","2020-11-25",2043,"2026-06-12",18,18,511.29,4,507.29,507.29,28.18,5,5,4,"Champions","Low Risk","Dairy Products","Ampang 88 Speedmart","Ampang","Selangor"
173,"C0173","Hafiz bin Fauzi","N","Normal Member","2021-06-03",1853,"2024-10-09",629,15,460.64,0,460.64,460.64,30.71,1,4,4,"At Risk","Churned","Canned and Packaged Food","Cheras 88 Speedmart","Cheras","Kuala Lumpur"
174,"C0174","Mardhiah binti Ahmad","N","Normal Member","2022-02-22",1589,"2026-02-05",145,47,1768.07,0,1768.07,1768.07,37.62,2,5,5,"At Risk","Medium Risk","Canned and Packaged Food","Ampang 88 Speedmart","Ampang","Selangor"
175,"C0175","Chia Hui Ying","N","Normal Member","2022-01-20",1622,"2026-06-17",13,38,1374.44,2.99,1371.45,1371.45,36.09,5,5,5,"Champions","Low Risk","Rice and Grains","Cheras 88 Speedmart","Cheras","Kuala Lumpur"
176,"C0176","Intan binti Abdullah","N","Non-Member",,,"2026-04-24",67,14,408.67,2.16,406.51,406.51,29.04,3,4,4,"Loyal Customers","Low Risk","Frozen Food","Cheras 88 Speedmart","Cheras","Kuala Lumpur"
177,"C0177","Hana binti Razak","N","Non-Member",,,"2026-04-25",66,20,801.38,0,801.38,801.38,40.07,3,5,5,"Loyal Customers","Low Risk","Frozen Food","Ampang 88 Speedmart","Ampang","Selangor"
178,"C0178","Siti binti Daud","N","VIP Member","2021-01-06",2001,"2026-04-19",72,8,204.16,3.13,201.03,201.03,25.13,3,3,2,"Need Attention","Low Risk","Stationery and Daily Needs","Cheras 88 Speedmart","Cheras","Kuala Lumpur"
179,"C0179","Rafiq bin Ibrahim","N","Normal Member","2020-07-17",2174,"2025-10-18",255,19,1012.48,27.59,984.89,984.89,51.84,1,5,5,"At Risk","High Risk","Baby Products","Ampang 88 Speedmart","Ampang","Selangor"
180,"C0180","Syafiq bin Azman","N","VIP Member","2021-01-18",1989,"2025-12-09",203,16,513.95,0,513.95,513.95,32.12,1,5,4,"At Risk","High Risk","Instant Food","Cheras 88 Speedmart","Cheras","Kuala Lumpur"
181,"C0181","Farhan bin Ishak","N","Non-Member",,,"2026-03-17",105,41,1323.12,0,1323.12,1323.12,32.27,2,5,5,"At Risk","Medium Risk","Rice and Grains","Ampang 88 Speedmart","Ampang","Selangor"
182,"C0182","Aarav a/l Maniam","N","Normal Member","2022-03-20",1563,"2025-11-23",219,47,1889.01,0,1889.01,1889.01,40.19,1,5,5,"At Risk","High Risk","Canned and Packaged Food","Ampang 88 Speedmart","Ampang","Selangor"
183,"C0183","Natalie a/p Muthu","N","Normal Member","2021-05-19",1868,"2024-05-25",766,15,412.2,0,412.2,412.2,27.48,1,4,4,"At Risk","Churned","Cooking Essentials","Cheras 88 Speedmart","Cheras","Kuala Lumpur"
184,"C0184","Adilah binti Hamid","N","Normal Member","2020-05-02",2250,"2024-11-09",598,16,843.79,0,843.79,843.79,52.74,1,5,5,"At Risk","Churned","Rice and Grains","Cheras 88 Speedmart","Cheras","Kuala Lumpur"
185,"C0185","Yeoh Mei Ling","N","VIP Member","2021-02-18",1958,"2026-04-26",65,32,932.88,0,932.88,932.88,29.15,3,5,5,"Loyal Customers","Low Risk","Rice and Grains","Ampang 88 Speedmart","Ampang","Selangor"
186,"C0186","Amir bin Hamid","N","Non-Member",,,"2025-04-29",427,13,393.49,0,393.49,393.49,30.27,1,4,4,"At Risk","Churned","Rice and Grains","Cheras 88 Speedmart","Cheras","Kuala Lumpur"
187,"C0187","Intan binti Daud","N","Normal Member","2020-08-27",2133,"2025-05-28",398,31,1411.32,0,1411.32,1411.32,45.53,1,5,5,"At Risk","Churned","Instant Food","Cheras 88 Speedmart","Cheras","Kuala Lumpur"
188,"C0188","Ahmad bin Basri","N","Normal Member","2020-06-05",2216,"2023-12-26",917,10,297.24,0,297.24,297.24,29.72,1,4,3,"At Risk","Churned","Rice and Grains","Ampang 88 Speedmart","Ampang","Selangor"
189,"C0189","Ong Chun Wai","N","Non-Member",,,"2026-02-15",135,17,1042.84,0,1042.84,1042.84,61.34,2,5,5,"At Risk","Medium Risk","Cooking Essentials","Cheras 88 Speedmart","Cheras","Kuala Lumpur"
190,"C0190","Nabil bin Kamal","N","Normal Member","2021-02-08",1968,"2026-01-30",151,10,307.44,0,307.44,307.44,30.74,2,4,3,"At Risk","Medium Risk","Rice and Grains","Cheras 88 Speedmart","Cheras","Kuala Lumpur"
191,"C0191","Yeoh Zi Xuan","N","VIP Member","2021-09-25",1739,"2024-07-14",716,10,292.71,2.17,290.54,290.54,29.05,1,4,3,"At Risk","Churned","Frozen Food","Cheras 88 Speedmart","Cheras","Kuala Lumpur"
192,"C0192","Chan Li Xuan","N","Normal Member","2021-12-13",1660,"2024-11-22",585,27,828.09,0,828.09,828.09,30.67,1,5,5,"At Risk","Churned","Cooking Essentials","Ampang 88 Speedmart","Ampang","Selangor"
193,"C0193","Koh Wai Keong","N","Normal Member","2021-02-09",1967,"2026-03-20",102,8,233.85,0,233.85,233.85,29.23,2,3,3,"At Risk","Medium Risk","Instant Food","Klang 88 Speedmart","Klang","Selangor"
194,"C0194","Nadia binti Ishak","N","Normal Member","2021-02-19",1957,"2026-02-28",122,51,1815.43,0,1815.43,1815.43,35.6,2,5,5,"At Risk","Medium Risk","Instant Food","Cheras 88 Speedmart","Cheras","Kuala Lumpur"
195,"C0195","Goh Cheng Wei","N","Normal Member","2020-04-23",2259,"2025-10-17",256,14,293.88,0,293.88,293.88,20.99,1,4,3,"At Risk","High Risk","Snacks and Confectionery","Petaling Jaya 88 Speedmart","Petaling Jaya","Selangor"
196,"C0196","Siti binti Ismail","N","VIP Member","2021-04-22",1895,"2025-04-20",436,20,763.35,0,763.35,763.35,38.17,1,5,5,"At Risk","Churned","Personal Care","Ampang 88 Speedmart","Ampang","Selangor"
197,"C0197","Syafiq bin Abdullah","N","Normal Member","2022-01-04",1638,"2026-06-01",29,17,970.76,0,970.76,970.76,57.1,5,5,5,"Champions","Low Risk","Rice and Grains","Ampang 88 Speedmart","Ampang","Selangor"
198,"C0198","Nadia binti Nasir","N","Normal Member","2021-11-27",1676,"2026-06-03",27,18,547.32,0,547.32,547.32,30.41,5,5,4,"Champions","Low Risk","Beverages","Cheras 88 Speedmart","Cheras","Kuala Lumpur"
199,"C0199","Ahmad bin Razak","N","Non-Member",,,"2026-02-20",130,35,1484.64,0,1484.64,1484.64,42.42,2,5,5,"At Risk","Medium Risk","Instant Food","Cheras 88 Speedmart","Cheras","Kuala Lumpur"
200,"C0200","Jannah binti Nasir","N","Normal Member","2021-03-16",1932,"2026-02-15",135,18,625.62,8.69,616.93,616.93,34.27,2,5,5,"At Risk","Medium Risk","Canned and Packaged Food","Petaling Jaya 88 Speedmart","Petaling Jaya","Selangor"
201,"C0201","Goh Zi Xuan","N","Non-Member",,,"2026-05-21",40,33,1037.54,0,1037.54,1037.54,31.44,4,5,5,"Champions","Low Risk","Beverages","Ampang 88 Speedmart","Ampang","Selangor"
202,"C0202","Koh Siew Hong","N","Normal Member","2021-09-24",1740,"2025-06-25",370,14,809.18,7.98,801.2,801.2,57.23,1,4,5,"At Risk","Churned","Dairy Products","Cheras 88 Speedmart","Cheras","Kuala Lumpur"
203,"C0203","Darren a/l Vijayan","N","VIP Member","2021-04-10",1907,"2026-02-06",144,39,1233.91,1.24,1232.67,1232.67,31.61,2,5,5,"At Risk","Medium Risk","Canned and Packaged Food","Cheras 88 Speedmart","Cheras","Kuala Lumpur"
204,"C0204","Victor a/l Anand","N","Normal Member","2021-12-28",1645,"2026-03-12",110,18,509.52,0,509.52,509.52,28.31,2,5,4,"At Risk","Medium Risk","Baby Products","Cheras 88 Speedmart","Cheras","Kuala Lumpur"
205,"C0205","Lakshmi a/p Anand","N","Normal Member","2022-02-22",1589,"2026-02-13",137,15,645.68,0,645.68,645.68,43.05,2,4,5,"At Risk","Medium Risk","Baby Products","Cheras 88 Speedmart","Cheras","Kuala Lumpur"
206,"C0206","Aiman bin Daud","N","Normal Member","2021-05-01",1886,"2026-04-04",87,21,905.6,2.11,903.49,903.49,43.02,3,5,5,"Loyal Customers","Low Risk","Beverages","Cheras 88 Speedmart","Cheras","Kuala Lumpur"
207,"C0207","Nadia binti Yusof","N","Normal Member","2021-10-04",1730,"2026-03-12",110,35,1363.13,0,1363.13,1363.13,38.95,2,5,5,"At Risk","Medium Risk","Dairy Products","Cheras 88 Speedmart","Cheras","Kuala Lumpur"
208,"C0208","Nabilah binti Ismail","N","Normal Member","2020-06-16",2205,"2026-04-18",73,44,1287.62,0,1287.62,1287.62,29.26,3,5,5,"Loyal Customers","Low Risk","Cooking Essentials","Ampang 88 Speedmart","Ampang","Selangor"
209,"C0209","Clarissa a/p Saraswathy","N","Normal Member","2020-09-22",2107,"2024-11-11",596,16,577.97,0,577.97,577.97,36.12,1,5,5,"At Risk","Churned","Snacks and Confectionery","Shah Alam 88 Speedmart","Shah Alam","Selangor"
210,"C0210","Syafiq bin Omar","N","Non-Member",,,"2026-04-02",89,20,539.04,0,539.04,539.04,26.95,3,5,4,"Loyal Customers","Low Risk","Rice and Grains","Ampang 88 Speedmart","Ampang","Selangor"
211,"C0211","Syahirah binti Omar","N","Normal Member","2020-09-11",2118,"2025-10-16",257,24,753.81,0,753.81,753.81,31.41,1,5,5,"At Risk","High Risk","Canned and Packaged Food","Cheras 88 Speedmart","Cheras","Kuala Lumpur"
212,"C0212","Maisarah binti Azman","N","Normal Member","2021-11-28",1675,"2025-11-20",222,11,282.77,0,282.77,282.77,25.71,1,4,3,"At Risk","High Risk","Rice and Grains","Shah Alam 88 Speedmart","Shah Alam","Selangor"
213,"C0213","Rafiq bin Daud","N","Non-Member",,,"2025-10-17",256,18,852.25,0,852.25,852.25,47.35,1,5,5,"At Risk","High Risk","Rice and Grains","Cheras 88 Speedmart","Cheras","Kuala Lumpur"
214,"C0214","Fatin binti Abdullah","N","Non-Member",,,"2026-04-21",70,21,827.3,0,827.3,827.3,39.4,3,5,5,"Loyal Customers","Low Risk","Snacks and Confectionery","Ampang 88 Speedmart","Ampang","Selangor"
215,"C0215","Akmal bin Kamal","N","Non-Member",,,"2024-12-05",572,9,180.2,0,180.2,180.2,20.02,1,3,2,"At Risk","Churned","Personal Care","Ampang 88 Speedmart","Ampang","Selangor"
216,"C0216","Ng Seng Huat","N","Normal Member","2021-12-26",1647,"2026-05-09",52,17,741.85,0,741.85,741.85,43.64,4,5,5,"Champions","Low Risk","Cooking Essentials","Shah Alam 88 Speedmart","Shah Alam","Selangor"
217,"C0217","Danish bin Razak","N","Normal Member","2021-09-13",1751,"2025-03-20",467,13,320.23,0,320.23,320.23,24.63,1,4,3,"At Risk","Churned","Canned and Packaged Food","Ampang 88 Speedmart","Ampang","Selangor"
218,"C0218","Rafiq bin Salleh","N","Normal Member","2021-02-17",1959,"2026-02-22",128,15,603.96,0,603.96,603.96,40.26,2,4,5,"At Risk","Medium Risk","Frozen Food","Cheras 88 Speedmart","Cheras","Kuala Lumpur"
219,"C0219","Tan Pei Shan","N","Normal Member","2020-06-25",2196,"2025-11-17",225,17,733.3,0,733.3,733.3,43.14,1,5,5,"At Risk","High Risk","Cooking Essentials","Cheras 88 Speedmart","Cheras","Kuala Lumpur"
220,"C0220","Ho Chui Shan","N","Normal Member","2020-10-29",2070,"2026-05-23",38,20,1012.58,0,1012.58,1012.58,50.63,4,5,5,"Champions","Low Risk","Rice and Grains","Petaling Jaya 88 Speedmart","Petaling Jaya","Selangor"
221,"C0221","Kaur a/p Muthu","N","Normal Member","2021-03-12",1936,"2025-01-18",528,14,708.17,0,708.17,708.17,50.58,1,4,5,"At Risk","Churned","Rice and Grains","Ampang 88 Speedmart","Ampang","Selangor"
222,"C0222","Hafiz bin Razak","N","Normal Member","2020-12-18",2020,"2025-04-28",428,21,616.64,18.43,598.21,598.21,28.49,1,5,5,"At Risk","Churned","Dairy Products","Shah Alam 88 Speedmart","Shah Alam","Selangor"
223,"C0223","Muthu a/p Gopal","N","Normal Member","2020-07-31",2160,"2025-01-24",522,18,488.28,0,488.28,488.28,27.13,1,5,4,"At Risk","Churned","Snacks and Confectionery","Cheras 88 Speedmart","Cheras","Kuala Lumpur"
224,"C0224","Chew Mei Ling","N","Normal Member","2022-04-13",1539,"2026-04-15",76,36,1212.92,13.01,1199.91,1199.91,33.33,3,5,5,"Loyal Customers","Low Risk","Cooking Essentials","Cheras 88 Speedmart","Cheras","Kuala Lumpur"
225,"C0225","Sonia a/p Saraswathy","N","Normal Member","2021-06-23",1833,"2024-08-09",690,13,485.21,0,485.21,485.21,37.32,1,4,4,"At Risk","Churned","Canned and Packaged Food","Petaling Jaya 88 Speedmart","Petaling Jaya","Selangor"
226,"C0226","Nadia binti Ibrahim","N","Non-Member",,,"2023-07-10",1086,17,741.4,0,741.4,741.4,43.61,1,5,5,"At Risk","Churned","Baby Products","Cheras 88 Speedmart","Cheras","Kuala Lumpur"
227,"C0227","Chin Kar Yee","N","Non-Member",,,"2025-12-19",193,13,602.04,0,602.04,602.04,46.31,1,4,5,"At Risk","High Risk","Rice and Grains","Cheras 88 Speedmart","Cheras","Kuala Lumpur"
228,"C0228","Kevin a/l Chandran","N","Normal Member","2021-05-11",1876,"2026-02-06",144,18,851.66,9.41,842.25,842.25,46.79,2,5,5,"At Risk","Medium Risk","Dairy Products","Petaling Jaya 88 Speedmart","Petaling Jaya","Selangor"
229,"C0229","Shalini a/p Nair","N","Normal Member","2021-09-01",1763,"2025-12-24",188,12,410.37,0,410.37,410.37,34.2,1,4,4,"At Risk","High Risk","Rice and Grains","Cheras 88 Speedmart","Cheras","Kuala Lumpur"
230,"C0230","Intan binti Ishak","N","Non-Member",,,"2026-02-18",132,21,897.19,0,897.19,897.19,42.72,2,5,5,"At Risk","Medium Risk","Rice and Grains","Cheras 88 Speedmart","Cheras","Kuala Lumpur"
231,"C0231","Low Hui Min","N","Normal Member","2021-09-28",1736,"2025-12-28",184,10,804.06,0,804.06,804.06,80.41,1,4,5,"At Risk","High Risk","Rice and Grains","Shah Alam 88 Speedmart","Shah Alam","Selangor"
232,"C0232","Chan Poh Ling","N","Normal Member","2021-09-30",1734,"2025-07-01",364,13,472.37,0,472.37,472.37,36.34,1,4,4,"At Risk","High Risk","Rice and Grains","Cheras 88 Speedmart","Cheras","Kuala Lumpur"
233,"C0233","Clarissa a/p Subramaniam","N","Non-Member",,,"2023-03-17",1201,17,785.15,0,785.15,785.15,46.19,1,5,5,"At Risk","Churned","Snacks and Confectionery","Petaling Jaya 88 Speedmart","Petaling Jaya","Selangor"
234,"C0234","Lee Chee Keong","N","Normal Member","2020-05-29",2223,"2025-11-05",237,17,742.96,0,742.96,742.96,43.7,1,5,5,"At Risk","High Risk","Canned and Packaged Food","Petaling Jaya 88 Speedmart","Petaling Jaya","Selangor"
235,"C0235","Sabrina binti Ibrahim","N","Normal Member","2021-03-24",1924,"2026-06-19",11,32,1012.6,0,1012.6,1012.6,31.64,5,5,5,"Champions","Low Risk","Rice and Grains","Cheras 88 Speedmart","Cheras","Kuala Lumpur"
236,"C0236","Faris bin Ibrahim","N","Normal Member","2021-10-27",1707,"2025-12-07",205,14,563.69,0,563.69,563.69,40.26,1,4,4,"At Risk","High Risk","Stationery and Daily Needs","Ampang 88 Speedmart","Ampang","Selangor"
237,"C0237","Wong Jia En","N","Normal Member","2020-10-14",2085,"2026-06-25",5,16,738.35,0,738.35,738.35,46.15,5,5,5,"Champions","Low Risk","Canned and Packaged Food","Petaling Jaya 88 Speedmart","Petaling Jaya","Selangor"
238,"C0238","Chong Zhi Qing","N","Normal Member","2022-03-11",1572,"2026-06-04",26,10,397.11,0,397.11,397.11,39.71,5,4,4,"Champions","Low Risk","Dairy Products","Cheras 88 Speedmart","Cheras","Kuala Lumpur"
239,"C0239","Nurul binti Razak","N","Normal Member","2021-08-25",1770,"2026-04-09",82,15,613.96,18.52,595.44,595.44,39.7,3,4,5,"Loyal Customers","Low Risk","Rice and Grains","Ampang 88 Speedmart","Ampang","Selangor"
240,"C0240","Marcus Bansa","N","VIP Member","2021-02-12",1964,"2026-02-01",149,12,479.09,0,479.09,479.09,39.92,2,4,4,"At Risk","Medium Risk","Rice and Grains","Ampang 88 Speedmart","Ampang","Selangor"
241,"C0241","Jannah binti Daud","N","Normal Member","2021-05-02",1885,"2025-04-26",430,14,331.37,0,331.37,331.37,23.67,1,4,3,"At Risk","Churned","Dairy Products","Ampang 88 Speedmart","Ampang","Selangor"
242,"C0242","Siti binti Hamid","N","Non-Member",,,"2026-05-02",59,20,948.33,2.03,946.3,946.3,47.32,4,5,5,"Champions","Low Risk","Instant Food","Cheras 88 Speedmart","Cheras","Kuala Lumpur"
243,"C0243","Nadia binti Omar","N","Normal Member","2022-04-21",1531,"2022-09-12",1387,24,822.93,0,822.93,822.93,34.29,1,5,5,"At Risk","Churned","Canned and Packaged Food","Petaling Jaya 88 Speedmart","Petaling Jaya","Selangor"
244,"C0244","Jannah binti Azman","N","VIP Member","2020-06-23",2198,"2025-09-13",290,15,553.44,0,553.44,553.44,36.9,1,4,4,"At Risk","High Risk","Personal Care","Petaling Jaya 88 Speedmart","Petaling Jaya","Selangor"
245,"C0245","Khadijah binti Hamid","N","Normal Member","2021-05-07",1880,"2026-06-16",14,41,1114.36,1.86,1112.5,1112.5,27.13,5,5,5,"Champions","Low Risk","Rice and Grains","Ampang 88 Speedmart","Ampang","Selangor"
246,"C0246","Ho Yoke Leng","N","VIP Member","2022-03-29",1554,"2026-05-30",31,12,335.86,0,335.86,335.86,27.99,4,4,3,"Loyal Customers","Low Risk","Cooking Essentials","Petaling Jaya 88 Speedmart","Petaling Jaya","Selangor"
247,"C0247","Zara binti Ahmad","N","Normal Member","2020-09-21",2108,"2025-04-17",439,12,542.78,0,542.78,542.78,45.23,1,4,4,"At Risk","Churned","Rice and Grains","Johor Bahru 88 Speedmart","Johor Bahru","Johor"
248,"C0248","Ishaan bin Azman","N","Normal Member","2021-02-12",1964,"2026-03-14",108,35,1423.48,8.12,1415.36,1415.36,40.44,2,5,5,"At Risk","Medium Risk","Rice and Grains","Petaling Jaya 88 Speedmart","Petaling Jaya","Selangor"
249,"C0249","Chow Yoke Leng","N","Normal Member","2020-12-25",2013,"2026-06-30",0,32,1104.17,0,1104.17,1104.17,34.51,5,5,5,"Champions","Low Risk","Canned and Packaged Food","Ampang 88 Speedmart","Ampang","Selangor"
250,"C0250","Ananya a/p Chandran","N","Normal Member","2021-06-05",1851,"2025-11-06",236,10,297.14,0,297.14,297.14,29.71,1,4,3,"At Risk","High Risk","Beverages","Ampang 88 Speedmart","Ampang","Selangor"
251,"C0251","Qistina binti Ismail","N","Normal Member","2021-03-18",1930,"2025-11-27",215,9,357.89,0,357.89,357.89,39.77,1,3,4,"At Risk","High Risk","Snacks and Confectionery","Cheras 88 Speedmart","Cheras","Kuala Lumpur"
252,"C0252","Zara binti Razak","N","Normal Member","2022-05-07",1515,"2025-12-03",209,15,333.54,0,333.54,333.54,22.24,1,4,3,"At Risk","High Risk","Dairy Products","Cheras 88 Speedmart","Cheras","Kuala Lumpur"
253,"C0253","Qistina binti Zainal","N","Normal Member","2020-11-02",2066,"2026-01-08",173,18,750.04,6.08,743.96,743.96,41.33,2,5,5,"At Risk","Medium Risk","Dairy Products","Ampang 88 Speedmart","Ampang","Selangor"
254,"C0254","Koh Wan Ting","N","Normal Member","2020-07-15",2176,"2024-07-28",702,12,376.32,0,376.32,376.32,31.36,1,4,4,"At Risk","Churned","Canned and Packaged Food","Cheras 88 Speedmart","Cheras","Kuala Lumpur"
255,"C0255","Goh Ming Jie","N","VIP Member","2020-06-01",2220,"2026-05-20",41,19,473.18,0,473.18,473.18,24.9,4,5,4,"Champions","Low Risk","Canned and Packaged Food","Klang 88 Speedmart","Klang","Selangor"
256,"C0256","Akmal bin Fauzi","N","Normal Member","2020-06-03",2218,"2026-05-04",57,37,1005.93,0,1005.93,1005.93,27.19,4,5,5,"Champions","Low Risk","Beverages","Cheras 88 Speedmart","Cheras","Kuala Lumpur"
257,"C0257","Zara binti Ismail","N","Normal Member","2020-07-01",2190,"2026-06-13",17,26,845.28,1.98,843.3,843.3,32.43,5,5,5,"Champions","Low Risk","Rice and Grains","Ampang 88 Speedmart","Ampang","Selangor"
258,"C0258","Ong Wan Ting","N","Non-Member",,,"2026-06-07",23,11,278.38,0,278.38,278.38,25.31,5,4,3,"Loyal Customers","Low Risk","Beverages","Johor Bahru 88 Speedmart","Johor Bahru","Johor"
259,"C0259","Ishaan a/l Nair","N","Non-Member",,,"2025-01-21",525,18,658.12,0,658.12,658.12,36.56,1,5,5,"At Risk","Churned","Rice and Grains","Cheras 88 Speedmart","Cheras","Kuala Lumpur"
260,"C0260","Maisarah binti Hassan","N","VIP Member","2020-09-20",2109,"2025-11-05",237,14,426.18,0,426.18,426.18,30.44,1,4,4,"At Risk","High Risk","Rice and Grains","Ipoh 88 Speedmart","Ipoh","Perak"
261,"C0261","Hakim bin Salleh","N","VIP Member","2021-01-28",1979,"2026-03-29",93,25,735.73,0,735.73,735.73,29.43,2,5,5,"At Risk","Medium Risk","Dairy Products","Shah Alam 88 Speedmart","Shah Alam","Selangor"
262,"C0262","Lee Siew Chin","N","Normal Member","2020-10-14",2085,"2026-05-09",52,21,941.65,0,941.65,941.65,44.84,4,5,5,"Champions","Low Risk","Rice and Grains","Ampang 88 Speedmart","Ampang","Selangor"
263,"C0263","Victor a/l Subramaniam","N","Normal Member","2021-10-11",1723,"2026-06-30",0,8,371.14,0,371.14,371.14,46.39,5,3,4,"Potential Loyal","Low Risk","Canned and Packaged Food","Cheras 88 Speedmart","Cheras","Kuala Lumpur"
264,"C0264","Nurul binti Azman","N","Normal Member","2020-10-24",2075,"2024-12-28",549,9,196.75,0,196.75,196.75,21.86,1,3,2,"At Risk","Churned","Snacks and Confectionery","Petaling Jaya 88 Speedmart","Petaling Jaya","Selangor"
265,"C0265","Teoh Ching Yee","N","Normal Member","2022-01-13",1629,"2024-06-09",751,18,699.04,0,699.04,699.04,38.84,1,5,5,"At Risk","Churned","Dairy Products","Ampang 88 Speedmart","Ampang","Selangor"
266,"C0266","Ho Jia En","N","Normal Member","2020-06-12",2209,"2025-02-26",489,10,457.25,0,457.25,457.25,45.73,1,4,4,"At Risk","Churned","Stationery and Daily Needs","Ampang 88 Speedmart","Ampang","Selangor"
267,"C0267","Sanjay a/l Balakrishnan","N","Non-Member",,,"2026-06-03",27,15,588.69,17.07,571.62,571.62,38.11,5,4,5,"Champions","Low Risk","Personal Care","Kota Kinabalu 88 Speedmart","Kota Kinabalu","Sabah"
268,"C0268","Nadia binti Yusof","N","Normal Member","2021-04-10",1907,"2025-08-29",305,15,487.73,0,487.73,487.73,32.52,1,4,4,"At Risk","High Risk","Rice and Grains","Ampang 88 Speedmart","Ampang","Selangor"
269,"C0269","Adilah binti Nasir","N","Normal Member","2020-10-04",2095,"2025-12-17",195,24,1201.04,4.24,1196.8,1196.8,49.87,1,5,5,"At Risk","High Risk","Canned and Packaged Food","Petaling Jaya 88 Speedmart","Petaling Jaya","Selangor"
270,"C0270","Dev a/l Rajan","N","Normal Member","2020-06-24",2197,"2026-03-07",115,22,722.94,0,722.94,722.94,32.86,2,5,5,"At Risk","Medium Risk","Dairy Products","Ampang 88 Speedmart","Ampang","Selangor"
271,"C0271","Chin Boon Hui","N","Normal Member","2021-12-31",1642,"2026-01-29",152,13,528.91,0,528.91,528.91,40.69,2,4,4,"At Risk","Medium Risk","Rice and Grains","George Town 88 Speedmart","George Town","Penang"
272,"C0272","Ravi a/l Subramaniam","N","Normal Member","2020-09-25",2104,"2025-01-06",540,17,922.75,2.35,920.4,920.4,54.14,1,5,5,"At Risk","Churned","Cooking Essentials","Shah Alam 88 Speedmart","Shah Alam","Selangor"
273,"C0273","Natalie Nanta","N","Normal Member","2021-01-29",1978,"2026-01-28",153,42,1135.48,0,1135.48,1135.48,27.04,2,5,5,"At Risk","Medium Risk","Dairy Products","Ampang 88 Speedmart","Ampang","Selangor"
274,"C0274","Alvin Laja","N","Normal Member","2022-04-24",1528,"2025-11-11",231,23,727.55,0,727.55,727.55,31.63,1,5,5,"At Risk","High Risk","Baby Products","Petaling Jaya 88 Speedmart","Petaling Jaya","Selangor"
275,"C0275","Joanne a/p Chandran","N","Non-Member",,,"2026-05-03",58,20,867.57,2.09,865.48,865.48,43.27,4,5,5,"Champions","Low Risk","Cooking Essentials","Petaling Jaya 88 Speedmart","Petaling Jaya","Selangor"
276,"C0276","Ishaan bin Ahmad","N","Normal Member","2020-09-13",2116,"2024-10-02",636,12,542.19,0,542.19,542.19,45.18,1,4,4,"At Risk","Churned","Rice and Grains","Petaling Jaya 88 Speedmart","Petaling Jaya","Selangor"
277,"C0277","Faris bin Hassan","N","Non-Member",,,"2025-12-31",181,20,563.95,3.82,560.13,560.13,28.01,1,5,4,"At Risk","High Risk","Cooking Essentials","Klang 88 Speedmart","Klang","Selangor"
278,"C0278","Khadijah binti Ismail","N","Non-Member",,,"2025-06-13",382,12,418.59,2.11,416.48,416.48,34.71,1,4,4,"At Risk","Churned","Snacks and Confectionery","Cheras 88 Speedmart","Cheras","Kuala Lumpur"
279,"C0279","Chow Jia En","N","Non-Member",,,"2025-09-22",281,12,396.78,0,396.78,396.78,33.07,1,4,4,"At Risk","High Risk","Canned and Packaged Food","Shah Alam 88 Speedmart","Shah Alam","Selangor"
280,"C0280","Elena Agan","N","Normal Member","2022-01-07",1635,"2024-09-09",659,12,383.4,0,383.4,383.4,31.95,1,4,4,"At Risk","Churned","Rice and Grains","Ampang 88 Speedmart","Ampang","Selangor"
281,"C0281","Nadia binti Daud","N","Non-Member",,,"2026-05-06",55,22,829.85,0,829.85,829.85,37.72,4,5,5,"Champions","Low Risk","Personal Care","Petaling Jaya 88 Speedmart","Petaling Jaya","Selangor"
282,"C0282","Chia Jia En","N","Normal Member","2020-06-29",2192,"2025-12-14",198,12,413.82,0,413.82,413.82,34.49,1,4,4,"At Risk","High Risk","Household Cleaning","Johor Bahru 88 Speedmart","Johor Bahru","Johor"
283,"C0283","Aqilah binti Razak","N","Normal Member","2022-03-31",1552,"2025-11-22",220,13,610.92,0,610.92,610.92,46.99,1,4,5,"At Risk","High Risk","Baby Products","Cheras 88 Speedmart","Cheras","Kuala Lumpur"
284,"C0284","Nabil bin Salleh","N","VIP Member","2021-05-29",1858,"2025-08-02",332,18,737.92,0,737.92,737.92,41,1,5,5,"At Risk","High Risk","Beverages","Cheras 88 Speedmart","Cheras","Kuala Lumpur"
285,"C0285","Chia Jia Wei","N","Normal Member","2022-02-11",1600,"2026-04-27",64,24,1230.38,0,1230.38,1230.38,51.27,3,5,5,"Loyal Customers","Low Risk","Cooking Essentials","George Town 88 Speedmart","George Town","Penang"
286,"C0286","Chan Chui Shan","N","Non-Member",,,"2026-05-23",38,28,975.47,0,975.47,975.47,34.84,4,5,5,"Champions","Low Risk","Household Cleaning","Ampang 88 Speedmart","Ampang","Selangor"
287,"C0287","Imran bin Abdullah","N","Normal Member","2021-06-19",1837,"2025-03-12",475,11,367.53,1.32,366.21,366.21,33.29,1,4,4,"At Risk","Churned","Canned and Packaged Food","Klang 88 Speedmart","Klang","Selangor"
288,"C0288","Goh Zhi Hao","N","Normal Member","2021-08-19",1776,"2026-05-31",30,9,540.9,0,540.9,540.9,60.1,5,3,4,"Potential Loyal","Low Risk","Rice and Grains","Cheras 88 Speedmart","Cheras","Kuala Lumpur"
289,"C0289","Aditi a/p Raman","N","Normal Member","2022-02-18",1593,"2023-10-24",980,10,388.49,0,388.49,388.49,38.85,1,4,4,"At Risk","Churned","Personal Care","Cheras 88 Speedmart","Cheras","Kuala Lumpur"
290,"C0290","Darren a/l Chandran","N","Non-Member",,,"2024-11-07",600,10,315.01,4.41,310.6,310.6,31.06,1,4,3,"At Risk","Churned","Rice and Grains","Petaling Jaya 88 Speedmart","Petaling Jaya","Selangor"
291,"C0291","Sonia a/p Saraswathy","N","Normal Member","2022-01-07",1635,"2026-05-28",33,16,553.16,1.42,551.74,551.74,34.48,4,5,4,"Champions","Low Risk","Rice and Grains","Petaling Jaya 88 Speedmart","Petaling Jaya","Selangor"
292,"C0292","Intan binti Hassan","N","Normal Member","2022-05-01",1521,"2026-06-06",24,37,1266.33,0,1266.33,1266.33,34.23,5,5,5,"Champions","Low Risk","Cooking Essentials","Cheras 88 Speedmart","Cheras","Kuala Lumpur"
293,"C0293","Ho Yi Chen","N","Normal Member","2021-01-01",2006,"2025-05-10",416,14,478.21,0,478.21,478.21,34.16,1,4,4,"At Risk","Churned","Cooking Essentials","Ampang 88 Speedmart","Ampang","Selangor"
294,"C0294","Nabilah binti Yusof","N","Normal Member","2021-02-13",1963,"2025-12-16",196,12,424.92,0,424.92,424.92,35.41,1,4,4,"At Risk","High Risk","Rice and Grains","Cheras 88 Speedmart","Cheras","Kuala Lumpur"
295,"C0295","Muthu a/p Chandran","N","Normal Member","2022-01-26",1616,"2026-04-11",80,20,656.95,0,656.95,656.95,32.85,3,5,5,"Loyal Customers","Low Risk","Canned and Packaged Food","Cheras 88 Speedmart","Cheras","Kuala Lumpur"
296,"C0296","Irfan bin Yusof","N","Normal Member","2022-05-19",1503,"2025-03-29",458,20,982.6,0,982.6,982.6,49.13,1,5,5,"At Risk","Churned","Cooking Essentials","Klang 88 Speedmart","Klang","Selangor"
297,"C0297","Lee Shu Fen","N","Normal Member","2021-09-09",1755,"2026-06-14",16,16,746.39,0,746.39,746.39,46.65,5,5,5,"Champions","Low Risk","Canned and Packaged Food","Cheras 88 Speedmart","Cheras","Kuala Lumpur"
298,"C0298","Ong Chee Keong","N","Normal Member","2021-03-22",1926,"2026-05-02",59,11,509.57,0,509.57,509.57,46.32,4,4,4,"Champions","Low Risk","Canned and Packaged Food","Shah Alam 88 Speedmart","Shah Alam","Selangor"
299,"C0299","Imran bin Kamal","N","Non-Member",,,"2025-12-03",209,20,833.45,2.05,831.4,831.4,41.57,1,5,5,"At Risk","High Risk","Personal Care","Petaling Jaya 88 Speedmart","Petaling Jaya","Selangor"
300,"C0300","Chia Jia En","N","Normal Member","2021-04-20",1897,"2025-05-17",409,18,585.31,0,585.31,585.31,32.52,1,5,5,"At Risk","Churned","Rice and Grains","Shah Alam 88 Speedmart","Shah Alam","Selangor"
301,"C0301","Farhan bin Salleh","N","Normal Member","2021-08-08",1787,"2026-04-28",63,44,1787.35,6.25,1781.1,1781.1,40.48,3,5,5,"Loyal Customers","Low Risk","Cooking Essentials","Ampang 88 Speedmart","Ampang","Selangor"
302,"C0302","Khadijah binti Ibrahim","N","Normal Member","2021-03-28",1920,"2024-08-01",698,25,1160.3,0,1160.3,1160.3,46.41,1,5,5,"At Risk","Churned","Personal Care","Petaling Jaya 88 Speedmart","Petaling Jaya","Selangor"
303,"C0303","Chew Xin Yi","N","Non-Member",,,"2025-12-19",193,12,564.72,0,564.72,564.72,47.06,1,4,4,"At Risk","High Risk","Rice and Grains","Cheras 88 Speedmart","Cheras","Kuala Lumpur"
304,"C0304","Deepa a/p Rajan","N","Normal Member","2020-09-23",2106,"2025-06-23",372,13,293.72,0,293.72,293.72,22.59,1,4,3,"At Risk","Churned","Dairy Products","Petaling Jaya 88 Speedmart","Petaling Jaya","Selangor"
305,"C0305","Lee Wei Lun","N","Non-Member",,,"2025-09-17",286,12,829.91,0,829.91,829.91,69.16,1,4,5,"At Risk","High Risk","Instant Food","Cheras 88 Speedmart","Cheras","Kuala Lumpur"
306,"C0306","Chong Siew Hong","N","VIP Member","2020-11-24",2044,"2025-12-21",191,15,673.54,0,673.54,673.54,44.9,1,4,5,"At Risk","High Risk","Instant Food","Ampang 88 Speedmart","Ampang","Selangor"
307,"C0307","Sabrina binti Ismail","N","Normal Member","2020-12-21",2017,"2024-02-11",870,17,336.45,0,336.45,336.45,19.79,1,5,3,"At Risk","Churned","Cooking Essentials","Klang 88 Speedmart","Klang","Selangor"
308,"C0308","Fatin binti Ibrahim","N","Normal Member","2022-04-17",1535,"2026-04-27",64,11,202.63,0,202.63,202.63,18.42,3,4,3,"Loyal Customers","Low Risk","Rice and Grains","Cheras 88 Speedmart","Cheras","Kuala Lumpur"
309,"C0309","Maisarah binti Omar","N","Non-Member",,,"2025-02-07",508,11,346.94,0,346.94,346.94,31.54,1,4,3,"At Risk","Churned","Canned and Packaged Food","Cheras 88 Speedmart","Cheras","Kuala Lumpur"
310,"C0310","Deepa a/p Rajan","N","VIP Member","2020-11-10",2058,"2025-12-25",187,11,567.76,0,567.76,567.76,51.61,1,4,4,"At Risk","High Risk","Cooking Essentials","Shah Alam 88 Speedmart","Shah Alam","Selangor"
311,"C0311","Hafiz bin Hamid","N","Normal Member","2022-04-04",1548,"2026-06-29",1,35,1652.3,3.46,1648.84,1648.84,47.11,5,5,5,"Champions","Low Risk","Instant Food","Cheras 88 Speedmart","Cheras","Kuala Lumpur"
312,"C0312","Chia Li Xuan","N","Normal Member","2021-04-05",1912,"2025-12-17",195,20,595.51,6.5,589.01,589.01,29.45,1,5,5,"At Risk","High Risk","Rice and Grains","Shah Alam 88 Speedmart","Shah Alam","Selangor"
313,"C0313","Jannah binti Ibrahim","N","Normal Member","2020-09-12",2117,"2021-11-20",1683,4,341.46,0,341.46,341.46,85.37,1,2,3,"Lost","Churned","Cooking Essentials","Shah Alam 88 Speedmart","Shah Alam","Selangor"
314,"C0314","Nasir bin Azman","N","Non-Member",,,"2024-03-22",830,13,572.74,0,572.74,572.74,44.06,1,4,5,"At Risk","Churned","Cooking Essentials","Cheras 88 Speedmart","Cheras","Kuala Lumpur"
315,"C0315","Ho Cheng Wei","N","Normal Member","2021-01-28",1979,"2025-09-11",292,8,191.55,0,191.55,191.55,23.94,1,3,2,"At Risk","High Risk","Cooking Essentials","Shah Alam 88 Speedmart","Shah Alam","Selangor"
316,"C0316","Loh Kai Xin","N","Normal Member","2021-05-19",1868,"2024-07-22",708,29,1313.09,0,1313.09,1313.09,45.28,1,5,5,"At Risk","Churned","Rice and Grains","Cheras 88 Speedmart","Cheras","Kuala Lumpur"
317,"C0317","Ahmad bin Ahmad","N","Normal Member","2021-10-14",1720,"2025-08-09",325,15,1185.79,0,1185.79,1185.79,79.05,1,4,5,"At Risk","High Risk","Rice and Grains","Johor Bahru 88 Speedmart","Johor Bahru","Johor"
318,"C0318","Aiman bin Azman","N","VIP Member","2022-04-10",1542,"2025-08-10",324,26,846.05,6.96,839.09,839.09,32.27,1,5,5,"At Risk","High Risk","Personal Care","Cheras 88 Speedmart","Cheras","Kuala Lumpur"
319,"C0319","Liyana binti Daud","N","Non-Member",,,"2026-03-02",120,16,819.02,0,819.02,819.02,51.19,2,5,5,"At Risk","Medium Risk","Dairy Products","Petaling Jaya 88 Speedmart","Petaling Jaya","Selangor"
320,"C0320","Luqman bin Hassan","N","Normal Member","2022-05-09",1513,"2026-05-22",39,14,568.84,0,568.84,568.84,40.63,4,4,4,"Champions","Low Risk","Baby Products","Shah Alam 88 Speedmart","Shah Alam","Selangor"
321,"C0321","Tan Poh Ling","N","Normal Member","2021-04-27",1890,"2026-02-19",131,15,517.22,1.27,515.95,515.95,34.4,2,4,4,"At Risk","Medium Risk","Beverages","Cheras 88 Speedmart","Cheras","Kuala Lumpur"
322,"C0322","Saraswathy a/p Subramaniam","N","Non-Member",,,"2025-06-02",393,13,513.81,0,513.81,513.81,39.52,1,4,4,"At Risk","Churned","Cooking Essentials","Cheras 88 Speedmart","Cheras","Kuala Lumpur"
323,"C0323","Khalid bin Basri","N","Normal Member","2021-07-10",1816,"2025-07-20",345,31,1069.61,0,1069.61,1069.61,34.5,1,5,5,"At Risk","High Risk","Cooking Essentials","Ampang 88 Speedmart","Ampang","Selangor"
324,"C0324","Liyana binti Ahmad","N","Non-Member",,,"2024-06-20",740,14,574.09,0,574.09,574.09,41.01,1,4,5,"At Risk","Churned","Instant Food","Ampang 88 Speedmart","Ampang","Selangor"
325,"C0325","Teoh Kai Jie","N","Non-Member",,,"2025-12-01",211,15,658.18,0,658.18,658.18,43.88,1,4,5,"At Risk","High Risk","Dairy Products","Shah Alam 88 Speedmart","Shah Alam","Selangor"
326,"C0326","Chong Wei Lun","N","VIP Member","2021-12-22",1651,"2026-06-30",0,11,320.09,0,320.09,320.09,29.1,5,4,3,"Loyal Customers","Low Risk","Stationery and Daily Needs","Cheras 88 Speedmart","Cheras","Kuala Lumpur"
327,"C0327","Ishaan bin Nasir","N","Normal Member","2021-05-09",1878,"2025-12-27",185,13,771.92,13.67,758.25,758.25,58.33,1,4,5,"At Risk","High Risk","Dairy Products","Cheras 88 Speedmart","Cheras","Kuala Lumpur"
328,"C0328","Ananya a/p Suresh","N","Normal Member","2022-05-24",1498,"2025-01-19",527,19,446.7,0,446.7,446.7,23.51,1,5,4,"At Risk","Churned","Rice and Grains","Petaling Jaya 88 Speedmart","Petaling Jaya","Selangor"
329,"C0329","Nurul binti Basri","N","Non-Member",,,"2025-08-25",309,17,575.29,0,575.29,575.29,33.84,1,5,5,"At Risk","High Risk","Beverages","Ampang 88 Speedmart","Ampang","Selangor"
330,"C0330","Yeoh Shi Hao","N","Non-Member",,,"2026-02-11",139,27,1002.95,0,1002.95,1002.95,37.15,2,5,5,"At Risk","Medium Risk","Beverages","Cheras 88 Speedmart","Cheras","Kuala Lumpur"
331,"C0331","Yeoh Jia Wei","N","Normal Member","2021-02-11",1965,"2024-10-25",613,15,442.25,10.56,431.69,431.69,28.78,1,4,4,"At Risk","Churned","Dairy Products","Ampang 88 Speedmart","Ampang","Selangor"
332,"C0332","Aisyah binti Razak","N","Non-Member",,,"2025-06-06",389,18,559.41,2.85,556.56,556.56,30.92,1,5,4,"At Risk","Churned","Canned and Packaged Food","Ampang 88 Speedmart","Ampang","Selangor"
333,"C0333","Nadia binti Hamid","N","Normal Member","2022-03-06",1577,"2025-01-05",541,11,394.12,0,394.12,394.12,35.83,1,4,4,"At Risk","Churned","Cooking Essentials","Cheras 88 Speedmart","Cheras","Kuala Lumpur"
334,"C0334","Rahul a/l Murugan","N","Non-Member",,,"2026-04-12",79,11,333.03,0,333.03,333.03,30.28,3,4,3,"Loyal Customers","Low Risk","Beverages","Shah Alam 88 Speedmart","Shah Alam","Selangor"
335,"C0335","Nadia binti Omar","N","Normal Member","2022-01-31",1611,"2025-12-18",194,13,518.82,0,518.82,518.82,39.91,1,4,4,"At Risk","High Risk","Baby Products","Ampang 88 Speedmart","Ampang","Selangor"
336,"C0336","Farhan bin Ahmad","N","Normal Member","2020-09-14",2115,"2026-02-17",133,11,374.75,0,374.75,374.75,34.07,2,4,4,"At Risk","Medium Risk","Rice and Grains","Shah Alam 88 Speedmart","Shah Alam","Selangor"
337,"C0337","Chin Chun Wai","N","VIP Member","2021-01-31",1976,"2026-02-03",147,7,322.01,0,322.01,322.01,46,2,3,3,"At Risk","Medium Risk","Cooking Essentials","Ipoh 88 Speedmart","Ipoh","Perak"
338,"C0338","Felix a/l Balakrishnan","N","Normal Member","2020-10-21",2078,"2025-12-18",194,18,448.66,0,448.66,448.66,24.93,1,5,4,"At Risk","High Risk","Rice and Grains","Petaling Jaya 88 Speedmart","Petaling Jaya","Selangor"
339,"C0339","Khalid bin Yusof","N","Normal Member","2022-01-13",1629,"2025-04-20",436,12,487.14,0,487.14,487.14,40.6,1,4,4,"At Risk","Churned","Personal Care","Seremban 88 Speedmart","Seremban","Negeri Sembilan"
340,"C0340","Sanjay a/l Raman","N","Normal Member","2021-11-22",1681,"2025-12-05",207,13,467.18,0,467.18,467.18,35.94,1,4,4,"At Risk","High Risk","Instant Food","Ampang 88 Speedmart","Ampang","Selangor"
341,"C0341","Koh Li Xuan","N","Normal Member","2021-07-20",1806,"2023-05-02",1155,11,397.2,0,397.2,397.2,36.11,1,4,4,"At Risk","Churned","Canned and Packaged Food","Ampang 88 Speedmart","Ampang","Selangor"
342,"C0342","Arif bin Omar","N","Non-Member",,,"2024-06-08",752,10,332.53,0,332.53,332.53,33.25,1,4,3,"At Risk","Churned","Personal Care","Ampang 88 Speedmart","Ampang","Selangor"
343,"C0343","Nabilah binti Ishak","N","Non-Member",,,"2026-03-21",101,27,759.76,0,759.76,759.76,28.14,2,5,5,"At Risk","Medium Risk","Cooking Essentials","Petaling Jaya 88 Speedmart","Petaling Jaya","Selangor"
344,"C0344","Loh Hui Min","N","Normal Member","2020-09-22",2107,"2026-01-08",173,13,530.01,0,530.01,530.01,40.77,2,4,4,"At Risk","Medium Risk","Dairy Products","Cheras 88 Speedmart","Cheras","Kuala Lumpur"
345,"C0345","Syahirah binti Hassan","N","Normal Member","2022-03-28",1555,"2026-06-20",10,12,288.95,0,288.95,288.95,24.08,5,4,3,"Loyal Customers","Low Risk","Household Cleaning","Ampang 88 Speedmart","Ampang","Selangor"
346,"C0346","Raymond Mawan","N","Normal Member","2021-04-09",1908,"2025-12-29",183,10,360.11,0,360.11,360.11,36.01,1,4,4,"At Risk","High Risk","Canned and Packaged Food","Ampang 88 Speedmart","Ampang","Selangor"
347,"C0347","Chong Hui Min","N","Normal Member","2022-05-18",1504,"2024-06-29",731,13,868.84,0,868.84,868.84,66.83,1,4,5,"At Risk","Churned","Baby Products","Shah Alam 88 Speedmart","Shah Alam","Selangor"
348,"C0348","Chan Ching Yee","N","Non-Member",,,"2025-01-01",545,13,389.05,9.05,380,380,29.23,1,4,4,"At Risk","Churned","Canned and Packaged Food","Shah Alam 88 Speedmart","Shah Alam","Selangor"
349,"C0349","Ananya a/p Murugan","N","Non-Member",,,"2026-04-28",63,20,818.58,0,818.58,818.58,40.93,3,5,5,"Loyal Customers","Low Risk","Instant Food","Shah Alam 88 Speedmart","Shah Alam","Selangor"
350,"C0350","Vikram a/l Vijayan","N","Normal Member","2020-11-05",2063,"2026-04-02",89,12,535.61,0,535.61,535.61,44.63,3,4,4,"Loyal Customers","Low Risk","Cooking Essentials","Seremban 88 Speedmart","Seremban","Negeri Sembilan"
351,"C0351","Aqilah binti Azman","N","Normal Member","2022-02-22",1589,"2026-06-08",22,41,1183.78,0,1183.78,1183.78,28.87,5,5,5,"Champions","Low Risk","Cooking Essentials","Cheras 88 Speedmart","Cheras","Kuala Lumpur"
352,"C0352","Nasir bin Kamal","N","Normal Member","2020-07-07",2184,"2024-07-05",725,7,225.82,0,225.82,225.82,32.26,1,3,3,"At Risk","Churned","Snacks and Confectionery","Ipoh 88 Speedmart","Ipoh","Perak"
353,"C0353","Loh Shu Fen","N","Normal Member","2022-04-17",1535,"2025-12-03",209,9,295.95,0,295.95,295.95,32.88,1,3,3,"At Risk","High Risk","Rice and Grains","Ampang 88 Speedmart","Ampang","Selangor"
354,"C0354","Yeoh Xin Yi","N","Non-Member",,,"2026-01-16",165,22,960.43,0,960.43,960.43,43.66,2,5,5,"At Risk","Medium Risk","Dairy Products","Klang 88 Speedmart","Klang","Selangor"
355,"C0355","Darren a/l Tharmalingam","N","VIP Member","2021-07-24",1802,"2025-02-21",494,10,369.41,0,369.41,369.41,36.94,1,4,4,"At Risk","Churned","Baby Products","Ampang 88 Speedmart","Ampang","Selangor"
356,"C0356","Chia Boon Hui","N","Non-Member",,,"2025-12-06",206,14,697.81,1.42,696.39,696.39,49.74,1,4,5,"At Risk","High Risk","Baby Products","Klang 88 Speedmart","Klang","Selangor"
357,"C0357","Ho Kar Yee","N","Non-Member",,,"2024-11-10",597,29,761.86,0,761.86,761.86,26.27,1,5,5,"At Risk","Churned","Instant Food","Petaling Jaya 88 Speedmart","Petaling Jaya","Selangor"
358,"C0358","Ho Siew Hong","N","Normal Member","2021-04-17",1900,"2026-01-11",170,16,427.91,2.26,425.65,425.65,26.6,2,5,4,"At Risk","Medium Risk","Cooking Essentials","Klang 88 Speedmart","Klang","Selangor"
359,"C0359","Felix Jalong","N","VIP Member","2020-11-13",2055,"2026-02-19",131,15,607.25,25.34,581.91,581.91,38.79,2,4,5,"At Risk","Medium Risk","Baby Products","Ampang 88 Speedmart","Ampang","Selangor"
360,"C0360","Hakim bin Jamal","N","Normal Member","2020-12-10",2028,"2024-04-09",812,25,761.78,0,761.78,761.78,30.47,1,5,5,"At Risk","Churned","Rice and Grains","Petaling Jaya 88 Speedmart","Petaling Jaya","Selangor"
361,"C0361","Zara binti Nasir","N","Non-Member",,,"2023-06-06",1120,11,418.29,0,418.29,418.29,38.03,1,4,4,"At Risk","Churned","Frozen Food","Shah Alam 88 Speedmart","Shah Alam","Selangor"
362,"C0362","Wong Seng Huat","N","Normal Member","2021-02-03",1973,"2026-06-23",7,13,402.12,0,402.12,402.12,30.93,5,4,4,"Champions","Low Risk","Canned and Packaged Food","Cheras 88 Speedmart","Cheras","Kuala Lumpur"
363,"C0363","Ahmad bin Azman","N","Normal Member","2021-10-09",1725,"2025-08-20",314,12,333.37,0,333.37,333.37,27.78,1,4,3,"At Risk","High Risk","Cooking Essentials","Cheras 88 Speedmart","Cheras","Kuala Lumpur"
364,"C0364","Koh Boon Hui","N","Non-Member",,,"2026-05-09",52,12,497.37,0,497.37,497.37,41.45,4,4,4,"Champions","Low Risk","Dairy Products","Shah Alam 88 Speedmart","Shah Alam","Selangor"
365,"C0365","Liyana binti Hassan","N","Non-Member",,,"2026-03-23",99,8,537.49,0,537.49,537.49,67.19,2,3,4,"At Risk","Medium Risk","Baby Products","Petaling Jaya 88 Speedmart","Petaling Jaya","Selangor"
366,"C0366","Victor a/l Gopal","N","Normal Member","2020-11-21",2047,"2025-12-11",201,13,413.24,0,413.24,413.24,31.79,1,4,4,"At Risk","High Risk","Rice and Grains","Ipoh 88 Speedmart","Ipoh","Perak"
367,"C0367","Khalid bin Ishak","N","Normal Member","2022-05-21",1501,"2026-01-05",176,28,1223.89,5.45,1218.44,1218.44,43.52,2,5,5,"At Risk","Medium Risk","Rice and Grains","Cheras 88 Speedmart","Cheras","Kuala Lumpur"
368,"C0368","Teoh Wan Ting","N","Normal Member","2021-06-03",1853,"2025-12-11",201,13,515.04,1.04,514,514,39.54,1,4,4,"At Risk","High Risk","Household Cleaning","Petaling Jaya 88 Speedmart","Petaling Jaya","Selangor"
369,"C0369","Siti binti Zainal","N","Non-Member",,,"2025-05-20",406,11,266.82,0,266.82,266.82,24.26,1,4,3,"At Risk","Churned","Instant Food","Johor Bahru 88 Speedmart","Johor Bahru","Johor"
370,"C0370","Nurul binti Jamal","N","VIP Member","2021-11-10",1693,"2026-03-09",113,16,332.47,0,332.47,332.47,20.78,2,5,3,"At Risk","Medium Risk","Household Cleaning","Ampang 88 Speedmart","Ampang","Selangor"
371,"C0371","Naveen a/l Anand","N","Non-Member",,,"2024-11-20",587,15,733.19,0,733.19,733.19,48.88,1,4,5,"At Risk","Churned","Rice and Grains","Ipoh 88 Speedmart","Ipoh","Perak"
372,"C0372","Chia Wan Ting","N","Normal Member","2021-04-24",1893,"2025-11-15",227,15,624.12,0,624.12,624.12,41.61,1,4,5,"At Risk","High Risk","Frozen Food","Shah Alam 88 Speedmart","Shah Alam","Selangor"
373,"C0373","Adilah binti Azman","N","VIP Member","2021-08-16",1779,"2025-03-14",473,11,297.42,0,297.42,297.42,27.04,1,4,3,"At Risk","Churned","Frozen Food","George Town 88 Speedmart","George Town","Penang"
374,"C0374","Wong Chun Wai","N","Normal Member","2021-07-15",1811,"2025-12-19",193,14,464.73,0,464.73,464.73,33.2,1,4,4,"At Risk","High Risk","Canned and Packaged Food","Ampang 88 Speedmart","Ampang","Selangor"
375,"C0375","Victor a/l Rao","N","Normal Member","2020-08-30",2130,"2025-10-20",253,18,500.25,0,500.25,500.25,27.79,1,5,4,"At Risk","High Risk","Canned and Packaged Food","Cheras 88 Speedmart","Cheras","Kuala Lumpur"
376,"C0376","Syafiq bin Omar","N","VIP Member","2021-03-26",1922,"2026-05-19",42,16,583.68,0,583.68,583.68,36.48,4,5,5,"Champions","Low Risk","Personal Care","Cheras 88 Speedmart","Cheras","Kuala Lumpur"
377,"C0377","Hakim bin Salleh","N","Non-Member",,,"2025-12-01",211,13,500.43,2.75,497.68,497.68,38.28,1,4,4,"At Risk","High Risk","Baby Products","Shah Alam 88 Speedmart","Shah Alam","Selangor"
378,"C0378","Khalid bin Hamid","N","VIP Member","2021-05-02",1885,"2025-11-18",224,26,1019.64,2.72,1016.92,1016.92,39.11,1,5,5,"At Risk","High Risk","Cooking Essentials","Klang 88 Speedmart","Klang","Selangor"
379,"C0379","Chong Mei Ling","N","Normal Member","2021-05-15",1872,"2025-06-05",390,12,574.88,0,574.88,574.88,47.91,1,4,5,"At Risk","Churned","Rice and Grains","Petaling Jaya 88 Speedmart","Petaling Jaya","Selangor"
380,"C0380","Alvin Laja","N","VIP Member","2021-04-14",1903,"2024-06-07",753,7,180.29,0,180.29,180.29,25.76,1,3,2,"At Risk","Churned","Frozen Food","Johor Bahru 88 Speedmart","Johor Bahru","Johor"
381,"C0381","Teoh Chee Keong","N","Normal Member","2022-02-23",1588,"2024-05-17",774,24,896.37,0,896.37,896.37,37.35,1,5,5,"At Risk","Churned","Canned and Packaged Food","Ampang 88 Speedmart","Ampang","Selangor"
382,"C0382","Grace a/p Chandran","N","Normal Member","2020-09-01",2128,"2025-05-07",419,16,544.79,0,544.79,544.79,34.05,1,5,4,"At Risk","Churned","Canned and Packaged Food","Shah Alam 88 Speedmart","Shah Alam","Selangor"
383,"C0383","Rafiq bin Daud","N","Normal Member","2021-03-19",1929,"2025-02-24",491,14,451.38,0,451.38,451.38,32.24,1,4,4,"At Risk","Churned","Dairy Products","Petaling Jaya 88 Speedmart","Petaling Jaya","Selangor"
384,"C0384","Nasir bin Kamal","N","Normal Member","2020-11-16",2052,"2026-02-19",131,18,534.28,0,534.28,534.28,29.68,2,5,4,"At Risk","Medium Risk","Cooking Essentials","Petaling Jaya 88 Speedmart","Petaling Jaya","Selangor"
385,"C0385","Fatin binti Fauzi","N","Normal Member","2022-07-07",1454,"2025-06-26",369,17,635.54,0,635.54,635.54,37.38,1,5,5,"At Risk","Churned","Beverages","Kota Kinabalu 88 Speedmart","Kota Kinabalu","Sabah"
386,"C0386","Chia Yi Chen","N","VIP Member","2020-12-18",2020,"2025-08-02",332,12,599.42,0,599.42,599.42,49.95,1,4,5,"At Risk","High Risk","Cooking Essentials","Petaling Jaya 88 Speedmart","Petaling Jaya","Selangor"
387,"C0387","Raymond a/l Rajan","N","Normal Member","2021-12-25",1648,"2026-05-22",39,32,1322.79,0,1322.79,1322.79,41.34,4,5,5,"Champions","Low Risk","Beverages","Shah Alam 88 Speedmart","Shah Alam","Selangor"
388,"C0388","Khadijah binti Ahmad","N","Normal Member","2022-01-12",1630,"2024-11-15",592,12,375.99,0,375.99,375.99,31.33,1,4,4,"At Risk","Churned","Rice and Grains","Shah Alam 88 Speedmart","Shah Alam","Selangor"
389,"C0389","Luqman bin Abdullah","N","Non-Member",,,"2024-12-21",556,25,1145.35,0,1145.35,1145.35,45.81,1,5,5,"At Risk","Churned","Rice and Grains","Cheras 88 Speedmart","Cheras","Kuala Lumpur"
390,"C0390","Nadia binti Ishak","N","Normal Member","2020-08-20",2140,"2026-02-03",147,9,421.35,0,421.35,421.35,46.82,2,3,4,"At Risk","Medium Risk","Canned and Packaged Food","Melaka 88 Speedmart","Melaka","Melaka"
391,"C0391","Nurul binti Ibrahim","N","Normal Member","2021-02-02",1974,"2025-02-11",504,16,724.1,0,724.1,724.1,45.26,1,5,5,"At Risk","Churned","Rice and Grains","Cheras 88 Speedmart","Cheras","Kuala Lumpur"
392,"C0392","Akmal bin Zainal","N","VIP Member","2022-01-19",1623,"2025-12-12",200,11,513.34,2.04,511.3,511.3,46.48,1,4,4,"At Risk","High Risk","Cooking Essentials","Shah Alam 88 Speedmart","Shah Alam","Selangor"
393,"C0393","Harish a/l Singh","N","Normal Member","2021-10-18",1716,"2026-06-02",28,14,312.39,0,312.39,312.39,22.31,5,4,3,"Loyal Customers","Low Risk","Cooking Essentials","Ampang 88 Speedmart","Ampang","Selangor"
394,"C0394","Lee Pei Shan","N","VIP Member","2021-12-29",1644,"2026-02-08",142,8,462.74,0,462.74,462.74,57.84,2,3,4,"At Risk","Medium Risk","Dairy Products","Seremban 88 Speedmart","Seremban","Negeri Sembilan"
395,"C0395","Aqilah binti Hassan","N","Non-Member",,,"2024-09-26",642,11,491.06,0,491.06,491.06,44.64,1,4,4,"At Risk","Churned","Canned and Packaged Food","Klang 88 Speedmart","Klang","Selangor"
396,"C0396","Fatin binti Daud","N","Normal Member","2020-10-28",2071,"2026-02-01",149,10,308.55,0,308.55,308.55,30.86,2,4,3,"At Risk","Medium Risk","Dairy Products","George Town 88 Speedmart","George Town","Penang"
397,"C0397","Nasir bin Zainal","N","Normal Member","2021-03-25",1923,"2026-04-18",73,37,1378.49,2.87,1375.62,1375.62,37.18,3,5,5,"Loyal Customers","Low Risk","Dairy Products","Ampang 88 Speedmart","Ampang","Selangor"
398,"C0398","Joanne a/p Saraswathy","N","VIP Member","2021-01-24",1983,"2025-04-30",426,24,952.63,4.27,948.36,948.36,39.52,1,5,5,"At Risk","Churned","Instant Food","Petaling Jaya 88 Speedmart","Petaling Jaya","Selangor"
399,"C0399","Amir bin Nasir","N","Non-Member",,,"2025-06-04",391,13,219.96,0,219.96,219.96,16.92,1,4,3,"At Risk","Churned","Beverages","Melaka 88 Speedmart","Melaka","Melaka"
400,"C0400","Fong Kar Yee","N","VIP Member","2022-05-23",1499,"2023-04-16",1171,19,587.5,0,587.5,587.5,30.92,1,5,5,"At Risk","Churned","Cooking Essentials","Ampang 88 Speedmart","Ampang","Selangor"
401,"C0401","Ho Yi Chen","N","Normal Member","2022-04-25",1527,"2023-04-11",1176,7,368.14,13.93,354.21,354.21,50.6,1,3,4,"At Risk","Churned","Rice and Grains","Shah Alam 88 Speedmart","Shah Alam","Selangor"
402,"C0402","Nurul binti Ishak","N","Non-Member",,,"2026-06-11",19,15,840.94,0,840.94,840.94,56.06,5,4,5,"Champions","Low Risk","Frozen Food","Cheras 88 Speedmart","Cheras","Kuala Lumpur"
403,"C0403","Chong Mei Qi","N","Normal Member","2020-09-27",2102,"2024-04-07",814,8,398.03,0,398.03,398.03,49.75,1,3,4,"At Risk","Churned","Rice and Grains","Shah Alam 88 Speedmart","Shah Alam","Selangor"
404,"C0404","Arif bin Yusof","N","Non-Member",,,"2025-09-18",285,14,414.29,0,414.29,414.29,29.59,1,4,4,"At Risk","High Risk","Dairy Products","Petaling Jaya 88 Speedmart","Petaling Jaya","Selangor"
405,"C0405","Natalie Nanta","N","Normal Member","2021-08-03",1792,"2025-11-15",227,15,769.38,6.6,762.78,762.78,50.85,1,4,5,"At Risk","High Risk","Cooking Essentials","Petaling Jaya 88 Speedmart","Petaling Jaya","Selangor"
406,"C0406","Kevin Kedit","N","Normal Member","2020-12-08",2030,"2025-09-19",284,12,340.31,0,340.31,340.31,28.36,1,4,3,"At Risk","High Risk","Cooking Essentials","Ampang 88 Speedmart","Ampang","Selangor"
407,"C0407","Ng Ching Yee","N","Normal Member","2022-03-30",1553,"2024-01-14",898,27,760.85,0,760.85,760.85,28.18,1,5,5,"At Risk","Churned","Rice and Grains","Petaling Jaya 88 Speedmart","Petaling Jaya","Selangor"
408,"C0408","Aqilah binti Basri","N","Normal Member","2022-03-23",1560,"2025-12-20",192,7,430.1,4.86,425.24,425.24,60.75,1,3,4,"At Risk","High Risk","Canned and Packaged Food","Ampang 88 Speedmart","Ampang","Selangor"
409,"C0409","Fong Seng Huat","N","Non-Member",,,"2026-06-06",24,15,395.56,3.54,392.02,392.02,26.13,5,4,4,"Champions","Low Risk","Snacks and Confectionery","Shah Alam 88 Speedmart","Shah Alam","Selangor"
410,"C0410","Liyana binti Daud","N","VIP Member","2021-04-15",1902,"2025-12-17",195,8,175.78,0,175.78,175.78,21.97,1,3,2,"At Risk","High Risk","Frozen Food","Shah Alam 88 Speedmart","Shah Alam","Selangor"
411,"C0411","Chow Wei Lun","N","Normal Member","2022-05-09",1513,"2026-06-04",26,31,963.63,1.78,961.85,961.85,31.03,5,5,5,"Champions","Low Risk","Frozen Food","Ampang 88 Speedmart","Ampang","Selangor"
412,"C0412","Ishaan bin Kamal","N","VIP Member","2020-12-13",2025,"2026-02-04",146,22,700.69,0,700.69,700.69,31.85,2,5,5,"At Risk","Medium Risk","Canned and Packaged Food","Cheras 88 Speedmart","Cheras","Kuala Lumpur"
413,"C0413","Maisarah binti Basri","N","Non-Member",,,"2026-05-17",44,28,792.86,0,792.86,792.86,28.32,4,5,5,"Champions","Low Risk","Beverages","Cheras 88 Speedmart","Cheras","Kuala Lumpur"
414,"C0414","Hana binti Mahmud","N","Normal Member","2020-10-05",2094,"2025-10-26",247,11,365.92,0,365.92,365.92,33.27,1,4,4,"At Risk","High Risk","Dairy Products","Cheras 88 Speedmart","Cheras","Kuala Lumpur"
415,"C0415","Hana binti Jamal","N","Non-Member",,,"2025-12-22",190,21,576.63,6.3,570.33,570.33,27.16,1,5,5,"At Risk","High Risk","Frozen Food","Shah Alam 88 Speedmart","Shah Alam","Selangor"
416,"C0416","Danish bin Kamal","N","Non-Member",,,"2026-02-17",133,33,1711.26,0,1711.26,1711.26,51.86,2,5,5,"At Risk","Medium Risk","Frozen Food","Ampang 88 Speedmart","Ampang","Selangor"
417,"C0417","Zahir bin Fauzi","N","Non-Member",,,"2026-01-06",175,11,283.31,0,283.31,283.31,25.76,2,4,3,"At Risk","Medium Risk","Instant Food","Johor Bahru 88 Speedmart","Johor Bahru","Johor"
418,"C0418","Chan Li Xuan","N","Normal Member","2020-10-04",2095,"2025-12-24",188,34,1482.45,14.3,1468.15,1468.15,43.18,1,5,5,"At Risk","High Risk","Snacks and Confectionery","Petaling Jaya 88 Speedmart","Petaling Jaya","Selangor"
419,"C0419","Jannah binti Yusof","N","VIP Member","2021-10-23",1711,"2025-12-24",188,24,852.07,0,852.07,852.07,35.5,1,5,5,"At Risk","High Risk","Canned and Packaged Food","Shah Alam 88 Speedmart","Shah Alam","Selangor"
420,"C0420","Farah binti Fauzi","N","Non-Member",,,"2026-02-14",136,30,970.88,2.14,968.74,968.74,32.29,2,5,5,"At Risk","Medium Risk","Personal Care","Ampang 88 Speedmart","Ampang","Selangor"
421,"C0421","Akmal bin Salleh","N","Normal Member","2022-04-28",1524,"2026-05-01",60,21,1044.7,0,1044.7,1044.7,49.75,4,5,5,"Champions","Low Risk","Rice and Grains","Ampang 88 Speedmart","Ampang","Selangor"
422,"C0422","Maisarah binti Hamid","N","Non-Member",,,"2024-02-09",872,10,703.5,0,703.5,703.5,70.35,1,4,5,"At Risk","Churned","Premium Items","Cheras 88 Speedmart","Cheras","Kuala Lumpur"
423,"C0423","Arif bin Hamid","N","Normal Member","2021-11-25",1678,"2026-03-31",91,13,554,0,554,554,42.62,2,4,4,"At Risk","Medium Risk","Rice and Grains","Petaling Jaya 88 Speedmart","Petaling Jaya","Selangor"
424,"C0424","Lim Shi Hao","N","Normal Member","2022-02-08",1603,"2025-03-28",459,19,702.48,11.01,691.47,691.47,36.39,1,5,5,"At Risk","Churned","Rice and Grains","Shah Alam 88 Speedmart","Shah Alam","Selangor"
425,"C0425","Danish bin Ismail","N","Normal Member","2022-08-24",1406,"2025-09-19",284,36,1157.67,0,1157.67,1157.67,32.16,1,5,5,"At Risk","High Risk","Cooking Essentials","Petaling Jaya 88 Speedmart","Petaling Jaya","Selangor"
426,"C0426","Sabrina binti Ibrahim","N","Normal Member","2022-04-28",1524,"2025-10-27",246,23,484.38,0,484.38,484.38,21.06,1,5,4,"At Risk","High Risk","Dairy Products","Ampang 88 Speedmart","Ampang","Selangor"
427,"C0427","Aiman bin Salleh","N","Non-Member",,,"2025-09-08",295,10,369.35,0,369.35,369.35,36.94,1,4,4,"At Risk","High Risk","Frozen Food","Ampang 88 Speedmart","Ampang","Selangor"
428,"C0428","Naveen a/l Subramaniam","N","Normal Member","2022-04-28",1524,"2025-09-13",290,11,467.09,0,467.09,467.09,42.46,1,4,4,"At Risk","High Risk","Canned and Packaged Food","Cheras 88 Speedmart","Cheras","Kuala Lumpur"
429,"C0429","Felix a/l Balakrishnan","N","Normal Member","2022-06-29",1462,"2025-08-01",333,13,276.31,0,276.31,276.31,21.25,1,4,3,"At Risk","High Risk","Dairy Products","Petaling Jaya 88 Speedmart","Petaling Jaya","Selangor"
430,"C0430","Chia Jun Hao","N","Non-Member",,,"2024-07-25",705,13,583.86,1.41,582.45,582.45,44.8,1,4,5,"At Risk","Churned","Canned and Packaged Food","Ampang 88 Speedmart","Ampang","Selangor"
431,"C0431","Faris bin Mahmud","N","VIP Member","2020-11-18",2050,"2025-12-10",202,29,1360.72,0,1360.72,1360.72,46.92,1,5,5,"At Risk","High Risk","Stationery and Daily Needs","Ampang 88 Speedmart","Ampang","Selangor"
432,"C0432","Danish bin Yusof","N","Normal Member","2022-05-29",1493,"2025-10-09",264,15,623.19,0,623.19,623.19,41.55,1,5,5,"At Risk","High Risk","Personal Care","Cheras 88 Speedmart","Cheras","Kuala Lumpur"
433,"C0433","Deepa a/p Suresh","N","Normal Member","2020-09-22",2107,"2026-02-04",146,18,634.73,0,634.73,634.73,35.26,2,5,5,"At Risk","Medium Risk","Canned and Packaged Food","Seremban 88 Speedmart","Seremban","Negeri Sembilan"
434,"C0434","Muthu a/p Rajan","N","Non-Member",,,"2024-12-05",572,29,915.54,0,915.54,915.54,31.57,1,5,5,"At Risk","Churned","Cooking Essentials","Ampang 88 Speedmart","Ampang","Selangor"
435,"C0435","Teoh Jia En","N","Normal Member","2021-08-22",1773,"2025-12-22",190,27,686,15.83,670.17,670.17,24.82,1,5,5,"At Risk","High Risk","Cooking Essentials","Ampang 88 Speedmart","Ampang","Selangor"
436,"C0436","Nadia binti Ismail","N","Non-Member",,,"2025-08-11",323,9,300.33,0,300.33,300.33,33.37,1,3,3,"At Risk","High Risk","Frozen Food","Ipoh 88 Speedmart","Ipoh","Perak"
437,"C0437","Ishaan bin Ishak","N","VIP Member","2020-11-20",2048,"2026-05-17",44,18,504.9,0,504.9,504.9,28.05,4,5,4,"Champions","Low Risk","Cooking Essentials","Cheras 88 Speedmart","Cheras","Kuala Lumpur"
438,"C0438","Nabil bin Omar","N","Non-Member",,,"2025-12-05",207,11,441.03,0,441.03,441.03,40.09,1,4,4,"At Risk","High Risk","Cooking Essentials","Cheras 88 Speedmart","Cheras","Kuala Lumpur"
439,"C0439","Adrian a/l Raman","N","VIP Member","2020-11-15",2053,"2025-12-11",201,17,548.57,0,548.57,548.57,32.27,1,5,4,"At Risk","High Risk","Snacks and Confectionery","Cheras 88 Speedmart","Cheras","Kuala Lumpur"
440,"C0440","Nasir bin Zainal","N","VIP Member","2022-04-25",1527,"2024-11-30",577,30,881.22,0,881.22,881.22,29.37,1,5,5,"At Risk","Churned","Dairy Products","Petaling Jaya 88 Speedmart","Petaling Jaya","Selangor"
441,"C0441","Imran bin Kamal","N","Normal Member","2021-08-18",1777,"2025-10-03",270,10,328.77,0,328.77,328.77,32.88,1,4,3,"At Risk","High Risk","Stationery and Daily Needs","Johor Bahru 88 Speedmart","Johor Bahru","Johor"
442,"C0442","Arif bin Hassan","N","Normal Member","2021-05-04",1883,"2026-02-22",128,19,983.4,0,983.4,983.4,51.76,2,5,5,"At Risk","Medium Risk","Dairy Products","Cheras 88 Speedmart","Cheras","Kuala Lumpur"
443,"C0443","Ivan a/l Maniam","N","Non-Member",,,"2025-12-11",201,10,355.19,0,355.19,355.19,35.52,1,4,4,"At Risk","High Risk","Snacks and Confectionery","Petaling Jaya 88 Speedmart","Petaling Jaya","Selangor"
444,"C0444","Maisarah binti Nasir","N","Normal Member","2022-06-27",1464,"2025-06-09",386,31,907.12,0,907.12,907.12,29.26,1,5,5,"At Risk","Churned","Beverages","Petaling Jaya 88 Speedmart","Petaling Jaya","Selangor"
445,"C0445","Deepa a/p Krishnan","N","Normal Member","2021-09-13",1751,"2026-03-14",108,11,423.95,0,423.95,423.95,38.54,2,4,4,"At Risk","Medium Risk","Dairy Products","Cheras 88 Speedmart","Cheras","Kuala Lumpur"
446,"C0446","Tan Siew Chin","N","Normal Member","2020-11-22",2046,"2026-05-08",53,12,637.08,0,637.08,637.08,53.09,4,4,5,"Champions","Low Risk","Rice and Grains","Shah Alam 88 Speedmart","Shah Alam","Selangor"
447,"C0447","Kevin a/l Raman","N","Non-Member",,,"2025-04-03",453,32,1309.22,5.38,1303.84,1303.84,40.75,1,5,5,"At Risk","Churned","Dairy Products","Ampang 88 Speedmart","Ampang","Selangor"
448,"C0448","Hakim bin Ahmad","N","Normal Member","2021-04-17",1900,"2025-11-13",229,23,944.31,0,944.31,944.31,41.06,1,5,5,"At Risk","High Risk","Rice and Grains","Cheras 88 Speedmart","Cheras","Kuala Lumpur"
449,"C0449","Rafiq bin Nasir","N","Normal Member","2022-08-29",1401,"2025-10-24",249,28,1053.05,6.48,1046.57,1046.57,37.38,1,5,5,"At Risk","High Risk","Household Cleaning","Ampang 88 Speedmart","Ampang","Selangor"
450,"C0450","Alvin Laja","N","VIP Member","2021-10-15",1719,"2024-06-11",749,7,296.38,0,296.38,296.38,42.34,1,3,3,"At Risk","Churned","Frozen Food","Ampang 88 Speedmart","Ampang","Selangor"
451,"C0451","Chan Siew Hong","N","Normal Member","2021-09-23",1741,"2026-03-19",103,9,325.93,0,325.93,325.93,36.21,2,3,3,"At Risk","Medium Risk","Rice and Grains","Petaling Jaya 88 Speedmart","Petaling Jaya","Selangor"
452,"C0452","Fong Ai Ling","N","Normal Member","2021-02-07",1969,"2025-06-05",390,13,587.37,2.47,584.9,584.9,44.99,1,4,5,"At Risk","Churned","Rice and Grains","Ampang 88 Speedmart","Ampang","Selangor"
453,"C0453","Low Ching Yee","N","Normal Member","2022-03-14",1569,"2025-09-08",295,14,575.15,0,575.15,575.15,41.08,1,4,5,"At Risk","High Risk","Cooking Essentials","George Town 88 Speedmart","George Town","Penang"
454,"C0454","Chow Siew Hong","N","Normal Member","2021-08-15",1780,"2025-08-10",324,16,553.5,0,553.5,553.5,34.59,1,5,4,"At Risk","High Risk","Rice and Grains","Petaling Jaya 88 Speedmart","Petaling Jaya","Selangor"
455,"C0455","Raymond a/l Kumar","N","VIP Member","2021-12-27",1646,"2026-02-04",146,39,1353.44,0,1353.44,1353.44,34.7,2,5,5,"At Risk","Medium Risk","Rice and Grains","Cheras 88 Speedmart","Cheras","Kuala Lumpur"
456,"C0456","Teoh Mei Qi","N","Normal Member","2022-08-04",1426,"2025-10-05",268,7,236.35,0,236.35,236.35,33.76,1,3,3,"At Risk","High Risk","Rice and Grains","Cheras 88 Speedmart","Cheras","Kuala Lumpur"
457,"C0457","Khalid bin Basri","N","VIP Member","2022-03-06",1577,"2024-11-21",586,6,190.39,0,190.39,190.39,31.73,1,3,2,"At Risk","Churned","Imported Goods","Petaling Jaya 88 Speedmart","Petaling Jaya","Selangor"
458,"C0458","Alvin Laja","N","VIP Member","2021-02-02",1974,"2024-10-09",629,10,207.02,0,207.02,207.02,20.7,1,4,3,"At Risk","Churned","Personal Care","Petaling Jaya 88 Speedmart","Petaling Jaya","Selangor"
459,"C0459","Chan Chun Wai","N","Normal Member","2022-05-08",1514,"2026-03-02",120,15,539.48,0,539.48,539.48,35.97,2,5,4,"At Risk","Medium Risk","Cooking Essentials","Ampang 88 Speedmart","Ampang","Selangor"
460,"C0460","Chow Jia En","N","Non-Member",,,"2026-04-24",67,18,476.44,0,476.44,476.44,26.47,3,5,4,"Loyal Customers","Low Risk","Rice and Grains","Ampang 88 Speedmart","Ampang","Selangor"
461,"C0461","Luqman bin Mahmud","N","Normal Member","2021-02-27",1949,"2026-05-05",56,39,1569.93,1.96,1567.97,1567.97,40.2,4,5,5,"Champions","Low Risk","Rice and Grains","Cheras 88 Speedmart","Cheras","Kuala Lumpur"
462,"C0462","Amir bin Zainal","N","Non-Member",,,"2024-12-09",568,34,1323.06,53.58,1269.48,1269.48,37.34,1,5,5,"At Risk","Churned","Rice and Grains","Ampang 88 Speedmart","Ampang","Selangor"
463,"C0463","Maisarah binti Ishak","N","Normal Member","2020-10-26",2073,"2026-06-02",28,14,437.66,3.73,433.93,433.93,31,5,4,4,"Champions","Low Risk","Rice and Grains","Cheras 88 Speedmart","Cheras","Kuala Lumpur"
464,"C0464","Khalid bin Nasir","N","Normal Member","2020-12-26",2012,"2025-01-05",541,9,331.3,3.29,328.01,328.01,36.45,1,3,3,"At Risk","Churned","Dairy Products","Petaling Jaya 88 Speedmart","Petaling Jaya","Selangor"
465,"C0465","Felix Jalong","N","Non-Member",,,"2026-06-28",2,12,263.61,4.74,258.87,258.87,21.57,5,4,3,"Loyal Customers","Low Risk","Beverages","Shah Alam 88 Speedmart","Shah Alam","Selangor"
466,"C0466","Faris bin Basri","N","Non-Member",,,"2025-07-17",348,12,375.47,0,375.47,375.47,31.29,1,4,4,"At Risk","High Risk","Canned and Packaged Food","Cheras 88 Speedmart","Cheras","Kuala Lumpur"
467,"C0467","Ong Chun Wai","N","Normal Member","2021-02-14",1962,"2026-03-30",92,8,382.71,0,382.71,382.71,47.84,2,3,4,"At Risk","Medium Risk","Cooking Essentials","Petaling Jaya 88 Speedmart","Petaling Jaya","Selangor"
468,"C0468","Fong Pei Shan","N","Non-Member",,,"2026-02-04",146,29,760.07,0,760.07,760.07,26.21,2,5,5,"At Risk","Medium Risk","Cooking Essentials","Shah Alam 88 Speedmart","Shah Alam","Selangor"
469,"C0469","Nurul binti Fauzi","N","Non-Member",,,"2026-05-19",42,9,468.83,2.12,466.71,466.71,51.86,4,3,4,"Potential Loyal","Low Risk","Rice and Grains","Seremban 88 Speedmart","Seremban","Negeri Sembilan"
470,"C0470","Alvin a/l Murugan","N","VIP Member","2021-11-02",1701,"2026-02-23",127,7,183.17,0,183.17,183.17,26.17,2,3,2,"At Risk","Medium Risk","Rice and Grains","Cheras 88 Speedmart","Cheras","Kuala Lumpur"
471,"C0471","Chin Zhi Hao","N","Normal Member","2021-02-08",1968,"2024-11-22",585,9,236.6,0,236.6,236.6,26.29,1,3,3,"At Risk","Churned","Beverages","Petaling Jaya 88 Speedmart","Petaling Jaya","Selangor"
472,"C0472","Arif bin Hamid","N","Normal Member","2020-11-16",2052,"2025-03-21",466,25,1486.57,0,1486.57,1486.57,59.46,1,5,5,"At Risk","Churned","Cooking Essentials","Ampang 88 Speedmart","Ampang","Selangor"
473,"C0473","Wong Kin Hoong","N","Non-Member",,,"2024-12-02",575,27,1026.38,0,1026.38,1026.38,38.01,1,5,5,"At Risk","Churned","Cooking Essentials","Cheras 88 Speedmart","Cheras","Kuala Lumpur"
474,"C0474","Adilah binti Mahmud","N","Normal Member","2020-12-13",2025,"2026-02-04",146,37,1263.74,0,1263.74,1263.74,34.16,2,5,5,"At Risk","Medium Risk","Rice and Grains","Ampang 88 Speedmart","Ampang","Selangor"
475,"C0475","Nurul binti Mahmud","N","VIP Member","2021-03-15",1933,"2024-07-16",714,11,699.76,0,699.76,699.76,63.61,1,4,5,"At Risk","Churned","Frozen Food","Ampang 88 Speedmart","Ampang","Selangor"
476,"C0476","Nadia binti Ismail","N","Normal Member","2022-01-23",1619,"2025-12-03",209,12,374.01,0,374.01,374.01,31.17,1,4,4,"At Risk","High Risk","Beverages","Klang 88 Speedmart","Klang","Selangor"
477,"C0477","Rafiq bin Ibrahim","N","VIP Member","2021-01-30",1977,"2026-05-08",53,15,471.51,10.19,461.32,461.32,30.75,4,5,4,"Champions","Low Risk","Canned and Packaged Food","Ipoh 88 Speedmart","Ipoh","Perak"
478,"C0478","Maisarah binti Basri","N","Non-Member",,,"2025-12-15",197,20,748.37,0,748.37,748.37,37.42,1,5,5,"At Risk","High Risk","Cooking Essentials","George Town 88 Speedmart","George Town","Penang"
479,"C0479","Nadia binti Yusof","N","Non-Member",,,"2026-06-05",25,8,218.37,10.16,208.21,208.21,26.03,5,3,3,"Potential Loyal","Low Risk","Instant Food","Petaling Jaya 88 Speedmart","Petaling Jaya","Selangor"
480,"C0480","Koh Zhi Qing","N","Normal Member","2021-02-23",1953,"2024-12-12",565,6,207.89,0,207.89,207.89,34.65,1,3,3,"At Risk","Churned","Rice and Grains","Ipoh 88 Speedmart","Ipoh","Perak"
481,"C0481","Muthu a/p Murugan","N","VIP Member","2021-07-27",1799,"2026-02-14",136,32,1309.81,0,1309.81,1309.81,40.93,2,5,5,"At Risk","Medium Risk","Canned and Packaged Food","Klang 88 Speedmart","Klang","Selangor"
482,"C0482","Raymond Mawan","N","Normal Member","2022-04-17",1535,"2026-06-21",9,11,654.88,0,654.88,654.88,59.53,5,4,5,"Champions","Low Risk","Rice and Grains","Ipoh 88 Speedmart","Ipoh","Perak"
483,"C0483","Adilah binti Ishak","N","Normal Member","2020-12-01",2037,"2026-01-07",174,9,381.56,0,381.56,381.56,42.4,2,3,4,"At Risk","Medium Risk","Cooking Essentials","Cheras 88 Speedmart","Cheras","Kuala Lumpur"
484,"C0484","Arif bin Basri","N","Normal Member","2022-03-24",1559,"2025-11-29",213,12,688.13,0,688.13,688.13,57.34,1,4,5,"At Risk","High Risk","Baby Products","Ampang 88 Speedmart","Ampang","Selangor"
485,"C0485","Nurul binti Omar","N","Normal Member","2022-06-25",1466,"2024-12-01",576,9,445.19,0,445.19,445.19,49.47,1,3,4,"At Risk","Churned","Stationery and Daily Needs","Petaling Jaya 88 Speedmart","Petaling Jaya","Selangor"
486,"C0486","Imran bin Omar","N","Normal Member","2021-11-27",1676,"2026-04-14",77,26,922.18,0,922.18,922.18,35.47,3,5,5,"Loyal Customers","Low Risk","Dairy Products","Shah Alam 88 Speedmart","Shah Alam","Selangor"
487,"C0487","Wong Jia Wei","N","VIP Member","2021-06-14",1842,"2025-04-17",439,13,506.02,0,506.02,506.02,38.92,1,4,4,"At Risk","Churned","Rice and Grains","Klang 88 Speedmart","Klang","Selangor"
488,"C0488","Chan Kai Jie","N","Non-Member",,,"2025-04-27",429,15,623.43,0,623.43,623.43,41.56,1,5,5,"At Risk","Churned","Beverages","Klang 88 Speedmart","Klang","Selangor"
489,"C0489","Raymond a/l Anand","N","Non-Member",,,"2026-01-30",151,15,459.02,21.66,437.36,437.36,29.16,2,5,4,"At Risk","Medium Risk","Snacks and Confectionery","Klang 88 Speedmart","Klang","Selangor"
490,"C0490","Khadijah binti Ahmad","N","VIP Member","2021-04-03",1914,"2025-11-13",229,14,532.56,0,532.56,532.56,38.04,1,4,4,"At Risk","High Risk","Rice and Grains","Shah Alam 88 Speedmart","Shah Alam","Selangor"
491,"C0491","Mardhiah binti Basri","N","Non-Member",,,"2026-06-23",7,12,393.78,0,393.78,393.78,32.82,5,4,4,"Champions","Low Risk","Cooking Essentials","Ampang 88 Speedmart","Ampang","Selangor"
492,"C0492","Maisarah binti Salleh","N","Normal Member","2021-02-05",1971,"2025-08-28",306,6,382.32,0,382.32,382.32,63.72,1,3,4,"At Risk","High Risk","Dairy Products","Johor Bahru 88 Speedmart","Johor Bahru","Johor"
493,"C0493","Kavitha a/p Anand","N","Normal Member","2021-04-20",1897,"2026-04-04",87,12,580.72,0,580.72,580.72,48.39,3,4,5,"Loyal Customers","Low Risk","Rice and Grains","Cheras 88 Speedmart","Cheras","Kuala Lumpur"
494,"C0494","Teoh Kai Xin","N","Non-Member",,,"2022-11-15",1323,8,504.06,0,504.06,504.06,63.01,1,3,4,"At Risk","Churned","Personal Care","George Town 88 Speedmart","George Town","Penang"
495,"C0495","Wong Cheng Wei","N","Non-Member",,,"2025-12-06",206,15,639.56,0,639.56,639.56,42.64,1,5,5,"At Risk","High Risk","Instant Food","Johor Bahru 88 Speedmart","Johor Bahru","Johor"
496,"C0496","Yeoh Ching Yee","N","Normal Member","2022-09-29",1370,"2025-12-13",199,13,962.71,0,962.71,962.71,74.05,1,4,5,"At Risk","High Risk","Rice and Grains","Cheras 88 Speedmart","Cheras","Kuala Lumpur"
497,"C0497","Khalid bin Daud","N","VIP Member","2022-07-08",1453,"2025-12-22",190,7,210.5,0,210.5,210.5,30.07,1,3,3,"At Risk","High Risk","Personal Care","Ipoh 88 Speedmart","Ipoh","Perak"
498,"C0498","Aarav a/l Saminathan","N","Normal Member","2022-07-16",1445,"2024-06-22",738,9,322.69,0,322.69,322.69,35.85,1,3,3,"At Risk","Churned","Dairy Products","George Town 88 Speedmart","George Town","Penang"
499,"C0499","Liyana binti Ismail","N","VIP Member","2022-01-01",1641,"2026-01-04",177,12,373.9,0,373.9,373.9,31.16,2,4,4,"At Risk","Medium Risk","Canned and Packaged Food","Ampang 88 Speedmart","Ampang","Selangor"
500,"C0500","Teoh Wan Ting","N","Non-Member",,,"2026-02-02",148,10,464.15,0,464.15,464.15,46.42,2,4,4,"At Risk","Medium Risk","Rice and Grains","Shah Alam 88 Speedmart","Shah Alam","Selangor"
501,"C0501","Lee Zhi Hao","N","Normal Member","2021-12-08",1665,"2024-12-21",556,18,903.47,2.58,900.89,900.89,50.05,1,5,5,"At Risk","Churned","Baby Products","Cheras 88 Speedmart","Cheras","Kuala Lumpur"
502,"C0502","Low Seng Huat","N","Normal Member","2022-06-10",1481,"2025-09-03",300,13,359.27,0,359.27,359.27,27.64,1,4,4,"At Risk","High Risk","Dairy Products","Cheras 88 Speedmart","Cheras","Kuala Lumpur"
503,"C0503","Aisyah binti Daud","N","Non-Member",,,"2024-10-18",620,30,877.93,0,877.93,877.93,29.26,1,5,5,"At Risk","Churned","Rice and Grains","Ampang 88 Speedmart","Ampang","Selangor"
504,"C0504","Low Ching Yee","N","Non-Member",,,"2025-02-09",506,11,615.67,0,615.67,615.67,55.97,1,4,5,"At Risk","Churned","Frozen Food","Melaka 88 Speedmart","Melaka","Melaka"
505,"C0505","Chia Zhi Qing","N","Non-Member",,,"2024-10-25",613,23,738.68,0,738.68,738.68,32.12,1,5,5,"At Risk","Churned","Rice and Grains","Ampang 88 Speedmart","Ampang","Selangor"
506,"C0506","Faris bin Zainal","N","Non-Member",,,"2025-03-03",484,29,934.81,6.24,928.57,928.57,32.02,1,5,5,"At Risk","Churned","Frozen Food","Petaling Jaya 88 Speedmart","Petaling Jaya","Selangor"
507,"C0507","Nurul binti Abdullah","N","Normal Member","2022-03-31",1552,"2024-10-25",613,8,208.51,0,208.51,208.51,26.06,1,3,3,"At Risk","Churned","Canned and Packaged Food","George Town 88 Speedmart","George Town","Penang"
508,"C0508","Luqman bin Mahmud","N","Normal Member","2021-04-04",1913,"2024-07-24",706,11,397.35,0,397.35,397.35,36.12,1,4,4,"At Risk","Churned","Alcoholic Beverages","Petaling Jaya 88 Speedmart","Petaling Jaya","Selangor"
509,"C0509","Amir bin Zainal","N","Normal Member","2022-06-25",1466,"2026-06-23",7,13,826.37,0,826.37,826.37,63.57,5,4,5,"Champions","Low Risk","Baby Products","Petaling Jaya 88 Speedmart","Petaling Jaya","Selangor"
510,"C0510","Ivan Giman","N","Normal Member","2020-11-22",2046,"2026-04-06",85,22,641.54,0,641.54,641.54,29.16,3,5,5,"Loyal Customers","Low Risk","Rice and Grains","Johor Bahru 88 Speedmart","Johor Bahru","Johor"
511,"C0511","Khadijah binti Fauzi","N","Normal Member","2021-12-01",1672,"2026-03-03",119,22,841.39,5.22,836.17,836.17,38.01,2,5,5,"At Risk","Medium Risk","Rice and Grains","Petaling Jaya 88 Speedmart","Petaling Jaya","Selangor"
512,"C0512","Saraswathy a/p Saraswathy","N","Non-Member",,,"2025-04-08",448,9,533.87,1.57,532.3,532.3,59.14,1,3,4,"At Risk","Churned","Baby Products","Ampang 88 Speedmart","Ampang","Selangor"
513,"C0513","Loh Shu Fen","N","Non-Member",,,"2026-02-23",127,9,221.28,0,221.28,221.28,24.59,2,3,3,"At Risk","Medium Risk","Rice and Grains","Shah Alam 88 Speedmart","Shah Alam","Selangor"
514,"C0514","Intan binti Ismail","N","Normal Member","2022-02-21",1590,"2025-12-08",204,24,961.48,0,961.48,961.48,40.06,1,5,5,"At Risk","High Risk","Snacks and Confectionery","Cheras 88 Speedmart","Cheras","Kuala Lumpur"
515,"C0515","Goh Wan Ting","N","VIP Member","2021-02-28",1948,"2025-12-01",211,11,240.14,0,240.14,240.14,21.83,1,4,3,"At Risk","High Risk","Personal Care","Ipoh 88 Speedmart","Ipoh","Perak"
516,"C0516","Ishaan bin Ahmad","N","Normal Member","2021-01-06",2001,"2025-12-26",186,13,591.84,0,591.84,591.84,45.53,1,4,5,"At Risk","High Risk","Instant Food","Shah Alam 88 Speedmart","Shah Alam","Selangor"
517,"C0517","Fatin binti Ismail","N","Normal Member","2022-04-08",1544,"2025-11-11",231,10,278.23,0,278.23,278.23,27.82,1,4,3,"At Risk","High Risk","Personal Care","Kuching 88 Speedmart","Kuching","Sarawak"
518,"C0518","Devi a/p Subramaniam","N","Non-Member",,,"2026-04-11",80,12,439.9,3.74,436.16,436.16,36.35,3,4,4,"Loyal Customers","Low Risk","Canned and Packaged Food","Shah Alam 88 Speedmart","Shah Alam","Selangor"
519,"C0519","Raymond Mawan","N","Normal Member","2021-03-12",1936,"2026-03-20",102,14,878.3,2.55,875.75,875.75,62.55,2,4,5,"At Risk","Medium Risk","Personal Care","Ampang 88 Speedmart","Ampang","Selangor"
520,"C0520","Danish bin Yusof","N","Normal Member","2022-02-20",1591,"2026-03-12",110,17,659.97,5.64,654.33,654.33,38.49,2,5,5,"At Risk","Medium Risk","Snacks and Confectionery","Cheras 88 Speedmart","Cheras","Kuala Lumpur"
521,"C0521","Farah binti Abdullah","N","Non-Member",,,"2026-06-28",2,17,809.14,0,809.14,809.14,47.6,5,5,5,"Champions","Low Risk","Rice and Grains","Kota Kinabalu 88 Speedmart","Kota Kinabalu","Sabah"
522,"C0522","Hafiz bin Razak","N","Non-Member",,,"2025-11-30",212,8,370.64,0,370.64,370.64,46.33,1,3,4,"At Risk","High Risk","Rice and Grains","Kota Kinabalu 88 Speedmart","Kota Kinabalu","Sabah"
523,"C0523","Zara binti Yusof","N","Non-Member",,,"2025-11-20",222,7,164.56,0,164.56,164.56,23.51,1,3,2,"At Risk","High Risk","Rice and Grains","Shah Alam 88 Speedmart","Shah Alam","Selangor"
524,"C0524","Wong Pei Shan","N","Non-Member",,,"2025-05-08",418,13,603.42,0,603.42,603.42,46.42,1,4,5,"At Risk","Churned","Baby Products","Ampang 88 Speedmart","Ampang","Selangor"
525,"C0525","Zahir bin Omar","N","Normal Member","2021-09-09",1755,"2025-07-04",361,16,622.25,0,622.25,622.25,38.89,1,5,5,"At Risk","High Risk","Frozen Food","Petaling Jaya 88 Speedmart","Petaling Jaya","Selangor"
526,"C0526","Nurul binti Fauzi","N","Non-Member",,,"2026-02-24",126,24,825.65,0,825.65,825.65,34.4,2,5,5,"At Risk","Medium Risk","Canned and Packaged Food","Petaling Jaya 88 Speedmart","Petaling Jaya","Selangor"
527,"C0527","Lakshmi a/p Anand","N","Normal Member","2021-11-02",1701,"2026-02-06",144,9,307.34,0,307.34,307.34,34.15,2,3,3,"At Risk","Medium Risk","Frozen Food","George Town 88 Speedmart","George Town","Penang"
528,"C0528","Nabil bin Ahmad","N","Non-Member",,,"2024-12-10",567,5,153.97,0,153.97,153.97,30.79,1,2,2,"Hibernating","Churned","Rice and Grains","Shah Alam 88 Speedmart","Shah Alam","Selangor"
529,"C0529","Dev a/l Nair","N","VIP Member","2022-09-02",1397,"2026-05-24",37,10,298.15,0,298.15,298.15,29.82,4,4,3,"Loyal Customers","Low Risk","Cooking Essentials","Petaling Jaya 88 Speedmart","Petaling Jaya","Selangor"
530,"C0530","Liyana binti Ismail","N","VIP Member","2022-10-25",1344,"2025-11-20",222,10,224.11,1.68,222.43,222.43,22.24,1,4,3,"At Risk","High Risk","Rice and Grains","Ampang 88 Speedmart","Ampang","Selangor"
531,"C0531","Darren a/l Balakrishnan","N","Normal Member","2022-09-12",1387,"2026-01-22",159,15,674.82,0,674.82,674.82,44.99,2,5,5,"At Risk","Medium Risk","Cooking Essentials","Shah Alam 88 Speedmart","Shah Alam","Selangor"
532,"C0532","Natalie Nanta","N","Non-Member",,,"2026-06-23",7,13,646.57,0,646.57,646.57,49.74,5,4,5,"Champions","Low Risk","Rice and Grains","Ampang 88 Speedmart","Ampang","Selangor"
533,"C0533","Wong Chui Shan","N","Non-Member",,,"2025-10-23",250,8,158.95,0,158.95,158.95,19.87,1,3,2,"At Risk","High Risk","Cooking Essentials","Seremban 88 Speedmart","Seremban","Negeri Sembilan"
534,"C0534","Farah binti Mahmud","N","Normal Member","2021-10-26",1708,"2023-11-09",964,6,121.72,0,121.72,121.72,20.29,1,3,2,"At Risk","Churned","Instant Food","Kuching 88 Speedmart","Kuching","Sarawak"
535,"C0535","Faris bin Razak","N","Normal Member","2022-01-28",1614,"2025-06-30",365,25,895.13,2.06,893.07,893.07,35.72,1,5,5,"At Risk","High Risk","Rice and Grains","Shah Alam 88 Speedmart","Shah Alam","Selangor"
536,"C0536","Intan binti Razak","N","Normal Member","2021-03-05",1943,"2026-06-30",0,14,520.75,10.02,510.73,510.73,36.48,5,4,4,"Champions","Low Risk","Baby Products","Ampang 88 Speedmart","Ampang","Selangor"
537,"C0537","Victor a/l Anand","N","Non-Member",,,"2025-12-13",199,15,592.76,3.15,589.61,589.61,39.31,1,5,5,"At Risk","High Risk","Dairy Products","Johor Bahru 88 Speedmart","Johor Bahru","Johor"
538,"C0538","Maisarah binti Zainal","N","Normal Member","2021-08-25",1770,"2026-06-05",25,18,668.73,0,668.73,668.73,37.15,5,5,5,"Champions","Low Risk","Cooking Essentials","Ipoh 88 Speedmart","Ipoh","Perak"
539,"C0539","Aqilah binti Ishak","N","Normal Member","2022-11-02",1336,"2025-06-08",387,10,335.68,4.25,331.43,331.43,33.14,1,4,3,"At Risk","Churned","Beverages","Shah Alam 88 Speedmart","Shah Alam","Selangor"
540,"C0540","Hafiz bin Fauzi","N","VIP Member","2022-05-09",1513,"2022-06-19",1472,6,268.7,0,268.7,268.7,44.78,1,3,3,"At Risk","Churned","Rice and Grains","Petaling Jaya 88 Speedmart","Petaling Jaya","Selangor"
541,"C0541","Chew Siew Chin","N","Normal Member","2022-06-11",1480,"2026-06-25",5,9,241.31,0,241.31,241.31,26.81,5,3,3,"Potential Loyal","Low Risk","Household Cleaning","Ampang 88 Speedmart","Ampang","Selangor"
542,"C0542","Hana binti Daud","N","VIP Member","2021-07-28",1798,"2026-03-10",112,15,746.8,0,746.8,746.8,49.79,2,5,5,"At Risk","Medium Risk","Canned and Packaged Food","Shah Alam 88 Speedmart","Shah Alam","Selangor"
543,"C0543","Chan Ching Yee","N","Normal Member","2021-04-25",1892,"2023-06-10",1116,9,315.42,0,315.42,315.42,35.05,1,3,3,"At Risk","Churned","Beverages","Petaling Jaya 88 Speedmart","Petaling Jaya","Selangor"
544,"C0544","Farhan bin Azman","N","Normal Member","2021-05-19",1868,"2024-12-19",558,9,256.39,0,256.39,256.39,28.49,1,3,3,"At Risk","Churned","Rice and Grains","Klang 88 Speedmart","Klang","Selangor"
545,"C0545","Fatin binti Zainal","N","Normal Member","2021-06-29",1827,"2025-12-21",191,17,543.05,0,543.05,543.05,31.94,1,5,4,"At Risk","High Risk","Frozen Food","Johor Bahru 88 Speedmart","Johor Bahru","Johor"
546,"C0546","Syahirah binti Abdullah","N","Normal Member","2022-08-30",1400,"2023-02-12",1234,26,965.85,1.07,964.78,964.78,37.11,1,5,5,"At Risk","Churned","Frozen Food","Klang 88 Speedmart","Klang","Selangor"
547,"C0547","Tan Zhi Hao","N","Normal Member","2022-04-07",1545,"2026-01-14",167,15,619.41,0,619.41,619.41,41.29,2,5,5,"At Risk","Medium Risk","Baby Products","Ampang 88 Speedmart","Ampang","Selangor"
548,"C0548","Rahul a/l Vijayan","N","Non-Member",,,"2025-05-07",419,8,353.5,0,353.5,353.5,44.19,1,3,4,"At Risk","Churned","Rice and Grains","Seremban 88 Speedmart","Seremban","Negeri Sembilan"
549,"C0549","Intan binti Basri","N","Non-Member",,,"2023-07-09",1087,10,302.51,0,302.51,302.51,30.25,1,4,3,"At Risk","Churned","Alcoholic Beverages","Petaling Jaya 88 Speedmart","Petaling Jaya","Selangor"
550,"C0550","Danish bin Ishak","N","Normal Member","2022-07-24",1437,"2026-01-22",159,14,401.38,13.34,388.04,388.04,27.72,2,4,4,"At Risk","Medium Risk","Beverages","Cheras 88 Speedmart","Cheras","Kuala Lumpur"
551,"C0551","Farah binti Ahmad","N","Normal Member","2021-08-12",1783,"2026-03-20",102,26,1143.04,0,1143.04,1143.04,43.96,2,5,5,"At Risk","Medium Risk","Rice and Grains","Shah Alam 88 Speedmart","Shah Alam","Selangor"
552,"C0552","Khadijah binti Basri","N","Normal Member","2022-08-15",1415,"2026-06-20",10,34,1191.6,1.59,1190.01,1190.01,35,5,5,5,"Champions","Low Risk","Frozen Food","Shah Alam 88 Speedmart","Shah Alam","Selangor"
553,"C0553","Wong Chui Shan","N","VIP Member","2022-07-02",1459,"2026-06-29",1,8,439.86,0,439.86,439.86,54.98,5,3,4,"Potential Loyal","Low Risk","Cooking Essentials","Melaka 88 Speedmart","Melaka","Melaka"
554,"C0554","Danish bin Ishak","N","Normal Member","2021-03-02",1946,"2026-02-13",137,17,742.37,0,742.37,742.37,43.67,2,5,5,"At Risk","Medium Risk","Rice and Grains","Petaling Jaya 88 Speedmart","Petaling Jaya","Selangor"
555,"C0555","Hana binti Azman","N","Normal Member","2021-09-08",1756,"2026-02-22",128,13,450.9,0,450.9,450.9,34.68,2,4,4,"At Risk","Medium Risk","Baby Products","Ampang 88 Speedmart","Ampang","Selangor"
556,"C0556","Sabrina binti Ishak","N","Normal Member","2021-09-08",1756,"2026-03-04",118,7,248.75,0,248.75,248.75,35.54,2,3,3,"At Risk","Medium Risk","Canned and Packaged Food","Petaling Jaya 88 Speedmart","Petaling Jaya","Selangor"
557,"C0557","Devi a/p Raman","N","Non-Member",,,"2026-03-21",101,10,400.23,0,400.23,400.23,40.02,2,4,4,"At Risk","Medium Risk","Rice and Grains","Melaka 88 Speedmart","Melaka","Melaka"
558,"C0558","Hakim bin Abdullah","N","Normal Member","2020-12-16",2022,"2026-06-20",10,13,553.9,0,553.9,553.9,42.61,5,4,4,"Champions","Low Risk","Rice and Grains","Petaling Jaya 88 Speedmart","Petaling Jaya","Selangor"
559,"C0559","Adilah binti Ismail","N","Normal Member","2021-10-18",1716,"2024-11-30",577,22,839.75,4.94,834.81,834.81,37.95,1,5,5,"At Risk","Churned","Dairy Products","Petaling Jaya 88 Speedmart","Petaling Jaya","Selangor"
560,"C0560","Farhan bin Yusof","N","Normal Member","2021-12-25",1648,"2025-04-02",454,20,638.49,0,638.49,638.49,31.92,1,5,5,"At Risk","Churned","Cooking Essentials","Cheras 88 Speedmart","Cheras","Kuala Lumpur"
561,"C0561","Amir bin Kamal","N","Non-Member",,,"2025-07-08",357,10,505.3,0,505.3,505.3,50.53,1,4,4,"At Risk","High Risk","Cooking Essentials","Ipoh 88 Speedmart","Ipoh","Perak"
562,"C0562","Goh Poh Ling","N","Normal Member","2020-12-10",2028,"2025-05-11",415,9,226.96,0,226.96,226.96,25.22,1,3,3,"At Risk","Churned","Beverages","Ampang 88 Speedmart","Ampang","Selangor"
563,"C0563","Amir bin Abdullah","N","Non-Member",,,"2026-03-19",103,15,376.74,0,376.74,376.74,25.12,2,5,4,"At Risk","Medium Risk","Beverages","Klang 88 Speedmart","Klang","Selangor"
564,"C0564","Natalie Nanta","N","Normal Member","2022-02-12",1599,"2024-07-26",704,8,344.6,0,344.6,344.6,43.08,1,3,3,"At Risk","Churned","Frozen Food","Ampang 88 Speedmart","Ampang","Selangor"
565,"C0565","Shalini a/p Raman","N","VIP Member","2020-12-16",2022,"2026-06-13",17,14,892.89,0,892.89,892.89,63.78,5,4,5,"Champions","Low Risk","Baby Products","Johor Bahru 88 Speedmart","Johor Bahru","Johor"
566,"C0566","Siti binti Ibrahim","N","Normal Member","2021-04-19",1898,"2025-10-21",252,12,642.16,0,642.16,642.16,53.51,1,4,5,"At Risk","High Risk","Personal Care","Melaka 88 Speedmart","Melaka","Melaka"
567,"C0567","Ong Jia Wei","N","Normal Member","2022-07-05",1456,"2024-09-10",658,22,676.65,0,676.65,676.65,30.76,1,5,5,"At Risk","Churned","Rice and Grains","Cheras 88 Speedmart","Cheras","Kuala Lumpur"
568,"C0568","Darren a/l Balakrishnan","N","Normal Member","2022-01-06",1636,"2026-01-03",178,4,79.22,0,79.22,79.22,19.81,2,2,1,"Hibernating","Medium Risk","Alcoholic Beverages","Ampang 88 Speedmart","Ampang","Selangor"
569,"C0569","Ong Zhi Qing","N","Normal Member","2021-04-28",1889,"2026-03-04",118,14,585.53,0,585.53,585.53,41.82,2,4,5,"At Risk","Medium Risk","Instant Food","Ipoh 88 Speedmart","Ipoh","Perak"
570,"C0570","Amir bin Jamal","N","Normal Member","2021-07-08",1818,"2023-10-09",995,7,239.49,0,239.49,239.49,34.21,1,3,3,"At Risk","Churned","Stationery and Daily Needs","Petaling Jaya 88 Speedmart","Petaling Jaya","Selangor"
571,"C0571","Goh Zhi Hao","N","Non-Member",,,"2026-01-25",156,15,429.94,1.82,428.12,428.12,28.54,2,5,4,"At Risk","Medium Risk","Cooking Essentials","Klang 88 Speedmart","Klang","Selangor"
572,"C0572","Saraswathy a/p Gopal","N","Normal Member","2022-07-23",1438,"2025-11-17",225,15,511.55,0,511.55,511.55,34.1,1,5,4,"At Risk","High Risk","Household Cleaning","Seremban 88 Speedmart","Seremban","Negeri Sembilan"
573,"C0573","Amir bin Salleh","N","VIP Member","2022-02-27",1584,"2025-12-27",185,16,435.09,0,435.09,435.09,27.19,1,5,4,"At Risk","High Risk","Baby Products","Ipoh 88 Speedmart","Ipoh","Perak"
574,"C0574","Ong Jia En","N","Non-Member",,,"2025-10-12",261,29,1177.15,5.5,1171.65,1171.65,40.4,1,5,5,"At Risk","High Risk","Rice and Grains","Petaling Jaya 88 Speedmart","Petaling Jaya","Selangor"
575,"C0575","Devi a/p Suresh","N","Non-Member",,,"2025-05-29",397,8,272.78,0,272.78,272.78,34.1,1,3,3,"At Risk","Churned","Baby Products","Melaka 88 Speedmart","Melaka","Melaka"
576,"C0576","Kevin Kedit","N","Normal Member","2022-11-14",1324,"2025-12-25",187,12,365.7,5.86,359.84,359.84,29.99,1,4,4,"At Risk","High Risk","Instant Food","Petaling Jaya 88 Speedmart","Petaling Jaya","Selangor"
577,"C0577","Imran bin Ishak","N","Non-Member",,,"2025-12-03",209,16,621.68,0,621.68,621.68,38.86,1,5,5,"At Risk","High Risk","Cooking Essentials","Melaka 88 Speedmart","Melaka","Melaka"
578,"C0578","Aisyah binti Yusof","N","VIP Member","2022-01-28",1614,"2025-02-04",511,5,108.78,0,108.78,108.78,21.76,1,2,2,"Hibernating","Churned","Rice and Grains","Ampang 88 Speedmart","Ampang","Selangor"
579,"C0579","Koh Boon Hui","N","Normal Member","2022-01-14",1628,"2024-10-02",636,33,953.34,0,953.34,953.34,28.89,1,5,5,"At Risk","Churned","Beverages","George Town 88 Speedmart","George Town","Penang"
580,"C0580","Harish a/l Tharmalingam","N","Normal Member","2021-04-23",1894,"2024-01-27",885,11,356.71,0,356.71,356.71,32.43,1,4,4,"At Risk","Churned","Rice and Grains","Shah Alam 88 Speedmart","Shah Alam","Selangor"
581,"C0581","Chan Wai Keong","N","Normal Member","2020-12-28",2010,"2025-08-21",313,9,348.96,40.95,308.01,308.01,34.22,1,3,3,"At Risk","High Risk","Dairy Products","Seremban 88 Speedmart","Seremban","Negeri Sembilan"
582,"C0582","Hakim bin Zainal","N","Non-Member",,,"2026-02-18",132,16,742.94,0,742.94,742.94,46.43,2,5,5,"At Risk","Medium Risk","Cooking Essentials","Shah Alam 88 Speedmart","Shah Alam","Selangor"
583,"C0583","Muthu a/p Gopal","N","Non-Member",,,"2026-01-21",160,9,347.3,0,347.3,347.3,38.59,2,3,3,"At Risk","Medium Risk","Canned and Packaged Food","Johor Bahru 88 Speedmart","Johor Bahru","Johor"
584,"C0584","Lee Jia Wei","N","Normal Member","2022-12-04",1304,"2026-05-20",41,9,388.04,0,388.04,388.04,43.12,4,3,4,"Potential Loyal","Low Risk","Beverages","Klang 88 Speedmart","Klang","Selangor"
585,"C0585","Naveen a/l Krishnan","N","Non-Member",,,"2024-06-03",757,6,205.12,0,205.12,205.12,34.19,1,3,3,"At Risk","Churned","Alcoholic Beverages","Melaka 88 Speedmart","Melaka","Melaka"
586,"C0586","Nabil bin Salleh","N","Normal Member","2021-02-12",1964,"2026-04-25",66,14,451.39,0,451.39,451.39,32.24,3,4,4,"Loyal Customers","Low Risk","Canned and Packaged Food","Klang 88 Speedmart","Klang","Selangor"
587,"C0587","Hana binti Omar","N","VIP Member","2022-03-16",1567,"2025-12-23",189,23,728,9,719,719,31.26,1,5,5,"At Risk","High Risk","Rice and Grains","Shah Alam 88 Speedmart","Shah Alam","Selangor"
588,"C0588","Chia Zi Xuan","N","Normal Member","2022-02-25",1586,"2024-08-05",694,16,683.76,0,683.76,683.76,42.74,1,5,5,"At Risk","Churned","Stationery and Daily Needs","Klang 88 Speedmart","Klang","Selangor"
589,"C0589","Fatin binti Azman","N","Normal Member","2022-08-26",1404,"2026-06-04",26,13,558.38,0,558.38,558.38,42.95,5,4,4,"Champions","Low Risk","Household Cleaning","George Town 88 Speedmart","George Town","Penang"
590,"C0590","Imran bin Yusof","N","Normal Member","2022-12-10",1298,"2026-06-03",27,14,593.64,8.05,585.59,585.59,41.83,5,4,5,"Champions","Low Risk","Baby Products","Shah Alam 88 Speedmart","Shah Alam","Selangor"
591,"C0591","Goh Jia Wei","N","Non-Member",,,"2025-11-29",213,13,503.5,2.99,500.51,500.51,38.5,1,4,4,"At Risk","High Risk","Canned and Packaged Food","Petaling Jaya 88 Speedmart","Petaling Jaya","Selangor"
592,"C0592","Elena a/p Chandran","N","Normal Member","2022-06-12",1479,"2025-05-18",408,8,454.9,0,454.9,454.9,56.86,1,3,4,"At Risk","Churned","Rice and Grains","Ampang 88 Speedmart","Ampang","Selangor"
593,"C0593","Letchumy a/p Chandran","N","VIP Member","2022-03-24",1559,"2026-06-27",3,11,322.34,0,322.34,322.34,29.3,5,4,3,"Loyal Customers","Low Risk","Baby Products","Johor Bahru 88 Speedmart","Johor Bahru","Johor"
594,"C0594","Low Zhi Hao","N","Normal Member","2022-05-26",1496,"2026-04-01",90,11,477.98,3.32,474.66,474.66,43.15,3,4,4,"Loyal Customers","Low Risk","Rice and Grains","Cheras 88 Speedmart","Cheras","Kuala Lumpur"
595,"C0595","Fong Yi Chen","N","Normal Member","2021-01-11",1996,"2025-01-05",541,8,228.27,0,228.27,228.27,28.53,1,3,3,"At Risk","Churned","Canned and Packaged Food","Cheras 88 Speedmart","Cheras","Kuala Lumpur"
596,"C0596","Arjun a/l Gopal","N","Normal Member","2022-06-01",1490,"2025-09-20",283,11,471.37,0,471.37,471.37,42.85,1,4,4,"At Risk","High Risk","Baby Products","Johor Bahru 88 Speedmart","Johor Bahru","Johor"
597,"C0597","Nurul binti Razak","N","Normal Member","2022-02-24",1587,"2026-06-13",17,12,338.23,0,338.23,338.23,28.19,5,4,3,"Loyal Customers","Low Risk","Cooking Essentials","Cheras 88 Speedmart","Cheras","Kuala Lumpur"
598,"C0598","Akmal bin Yusof","N","VIP Member","2022-05-14",1508,"2026-01-06",175,14,411.26,1.3,409.96,409.96,29.28,2,4,4,"At Risk","Medium Risk","Instant Food","Shah Alam 88 Speedmart","Shah Alam","Selangor"
599,"C0599","Darren Rantai","N","Normal Member","2021-06-20",1836,"2026-03-10",112,9,406.34,0,406.34,406.34,45.15,2,3,4,"At Risk","Medium Risk","Rice and Grains","George Town 88 Speedmart","George Town","Penang"
600,"C0600","Farhan bin Mahmud","N","Non-Member",,,"2025-10-15",258,17,626.64,0,626.64,626.64,36.86,1,5,5,"At Risk","High Risk","Beverages","George Town 88 Speedmart","George Town","Penang"
601,"C0601","Teoh Ching Yee","N","Normal Member","2021-02-23",1953,"2025-12-09",203,8,366.5,0,366.5,366.5,45.81,1,3,4,"At Risk","High Risk","Cooking Essentials","Klang 88 Speedmart","Klang","Selangor"
602,"C0602","Nabilah binti Jamal","N","Normal Member","2022-05-02",1520,"2025-06-30",365,16,430.84,0,430.84,430.84,26.93,1,5,4,"At Risk","High Risk","Dairy Products","Klang 88 Speedmart","Klang","Selangor"
603,"C0603","Aiman bin Hamid","N","Normal Member","2021-08-27",1768,"2025-12-30",182,7,235.7,0,235.7,235.7,33.67,1,3,3,"At Risk","High Risk","Household Cleaning","Ipoh 88 Speedmart","Ipoh","Perak"
604,"C0604","Chin Kai Xin","N","Normal Member","2021-12-06",1667,"2025-07-04",361,11,388.22,0,388.22,388.22,35.29,1,4,4,"At Risk","High Risk","Stationery and Daily Needs","Klang 88 Speedmart","Klang","Selangor"
605,"C0605","Zara binti Nasir","N","Non-Member",,,"2026-04-10",81,8,227.33,0,227.33,227.33,28.42,3,3,3,"Need Attention","Low Risk","Personal Care","Kota Kinabalu 88 Speedmart","Kota Kinabalu","Sabah"
606,"C0606","Ishaan a/l Suresh","N","Normal Member","2022-12-12",1296,"2024-04-25",796,20,679.59,2.7,676.89,676.89,33.84,1,5,5,"At Risk","Churned","Instant Food","Cheras 88 Speedmart","Cheras","Kuala Lumpur"
607,"C0607","Zara binti Daud","N","Normal Member","2021-11-27",1676,"2023-11-10",963,17,537.9,0,537.9,537.9,31.64,1,5,4,"At Risk","Churned","Instant Food","Ampang 88 Speedmart","Ampang","Selangor"
608,"C0608","Syafiq bin Zainal","N","Non-Member",,,"2024-08-02",697,9,523.06,0,523.06,523.06,58.12,1,3,4,"At Risk","Churned","Cooking Essentials","Petaling Jaya 88 Speedmart","Petaling Jaya","Selangor"
609,"C0609","Intan binti Mahmud","N","VIP Member","2022-04-02",1550,"2025-06-22",373,7,231.25,0,231.25,231.25,33.04,1,3,3,"At Risk","Churned","Household Cleaning","Cheras 88 Speedmart","Cheras","Kuala Lumpur"
610,"C0610","Aqilah binti Abdullah","N","Non-Member",,,"2025-07-26",339,9,367.19,0,367.19,367.19,40.8,1,3,4,"At Risk","High Risk","Frozen Food","George Town 88 Speedmart","George Town","Penang"
611,"C0611","Chin Jia En","N","Non-Member",,,"2025-07-13",352,24,1121.91,9.46,1112.45,1112.45,46.35,1,5,5,"At Risk","High Risk","Rice and Grains","Shah Alam 88 Speedmart","Shah Alam","Selangor"
612,"C0612","Chia Kar Yee","N","Normal Member","2021-04-18",1899,"2026-06-20",10,18,755.08,0,755.08,755.08,41.95,5,5,5,"Champions","Low Risk","Personal Care","George Town 88 Speedmart","George Town","Penang"
613,"C0613","Chin Kai Xin","N","Normal Member","2022-12-03",1305,"2026-06-26",4,16,1037.6,5.18,1032.42,1032.42,64.53,5,5,5,"Champions","Low Risk","Canned and Packaged Food","Shah Alam 88 Speedmart","Shah Alam","Selangor"
614,"C0614","Chan Chee Keong","N","Non-Member",,,"2026-01-31",150,12,594.35,0,594.35,594.35,49.53,2,4,5,"At Risk","Medium Risk","Frozen Food","Johor Bahru 88 Speedmart","Johor Bahru","Johor"
615,"C0615","Ravi a/l Saminathan","N","Non-Member",,,"2025-12-03",209,19,559.73,0,559.73,559.73,29.46,1,5,4,"At Risk","High Risk","Stationery and Daily Needs","Johor Bahru 88 Speedmart","Johor Bahru","Johor"
616,"C0616","Fong Xin Yi","N","VIP Member","2022-01-11",1631,"2026-01-29",152,20,992.53,0,992.53,992.53,49.63,2,5,5,"At Risk","Medium Risk","Dairy Products","Johor Bahru 88 Speedmart","Johor Bahru","Johor"
617,"C0617","Aqilah binti Mahmud","N","Non-Member",,,"2026-04-26",65,10,319.07,0,319.07,319.07,31.91,3,4,3,"Loyal Customers","Low Risk","Personal Care","Ipoh 88 Speedmart","Ipoh","Perak"
618,"C0618","Nasir bin Yusof","N","Non-Member",,,"2026-03-04",118,16,490.17,4.62,485.55,485.55,30.35,2,5,4,"At Risk","Medium Risk","Instant Food","Shah Alam 88 Speedmart","Shah Alam","Selangor"
619,"C0619","Zahir bin Abdullah","N","Normal Member","2022-12-02",1306,"2026-06-11",19,15,417.83,2.86,414.97,414.97,27.66,5,5,4,"Champions","Low Risk","Rice and Grains","Cheras 88 Speedmart","Cheras","Kuala Lumpur"
620,"C0620","Felix a/l Suresh","N","Normal Member","2022-09-12",1387,"2025-05-30",396,24,936.59,2.16,934.43,934.43,38.93,1,5,5,"At Risk","Churned","Canned and Packaged Food","Klang 88 Speedmart","Klang","Selangor"
621,"C0621","Qistina binti Daud","N","Normal Member","2021-07-28",1798,"2025-05-06",420,15,604.15,0,604.15,604.15,40.28,1,5,5,"At Risk","Churned","Canned and Packaged Food","Petaling Jaya 88 Speedmart","Petaling Jaya","Selangor"
622,"C0622","Ong Yi Chen","N","VIP Member","2022-10-13",1356,"2024-12-26",551,8,288.67,0,288.67,288.67,36.08,1,3,3,"At Risk","Churned","Instant Food","Ipoh 88 Speedmart","Ipoh","Perak"
623,"C0623","Akmal bin Nasir","N","Normal Member","2022-07-23",1438,"2025-10-23",250,19,813.09,2.7,810.39,810.39,42.65,1,5,5,"At Risk","High Risk","Dairy Products","Johor Bahru 88 Speedmart","Johor Bahru","Johor"
624,"C0624","Akmal bin Yusof","N","Normal Member","2021-09-12",1752,"2026-04-24",67,9,327.09,0,327.09,327.09,36.34,3,3,3,"Need Attention","Low Risk","Frozen Food","Petaling Jaya 88 Speedmart","Petaling Jaya","Selangor"
625,"C0625","Victor Sagang","N","Normal Member","2021-12-04",1669,"2026-05-28",33,19,875.9,0,875.9,875.9,46.1,4,5,5,"Champions","Low Risk","Baby Products","Ampang 88 Speedmart","Ampang","Selangor"
626,"C0626","Darren Rantai","N","Non-Member",,,"2025-02-22",493,10,288.56,0,288.56,288.56,28.86,1,4,3,"At Risk","Churned","Personal Care","Petaling Jaya 88 Speedmart","Petaling Jaya","Selangor"
627,"C0627","Wong Mei Ling","N","Normal Member","2022-10-16",1353,"2025-11-06",236,11,334.6,4.9,329.7,329.7,29.97,1,4,3,"At Risk","High Risk","Personal Care","Klang 88 Speedmart","Klang","Selangor"
628,"C0628","Clarissa a/p Pillai","N","Non-Member",,,"2026-05-01",60,12,456.61,0,456.61,456.61,38.05,4,4,4,"Champions","Low Risk","Instant Food","Shah Alam 88 Speedmart","Shah Alam","Selangor"
629,"C0629","Aisyah binti Fauzi","N","Normal Member","2022-07-14",1447,"2025-06-19",376,14,449.96,0,449.96,449.96,32.14,1,4,4,"At Risk","Churned","Frozen Food","Petaling Jaya 88 Speedmart","Petaling Jaya","Selangor"
630,"C0630","Kavitha a/p Maniam","N","Normal Member","2021-04-06",1911,"2026-05-26",35,13,661.24,0,661.24,661.24,50.86,4,4,5,"Champions","Low Risk","Canned and Packaged Food","Shah Alam 88 Speedmart","Shah Alam","Selangor"
631,"C0631","Wong Li Xuan","N","VIP Member","2021-12-22",1651,"2024-12-29",548,8,279.58,2.67,276.91,276.91,34.61,1,3,3,"At Risk","Churned","Personal Care","Klang 88 Speedmart","Klang","Selangor"
632,"C0632","Ahmad bin Nasir","N","Normal Member","2022-01-18",1624,"2026-01-22",159,20,522.65,0,522.65,522.65,26.13,2,5,4,"At Risk","Medium Risk","Rice and Grains","Petaling Jaya 88 Speedmart","Petaling Jaya","Selangor"
633,"C0633","Siti binti Kamal","N","Non-Member",,,"2026-04-16",75,15,612.78,0,612.78,612.78,40.85,3,5,5,"Loyal Customers","Low Risk","Baby Products","Klang 88 Speedmart","Klang","Selangor"
634,"C0634","Ahmad bin Basri","N","Normal Member","2022-09-17",1382,"2026-02-24",126,12,555.77,0,555.77,555.77,46.31,2,4,4,"At Risk","Medium Risk","Cooking Essentials","Shah Alam 88 Speedmart","Shah Alam","Selangor"
635,"C0635","Amir bin Hamid","N","Non-Member",,,"2025-03-23",464,12,618.71,0,618.71,618.71,51.56,1,4,5,"At Risk","Churned","Canned and Packaged Food","Shah Alam 88 Speedmart","Shah Alam","Selangor"
636,"C0636","Priya a/p Chandran","N","Normal Member","2022-01-17",1625,"2026-02-05",145,17,527.49,29.18,498.31,498.31,29.31,2,5,4,"At Risk","Medium Risk","Instant Food","Ampang 88 Speedmart","Ampang","Selangor"
637,"C0637","Koh Kin Hoong","N","Non-Member",,,"2026-01-30",151,11,430.78,1.6,429.18,429.18,39.02,2,4,4,"At Risk","Medium Risk","Instant Food","Shah Alam 88 Speedmart","Shah Alam","Selangor"
638,"C0638","Hana binti Omar","N","Non-Member",,,"2024-12-18",559,10,344.17,0,344.17,344.17,34.42,1,4,3,"At Risk","Churned","Canned and Packaged Food","Klang 88 Speedmart","Klang","Selangor"
639,"C0639","Irfan bin Yusof","N","Non-Member",,,"2024-07-15",715,15,757.95,0,757.95,757.95,50.53,1,5,5,"At Risk","Churned","Cooking Essentials","Petaling Jaya 88 Speedmart","Petaling Jaya","Selangor"
640,"C0640","Chin Kai Xin","N","Normal Member","2022-04-30",1522,"2025-11-21",221,10,309.09,0,309.09,309.09,30.91,1,4,3,"At Risk","High Risk","Rice and Grains","Petaling Jaya 88 Speedmart","Petaling Jaya","Selangor"
641,"C0641","Zahir bin Yusof","N","Normal Member","2022-05-24",1498,"2026-02-11",139,9,389.2,0,389.2,389.2,43.24,2,3,4,"At Risk","Medium Risk","Snacks and Confectionery","Cheras 88 Speedmart","Cheras","Kuala Lumpur"
642,"C0642","Akmal bin Ismail","N","Non-Member",,,"2024-01-05",907,25,808.76,0,808.76,808.76,32.35,1,5,5,"At Risk","Churned","Baby Products","Shah Alam 88 Speedmart","Shah Alam","Selangor"
643,"C0643","Jannah binti Abdullah","N","Normal Member","2021-10-17",1717,"2026-04-15",76,38,1231.06,0,1231.06,1231.06,32.4,3,5,5,"Loyal Customers","Low Risk","Dairy Products","Shah Alam 88 Speedmart","Shah Alam","Selangor"
644,"C0644","Clarissa a/p Krishnan","N","Normal Member","2022-05-25",1497,"2026-02-09",141,9,338.16,0,338.16,338.16,37.57,2,3,3,"At Risk","Medium Risk","Cooking Essentials","Cheras 88 Speedmart","Cheras","Kuala Lumpur"
645,"C0645","Lakshmi a/p Maniam","N","Normal Member","2021-12-29",1644,"2025-12-28",184,14,512.08,0,512.08,512.08,36.58,1,4,4,"At Risk","High Risk","Dairy Products","Ipoh 88 Speedmart","Ipoh","Perak"
646,"C0646","Farhan bin Basri","N","Normal Member","2021-06-09",1847,"2026-06-05",25,14,620.29,0,620.29,620.29,44.31,5,4,5,"Champions","Low Risk","Canned and Packaged Food","Johor Bahru 88 Speedmart","Johor Bahru","Johor"
647,"C0647","Sabrina binti Yusof","N","Non-Member",,,"2026-01-26",155,10,339.6,0,339.6,339.6,33.96,2,4,3,"At Risk","Medium Risk","Rice and Grains","Shah Alam 88 Speedmart","Shah Alam","Selangor"
648,"C0648","Farah binti Ibrahim","N","Normal Member","2021-07-12",1814,"2026-03-24",98,14,549.02,0,549.02,549.02,39.22,2,4,4,"At Risk","Medium Risk","Household Cleaning","Cheras 88 Speedmart","Cheras","Kuala Lumpur"
649,"C0649","Farah binti Daud","N","Non-Member",,,"2026-06-14",16,7,387.92,3.46,384.46,384.46,54.92,5,3,4,"Potential Loyal","Low Risk","Rice and Grains","Cheras 88 Speedmart","Cheras","Kuala Lumpur"
650,"C0650","Fong Chee Keong","N","Normal Member","2021-04-12",1905,"2025-05-07",419,36,1335.21,0,1335.21,1335.21,37.09,1,5,5,"At Risk","Churned","Cooking Essentials","Johor Bahru 88 Speedmart","Johor Bahru","Johor"
651,"C0651","Luqman bin Ahmad","N","Normal Member","2021-09-07",1757,"2026-06-13",17,8,303.06,0,303.06,303.06,37.88,5,3,3,"Potential Loyal","Low Risk","Rice and Grains","Shah Alam 88 Speedmart","Shah Alam","Selangor"
652,"C0652","Zara binti Salleh","N","Non-Member",,,"2025-09-09",294,14,590.29,0,590.29,590.29,42.16,1,4,5,"At Risk","High Risk","Instant Food","Klang 88 Speedmart","Klang","Selangor"
653,"C0653","Chan Hui Min","N","Normal Member","2022-01-10",1632,"2026-06-07",23,13,455.68,0,455.68,455.68,35.05,5,4,4,"Champions","Low Risk","Stationery and Daily Needs","Petaling Jaya 88 Speedmart","Petaling Jaya","Selangor"
654,"C0654","Chong Siew Chin","N","VIP Member","2022-07-05",1456,"2024-07-13",717,8,352.77,0,352.77,352.77,44.1,1,3,4,"At Risk","Churned","Alcoholic Beverages","George Town 88 Speedmart","George Town","Penang"
655,"C0655","Kevin a/l Tharmalingam","N","Non-Member",,,"2025-05-19",407,10,379.31,0,379.31,379.31,37.93,1,4,4,"At Risk","Churned","Beverages","Petaling Jaya 88 Speedmart","Petaling Jaya","Selangor"
656,"C0656","Teoh Shu Fen","N","Normal Member","2022-02-07",1604,"2026-02-21",129,12,871.51,0,871.51,871.51,72.63,2,4,5,"At Risk","Medium Risk","Snacks and Confectionery","Shah Alam 88 Speedmart","Shah Alam","Selangor"
657,"C0657","Hakim bin Nasir","N","Non-Member",,,"2024-09-16",652,9,163.75,0,163.75,163.75,18.19,1,3,2,"At Risk","Churned","Rice and Grains","Klang 88 Speedmart","Klang","Selangor"
658,"C0658","Syahirah binti Razak","N","Non-Member",,,"2024-02-05",876,22,919.84,4.93,914.91,914.91,41.59,1,5,5,"At Risk","Churned","Beverages","Ipoh 88 Speedmart","Ipoh","Perak"
659,"C0659","Kaur a/p Devi","N","Normal Member","2021-03-02",1946,"2026-04-05",86,13,611.27,0,611.27,611.27,47.02,3,4,5,"Loyal Customers","Low Risk","Baby Products","Klang 88 Speedmart","Klang","Selangor"
660,"C0660","Irfan bin Basri","N","Normal Member","2022-10-16",1353,"2024-02-09",872,8,169.93,0,169.93,169.93,21.24,1,3,2,"At Risk","Churned","Household Cleaning","Petaling Jaya 88 Speedmart","Petaling Jaya","Selangor"
661,"C0661","Irfan bin Nasir","N","VIP Member","2022-02-02",1609,"2024-05-23",768,8,269.59,0,269.59,269.59,33.7,1,3,3,"At Risk","Churned","Frozen Food","Kuching 88 Speedmart","Kuching","Sarawak"
662,"C0662","Akmal bin Fauzi","N","VIP Member","2022-11-27",1311,"2025-01-21",525,6,166.05,0,166.05,166.05,27.68,1,3,2,"At Risk","Churned","Stationery and Daily Needs","Cheras 88 Speedmart","Cheras","Kuala Lumpur"
663,"C0663","Meera a/p Raman","N","Normal Member","2022-04-08",1544,"2025-01-29",517,14,390.65,0,390.65,390.65,27.9,1,4,4,"At Risk","Churned","Instant Food","Ampang 88 Speedmart","Ampang","Selangor"
664,"C0664","Ho Yi Wen","N","Non-Member",,,"2025-11-28",214,7,229.5,0,229.5,229.5,32.79,1,3,3,"At Risk","High Risk","Rice and Grains","Johor Bahru 88 Speedmart","Johor Bahru","Johor"
665,"C0665","Nabilah binti Hassan","N","Normal Member","2022-07-12",1449,"2024-07-21",709,9,344.08,0,344.08,344.08,38.23,1,3,3,"At Risk","Churned","Cooking Essentials","Petaling Jaya 88 Speedmart","Petaling Jaya","Selangor"
666,"C0666","Amir bin Ismail","N","Normal Member","2022-08-24",1406,"2026-02-17",133,7,633.94,0,633.94,633.94,90.56,2,3,5,"At Risk","Medium Risk","Baby Products","Johor Bahru 88 Speedmart","Johor Bahru","Johor"
667,"C0667","Loh Zhi Hao","N","VIP Member","2022-05-23",1499,"2025-02-04",511,9,183.66,0,183.66,183.66,20.41,1,3,2,"At Risk","Churned","Frozen Food","Kota Kinabalu 88 Speedmart","Kota Kinabalu","Sabah"
668,"C0668","Ishaan bin Kamal","N","Non-Member",,,"2025-12-07",205,12,341.97,0,341.97,341.97,28.5,1,4,3,"At Risk","High Risk","Dairy Products","Cheras 88 Speedmart","Cheras","Kuala Lumpur"
669,"C0669","Hafiz bin Kamal","N","VIP Member","2021-06-18",1838,"2026-03-11",111,17,1043.39,0,1043.39,1043.39,61.38,2,5,5,"At Risk","Medium Risk","Cooking Essentials","Johor Bahru 88 Speedmart","Johor Bahru","Johor"
670,"C0670","Yeoh Li Xuan","N","Non-Member",,,"2024-10-05",633,7,239.33,0,239.33,239.33,34.19,1,3,3,"At Risk","Churned","Canned and Packaged Food","Ampang 88 Speedmart","Ampang","Selangor"
671,"C0671","Kiran a/l Raman","N","Normal Member","2021-02-24",1952,"2025-07-14",351,4,229.08,0,229.08,229.08,57.27,1,2,3,"Lost","High Risk","Alcoholic Beverages","Kuching 88 Speedmart","Kuching","Sarawak"
672,"C0672","Goh Chui Shan","N","Normal Member","2022-07-15",1446,"2025-02-03",512,11,357.21,10.52,346.69,346.69,31.52,1,4,3,"At Risk","Churned","Rice and Grains","Shah Alam 88 Speedmart","Shah Alam","Selangor"
673,"C0673","Akmal bin Ibrahim","N","Normal Member","2021-06-11",1845,"2025-02-24",491,7,307.63,0,307.63,307.63,43.95,1,3,3,"At Risk","Churned","Baby Products","Johor Bahru 88 Speedmart","Johor Bahru","Johor"
674,"C0674","Mardhiah binti Kamal","N","Normal Member","2021-10-17",1717,"2026-04-17",74,8,336.13,0,336.13,336.13,42.02,3,3,3,"Need Attention","Low Risk","Frozen Food","Petaling Jaya 88 Speedmart","Petaling Jaya","Selangor"
675,"C0675","Zara binti Basri","N","Non-Member",,,"2026-06-15",15,11,434.24,0,434.24,434.24,39.48,5,4,4,"Champions","Low Risk","Personal Care","Ipoh 88 Speedmart","Ipoh","Perak"
676,"C0676","Fong Hong Sheng","N","VIP Member","2021-12-29",1644,"2025-04-05",451,4,180.07,0,180.07,180.07,45.02,1,2,2,"Hibernating","Churned","Frozen Food","Cheras 88 Speedmart","Cheras","Kuala Lumpur"
677,"C0677","Raymond a/l Raj","N","Normal Member","2021-10-14",1720,"2026-01-05",176,6,172.51,0,172.51,172.51,28.75,2,3,2,"At Risk","Medium Risk","Cooking Essentials","Shah Alam 88 Speedmart","Shah Alam","Selangor"
678,"C0678","Nasir bin Daud","N","VIP Member","2022-04-01",1551,"2025-05-29",397,28,951.78,1.11,950.67,950.67,33.95,1,5,5,"At Risk","Churned","Canned and Packaged Food","Ipoh 88 Speedmart","Ipoh","Perak"
679,"C0679","Yeoh Kai Jie","N","Normal Member","2021-08-24",1771,"2024-06-13",747,12,516.3,4.71,511.59,511.59,42.63,1,4,4,"At Risk","Churned","Rice and Grains","Melaka 88 Speedmart","Melaka","Melaka"
680,"C0680","Chow Pei Shan","N","Non-Member",,,"2024-12-04",573,10,446.24,0,446.24,446.24,44.62,1,4,4,"At Risk","Churned","Snacks and Confectionery","Johor Bahru 88 Speedmart","Johor Bahru","Johor"
681,"C0681","Aiman bin Yusof","N","Normal Member","2023-01-08",1269,"2024-01-02",910,7,338.02,0,338.02,338.02,48.29,1,3,3,"At Risk","Churned","Snacks and Confectionery","Cheras 88 Speedmart","Cheras","Kuala Lumpur"
682,"C0682","Faris bin Ibrahim","N","Normal Member","2022-04-21",1531,"2025-02-21",494,14,312.78,1.32,311.46,311.46,22.25,1,4,3,"At Risk","Churned","Beverages","George Town 88 Speedmart","George Town","Penang"
683,"C0683","Sanjay a/l Murugan","N","Normal Member","2022-12-28",1280,"2024-11-20",587,9,309.53,0,309.53,309.53,34.39,1,3,3,"At Risk","Churned","Rice and Grains","Klang 88 Speedmart","Klang","Selangor"
684,"C0684","Rahul a/l Gopal","N","Normal Member","2021-12-27",1646,"2024-03-31",821,4,134.86,7.98,126.88,126.88,31.72,1,2,2,"Hibernating","Churned","Dairy Products","Shah Alam 88 Speedmart","Shah Alam","Selangor"
685,"C0685","Qistina binti Ahmad","N","Normal Member","2022-09-03",1396,"2026-05-10",51,7,382.31,0,382.31,382.31,54.62,4,3,4,"Potential Loyal","Low Risk","Premium Items","Seremban 88 Speedmart","Seremban","Negeri Sembilan"
686,"C0686","Lee Chun Wai","N","VIP Member","2022-05-02",1520,"2026-03-29",93,24,895.38,0,895.38,895.38,37.31,2,5,5,"At Risk","Medium Risk","Rice and Grains","Johor Bahru 88 Speedmart","Johor Bahru","Johor"
687,"C0687","Ravi a/l Rajan","N","Non-Member",,,"2025-07-02",363,14,502.01,0,502.01,502.01,35.86,1,4,4,"At Risk","High Risk","Cooking Essentials","Shah Alam 88 Speedmart","Shah Alam","Selangor"
688,"C0688","Mardhiah binti Jamal","N","Non-Member",,,"2025-12-16",196,8,281.17,0,281.17,281.17,35.15,1,3,3,"At Risk","High Risk","Canned and Packaged Food","Seremban 88 Speedmart","Seremban","Negeri Sembilan"
689,"C0689","Aisyah binti Nasir","N","Normal Member","2022-01-27",1615,"2025-08-05",329,6,203.6,0,203.6,203.6,33.93,1,3,3,"At Risk","High Risk","Household Cleaning","Klang 88 Speedmart","Klang","Selangor"
690,"C0690","Meera a/p Devi","N","Non-Member",,,"2024-10-29",609,7,249.57,0,249.57,249.57,35.65,1,3,3,"At Risk","Churned","Instant Food","Johor Bahru 88 Speedmart","Johor Bahru","Johor"
691,"C0691","Liyana binti Omar","N","Normal Member","2021-05-22",1865,"2026-06-06",24,14,289.99,2.21,287.78,287.78,20.56,5,4,3,"Loyal Customers","Low Risk","Cooking Essentials","Cheras 88 Speedmart","Cheras","Kuala Lumpur"
692,"C0692","Jannah binti Fauzi","N","Normal Member","2022-10-08",1361,"2025-12-31",181,6,371.43,0,371.43,371.43,61.91,1,3,4,"At Risk","High Risk","Rice and Grains","Shah Alam 88 Speedmart","Shah Alam","Selangor"
693,"C0693","Chan Hui Min","N","Non-Member",,,"2025-06-10",385,26,874.68,0,874.68,874.68,33.64,1,5,5,"At Risk","Churned","Baby Products","Klang 88 Speedmart","Klang","Selangor"
694,"C0694","Aqilah binti Fauzi","N","Non-Member",,,"2026-04-11",80,17,463.74,1.68,462.06,462.06,27.18,3,5,4,"Loyal Customers","Low Risk","Dairy Products","Ampang 88 Speedmart","Ampang","Selangor"
695,"C0695","Grace a/p Chandran","N","Normal Member","2021-02-12",1964,"2026-06-02",28,11,432.02,0,432.02,432.02,39.27,5,4,4,"Champions","Low Risk","Rice and Grains","George Town 88 Speedmart","George Town","Penang"
696,"C0696","Shalini a/p Rajan","N","Non-Member",,,"2026-03-03",119,8,216,0,216,216,27,2,3,3,"At Risk","Medium Risk","Canned and Packaged Food","Ipoh 88 Speedmart","Ipoh","Perak"
697,"C0697","Ishaan bin Fauzi","N","Non-Member",,,"2026-04-24",67,8,161.06,0,161.06,161.06,20.13,3,3,2,"Need Attention","Low Risk","Dairy Products","Shah Alam 88 Speedmart","Shah Alam","Selangor"
698,"C0698","Danish bin Omar","N","Non-Member",,,"2025-12-05",207,14,604.9,4.01,600.89,600.89,42.92,1,4,5,"At Risk","High Risk","Rice and Grains","Johor Bahru 88 Speedmart","Johor Bahru","Johor"
699,"C0699","Ishaan bin Zainal","N","VIP Member","2023-01-19",1258,"2026-04-20",71,28,1288.71,2.65,1286.06,1286.06,45.93,3,5,5,"Loyal Customers","Low Risk","Rice and Grains","Ampang 88 Speedmart","Ampang","Selangor"
700,"C0700","Goh Jia En","N","Normal Member","2021-06-21",1835,"2025-01-10",536,11,453.1,0,453.1,453.1,41.19,1,4,4,"At Risk","Churned","Canned and Packaged Food","Ampang 88 Speedmart","Ampang","Selangor"
701,"C0701","Lim Li Xuan","N","Non-Member",,,"2025-12-08",204,13,402.23,0,402.23,402.23,30.94,1,4,4,"At Risk","High Risk","Household Cleaning","Melaka 88 Speedmart","Melaka","Melaka"
702,"C0702","Tan Boon Hui","N","Normal Member","2021-11-19",1684,"2025-06-15",380,6,256.54,2.04,254.5,254.5,42.42,1,3,3,"At Risk","Churned","Beverages","Shah Alam 88 Speedmart","Shah Alam","Selangor"
703,"C0703","Kevin Kedit","N","Normal Member","2021-08-20",1775,"2026-02-12",138,5,102.74,2.26,100.48,100.48,20.1,2,2,2,"Hibernating","Medium Risk","Personal Care","Johor Bahru 88 Speedmart","Johor Bahru","Johor"
704,"C0704","Nadia binti Zainal","N","Normal Member","2021-11-09",1694,"2025-03-11",476,8,181.82,2.67,179.15,179.15,22.39,1,3,2,"At Risk","Churned","Cooking Essentials","Petaling Jaya 88 Speedmart","Petaling Jaya","Selangor"
705,"C0705","Nabil bin Zainal","N","Non-Member",,,"2024-07-12",718,4,327.74,0,327.74,327.74,81.94,1,2,3,"Lost","Churned","Organic Foods","Ampang 88 Speedmart","Ampang","Selangor"
706,"C0706","Khadijah binti Ibrahim","N","Normal Member","2021-10-12",1722,"2025-11-22",220,25,776.89,0,776.89,776.89,31.08,1,5,5,"At Risk","High Risk","Rice and Grains","Cheras 88 Speedmart","Cheras","Kuala Lumpur"
707,"C0707","Devi a/p Selvam","N","Non-Member",,,"2026-02-09",141,10,414.54,0,414.54,414.54,41.45,2,4,4,"At Risk","Medium Risk","Cooking Essentials","Klang 88 Speedmart","Klang","Selangor"
708,"C0708","Dev a/l Murugan","N","Non-Member",,,"2026-01-06",175,28,806.66,0,806.66,806.66,28.81,2,5,5,"At Risk","Medium Risk","Cooking Essentials","George Town 88 Speedmart","George Town","Penang"
709,"C0709","Syahirah binti Ishak","N","Non-Member",,,"2026-05-16",45,8,162.54,3.02,159.52,159.52,19.94,4,3,2,"Potential Loyal","Low Risk","Cooking Essentials","Klang 88 Speedmart","Klang","Selangor"
710,"C0710","Marcus Bansa","N","Normal Member","2022-09-20",1379,"2024-11-09",598,18,750.2,9.65,740.55,740.55,41.14,1,5,5,"At Risk","Churned","Cooking Essentials","Ampang 88 Speedmart","Ampang","Selangor"
711,"C0711","Siti binti Yusof","N","Normal Member","2021-03-15",1933,"2024-12-18",559,9,281.53,0,281.53,281.53,31.28,1,3,3,"At Risk","Churned","Personal Care","Johor Bahru 88 Speedmart","Johor Bahru","Johor"
712,"C0712","Ong Wai Keong","N","Normal Member","2022-04-10",1542,"2024-06-06",754,20,696.03,0,696.03,696.03,34.8,1,5,5,"At Risk","Churned","Dairy Products","Petaling Jaya 88 Speedmart","Petaling Jaya","Selangor"
713,"C0713","Ivan Giman","N","Normal Member","2022-07-04",1457,"2026-03-18",104,19,582.08,6.83,575.25,575.25,30.28,2,5,5,"At Risk","Medium Risk","Cooking Essentials","Ampang 88 Speedmart","Ampang","Selangor"
714,"C0714","Harish a/l Krishnan","N","Normal Member","2021-03-24",1924,"2024-09-22",646,11,213.49,0,213.49,213.49,19.41,1,4,3,"At Risk","Churned","Canned and Packaged Food","Ipoh 88 Speedmart","Ipoh","Perak"
715,"C0715","Devi a/p Saraswathy","N","Normal Member","2023-01-13",1264,"2025-11-14",228,23,870.8,0,870.8,870.8,37.86,1,5,5,"At Risk","High Risk","Rice and Grains","Ampang 88 Speedmart","Ampang","Selangor"
716,"C0716","Saraswathy a/p Subramaniam","N","Normal Member","2021-03-29",1919,"2025-10-18",255,12,530.53,0,530.53,530.53,44.21,1,4,4,"At Risk","High Risk","Rice and Grains","Melaka 88 Speedmart","Melaka","Melaka"
717,"C0717","Khadijah binti Mahmud","N","Non-Member",,,"2026-04-05",86,11,329.36,0,329.36,329.36,29.94,3,4,3,"Loyal Customers","Low Risk","Snacks and Confectionery","Shah Alam 88 Speedmart","Shah Alam","Selangor"
718,"C0718","Fong Seng Huat","N","Normal Member","2022-07-12",1449,"2024-01-26",886,26,906.08,0,906.08,906.08,34.85,1,5,5,"At Risk","Churned","Instant Food","Cheras 88 Speedmart","Cheras","Kuala Lumpur"
719,"C0719","Lim Yoke Leng","N","Normal Member","2023-01-18",1259,"2026-01-03",178,8,386.99,0,386.99,386.99,48.37,2,3,4,"At Risk","Medium Risk","Dairy Products","Klang 88 Speedmart","Klang","Selangor"
720,"C0720","Ahmad bin Abdullah","N","Non-Member",,,"2026-05-25",36,13,788.77,1.42,787.35,787.35,60.57,4,4,5,"Champions","Low Risk","Cooking Essentials","Seremban 88 Speedmart","Seremban","Negeri Sembilan"
721,"C0721","Chow Mei Qi","N","Normal Member","2022-04-10",1542,"2025-09-24",279,13,383.96,0,383.96,383.96,29.54,1,4,4,"At Risk","High Risk","Rice and Grains","Petaling Jaya 88 Speedmart","Petaling Jaya","Selangor"
722,"C0722","Clarissa a/p Maniam","N","Normal Member","2023-02-05",1241,"2025-11-06",236,17,663.93,0,663.93,663.93,39.05,1,5,5,"At Risk","High Risk","Snacks and Confectionery","George Town 88 Speedmart","George Town","Penang"
723,"C0723","Irfan bin Hassan","N","Normal Member","2021-06-12",1844,"2023-11-22",951,5,95.43,0,95.43,95.43,19.09,1,2,2,"Hibernating","Churned","Stationery and Daily Needs","Klang 88 Speedmart","Klang","Selangor"
724,"C0724","Koh Wei Lun","N","Normal Member","2022-12-04",1304,"2026-01-08",173,32,1152.85,0,1152.85,1152.85,36.03,2,5,5,"At Risk","Medium Risk","Instant Food","Petaling Jaya 88 Speedmart","Petaling Jaya","Selangor"
725,"C0725","Hana binti Abdullah","N","Normal Member","2021-10-04",1730,"2025-10-17",256,7,212.96,0,212.96,212.96,30.42,1,3,3,"At Risk","High Risk","Rice and Grains","Klang 88 Speedmart","Klang","Selangor"
726,"C0726","Nadia binti Fauzi","N","Normal Member","2021-10-20",1714,"2025-10-26",247,9,383.21,0,383.21,383.21,42.58,1,3,4,"At Risk","High Risk","Personal Care","Cheras 88 Speedmart","Cheras","Kuala Lumpur"
727,"C0727","Intan binti Ahmad","N","VIP Member","2022-01-18",1624,"2025-12-12",200,12,372.38,0,372.38,372.38,31.03,1,4,4,"At Risk","High Risk","Baby Products","Shah Alam 88 Speedmart","Shah Alam","Selangor"
728,"C0728","Priya a/p Raman","N","Normal Member","2021-03-20",1928,"2024-07-28",702,8,303.52,0,303.52,303.52,37.94,1,3,3,"At Risk","Churned","Dairy Products","Petaling Jaya 88 Speedmart","Petaling Jaya","Selangor"
729,"C0729","Aisyah binti Ishak","N","Non-Member",,,"2025-11-10",232,18,888.65,0,888.65,888.65,49.37,1,5,5,"At Risk","High Risk","Household Cleaning","George Town 88 Speedmart","George Town","Penang"
730,"C0730","Aqilah binti Ahmad","N","Non-Member",,,"2025-11-15",227,20,705.67,0,705.67,705.67,35.28,1,5,5,"At Risk","High Risk","Canned and Packaged Food","Petaling Jaya 88 Speedmart","Petaling Jaya","Selangor"
731,"C0731","Farah binti Mahmud","N","Non-Member",,,"2023-10-31",973,14,447.06,0,447.06,447.06,31.93,1,4,4,"At Risk","Churned","Beverages","Cheras 88 Speedmart","Cheras","Kuala Lumpur"
732,"C0732","Chew Kai Xin","N","VIP Member","2022-08-01",1429,"2024-08-21",678,25,816.7,0,816.7,816.7,32.67,1,5,5,"At Risk","Churned","Canned and Packaged Food","Johor Bahru 88 Speedmart","Johor Bahru","Johor"
733,"C0733","Tan Poh Ling","N","Non-Member",,,"2026-05-14",47,10,397.48,0,397.48,397.48,39.75,4,4,4,"Champions","Low Risk","Baby Products","Seremban 88 Speedmart","Seremban","Negeri Sembilan"
734,"C0734","Nurul binti Hamid","N","Normal Member","2022-04-12",1540,"2026-06-12",18,20,1119.5,3.61,1115.89,1115.89,55.79,5,5,5,"Champions","Low Risk","Cooking Essentials","Klang 88 Speedmart","Klang","Selangor"
735,"C0735","Khadijah binti Ishak","N","Normal Member","2022-11-11",1327,"2026-06-03",27,26,850.55,0,850.55,850.55,32.71,5,5,5,"Champions","Low Risk","Cooking Essentials","Ampang 88 Speedmart","Ampang","Selangor"
736,"C0736","Akmal bin Yusof","N","Non-Member",,,"2026-06-20",10,13,776.35,0,776.35,776.35,59.72,5,4,5,"Champions","Low Risk","Cooking Essentials","Klang 88 Speedmart","Klang","Selangor"
737,"C0737","Jannah binti Abdullah","N","Normal Member","2021-04-17",1900,"2026-04-22",69,16,491.61,0,491.61,491.61,30.73,3,5,4,"Loyal Customers","Low Risk","Instant Food","Ipoh 88 Speedmart","Ipoh","Perak"
738,"C0738","Chow Shu Fen","N","Normal Member","2021-09-09",1755,"2025-02-16",499,9,266.9,0,266.9,266.9,29.66,1,3,3,"At Risk","Churned","Frozen Food","George Town 88 Speedmart","George Town","Penang"
739,"C0739","Lee Seng Huat","N","VIP Member","2022-02-06",1605,"2026-06-07",23,7,386.1,0,386.1,386.1,55.16,5,3,4,"Potential Loyal","Low Risk","Frozen Food","Kota Kinabalu 88 Speedmart","Kota Kinabalu","Sabah"
740,"C0740","Ahmad bin Kamal","N","VIP Member","2021-02-19",1957,"2025-11-24",218,27,864.58,0,864.58,864.58,32.02,1,5,5,"At Risk","High Risk","Beverages","Klang 88 Speedmart","Klang","Selangor"
741,"C0741","Felix Jalong","N","Normal Member","2022-09-09",1390,"2026-03-28",94,13,582.07,12.57,569.5,569.5,43.81,2,4,4,"At Risk","Medium Risk","Household Cleaning","Klang 88 Speedmart","Klang","Selangor"
742,"C0742","Low Zhi Hao","N","Normal Member","2021-12-04",1669,"2026-03-15",107,8,430.88,0,430.88,430.88,53.86,2,3,4,"At Risk","Medium Risk","Dairy Products","Seremban 88 Speedmart","Seremban","Negeri Sembilan"
743,"C0743","Jannah binti Ismail","N","Normal Member","2021-09-26",1738,"2026-04-12",79,19,535.69,0,535.69,535.69,28.19,3,5,4,"Loyal Customers","Low Risk","Cooking Essentials","George Town 88 Speedmart","George Town","Penang"
744,"C0744","Ng Seng Huat","N","Normal Member","2021-04-29",1888,"2026-06-20",10,22,559.73,0,559.73,559.73,25.44,5,5,4,"Champions","Low Risk","Personal Care","Johor Bahru 88 Speedmart","Johor Bahru","Johor"
745,"C0745","Fatin binti Mahmud","N","Normal Member","2021-05-03",1884,"2025-06-11",384,6,294.26,0,294.26,294.26,49.04,1,3,3,"At Risk","Churned","Frozen Food","Ampang 88 Speedmart","Ampang","Selangor"
746,"C0746","Hafiz bin Kamal","N","VIP Member","2021-09-02",1762,"2026-05-31",30,23,797.27,0,797.27,797.27,34.66,5,5,5,"Champions","Low Risk","Dairy Products","Klang 88 Speedmart","Klang","Selangor"
747,"C0747","Koh Hui Min","N","Normal Member","2023-02-06",1240,"2026-02-03",147,21,667.86,3.87,663.99,663.99,31.62,2,5,5,"At Risk","Medium Risk","Alcoholic Beverages","Klang 88 Speedmart","Klang","Selangor"
748,"C0748","Low Wan Ting","N","Normal Member","2022-11-16",1322,"2025-12-07",205,18,1117.54,0,1117.54,1117.54,62.09,1,5,5,"At Risk","High Risk","Frozen Food","Johor Bahru 88 Speedmart","Johor Bahru","Johor"
749,"C0749","Goh Kai Jie","N","Non-Member",,,"2025-10-20",253,11,413.98,0,413.98,413.98,37.63,1,4,4,"At Risk","High Risk","Personal Care","Johor Bahru 88 Speedmart","Johor Bahru","Johor"
750,"C0750","Aditi a/p Saraswathy","N","Normal Member","2021-12-02",1671,"2026-01-22",159,29,1141.87,0,1141.87,1141.87,39.37,2,5,5,"At Risk","Medium Risk","Instant Food","Klang 88 Speedmart","Klang","Selangor"
751,"C0751","Fong Boon Hui","N","Normal Member","2022-08-23",1407,"2023-10-25",979,16,436.07,0,436.07,436.07,27.25,1,5,4,"At Risk","Churned","Canned and Packaged Food","Ampang 88 Speedmart","Ampang","Selangor"
752,"C0752","Mardhiah binti Fauzi","N","Normal Member","2021-03-08",1940,"2025-12-15",197,14,379.85,2.58,377.27,377.27,26.95,1,4,4,"At Risk","High Risk","Rice and Grains","Petaling Jaya 88 Speedmart","Petaling Jaya","Selangor"
753,"C0753","Nasir bin Hamid","N","Non-Member",,,"2024-12-22",555,7,192.89,0,192.89,192.89,27.56,1,3,2,"At Risk","Churned","Household Cleaning","Cheras 88 Speedmart","Cheras","Kuala Lumpur"
754,"C0754","Qistina binti Azman","N","Normal Member","2022-10-23",1346,"2025-04-01",455,21,1158.39,0,1158.39,1158.39,55.16,1,5,5,"At Risk","Churned","Rice and Grains","Ipoh 88 Speedmart","Ipoh","Perak"
755,"C0755","Arif bin Ismail","N","Normal Member","2022-04-22",1530,"2023-07-19",1077,12,642.17,2.43,639.74,639.74,53.31,1,4,5,"At Risk","Churned","Snacks and Confectionery","Ampang 88 Speedmart","Ampang","Selangor"
756,"C0756","Kevin a/l Tharmalingam","N","Non-Member",,,"2025-07-06",359,28,844.13,2.01,842.12,842.12,30.08,1,5,5,"At Risk","High Risk","Household Cleaning","Kota Kinabalu 88 Speedmart","Kota Kinabalu","Sabah"
757,"C0757","Khadijah binti Ismail","N","Non-Member",,,"2026-05-23",38,13,734.68,1.41,733.27,733.27,56.41,4,4,5,"Champions","Low Risk","Baby Products","Klang 88 Speedmart","Klang","Selangor"
758,"C0758","Maisarah binti Kamal","N","VIP Member","2021-10-23",1711,"2026-06-01",29,31,1155.16,3.08,1152.08,1152.08,37.16,5,5,5,"Champions","Low Risk","Instant Food","Petaling Jaya 88 Speedmart","Petaling Jaya","Selangor"
759,"C0759","Yeoh Mei Ling","N","Normal Member","2021-11-11",1692,"2024-10-27",611,10,502.73,4.22,498.51,498.51,49.85,1,4,4,"At Risk","Churned","Household Cleaning","Melaka 88 Speedmart","Melaka","Melaka"
760,"C0760","Chew Shu Fen","N","VIP Member","2021-05-19",1868,"2024-12-27",550,10,354.44,0,354.44,354.44,35.44,1,4,4,"At Risk","Churned","Rice and Grains","Ipoh 88 Speedmart","Ipoh","Perak"
761,"C0761","Hana binti Ishak","N","VIP Member","2023-01-01",1276,"2024-08-26",673,6,546.04,0,546.04,546.04,91.01,1,3,4,"At Risk","Churned","Instant Food","Ampang 88 Speedmart","Ampang","Selangor"
762,"C0762","Deepa a/p Pillai","N","Normal Member","2022-09-18",1381,"2025-12-04",208,12,428.95,0,428.95,428.95,35.75,1,4,4,"At Risk","High Risk","Canned and Packaged Food","Petaling Jaya 88 Speedmart","Petaling Jaya","Selangor"
763,"C0763","Wong Chee Keong","N","Normal Member","2022-11-11",1327,"2024-08-02",697,15,929.41,1.74,927.67,927.67,61.84,1,5,5,"At Risk","Churned","Rice and Grains","Ampang 88 Speedmart","Ampang","Selangor"
764,"C0764","Joanne a/p Raj","N","Normal Member","2022-04-03",1549,"2026-02-13",137,11,332.02,0,332.02,332.02,30.18,2,4,3,"At Risk","Medium Risk","Instant Food","Shah Alam 88 Speedmart","Shah Alam","Selangor"
765,"C0765","Chia Siew Chin","N","Normal Member","2022-07-09",1452,"2025-12-18",194,9,319.54,5.82,313.72,313.72,34.86,1,3,3,"At Risk","High Risk","Rice and Grains","Shah Alam 88 Speedmart","Shah Alam","Selangor"
766,"C0766","Kevin Kedit","N","Normal Member","2023-02-17",1229,"2025-08-22",312,16,487.31,0,487.31,487.31,30.46,1,5,4,"At Risk","High Risk","Canned and Packaged Food","Seremban 88 Speedmart","Seremban","Negeri Sembilan"
767,"C0767","Chan Pei Shan","N","Normal Member","2023-02-02",1244,"2024-08-30",669,12,367.28,0,367.28,367.28,30.61,1,4,4,"At Risk","Churned","Cooking Essentials","Cheras 88 Speedmart","Cheras","Kuala Lumpur"
768,"C0768","Chong Hong Sheng","N","Normal Member","2021-05-16",1871,"2025-08-23",311,9,285.7,0,285.7,285.7,31.74,1,3,3,"At Risk","High Risk","Cooking Essentials","Shah Alam 88 Speedmart","Shah Alam","Selangor"
769,"C0769","Elena a/p Chandran","N","Non-Member",,,"2023-11-03",970,5,165.68,0,165.68,165.68,33.14,1,2,2,"Hibernating","Churned","Snacks and Confectionery","Cheras 88 Speedmart","Cheras","Kuala Lumpur"
770,"C0770","Shalini a/p Maniam","N","Non-Member",,,"2026-04-16",75,14,696.1,0,696.1,696.1,49.72,3,4,5,"Loyal Customers","Low Risk","Dairy Products","Shah Alam 88 Speedmart","Shah Alam","Selangor"
771,"C0771","Divya a/p Pillai","N","Non-Member",,,"2025-11-07",235,7,87.04,0,87.04,87.04,12.43,1,3,1,"At Risk","High Risk","Beverages","Shah Alam 88 Speedmart","Shah Alam","Selangor"
772,"C0772","Aditi a/p Kaur","N","Normal Member","2022-11-05",1333,"2026-04-02",89,11,336.08,0,336.08,336.08,30.55,3,4,3,"Loyal Customers","Low Risk","Snacks and Confectionery","Johor Bahru 88 Speedmart","Johor Bahru","Johor"
773,"C0773","Nasir bin Ibrahim","N","VIP Member","2022-09-21",1378,"2026-05-21",40,11,428.99,0,428.99,428.99,39,4,4,4,"Champions","Low Risk","Canned and Packaged Food","Shah Alam 88 Speedmart","Shah Alam","Selangor"
774,"C0774","Aqilah binti Jamal","N","Normal Member","2022-06-20",1471,"2025-07-15",350,13,602.58,3.13,599.45,599.45,46.11,1,4,5,"At Risk","High Risk","Cooking Essentials","Ipoh 88 Speedmart","Ipoh","Perak"
775,"C0775","Nabil bin Mahmud","N","Non-Member",,,"2025-12-04",208,12,312.51,0,312.51,312.51,26.04,1,4,3,"At Risk","High Risk","Cooking Essentials","Ampang 88 Speedmart","Ampang","Selangor"
776,"C0776","Zahir bin Abdullah","N","VIP Member","2021-11-01",1702,"2026-03-02",120,20,734.31,0,734.31,734.31,36.72,2,5,5,"At Risk","Medium Risk","Dairy Products","Johor Bahru 88 Speedmart","Johor Bahru","Johor"
777,"C0777","Farhan bin Daud","N","Non-Member",,,"2024-06-19",741,7,177.56,7.06,170.5,170.5,24.36,1,3,2,"At Risk","Churned","Dairy Products","Ipoh 88 Speedmart","Ipoh","Perak"
778,"C0778","Sonia Janting","N","Non-Member",,,"2026-05-15",46,9,486.17,0,486.17,486.17,54.02,4,3,4,"Potential Loyal","Low Risk","Rice and Grains","Cheras 88 Speedmart","Cheras","Kuala Lumpur"
779,"C0779","Danish bin Fauzi","N","Normal Member","2021-09-04",1760,"2024-10-05",633,2,125.47,0,125.47,125.47,62.74,1,1,2,"Hibernating","Churned","Baby Products","Kuching 88 Speedmart","Kuching","Sarawak"
780,"C0780","Aiman bin Hamid","N","VIP Member","2021-07-24",1802,"2025-12-22",190,6,254.92,1.63,253.29,253.29,42.22,1,3,3,"At Risk","High Risk","Cooking Essentials","Klang 88 Speedmart","Klang","Selangor"
781,"C0781","Raymond a/l Maniam","N","Non-Member",,,"2026-01-03",178,14,454.77,0,454.77,454.77,32.48,2,4,4,"At Risk","Medium Risk","Rice and Grains","Cheras 88 Speedmart","Cheras","Kuala Lumpur"
782,"C0782","Rafiq bin Hassan","N","VIP Member","2021-09-23",1741,"2025-01-20",526,23,1178.12,0,1178.12,1178.12,51.22,1,5,5,"At Risk","Churned","Cooking Essentials","Ampang 88 Speedmart","Ampang","Selangor"
783,"C0783","Letchumy a/p Kaur","N","Non-Member",,,"2025-12-02",210,12,656.8,24.07,632.73,632.73,52.73,1,4,5,"At Risk","High Risk","Rice and Grains","Shah Alam 88 Speedmart","Shah Alam","Selangor"
784,"C0784","Vikram a/l Rajan","N","Normal Member","2021-07-12",1814,"2025-12-23",189,9,337.04,0,337.04,337.04,37.45,1,3,3,"At Risk","High Risk","Rice and Grains","Klang 88 Speedmart","Klang","Selangor"
785,"C0785","Low Kar Yee","N","VIP Member","2022-10-10",1359,"2026-05-18",43,11,302.21,0,302.21,302.21,27.47,4,4,3,"Loyal Customers","Low Risk","Beverages","Johor Bahru 88 Speedmart","Johor Bahru","Johor"
786,"C0786","Chew Zhi Qing","N","VIP Member","2022-01-18",1624,"2025-05-08",418,7,257.54,29.46,228.08,228.08,32.58,1,3,3,"At Risk","Churned","Instant Food","Johor Bahru 88 Speedmart","Johor Bahru","Johor"
787,"C0787","Khalid bin Daud","N","Non-Member",,,"2026-01-27",154,14,537.88,0,537.88,537.88,38.42,2,4,4,"At Risk","Medium Risk","Rice and Grains","Shah Alam 88 Speedmart","Shah Alam","Selangor"
788,"C0788","Jannah binti Jamal","N","Non-Member",,,"2026-02-17",133,24,1177.27,16.93,1160.34,1160.34,48.35,2,5,5,"At Risk","Medium Risk","Rice and Grains","Klang 88 Speedmart","Klang","Selangor"
789,"C0789","Tan Siew Chin","N","Normal Member","2022-11-15",1323,"2026-06-07",23,13,363.71,0,363.71,363.71,27.98,5,4,4,"Champions","Low Risk","Cooking Essentials","Seremban 88 Speedmart","Seremban","Negeri Sembilan"
790,"C0790","Yeoh Li Xuan","N","Normal Member","2022-08-02",1428,"2025-12-06",206,12,761.22,0,761.22,761.22,63.44,1,4,5,"At Risk","High Risk","Beverages","Petaling Jaya 88 Speedmart","Petaling Jaya","Selangor"
791,"C0791","Meera a/p Chandran","N","Normal Member","2022-02-13",1598,"2025-01-08",538,9,399.32,0,399.32,399.32,44.37,1,3,4,"At Risk","Churned","Canned and Packaged Food","Shah Alam 88 Speedmart","Shah Alam","Selangor"
792,"C0792","Kavitha a/p Rajan","N","VIP Member","2021-03-24",1924,"2025-11-03",239,8,252,0,252,252,31.5,1,3,3,"At Risk","High Risk","Beverages","Seremban 88 Speedmart","Seremban","Negeri Sembilan"
793,"C0793","Farhan bin Ibrahim","N","Non-Member",,,"2024-11-15",592,25,694.56,11.57,682.99,682.99,27.32,1,5,5,"At Risk","Churned","Baby Products","Cheras 88 Speedmart","Cheras","Kuala Lumpur"
794,"C0794","Chin Cheng Wei","N","VIP Member","2022-01-03",1639,"2025-09-22",281,10,292.92,0,292.92,292.92,29.29,1,4,3,"At Risk","High Risk","Baby Products","Seremban 88 Speedmart","Seremban","Negeri Sembilan"
795,"C0795","Teoh Yi Chen","N","Normal Member","2021-04-20",1897,"2025-12-13",199,12,678.56,0,678.56,678.56,56.55,1,4,5,"At Risk","High Risk","Instant Food","George Town 88 Speedmart","George Town","Penang"
796,"C0796","Nabil bin Azman","N","Non-Member",,,"2025-02-02",513,6,336.82,10.85,325.97,325.97,54.33,1,3,3,"At Risk","Churned","Rice and Grains","Ipoh 88 Speedmart","Ipoh","Perak"
797,"C0797","Khalid bin Kamal","N","Non-Member",,,"2024-06-13",747,12,588.71,0,588.71,588.71,49.06,1,4,5,"At Risk","Churned","Alcoholic Beverages","Ipoh 88 Speedmart","Ipoh","Perak"
798,"C0798","Imran bin Azman","N","VIP Member","2023-01-23",1254,"2026-01-12",169,23,693.26,0,693.26,693.26,30.14,2,5,5,"At Risk","Medium Risk","Cooking Essentials","George Town 88 Speedmart","George Town","Penang"
799,"C0799","Chong Seng Huat","N","VIP Member","2022-07-12",1449,"2025-10-31",242,23,890.77,0,890.77,890.77,38.73,1,5,5,"At Risk","High Risk","Personal Care","Shah Alam 88 Speedmart","Shah Alam","Selangor"
800,"C0800","Intan binti Basri","N","Normal Member","2022-09-07",1392,"2026-05-07",54,7,383.44,0,383.44,383.44,54.78,4,3,4,"Potential Loyal","Low Risk","Cooking Essentials","Ampang 88 Speedmart","Ampang","Selangor"
801,"C0801","Khalid bin Yusof","N","Normal Member","2021-10-20",1714,"2025-01-20",526,15,385.85,2.65,383.2,383.2,25.55,1,5,4,"At Risk","Churned","Rice and Grains","Cheras 88 Speedmart","Cheras","Kuala Lumpur"
802,"C0802","Yeoh Wei Lun","N","Normal Member","2021-10-14",1720,"2025-08-24",310,9,385.2,0,385.2,385.2,42.8,1,3,4,"At Risk","High Risk","Household Cleaning","Klang 88 Speedmart","Klang","Selangor"
803,"C0803","Deepa a/p Saraswathy","N","Non-Member",,,"2024-01-01",911,6,115.37,0,115.37,115.37,19.23,1,3,2,"At Risk","Churned","Frozen Food","Kuching 88 Speedmart","Kuching","Sarawak"
804,"C0804","Ananya a/p Krishnan","N","Normal Member","2022-12-08",1300,"2026-03-03",119,12,591.49,4.89,586.6,586.6,48.88,2,4,5,"At Risk","Medium Risk","Rice and Grains","Kota Kinabalu 88 Speedmart","Kota Kinabalu","Sabah"
805,"C0805","Syahirah binti Yusof","N","Non-Member",,,"2025-07-02",363,5,102.3,0,102.3,102.3,20.46,1,2,2,"Hibernating","High Risk","Household Cleaning","Johor Bahru 88 Speedmart","Johor Bahru","Johor"
806,"C0806","Ishaan bin Ismail","N","VIP Member","2023-01-28",1249,"2024-04-21",800,10,637.62,0,637.62,637.62,63.76,1,4,5,"At Risk","Churned","Rice and Grains","Shah Alam 88 Speedmart","Shah Alam","Selangor"
807,"C0807","Khalid bin Jamal","N","Normal Member","2021-11-05",1698,"2025-08-18",316,11,449.57,0,449.57,449.57,40.87,1,4,4,"At Risk","High Risk","Personal Care","Petaling Jaya 88 Speedmart","Petaling Jaya","Selangor"
808,"C0808","Raymond Mawan","N","VIP Member","2021-05-07",1880,"2025-06-04",391,19,524.74,1.13,523.61,523.61,27.56,1,5,4,"At Risk","Churned","Baby Products","Shah Alam 88 Speedmart","Shah Alam","Selangor"
809,"C0809","Nabilah binti Mahmud","N","VIP Member","2022-06-09",1482,"2026-04-24",67,10,441.72,8.36,433.36,433.36,43.34,3,4,4,"Loyal Customers","Low Risk","Personal Care","Ipoh 88 Speedmart","Ipoh","Perak"
810,"C0810","Akmal bin Fauzi","N","Non-Member",,,"2024-02-27",854,8,384.33,0,384.33,384.33,48.04,1,3,4,"At Risk","Churned","Baby Products","Shah Alam 88 Speedmart","Shah Alam","Selangor"
811,"C0811","Divya a/p Raman","N","Normal Member","2022-05-08",1514,"2025-12-18",194,10,380.28,1.87,378.41,378.41,37.84,1,4,4,"At Risk","High Risk","Baby Products","Cheras 88 Speedmart","Cheras","Kuala Lumpur"
812,"C0812","Qistina binti Zainal","N","Normal Member","2022-06-04",1487,"2026-02-18",132,17,734.81,0,734.81,734.81,43.22,2,5,5,"At Risk","Medium Risk","Cooking Essentials","Ampang 88 Speedmart","Ampang","Selangor"
813,"C0813","Mardhiah binti Daud","N","Non-Member",,,"2026-03-31",91,18,608.06,3.84,604.22,604.22,33.57,2,5,5,"At Risk","Medium Risk","Snacks and Confectionery","Ampang 88 Speedmart","Ampang","Selangor"
814,"C0814","Goh Zi Xuan","N","Normal Member","2021-05-25",1862,"2025-12-10",202,23,872.76,4.14,868.62,868.62,37.77,1,5,5,"At Risk","High Risk","Canned and Packaged Food","Johor Bahru 88 Speedmart","Johor Bahru","Johor"
815,"C0815","Adilah binti Ismail","N","Normal Member","2022-11-24",1314,"2025-06-14",381,8,229.35,1.68,227.67,227.67,28.46,1,3,3,"At Risk","Churned","Dairy Products","Klang 88 Speedmart","Klang","Selangor"
816,"C0816","Chow Zhi Hao","N","Normal Member","2023-02-12",1234,"2025-10-13",260,15,630.34,0,630.34,630.34,42.02,1,5,5,"At Risk","High Risk","Dairy Products","Cheras 88 Speedmart","Cheras","Kuala Lumpur"
817,"C0817","Aisyah binti Jamal","N","Normal Member","2022-03-27",1556,"2025-12-18",194,9,314.88,0,314.88,314.88,34.99,1,3,3,"At Risk","High Risk","Cooking Essentials","George Town 88 Speedmart","George Town","Penang"
818,"C0818","Aqilah binti Razak","N","Non-Member",,,"2025-07-21",344,9,501.35,0,501.35,501.35,55.71,1,3,4,"At Risk","High Risk","Rice and Grains","Petaling Jaya 88 Speedmart","Petaling Jaya","Selangor"
819,"C0819","Qistina binti Hassan","N","Normal Member","2021-08-01",1794,"2024-11-25",582,6,278.21,0,278.21,278.21,46.37,1,3,3,"At Risk","Churned","Alcoholic Beverages","George Town 88 Speedmart","George Town","Penang"
820,"C0820","Hakim bin Razak","N","Normal Member","2021-05-24",1863,"2025-01-27",519,9,402.86,0,402.86,402.86,44.76,1,3,4,"At Risk","Churned","Rice and Grains","Seremban 88 Speedmart","Seremban","Negeri Sembilan"
821,"C0821","Luqman bin Ismail","N","Non-Member",,,"2026-05-14",47,11,465.48,0,465.48,465.48,42.32,4,4,4,"Champions","Low Risk","Canned and Packaged Food","Seremban 88 Speedmart","Seremban","Negeri Sembilan"
822,"C0822","Chew Shi Hao","N","Normal Member","2022-02-08",1603,"2025-01-29",517,19,527.34,2.28,525.06,525.06,27.63,1,5,4,"At Risk","Churned","Canned and Packaged Food","Cheras 88 Speedmart","Cheras","Kuala Lumpur"
823,"C0823","Irfan bin Abdullah","N","Normal Member","2022-11-24",1314,"2024-12-11",566,9,314.78,0,314.78,314.78,34.98,1,3,3,"At Risk","Churned","Beverages","Cheras 88 Speedmart","Cheras","Kuala Lumpur"
824,"C0824","Darren Rantai","N","Non-Member",,,"2025-04-21",435,7,361.89,0,361.89,361.89,51.7,1,3,4,"At Risk","Churned","Stationery and Daily Needs","Cheras 88 Speedmart","Cheras","Kuala Lumpur"
825,"C0825","Low Kai Xin","N","Normal Member","2022-07-28",1433,"2025-11-26",216,16,431.98,0,431.98,431.98,27,1,5,4,"At Risk","High Risk","Rice and Grains","Petaling Jaya 88 Speedmart","Petaling Jaya","Selangor"
826,"C0826","Chan Hui Ying","N","VIP Member","2021-12-10",1663,"2026-06-02",28,11,502.98,0,502.98,502.98,45.73,5,4,4,"Champions","Low Risk","Canned and Packaged Food","Melaka 88 Speedmart","Melaka","Melaka"
827,"C0827","Chow Li Xuan","N","Normal Member","2021-07-02",1824,"2026-02-13",137,12,404.55,0,404.55,404.55,33.71,2,4,4,"At Risk","Medium Risk","Cooking Essentials","Petaling Jaya 88 Speedmart","Petaling Jaya","Selangor"
828,"C0828","Kavitha a/p Murugan","N","VIP Member","2022-08-18",1412,"2025-12-12",200,11,316.61,23.41,293.2,293.2,26.65,1,4,3,"At Risk","High Risk","Personal Care","Ipoh 88 Speedmart","Ipoh","Perak"
829,"C0829","Aditi a/p Chandran","N","Normal Member","2022-01-19",1623,"2025-11-03",239,10,416.8,20.67,396.13,396.13,39.61,1,4,4,"At Risk","High Risk","Rice and Grains","George Town 88 Speedmart","George Town","Penang"
830,"C0830","Deepa a/p Rajan","N","Normal Member","2021-05-09",1878,"2025-12-21",191,12,524.21,0,524.21,524.21,43.68,1,4,4,"At Risk","High Risk","Personal Care","George Town 88 Speedmart","George Town","Penang"
831,"C0831","Ivan a/l Krishnan","N","Non-Member",,,"2025-06-30",365,20,996.15,13.6,982.55,982.55,49.13,1,5,5,"At Risk","High Risk","Baby Products","Klang 88 Speedmart","Klang","Selangor"
832,"C0832","Chow Yi Chen","N","Normal Member","2021-08-18",1777,"2026-01-03",178,19,572.85,0,572.85,572.85,30.15,2,5,5,"At Risk","Medium Risk","Canned and Packaged Food","George Town 88 Speedmart","George Town","Penang"
833,"C0833","Divya a/p Pillai","N","Non-Member",,,"2025-05-29",397,18,440.74,0,440.74,440.74,24.49,1,5,4,"At Risk","Churned","Canned and Packaged Food","Ipoh 88 Speedmart","Ipoh","Perak"
834,"C0834","Syafiq bin Daud","N","Normal Member","2021-05-26",1861,"2024-06-13",747,6,237.57,0,237.57,237.57,39.6,1,3,3,"At Risk","Churned","Instant Food","Klang 88 Speedmart","Klang","Selangor"
835,"C0835","Hana binti Nasir","N","Normal Member","2023-03-23",1195,"2026-01-26",155,7,213.07,0,213.07,213.07,30.44,2,3,3,"At Risk","Medium Risk","Canned and Packaged Food","Klang 88 Speedmart","Klang","Selangor"
836,"C0836","Chan Yi Chen","N","VIP Member","2022-09-26",1373,"2026-01-19",162,4,132.82,0,132.82,132.82,33.21,2,2,2,"Hibernating","Medium Risk","Canned and Packaged Food","Johor Bahru 88 Speedmart","Johor Bahru","Johor"
837,"C0837","Farhan bin Ahmad","N","Normal Member","2022-04-17",1535,"2026-01-11",170,8,447.7,0,447.7,447.7,55.96,2,3,4,"At Risk","Medium Risk","Canned and Packaged Food","Klang 88 Speedmart","Klang","Selangor"
838,"C0838","Jannah binti Ismail","N","Normal Member","2021-08-24",1771,"2026-06-21",9,13,400.5,0,400.5,400.5,30.81,5,4,4,"Champions","Low Risk","Cooking Essentials","Seremban 88 Speedmart","Seremban","Negeri Sembilan"
839,"C0839","Nabilah binti Ismail","N","Normal Member","2022-11-22",1316,"2026-05-04",57,11,421.73,0,421.73,421.73,38.34,4,4,4,"Champions","Low Risk","Cooking Essentials","Seremban 88 Speedmart","Seremban","Negeri Sembilan"
840,"C0840","Rahul a/l Rajan","N","Normal Member","2021-07-18",1808,"2025-04-04",452,8,531.56,0,531.56,531.56,66.45,1,3,4,"At Risk","Churned","Cooking Essentials","Shah Alam 88 Speedmart","Shah Alam","Selangor"
841,"C0841","Akmal bin Basri","N","Normal Member","2021-10-18",1716,"2025-06-21",374,7,288.37,0,288.37,288.37,41.2,1,3,3,"At Risk","Churned","Personal Care","Johor Bahru 88 Speedmart","Johor Bahru","Johor"
842,"C0842","Victor Sagang","N","Normal Member","2022-06-27",1464,"2025-11-08",234,11,517.52,4.34,513.18,513.18,46.65,1,4,4,"At Risk","High Risk","Frozen Food","Kota Kinabalu 88 Speedmart","Kota Kinabalu","Sabah"
843,"C0843","Rafiq bin Yusof","N","Normal Member","2023-03-20",1198,"2023-12-06",937,5,142.89,0,142.89,142.89,28.58,1,2,2,"Hibernating","Churned","Canned and Packaged Food","Shah Alam 88 Speedmart","Shah Alam","Selangor"
844,"C0844","Amir bin Yusof","N","Normal Member","2022-01-19",1623,"2023-05-22",1135,6,423.56,0,423.56,423.56,70.59,1,3,4,"At Risk","Churned","Frozen Food","Melaka 88 Speedmart","Melaka","Melaka"
845,"C0845","Sanjay a/l Rao","N","VIP Member","2021-07-09",1817,"2025-12-03",209,32,1025.91,0,1025.91,1025.91,32.06,1,5,5,"At Risk","High Risk","Rice and Grains","Klang 88 Speedmart","Klang","Selangor"
846,"C0846","Farhan bin Basri","N","Normal Member","2023-02-05",1241,"2024-06-19",741,8,414.57,0,414.57,414.57,51.82,1,3,4,"At Risk","Churned","Personal Care","Klang 88 Speedmart","Klang","Selangor"
847,"C0847","Chong Zhi Qing","N","Normal Member","2021-11-06",1697,"2025-03-23",464,8,179.93,0,179.93,179.93,22.49,1,3,2,"At Risk","Churned","Dairy Products","Petaling Jaya 88 Speedmart","Petaling Jaya","Selangor"
848,"C0848","Sabrina binti Razak","N","Normal Member","2021-09-28",1736,"2025-11-05",237,10,330.52,1.75,328.77,328.77,32.88,1,4,3,"At Risk","High Risk","Personal Care","Seremban 88 Speedmart","Seremban","Negeri Sembilan"
849,"C0849","Zara binti Mahmud","N","Non-Member",,,"2025-08-17",317,10,385.38,0,385.38,385.38,38.54,1,4,4,"At Risk","High Risk","Household Cleaning","Petaling Jaya 88 Speedmart","Petaling Jaya","Selangor"
850,"C0850","Ivan a/l Rao","N","Normal Member","2022-04-21",1531,"2026-03-22",100,22,650.29,39.57,610.72,610.72,27.76,2,5,5,"At Risk","Medium Risk","Cooking Essentials","Petaling Jaya 88 Speedmart","Petaling Jaya","Selangor"
851,"C0851","Koh Poh Ling","N","Non-Member",,,"2025-08-31",303,9,282.88,0,282.88,282.88,31.43,1,3,3,"At Risk","High Risk","Rice and Grains","Melaka 88 Speedmart","Melaka","Melaka"
852,"C0852","Danish bin Abdullah","N","Normal Member","2021-06-26",1830,"2025-08-24",310,17,349.68,7.56,342.12,342.12,20.12,1,5,3,"At Risk","High Risk","Cooking Essentials","Cheras 88 Speedmart","Cheras","Kuala Lumpur"
853,"C0853","Wong Zi Xuan","N","Normal Member","2022-11-13",1325,"2025-06-14",381,7,314.28,0,314.28,314.28,44.9,1,3,3,"At Risk","Churned","Beverages","Petaling Jaya 88 Speedmart","Petaling Jaya","Selangor"
854,"C0854","Lim Shu Fen","N","Non-Member",,,"2024-10-04",634,19,592.93,0,592.93,592.93,31.21,1,5,5,"At Risk","Churned","Snacks and Confectionery","Ampang 88 Speedmart","Ampang","Selangor"
855,"C0855","Ishaan bin Zainal","N","Normal Member","2021-12-18",1655,"2026-03-14",108,10,433.39,0,433.39,433.39,43.34,2,4,4,"At Risk","Medium Risk","Rice and Grains","Petaling Jaya 88 Speedmart","Petaling Jaya","Selangor"
856,"C0856","Loh Siew Hong","N","Non-Member",,,"2024-12-08",569,20,881.09,0,881.09,881.09,44.05,1,5,5,"At Risk","Churned","Dairy Products","Melaka 88 Speedmart","Melaka","Melaka"
857,"C0857","Aqilah binti Abdullah","N","Non-Member",,,"2025-09-05",298,8,373.96,1.84,372.12,372.12,46.52,1,3,4,"At Risk","High Risk","Rice and Grains","Petaling Jaya 88 Speedmart","Petaling Jaya","Selangor"
858,"C0858","Chong Jia Wei","N","Normal Member","2022-02-18",1593,"2025-08-28",306,22,747,0,747,747,33.95,1,5,5,"At Risk","High Risk","Canned and Packaged Food","George Town 88 Speedmart","George Town","Penang"
859,"C0859","Rafiq bin Kamal","N","Non-Member",,,"2026-04-12",79,11,503.44,0,503.44,503.44,45.77,3,4,4,"Loyal Customers","Low Risk","Dairy Products","Petaling Jaya 88 Speedmart","Petaling Jaya","Selangor"
860,"C0860","Chia Jun Hao","N","Normal Member","2022-09-14",1385,"2024-04-19",802,20,544.23,3.6,540.63,540.63,27.03,1,5,4,"At Risk","Churned","Cooking Essentials","George Town 88 Speedmart","George Town","Penang"
861,"C0861","Ishaan bin Azman","N","Non-Member",,,"2026-06-06",24,34,955.48,0,955.48,955.48,28.1,5,5,5,"Champions","Low Risk","Cooking Essentials","Johor Bahru 88 Speedmart","Johor Bahru","Johor"
862,"C0862","Koh Zhi Hao","N","Normal Member","2022-06-04",1487,"2024-05-29",762,7,195.57,0,195.57,195.57,27.94,1,3,2,"At Risk","Churned","Rice and Grains","Ipoh 88 Speedmart","Ipoh","Perak"
863,"C0863","Arif bin Omar","N","Normal Member","2021-11-16",1687,"2025-06-17",378,9,235.76,0,235.76,235.76,26.2,1,3,3,"At Risk","Churned","Beverages","Ampang 88 Speedmart","Ampang","Selangor"
864,"C0864","Nabilah binti Basri","N","Non-Member",,,"2026-06-06",24,13,784.24,0,784.24,784.24,60.33,5,4,5,"Champions","Low Risk","Beverages","George Town 88 Speedmart","George Town","Penang"
865,"C0865","Siti binti Zainal","N","Normal Member","2022-05-09",1513,"2025-11-27",215,16,660.68,0,660.68,660.68,41.29,1,5,5,"At Risk","High Risk","Rice and Grains","Ipoh 88 Speedmart","Ipoh","Perak"
866,"C0866","Jannah binti Nasir","N","Normal Member","2022-06-09",1482,"2024-12-30",547,14,422.5,0,422.5,422.5,30.18,1,4,4,"At Risk","Churned","Frozen Food","Ampang 88 Speedmart","Ampang","Selangor"
867,"C0867","Arjun a/l Suresh","N","Non-Member",,,"2026-01-14",167,8,193.25,0,193.25,193.25,24.16,2,3,2,"At Risk","Medium Risk","Cooking Essentials","Ampang 88 Speedmart","Ampang","Selangor"
868,"C0868","Akmal bin Nasir","N","VIP Member","2023-01-11",1266,"2024-07-09",721,6,187.01,0,187.01,187.01,31.17,1,3,2,"At Risk","Churned","Beverages","Johor Bahru 88 Speedmart","Johor Bahru","Johor"
869,"C0869","Mardhiah binti Azman","N","Normal Member","2022-08-17",1413,"2026-06-07",23,11,446.96,0,446.96,446.96,40.63,5,4,4,"Champions","Low Risk","Cooking Essentials","Cheras 88 Speedmart","Cheras","Kuala Lumpur"
870,"C0870","Fatin binti Mahmud","N","Normal Member","2023-01-17",1260,"2025-09-12",291,12,637.89,0,637.89,637.89,53.16,1,4,5,"At Risk","High Risk","Rice and Grains","Kota Kinabalu 88 Speedmart","Kota Kinabalu","Sabah"
871,"C0871","Ong Ching Yee","N","Non-Member",,,"2024-10-31",607,6,288.93,0,288.93,288.93,48.16,1,3,3,"At Risk","Churned","Baby Products","George Town 88 Speedmart","George Town","Penang"
872,"C0872","Zahir bin Zainal","N","VIP Member","2022-08-25",1405,"2025-11-07",235,9,399.59,0,399.59,399.59,44.4,1,3,4,"At Risk","High Risk","Rice and Grains","Cheras 88 Speedmart","Cheras","Kuala Lumpur"
873,"C0873","Dev a/l Rao","N","Normal Member","2022-12-05",1303,"2026-02-19",131,11,229.09,0,229.09,229.09,20.83,2,4,3,"At Risk","Medium Risk","Frozen Food","Shah Alam 88 Speedmart","Shah Alam","Selangor"
874,"C0874","Akmal bin Daud","N","Normal Member","2021-08-30",1765,"2023-12-20",923,7,332.99,0,332.99,332.99,47.57,1,3,3,"At Risk","Churned","Rice and Grains","Seremban 88 Speedmart","Seremban","Negeri Sembilan"
875,"C0875","Ishaan bin Omar","N","Normal Member","2023-04-12",1175,"2026-04-27",64,6,265.74,0,265.74,265.74,44.29,3,3,3,"Need Attention","Low Risk","Baby Products","Seremban 88 Speedmart","Seremban","Negeri Sembilan"
876,"C0876","Luqman bin Hassan","N","VIP Member","2021-05-18",1869,"2025-12-24",188,9,358.53,0,358.53,358.53,39.84,1,3,4,"At Risk","High Risk","Dairy Products","Ipoh 88 Speedmart","Ipoh","Perak"
877,"C0877","Intan binti Abdullah","N","Normal Member","2022-05-10",1512,"2026-05-14",47,9,408.5,0,408.5,408.5,45.39,4,3,4,"Potential Loyal","Low Risk","Beverages","Shah Alam 88 Speedmart","Shah Alam","Selangor"
878,"C0878","Yeoh Hui Min","N","Normal Member","2022-06-15",1476,"2026-06-26",4,20,1091.55,0,1091.55,1091.55,54.58,5,5,5,"Champions","Low Risk","Rice and Grains","Cheras 88 Speedmart","Cheras","Kuala Lumpur"
879,"C0879","Chan Jia Wei","N","Normal Member","2022-08-17",1413,"2026-06-03",27,10,563.32,0,563.32,563.32,56.33,5,4,4,"Champions","Low Risk","Personal Care","Johor Bahru 88 Speedmart","Johor Bahru","Johor"
880,"C0880","Lim Ai Ling","N","Normal Member","2022-08-20",1410,"2026-03-24",98,9,293.76,1.47,292.29,292.29,32.48,2,3,3,"At Risk","Medium Risk","Dairy Products","Kuching 88 Speedmart","Kuching","Sarawak"
881,"C0881","Jannah binti Kamal","N","Non-Member",,,"2025-01-15",531,8,322.79,0,322.79,322.79,40.35,1,3,3,"At Risk","Churned","Rice and Grains","Ipoh 88 Speedmart","Ipoh","Perak"
882,"C0882","Amir bin Ibrahim","N","Normal Member","2021-10-03",1731,"2025-04-10",446,15,522.63,0,522.63,522.63,34.84,1,5,4,"At Risk","Churned","Rice and Grains","Cheras 88 Speedmart","Cheras","Kuala Lumpur"
883,"C0883","Khadijah binti Ahmad","N","Non-Member",,,"2025-10-04",269,19,1032.69,9.44,1023.25,1023.25,53.86,1,5,5,"At Risk","High Risk","Household Cleaning","Cheras 88 Speedmart","Cheras","Kuala Lumpur"
884,"C0884","Aiman bin Basri","N","Non-Member",,,"2026-02-15",135,10,240.15,0,240.15,240.15,24.02,2,4,3,"At Risk","Medium Risk","Household Cleaning","Melaka 88 Speedmart","Melaka","Melaka"
885,"C0885","Mardhiah binti Zainal","N","Non-Member",,,"2026-06-12",18,15,566.13,4.23,561.9,561.9,37.46,5,5,4,"Champions","Low Risk","Dairy Products","Klang 88 Speedmart","Klang","Selangor"
886,"C0886","Akmal bin Kamal","N","Non-Member",,,"2026-03-14",108,19,891.23,6.18,885.05,885.05,46.58,2,5,5,"At Risk","Medium Risk","Rice and Grains","Klang 88 Speedmart","Klang","Selangor"
887,"C0887","Arif bin Mahmud","N","Non-Member",,,"2025-06-03",392,8,403.46,0,403.46,403.46,50.43,1,3,4,"At Risk","Churned","Cooking Essentials","Seremban 88 Speedmart","Seremban","Negeri Sembilan"
888,"C0888","Luqman bin Abdullah","N","Non-Member",,,"2025-12-12",200,15,323.28,0,323.28,323.28,21.55,1,5,3,"At Risk","High Risk","Baby Products","Shah Alam 88 Speedmart","Shah Alam","Selangor"
889,"C0889","Rafiq bin Salleh","N","Non-Member",,,"2026-06-07",23,17,743.72,4.36,739.36,739.36,43.49,5,5,5,"Champions","Low Risk","Canned and Packaged Food","Ampang 88 Speedmart","Ampang","Selangor"
890,"C0890","Wong Boon Hui","N","Normal Member","2021-09-23",1741,"2026-03-22",100,6,189.19,0,189.19,189.19,31.53,2,3,2,"At Risk","Medium Risk","Cooking Essentials","Cheras 88 Speedmart","Cheras","Kuala Lumpur"
891,"C0891","Nasir bin Ahmad","N","Normal Member","2022-09-09",1390,"2026-06-05",25,19,840.95,1.89,839.06,839.06,44.16,5,5,5,"Champions","Low Risk","Cooking Essentials","Shah Alam 88 Speedmart","Shah Alam","Selangor"
892,"C0892","Sonia a/p Letchumy","N","Non-Member",,,"2024-12-06",571,9,332.22,0,332.22,332.22,36.91,1,3,3,"At Risk","Churned","Rice and Grains","Cheras 88 Speedmart","Cheras","Kuala Lumpur"
893,"C0893","Nabilah binti Ishak","N","VIP Member","2022-04-24",1528,"2026-05-11",50,7,333.58,0,333.58,333.58,47.65,4,3,3,"Potential Loyal","Low Risk","Personal Care","Seremban 88 Speedmart","Seremban","Negeri Sembilan"
894,"C0894","Clarissa a/p Rao","N","Normal Member","2021-06-16",1840,"2024-09-20",648,16,918.83,0,918.83,918.83,57.43,1,5,5,"At Risk","Churned","Baby Products","Klang 88 Speedmart","Klang","Selangor"
895,"C0895","Zara binti Nasir","N","VIP Member","2022-01-04",1638,"2025-07-30",335,8,405.97,0,405.97,405.97,50.75,1,3,4,"At Risk","High Risk","Cooking Essentials","Seremban 88 Speedmart","Seremban","Negeri Sembilan"
896,"C0896","Nabil bin Yusof","N","Non-Member",,,"2023-12-11",932,14,715.17,0,715.17,715.17,51.08,1,4,5,"At Risk","Churned","Rice and Grains","Seremban 88 Speedmart","Seremban","Negeri Sembilan"
897,"C0897","Khalid bin Mahmud","N","Normal Member","2022-02-27",1584,"2024-05-29",762,13,605.68,0,605.68,605.68,46.59,1,4,5,"At Risk","Churned","Frozen Food","Seremban 88 Speedmart","Seremban","Negeri Sembilan"
898,"C0898","Priya a/p Pillai","N","Non-Member",,,"2026-02-12",138,14,643.27,0,643.27,643.27,45.95,2,4,5,"At Risk","Medium Risk","Canned and Packaged Food","Melaka 88 Speedmart","Melaka","Melaka"
899,"C0899","Ivan Giman","N","VIP Member","2021-10-01",1733,"2026-02-13",137,6,300.75,0,300.75,300.75,50.13,2,3,3,"At Risk","Medium Risk","Cooking Essentials","Shah Alam 88 Speedmart","Shah Alam","Selangor"
900,"C0900","Maisarah binti Razak","N","VIP Member","2022-06-17",1474,"2024-12-21",556,7,215.98,0,215.98,215.98,30.85,1,3,3,"At Risk","Churned","Personal Care","Ampang 88 Speedmart","Ampang","Selangor"
901,"C0901","Arjun a/l Krishnan","N","Normal Member","2022-08-09",1421,"2022-12-30",1278,3,69.6,0,69.6,69.6,23.2,1,1,1,"Hibernating","Churned","Dairy Products","Cheras 88 Speedmart","Cheras","Kuala Lumpur"
902,"C0902","Teoh Kai Jie","N","Normal Member","2022-11-02",1336,"2026-05-24",37,13,834.53,0,834.53,834.53,64.19,4,4,5,"Champions","Low Risk","Premium Items","Ipoh 88 Speedmart","Ipoh","Perak"
903,"C0903","Liyana binti Abdullah","N","Normal Member","2021-09-13",1751,"2026-05-12",49,26,1347.48,5.78,1341.7,1341.7,51.6,4,5,5,"Champions","Low Risk","Rice and Grains","Cheras 88 Speedmart","Cheras","Kuala Lumpur"
904,"C0904","Nabil bin Yusof","N","Non-Member",,,"2024-03-18",834,7,274.75,0,274.75,274.75,39.25,1,3,3,"At Risk","Churned","Personal Care","Johor Bahru 88 Speedmart","Johor Bahru","Johor"
905,"C0905","Khalid bin Basri","N","Normal Member","2022-01-23",1619,"2025-09-05",298,7,175.35,0,175.35,175.35,25.05,1,3,2,"At Risk","High Risk","Dairy Products","George Town 88 Speedmart","George Town","Penang"
906,"C0906","Farah binti Salleh","N","Normal Member","2022-09-30",1369,"2026-04-22",69,8,299.7,10.73,288.97,288.97,36.12,3,3,3,"Need Attention","Low Risk","Dairy Products","Klang 88 Speedmart","Klang","Selangor"
907,"C0907","Lakshmi a/p Kaur","N","Normal Member","2021-09-26",1738,"2024-12-12",565,8,358.55,0,358.55,358.55,44.82,1,3,4,"At Risk","Churned","Personal Care","Klang 88 Speedmart","Klang","Selangor"
908,"C0908","Arif bin Azman","N","VIP Member","2022-03-06",1577,"2026-06-09",21,10,279.22,2.45,276.77,276.77,27.68,5,4,3,"Loyal Customers","Low Risk","Rice and Grains","Ipoh 88 Speedmart","Ipoh","Perak"
909,"C0909","Fong Seng Huat","N","Non-Member",,,"2025-10-30",243,9,233.52,0,233.52,233.52,25.95,1,3,3,"At Risk","High Risk","Frozen Food","Ipoh 88 Speedmart","Ipoh","Perak"
910,"C0910","Maisarah binti Nasir","N","Normal Member","2022-03-13",1570,"2026-05-18",43,10,586.41,0,586.41,586.41,58.64,4,4,5,"Champions","Low Risk","Rice and Grains","Johor Bahru 88 Speedmart","Johor Bahru","Johor"
911,"C0911","Intan binti Basri","N","VIP Member","2022-05-29",1493,"2023-01-09",1268,3,236.85,0,236.85,236.85,78.95,1,1,3,"Lost","Churned","Canned and Packaged Food","Petaling Jaya 88 Speedmart","Petaling Jaya","Selangor"
912,"C0912","Elena a/p Krishnan","N","Normal Member","2022-10-17",1352,"2024-08-29",670,6,222.17,0,222.17,222.17,37.03,1,3,3,"At Risk","Churned","Canned and Packaged Food","Ipoh 88 Speedmart","Ipoh","Perak"
913,"C0913","Low Seng Huat","N","Normal Member","2022-06-15",1476,"2026-05-08",53,10,202.76,0,202.76,202.76,20.28,4,4,3,"Loyal Customers","Low Risk","Canned and Packaged Food","Melaka 88 Speedmart","Melaka","Melaka"
914,"C0914","Ahmad bin Azman","N","Normal Member","2021-08-31",1764,"2026-02-08",142,6,154.14,5.68,148.46,148.46,24.74,2,3,2,"At Risk","Medium Risk","Beverages","Cheras 88 Speedmart","Cheras","Kuala Lumpur"
915,"C0915","Ng Zhi Qing","N","Normal Member","2022-03-06",1577,"2024-12-07",570,16,361.72,0,361.72,361.72,22.61,1,5,4,"At Risk","Churned","Rice and Grains","Johor Bahru 88 Speedmart","Johor Bahru","Johor"
916,"C0916","Farhan bin Abdullah","N","Non-Member",,,"2026-02-09",141,14,730.11,3.74,726.37,726.37,51.88,2,4,5,"At Risk","Medium Risk","Cooking Essentials","Ipoh 88 Speedmart","Ipoh","Perak"
917,"C0917","Koh Hui Ying","N","Normal Member","2022-02-20",1591,"2025-11-07",235,10,409.88,0,409.88,409.88,40.99,1,4,4,"At Risk","High Risk","Rice and Grains","Shah Alam 88 Speedmart","Shah Alam","Selangor"
918,"C0918","Teoh Siew Hong","N","Normal Member","2022-07-18",1443,"2025-03-23",464,10,448.22,0,448.22,448.22,44.82,1,4,4,"At Risk","Churned","Snacks and Confectionery","Ampang 88 Speedmart","Ampang","Selangor"
919,"C0919","Khadijah binti Ishak","N","Non-Member",,,"2025-10-27",246,7,262.32,0,262.32,262.32,37.47,1,3,3,"At Risk","High Risk","Baby Products","Ampang 88 Speedmart","Ampang","Selangor"
920,"C0920","Nurul binti Kamal","N","Normal Member","2022-05-22",1500,"2025-11-06",236,6,118.94,0,118.94,118.94,19.82,1,3,2,"At Risk","High Risk","Cooking Essentials","Cheras 88 Speedmart","Cheras","Kuala Lumpur"
921,"C0921","Nabilah binti Hamid","N","Non-Member",,,"2025-08-29",305,7,224.53,0,224.53,224.53,32.08,1,3,3,"At Risk","High Risk","Household Cleaning","Johor Bahru 88 Speedmart","Johor Bahru","Johor"
922,"C0922","Sabrina binti Abdullah","N","Normal Member","2023-01-03",1274,"2026-04-24",67,19,750.68,0,750.68,750.68,39.51,3,5,5,"Loyal Customers","Low Risk","Cooking Essentials","Petaling Jaya 88 Speedmart","Petaling Jaya","Selangor"
923,"C0923","Hakim bin Hassan","N","Normal Member","2023-01-01",1276,"2026-02-21",129,15,387.36,0,387.36,387.36,25.82,2,5,4,"At Risk","Medium Risk","Rice and Grains","Johor Bahru 88 Speedmart","Johor Bahru","Johor"
924,"C0924","Danish bin Kamal","N","Normal Member","2022-12-28",1280,"2026-05-13",48,7,209.11,0,209.11,209.11,29.87,4,3,3,"Potential Loyal","Low Risk","Rice and Grains","Cheras 88 Speedmart","Cheras","Kuala Lumpur"
925,"C0925","Nadia binti Yusof","N","Non-Member",,,"2025-01-01",545,13,397.06,0,397.06,397.06,30.54,1,4,4,"At Risk","Churned","Cooking Essentials","Johor Bahru 88 Speedmart","Johor Bahru","Johor"
926,"C0926","Farhan bin Kamal","N","Normal Member","2021-08-27",1768,"2025-08-03",331,11,732.43,4.02,728.41,728.41,66.22,1,4,5,"At Risk","High Risk","Stationery and Daily Needs","George Town 88 Speedmart","George Town","Penang"
927,"C0927","Akmal bin Mahmud","N","VIP Member","2021-06-08",1848,"2023-12-13",930,16,539.65,8.46,531.19,531.19,33.2,1,5,4,"At Risk","Churned","Cooking Essentials","Shah Alam 88 Speedmart","Shah Alam","Selangor"
928,"C0928","Low Wei Lun","N","Non-Member",,,"2026-03-15",107,26,952.29,0,952.29,952.29,36.63,2,5,5,"At Risk","Medium Risk","Cooking Essentials","George Town 88 Speedmart","George Town","Penang"
929,"C0929","Amir bin Jamal","N","Normal Member","2021-10-05",1729,"2025-12-28",184,9,439.33,0,439.33,439.33,48.81,1,3,4,"At Risk","High Risk","Instant Food","Ipoh 88 Speedmart","Ipoh","Perak"
930,"C0930","Nabil bin Azman","N","Non-Member",,,"2024-04-19",802,9,365.87,0,365.87,365.87,40.65,1,3,4,"At Risk","Churned","Cooking Essentials","Ipoh 88 Speedmart","Ipoh","Perak"
931,"C0931","Akmal bin Daud","N","Normal Member","2022-02-01",1610,"2026-04-28",63,22,714.26,6.75,707.51,707.51,32.16,3,5,5,"Loyal Customers","Low Risk","Canned and Packaged Food","Johor Bahru 88 Speedmart","Johor Bahru","Johor"
932,"C0932","Teoh Hong Sheng","N","Normal Member","2023-02-04",1242,"2026-02-15",135,7,325.94,0,325.94,325.94,46.56,2,3,3,"At Risk","Medium Risk","Rice and Grains","Shah Alam 88 Speedmart","Shah Alam","Selangor"
933,"C0933","Mardhiah binti Basri","N","Normal Member","2022-09-05",1394,"2025-02-02",513,5,133.42,0,133.42,133.42,26.68,1,2,2,"Hibernating","Churned","Cooking Essentials","Melaka 88 Speedmart","Melaka","Melaka"
934,"C0934","Natalie a/p Krishnan","N","Normal Member","2022-05-26",1496,"2026-01-20",161,10,252.47,4.59,247.88,247.88,24.79,2,4,3,"At Risk","Medium Risk","Dairy Products","Ampang 88 Speedmart","Ampang","Selangor"
935,"C0935","Nabilah binti Daud","N","Non-Member",,,"2025-10-26",247,4,225.13,0,225.13,225.13,56.28,1,2,3,"Lost","High Risk","Canned and Packaged Food","Shah Alam 88 Speedmart","Shah Alam","Selangor"
936,"C0936","Intan binti Ismail","N","Normal Member","2022-12-02",1306,"2025-11-06",236,8,566.23,0,566.23,566.23,70.78,1,3,4,"At Risk","High Risk","Stationery and Daily Needs","Shah Alam 88 Speedmart","Shah Alam","Selangor"
937,"C0937","Chia Yi Wen","N","Non-Member",,,"2025-05-24",402,7,256.02,0,256.02,256.02,36.57,1,3,3,"At Risk","Churned","Dairy Products","Ipoh 88 Speedmart","Ipoh","Perak"
938,"C0938","Nasir bin Hamid","N","Non-Member",,,"2026-03-10",112,9,489.99,13.97,476.02,476.02,52.89,2,3,4,"At Risk","Medium Risk","Rice and Grains","George Town 88 Speedmart","George Town","Penang"
939,"C0939","Ravi a/l Rajan","N","Normal Member","2023-01-09",1268,"2025-06-25",370,23,869.93,0,869.93,869.93,37.82,1,5,5,"At Risk","Churned","Baby Products","Ampang 88 Speedmart","Ampang","Selangor"
940,"C0940","Danish bin Fauzi","N","Normal Member","2021-06-28",1828,"2024-12-21",556,5,103.12,0,103.12,103.12,20.62,1,2,2,"Hibernating","Churned","Dairy Products","Kuching 88 Speedmart","Kuching","Sarawak"
941,"C0941","Chin Zi Xuan","N","Normal Member","2022-10-21",1348,"2026-03-20",102,8,211.06,0,211.06,211.06,26.38,2,3,3,"At Risk","Medium Risk","Rice and Grains","Johor Bahru 88 Speedmart","Johor Bahru","Johor"
942,"C0942","Aqilah binti Basri","N","VIP Member","2021-09-13",1751,"2024-12-30",547,8,349.94,0,349.94,349.94,43.74,1,3,4,"At Risk","Churned","Rice and Grains","Ipoh 88 Speedmart","Ipoh","Perak"
943,"C0943","Zara binti Ibrahim","N","Normal Member","2023-03-10",1208,"2026-04-21",70,15,510.17,1.43,508.74,508.74,33.92,3,5,4,"Loyal Customers","Low Risk","Beverages","Klang 88 Speedmart","Klang","Selangor"
944,"C0944","Loh Zhi Hao","N","Normal Member","2022-03-29",1554,"2024-07-14",716,11,491.83,0,491.83,491.83,44.71,1,4,4,"At Risk","Churned","Instant Food","Cheras 88 Speedmart","Cheras","Kuala Lumpur"
945,"C0945","Farah binti Salleh","N","Normal Member","2021-10-13",1721,"2026-03-21",101,14,466.27,0,466.27,466.27,33.31,2,4,4,"At Risk","Medium Risk","Rice and Grains","Ipoh 88 Speedmart","Ipoh","Perak"
946,"C0946","Farah binti Hamid","N","VIP Member","2023-01-29",1248,"2025-06-01",394,8,403.88,0,403.88,403.88,50.49,1,3,4,"At Risk","Churned","Dairy Products","Shah Alam 88 Speedmart","Shah Alam","Selangor"
947,"C0947","Lakshmi a/p Letchumy","N","Non-Member",,,"2025-12-28",184,9,202.48,0,202.48,202.48,22.5,1,3,3,"At Risk","High Risk","Rice and Grains","Johor Bahru 88 Speedmart","Johor Bahru","Johor"
948,"C0948","Chew Hong Sheng","N","Non-Member",,,"2026-06-29",1,21,1019.85,0,1019.85,1019.85,48.56,5,5,5,"Champions","Low Risk","Household Cleaning","George Town 88 Speedmart","George Town","Penang"
949,"C0949","Akmal bin Yusof","N","Normal Member","2022-05-22",1500,"2025-10-05",268,17,503.08,5.76,497.32,497.32,29.25,1,5,4,"At Risk","High Risk","Frozen Food","Petaling Jaya 88 Speedmart","Petaling Jaya","Selangor"
950,"C0950","Zara binti Ibrahim","N","VIP Member","2022-12-06",1302,"2025-04-25",431,27,983.58,0,983.58,983.58,36.43,1,5,5,"At Risk","Churned","Instant Food","Klang 88 Speedmart","Klang","Selangor"
951,"C0951","Imran bin Basri","N","Non-Member",,,"2026-03-04",118,11,250.28,0,250.28,250.28,22.75,2,4,3,"At Risk","Medium Risk","Cooking Essentials","Cheras 88 Speedmart","Cheras","Kuala Lumpur"
952,"C0952","Rafiq bin Basri","N","Non-Member",,,"2024-06-16",744,7,339.69,0,339.69,339.69,48.53,1,3,3,"At Risk","Churned","Rice and Grains","Melaka 88 Speedmart","Melaka","Melaka"
953,"C0953","Chew Yi Chen","N","VIP Member","2022-04-15",1537,"2025-03-05",482,12,401.9,0,401.9,401.9,33.49,1,4,4,"At Risk","Churned","Canned and Packaged Food","Cheras 88 Speedmart","Cheras","Kuala Lumpur"
954,"C0954","Farah binti Fauzi","N","Normal Member","2023-01-12",1265,"2025-12-06",206,6,256.03,0,256.03,256.03,42.67,1,3,3,"At Risk","High Risk","Dairy Products","Klang 88 Speedmart","Klang","Selangor"
955,"C0955","Chow Chun Wai","N","Non-Member",,,"2025-06-30",365,11,455.79,0,455.79,455.79,41.44,1,4,4,"At Risk","High Risk","Household Cleaning","Cheras 88 Speedmart","Cheras","Kuala Lumpur"
956,"C0956","Danish bin Hamid","N","Normal Member","2021-07-11",1815,"2025-11-11",231,5,165.12,0,165.12,165.12,33.02,1,2,2,"Hibernating","High Risk","Baby Products","Johor Bahru 88 Speedmart","Johor Bahru","Johor"
957,"C0957","Loh Zhi Hao","N","Normal Member","2021-12-05",1668,"2026-05-21",40,22,1038.64,4.91,1033.73,1033.73,46.99,4,5,5,"Champions","Low Risk","Cooking Essentials","Johor Bahru 88 Speedmart","Johor Bahru","Johor"
958,"C0958","Chow Seng Huat","N","Normal Member","2022-04-25",1527,"2025-11-22",220,12,542.04,0,542.04,542.04,45.17,1,4,4,"At Risk","High Risk","Cooking Essentials","Melaka 88 Speedmart","Melaka","Melaka"
959,"C0959","Nabilah binti Fauzi","N","Normal Member","2021-11-25",1678,"2025-07-07",358,14,525.13,0,525.13,525.13,37.51,1,4,4,"At Risk","High Risk","Rice and Grains","Ampang 88 Speedmart","Ampang","Selangor"
960,"C0960","Farah binti Hamid","N","VIP Member","2021-08-11",1784,"2026-02-26",124,6,382.66,0,382.66,382.66,63.78,2,3,4,"At Risk","Medium Risk","Snacks and Confectionery","Johor Bahru 88 Speedmart","Johor Bahru","Johor"
961,"C0961","Chia Mei Ling","N","Normal Member","2021-12-27",1646,"2025-08-17",317,10,297.04,0,297.04,297.04,29.7,1,4,3,"At Risk","High Risk","Cooking Essentials","Johor Bahru 88 Speedmart","Johor Bahru","Johor"
962,"C0962","Fong Kin Hoong","N","Non-Member",,,"2026-02-11",139,6,313.67,0,313.67,313.67,52.28,2,3,3,"At Risk","Medium Risk","Instant Food","Melaka 88 Speedmart","Melaka","Melaka"
963,"C0963","Nasir bin Razak","N","Normal Member","2022-10-19",1350,"2026-05-26",35,19,861.36,6.11,855.25,855.25,45.01,4,5,5,"Champions","Low Risk","Dairy Products","Petaling Jaya 88 Speedmart","Petaling Jaya","Selangor"
964,"C0964","Dev a/l Rao","N","Non-Member",,,"2025-11-07",235,10,216.76,0,216.76,216.76,21.68,1,4,3,"At Risk","High Risk","Rice and Grains","Petaling Jaya 88 Speedmart","Petaling Jaya","Selangor"
965,"C0965","Siti binti Fauzi","N","Non-Member",,,"2025-12-09",203,6,333.11,0,333.11,333.11,55.52,1,3,3,"At Risk","High Risk","Rice and Grains","Cheras 88 Speedmart","Cheras","Kuala Lumpur"
966,"C0966","Chow Jia En","N","VIP Member","2022-04-14",1538,"2024-03-16",836,11,510.23,43.83,466.4,466.4,42.4,1,4,4,"At Risk","Churned","Cooking Essentials","Cheras 88 Speedmart","Cheras","Kuala Lumpur"
967,"C0967","Fong Jun Hao","N","Non-Member",,,"2026-02-25",125,7,395.79,0,395.79,395.79,56.54,2,3,4,"At Risk","Medium Risk","Beverages","Seremban 88 Speedmart","Seremban","Negeri Sembilan"
968,"C0968","Irfan bin Hassan","N","VIP Member","2021-08-07",1788,"2026-04-07",84,5,205.14,0,205.14,205.14,41.03,3,2,3,"Need Attention","Low Risk","Cooking Essentials","Johor Bahru 88 Speedmart","Johor Bahru","Johor"
969,"C0969","Felix a/l Chandran","N","VIP Member","2023-04-11",1176,"2024-07-27",703,4,187.8,0,187.8,187.8,46.95,1,2,2,"Hibernating","Churned","Household Cleaning","Klang 88 Speedmart","Klang","Selangor"
970,"C0970","Alvin a/l Vijayan","N","VIP Member","2021-10-31",1703,"2024-02-27",854,11,355.62,0,355.62,355.62,32.33,1,4,4,"At Risk","Churned","Cooking Essentials","Shah Alam 88 Speedmart","Shah Alam","Selangor"
971,"C0971","Imran bin Fauzi","N","Non-Member",,,"2025-07-28",337,16,650.81,0,650.81,650.81,40.68,1,5,5,"At Risk","High Risk","Household Cleaning","Petaling Jaya 88 Speedmart","Petaling Jaya","Selangor"
972,"C0972","Chin Li Xuan","N","Normal Member","2021-09-06",1758,"2026-05-30",31,10,486.87,0,486.87,486.87,48.69,4,4,4,"Champions","Low Risk","Dairy Products","Johor Bahru 88 Speedmart","Johor Bahru","Johor"
973,"C0973","Khalid bin Zainal","N","Normal Member","2022-01-21",1621,"2026-02-26",124,10,257.74,0,257.74,257.74,25.77,2,4,3,"At Risk","Medium Risk","Canned and Packaged Food","Kota Kinabalu 88 Speedmart","Kota Kinabalu","Sabah"
974,"C0974","Chia Kar Yee","N","Normal Member","2023-03-15",1203,"2025-11-01",241,5,290.84,0,290.84,290.84,58.17,1,2,3,"Lost","High Risk","Household Cleaning","Ampang 88 Speedmart","Ampang","Selangor"
975,"C0975","Luqman bin Salleh","N","Normal Member","2023-01-23",1254,"2025-09-22",281,13,579.42,0,579.42,579.42,44.57,1,4,5,"At Risk","High Risk","Rice and Grains","Klang 88 Speedmart","Klang","Selangor"
976,"C0976","Chan Boon Hui","N","Normal Member","2021-07-24",1802,"2023-11-05",968,6,455.32,0,455.32,455.32,75.89,1,3,4,"At Risk","Churned","Stationery and Daily Needs","Klang 88 Speedmart","Klang","Selangor"
977,"C0977","Ho Hong Sheng","N","Normal Member","2022-04-02",1550,"2024-12-26",551,8,349.96,0,349.96,349.96,43.75,1,3,4,"At Risk","Churned","Dairy Products","Klang 88 Speedmart","Klang","Selangor"
978,"C0978","Liyana binti Zainal","N","Normal Member","2022-11-08",1330,"2026-06-26",4,13,447.35,0,447.35,447.35,34.41,5,4,4,"Champions","Low Risk","Canned and Packaged Food","Cheras 88 Speedmart","Cheras","Kuala Lumpur"
979,"C0979","Lee Kar Yee","N","Non-Member",,,"2025-06-15",380,8,343.66,1.48,342.18,342.18,42.77,1,3,3,"At Risk","Churned","Instant Food","Klang 88 Speedmart","Klang","Selangor"
980,"C0980","Hafiz bin Abdullah","N","Normal Member","2021-11-15",1688,"2026-02-01",149,10,699.82,0,699.82,699.82,69.98,2,4,5,"At Risk","Medium Risk","Household Cleaning","Cheras 88 Speedmart","Cheras","Kuala Lumpur"
981,"C0981","Farhan bin Salleh","N","Non-Member",,,"2023-07-15",1081,7,272.51,0,272.51,272.51,38.93,1,3,3,"At Risk","Churned","Instant Food","Ampang 88 Speedmart","Ampang","Selangor"
982,"C0982","Luqman bin Nasir","N","Non-Member",,,"2025-09-07",296,22,899.62,0,899.62,899.62,40.89,1,5,5,"At Risk","High Risk","Instant Food","Johor Bahru 88 Speedmart","Johor Bahru","Johor"
983,"C0983","Lee Siew Chin","N","Non-Member",,,"2024-01-26",886,5,150.57,0,150.57,150.57,30.11,1,2,2,"Hibernating","Churned","Rice and Grains","Ampang 88 Speedmart","Ampang","Selangor"
984,"C0984","Fatin binti Daud","N","Normal Member","2023-06-03",1123,"2026-06-01",29,5,233.65,0,233.65,233.65,46.73,5,2,3,"Potential Loyal","Low Risk","Stationery and Daily Needs","Kota Kinabalu 88 Speedmart","Kota Kinabalu","Sabah"
985,"C0985","Natalie a/p Pillai","N","Normal Member","2022-12-26",1282,"2025-08-30",304,9,269.07,0,269.07,269.07,29.9,1,3,3,"At Risk","High Risk","Snacks and Confectionery","Shah Alam 88 Speedmart","Shah Alam","Selangor"
986,"C0986","Divya a/p Letchumy","N","Non-Member",,,"2026-05-25",36,11,473.37,0,473.37,473.37,43.03,4,4,4,"Champions","Low Risk","Household Cleaning","Ampang 88 Speedmart","Ampang","Selangor"
987,"C0987","Lim Chun Wai","N","Normal Member","2021-07-28",1798,"2023-07-21",1075,4,142.79,0,142.79,142.79,35.7,1,2,2,"Hibernating","Churned","Dairy Products","Petaling Jaya 88 Speedmart","Petaling Jaya","Selangor"
988,"C0988","Ho Siew Hong","N","Non-Member",,,"2026-02-23",127,6,436.42,0,436.42,436.42,72.74,2,3,4,"At Risk","Medium Risk","Cooking Essentials","Klang 88 Speedmart","Klang","Selangor"
989,"C0989","Tan Jun Hao","N","Normal Member","2021-11-11",1692,"2025-09-01",302,9,474.26,0,474.26,474.26,52.7,1,3,4,"At Risk","High Risk","Instant Food","Ampang 88 Speedmart","Ampang","Selangor"
990,"C0990","Aditi a/p Krishnan","N","VIP Member","2022-09-07",1392,"2026-01-12",169,7,421.89,0,421.89,421.89,60.27,2,3,4,"At Risk","Medium Risk","Beverages","Cheras 88 Speedmart","Cheras","Kuala Lumpur"
991,"C0991","Tan Shu Fen","N","Normal Member","2021-10-23",1711,"2026-01-09",172,11,376.66,0,376.66,376.66,34.24,2,4,4,"At Risk","Medium Risk","Rice and Grains","Ampang 88 Speedmart","Ampang","Selangor"
992,"C0992","Elena Agan","N","Normal Member","2023-01-23",1254,"2025-06-06",389,7,306.02,0,306.02,306.02,43.72,1,3,3,"At Risk","Churned","Rice and Grains","Ipoh 88 Speedmart","Ipoh","Perak"
993,"C0993","Jannah binti Hassan","N","Non-Member",,,"2026-04-13",78,15,616.39,0,616.39,616.39,41.09,3,5,5,"Loyal Customers","Low Risk","Frozen Food","Shah Alam 88 Speedmart","Shah Alam","Selangor"
994,"C0994","Kavitha a/p Saraswathy","N","Normal Member","2022-03-05",1578,"2024-12-24",553,4,320.12,0,320.12,320.12,80.03,1,2,3,"Lost","Churned","Cooking Essentials","Shah Alam 88 Speedmart","Shah Alam","Selangor"
995,"C0995","Irfan bin Hassan","N","Normal Member","2023-03-04",1214,"2026-01-24",157,5,278.77,0,278.77,278.77,55.75,2,2,3,"At Risk","Medium Risk","Beverages","Ipoh 88 Speedmart","Ipoh","Perak"
996,"C0996","Luqman bin Kamal","N","Normal Member","2021-09-18",1746,"2025-12-11",201,22,656.03,0,656.03,656.03,29.82,1,5,5,"At Risk","High Risk","Beverages","Johor Bahru 88 Speedmart","Johor Bahru","Johor"
997,"C0997","Ng Siew Chin","N","Normal Member","2022-04-25",1527,"2026-03-27",95,8,162.8,0,162.8,162.8,20.35,2,3,2,"At Risk","Medium Risk","Instant Food","Seremban 88 Speedmart","Seremban","Negeri Sembilan"
998,"C0998","Wong Pei Shan","N","Normal Member","2022-12-10",1298,"2026-01-31",150,9,485.35,2.96,482.39,482.39,53.6,2,3,4,"At Risk","Medium Risk","Rice and Grains","Klang 88 Speedmart","Klang","Selangor"
999,"C0999","Wong Jia En","N","Non-Member",,,"2024-07-06",724,8,510.23,0,510.23,510.23,63.78,1,3,4,"At Risk","Churned","Cooking Essentials","Ampang 88 Speedmart","Ampang","Selangor"
1000,"C1000","Luqman bin Ismail","N","Non-Member",,,"2025-07-13",352,15,380.09,0,380.09,380.09,25.34,1,5,4,"At Risk","High Risk","Dairy Products","Shah Alam 88 Speedmart","Shah Alam","Selangor"
1001,"C1001","Farhan bin Ismail","N","Normal Member","2023-04-29",1158,"2025-10-17",256,12,253.28,0,253.28,253.28,21.11,1,4,3,"At Risk","High Risk","Frozen Food","George Town 88 Speedmart","George Town","Penang"
1002,"C1002","Hana binti Jamal","N","Normal Member","2022-06-09",1482,"2025-09-11",292,12,590.02,0,590.02,590.02,49.17,1,4,5,"At Risk","High Risk","Frozen Food","Ampang 88 Speedmart","Ampang","Selangor"
1003,"C1003","Hafiz bin Ishak","N","VIP Member","2021-10-28",1706,"2025-11-16",226,4,283.99,0,283.99,283.99,71,1,2,3,"Lost","High Risk","Baby Products","Ipoh 88 Speedmart","Ipoh","Perak"
1004,"C1004","Akmal bin Daud","N","Non-Member",,,"2026-05-18",43,6,115.1,0,115.1,115.1,19.18,4,3,2,"Potential Loyal","Low Risk","Cooking Essentials","Ipoh 88 Speedmart","Ipoh","Perak"
1005,"C1005","Muthu a/p Rajan","N","Non-Member",,,"2023-10-23",981,4,102.62,0,102.62,102.62,25.66,1,2,2,"Hibernating","Churned","Instant Food","Cheras 88 Speedmart","Cheras","Kuala Lumpur"
1006,"C1006","Koh Boon Hui","N","Non-Member",,,"2026-03-10",112,8,342.8,0,342.8,342.8,42.85,2,3,3,"At Risk","Medium Risk","Dairy Products","George Town 88 Speedmart","George Town","Penang"
1007,"C1007","Luqman bin Yusof","N","Non-Member",,,"2025-12-04",208,10,448.26,0,448.26,448.26,44.83,1,4,4,"At Risk","High Risk","Household Cleaning","Cheras 88 Speedmart","Cheras","Kuala Lumpur"
1008,"C1008","Liyana binti Abdullah","N","Normal Member","2022-03-27",1556,"2024-03-02",850,15,419.33,2.33,417,417,27.8,1,5,4,"At Risk","Churned","Canned and Packaged Food","George Town 88 Speedmart","George Town","Penang"
1009,"C1009","Chow Wai Keong","N","Normal Member","2023-04-26",1161,"2025-07-17",348,17,610.74,15.77,594.97,594.97,35,1,5,5,"At Risk","High Risk","Canned and Packaged Food","Seremban 88 Speedmart","Seremban","Negeri Sembilan"
1010,"C1010","Chan Siew Hong","N","VIP Member","2023-05-20",1137,"2024-01-18",894,15,533.75,0,533.75,533.75,35.58,1,5,4,"At Risk","Churned","Snacks and Confectionery","Ampang 88 Speedmart","Ampang","Selangor"
1011,"C1011","Darren a/l Kumar","N","Non-Member",,,"2025-01-18",528,14,325.97,0,325.97,325.97,23.28,1,4,3,"At Risk","Churned","Frozen Food","Shah Alam 88 Speedmart","Shah Alam","Selangor"
1012,"C1012","Chew Jia En","N","VIP Member","2022-08-12",1418,"2023-12-02",941,8,371.43,0,371.43,371.43,46.43,1,3,4,"At Risk","Churned","Frozen Food","Petaling Jaya 88 Speedmart","Petaling Jaya","Selangor"
1013,"C1013","Zara binti Zainal","N","Normal Member","2022-08-10",1420,"2026-01-05",176,19,530.58,0,530.58,530.58,27.93,2,5,4,"At Risk","Medium Risk","Dairy Products","Johor Bahru 88 Speedmart","Johor Bahru","Johor"
1014,"C1014","Devi a/p Devi","N","Normal Member","2022-01-28",1614,"2025-11-30",212,8,385.74,0,385.74,385.74,48.22,1,3,4,"At Risk","High Risk","Baby Products","Cheras 88 Speedmart","Cheras","Kuala Lumpur"
1015,"C1015","Ng Wai Keong","N","Normal Member","2022-05-31",1491,"2025-06-25",370,8,193.25,0,193.25,193.25,24.16,1,3,2,"At Risk","Churned","Cooking Essentials","Ipoh 88 Speedmart","Ipoh","Perak"
1016,"C1016","Liyana binti Hassan","N","Normal Member","2023-02-12",1234,"2025-12-02",210,21,704.62,1.83,702.79,702.79,33.47,1,5,5,"At Risk","High Risk","Rice and Grains","Shah Alam 88 Speedmart","Shah Alam","Selangor"
1017,"C1017","Ong Chui Shan","N","Non-Member",,,"2025-12-31",181,10,485.24,0,485.24,485.24,48.52,1,4,4,"At Risk","High Risk","Rice and Grains","Petaling Jaya 88 Speedmart","Petaling Jaya","Selangor"
1018,"C1018","Naveen a/l Singh","N","Normal Member","2023-03-29",1189,"2025-10-03",270,13,356.28,0,356.28,356.28,27.41,1,4,4,"At Risk","High Risk","Dairy Products","Cheras 88 Speedmart","Cheras","Kuala Lumpur"
1019,"C1019","Siti binti Ahmad","N","VIP Member","2022-11-18",1320,"2026-06-22",8,10,296.89,0,296.89,296.89,29.69,5,4,3,"Loyal Customers","Low Risk","Dairy Products","Cheras 88 Speedmart","Cheras","Kuala Lumpur"
1020,"C1020","Akmal bin Daud","N","VIP Member","2021-11-07",1696,"2023-04-29",1158,14,449.59,0,449.59,449.59,32.11,1,4,4,"At Risk","Churned","Cooking Essentials","Johor Bahru 88 Speedmart","Johor Bahru","Johor"
1021,"C1021","Lim Mei Qi","N","Normal Member","2021-07-21",1805,"2026-04-22",69,11,544.49,0,544.49,544.49,49.5,3,4,4,"Loyal Customers","Low Risk","Baby Products","Klang 88 Speedmart","Klang","Selangor"
1022,"C1022","Sonia a/p Anand","N","Normal Member","2022-12-04",1304,"2025-10-19",254,5,226.4,0,226.4,226.4,45.28,1,2,3,"Lost","High Risk","Baby Products","Cheras 88 Speedmart","Cheras","Kuala Lumpur"
1023,"C1023","Fatin binti Razak","N","Non-Member",,,"2026-06-05",25,8,362.12,0,362.12,362.12,45.27,5,3,4,"Potential Loyal","Low Risk","Baby Products","Melaka 88 Speedmart","Melaka","Melaka"
1024,"C1024","Chong Siew Chin","N","Normal Member","2023-06-06",1120,"2023-04-12",1175,11,320.14,0,320.14,320.14,29.1,1,4,3,"At Risk","Churned","Rice and Grains","Petaling Jaya 88 Speedmart","Petaling Jaya","Selangor"
1025,"C1025","Lee Ai Ling","N","Non-Member",,,"2026-01-01",180,16,569.77,0,569.77,569.77,35.61,2,5,5,"At Risk","Medium Risk","Canned and Packaged Food","Ipoh 88 Speedmart","Ipoh","Perak"
1026,"C1026","Low Kai Jie","N","Normal Member","2023-07-05",1091,"2025-10-25",248,8,423.46,0,423.46,423.46,52.93,1,3,4,"At Risk","High Risk","Rice and Grains","Ampang 88 Speedmart","Ampang","Selangor"
1027,"C1027","Yeoh Hui Ying","N","VIP Member","2022-07-18",1443,"2026-03-14",108,9,351.84,0,351.84,351.84,39.09,2,3,4,"At Risk","Medium Risk","Dairy Products","Seremban 88 Speedmart","Seremban","Negeri Sembilan"
1028,"C1028","Sabrina binti Azman","N","Normal Member","2022-10-16",1353,"2023-12-09",934,5,158.88,0,158.88,158.88,31.78,1,2,2,"Hibernating","Churned","Household Cleaning","Shah Alam 88 Speedmart","Shah Alam","Selangor"
1029,"C1029","Ong Chun Wai","N","VIP Member","2022-11-06",1332,"2026-03-11",111,6,125.69,0,125.69,125.69,20.95,2,3,2,"At Risk","Medium Risk","Rice and Grains","George Town 88 Speedmart","George Town","Penang"
1030,"C1030","Fatin binti Yusof","N","Non-Member",,,"2026-02-21",129,6,243.87,0,243.87,243.87,40.65,2,3,3,"At Risk","Medium Risk","Personal Care","Ampang 88 Speedmart","Ampang","Selangor"
1031,"C1031","Syafiq bin Kamal","N","Non-Member",,,"2026-02-14",136,13,982.04,0,982.04,982.04,75.54,2,4,5,"At Risk","Medium Risk","Alcoholic Beverages","George Town 88 Speedmart","George Town","Penang"
1032,"C1032","Aisyah binti Ibrahim","N","VIP Member","2021-10-03",1731,"2026-02-08",142,7,250,0,250,250,35.71,2,3,3,"At Risk","Medium Risk","Dairy Products","Klang 88 Speedmart","Klang","Selangor"
1033,"C1033","Elena a/p Kaur","N","Normal Member","2022-08-23",1407,"2025-08-07",327,21,728.43,4.97,723.46,723.46,34.45,1,5,5,"At Risk","High Risk","Rice and Grains","Johor Bahru 88 Speedmart","Johor Bahru","Johor"
1034,"C1034","Deepa a/p Devi","N","Non-Member",,,"2025-03-09",478,17,413.79,0,413.79,413.79,24.34,1,5,4,"At Risk","Churned","Instant Food","Johor Bahru 88 Speedmart","Johor Bahru","Johor"
1035,"C1035","Mardhiah binti Omar","N","Normal Member","2022-10-23",1346,"2025-12-16",196,9,543.23,6.78,536.45,536.45,59.61,1,3,4,"At Risk","High Risk","Snacks and Confectionery","Johor Bahru 88 Speedmart","Johor Bahru","Johor"
1036,"C1036","Farhan bin Kamal","N","Normal Member","2023-06-26",1100,"2025-12-18",194,5,190.33,0,190.33,190.33,38.07,1,2,2,"Hibernating","High Risk","Stationery and Daily Needs","Seremban 88 Speedmart","Seremban","Negeri Sembilan"
1037,"C1037","Tan Xin Yi","N","VIP Member","2022-08-09",1421,"2026-02-10",140,9,376.76,0,376.76,376.76,41.86,2,3,4,"At Risk","Medium Risk","Household Cleaning","Cheras 88 Speedmart","Cheras","Kuala Lumpur"
1038,"C1038","Kiran a/l Maniam","N","Normal Member","2021-09-27",1737,"2025-09-19",284,25,732.28,0,732.28,732.28,29.29,1,5,5,"At Risk","High Risk","Cooking Essentials","Melaka 88 Speedmart","Melaka","Melaka"
1039,"C1039","Zara binti Kamal","N","VIP Member","2022-06-28",1463,"2024-09-19",649,6,407.36,0,407.36,407.36,67.89,1,3,4,"At Risk","Churned","Rice and Grains","Ipoh 88 Speedmart","Ipoh","Perak"
1040,"C1040","Hafiz bin Hamid","N","Normal Member","2021-12-25",1648,"2025-04-27",429,9,261.88,0,261.88,261.88,29.1,1,3,3,"At Risk","Churned","Personal Care","Petaling Jaya 88 Speedmart","Petaling Jaya","Selangor"
1041,"C1041","Danish bin Jamal","N","Normal Member","2022-07-12",1449,"2024-01-07",905,10,571.94,0,571.94,571.94,57.19,1,4,5,"At Risk","Churned","Instant Food","Johor Bahru 88 Speedmart","Johor Bahru","Johor"
1042,"C1042","Kevin a/l Raman","N","Normal Member","2021-11-13",1690,"2024-10-09",629,3,132.82,0,132.82,132.82,44.27,1,1,2,"Hibernating","Churned","Household Cleaning","Ipoh 88 Speedmart","Ipoh","Perak"
1043,"C1043","Mardhiah binti Basri","N","Non-Member",,,"2026-06-27",3,10,413.1,0,413.1,413.1,41.31,5,4,4,"Champions","Low Risk","Personal Care","Ipoh 88 Speedmart","Ipoh","Perak"
1044,"C1044","Ivan a/l Pillai","N","VIP Member","2023-01-20",1257,"2026-06-03",27,8,151.49,0,151.49,151.49,18.94,5,3,2,"Potential Loyal","Low Risk","Rice and Grains","Ipoh 88 Speedmart","Ipoh","Perak"
1045,"C1045","Adilah binti Omar","N","Normal Member","2022-03-18",1565,"2026-03-22",100,9,318.63,0,318.63,318.63,35.4,2,3,3,"At Risk","Medium Risk","Instant Food","Melaka 88 Speedmart","Melaka","Melaka"
1046,"C1046","Aditi a/p Murugan","N","Non-Member",,,"2026-02-14",136,19,503.14,0,503.14,503.14,26.48,2,5,4,"At Risk","Medium Risk","Instant Food","Ampang 88 Speedmart","Ampang","Selangor"
1047,"C1047","Chan Jia Wei","N","Non-Member",,,"2026-05-27",34,17,758.59,0,758.59,758.59,44.62,4,5,5,"Champions","Low Risk","Dairy Products","Klang 88 Speedmart","Klang","Selangor"
1048,"C1048","Nabilah binti Kamal","N","Normal Member","2022-04-27",1525,"2026-06-16",14,15,597.32,0,597.32,597.32,39.82,5,5,5,"Champions","Low Risk","Rice and Grains","Ipoh 88 Speedmart","Ipoh","Perak"
1049,"C1049","Loh Ai Ling","N","Non-Member",,,"2026-06-05",25,7,151.22,0,151.22,151.22,21.6,5,3,2,"Potential Loyal","Low Risk","Frozen Food","Cheras 88 Speedmart","Cheras","Kuala Lumpur"
1050,"C1050","Hakim bin Hassan","N","Normal Member","2022-04-29",1523,"2026-04-01",90,6,322.08,0,322.08,322.08,53.68,3,3,3,"Need Attention","Low Risk","Rice and Grains","Melaka 88 Speedmart","Melaka","Melaka"
1051,"C1051","Koh Seng Huat","N","Normal Member","2021-10-08",1726,"2025-12-14",198,12,508.23,0,508.23,508.23,42.35,1,4,4,"At Risk","High Risk","Snacks and Confectionery","Johor Bahru 88 Speedmart","Johor Bahru","Johor"
1052,"C1052","Ong Jia En","N","Normal Member","2023-06-29",1097,"2025-04-22",434,5,136.41,0,136.41,136.41,27.28,1,2,2,"Hibernating","Churned","Personal Care","Cheras 88 Speedmart","Cheras","Kuala Lumpur"
1053,"C1053","Nabil bin Yusof","N","VIP Member","2022-04-14",1538,"2025-04-14",442,12,839.09,0,839.09,839.09,69.92,1,4,5,"At Risk","Churned","Dairy Products","Cheras 88 Speedmart","Cheras","Kuala Lumpur"
1054,"C1054","Nadia binti Kamal","N","Normal Member","2022-05-26",1496,"2025-08-25",309,8,317.3,20.37,296.93,296.93,37.12,1,3,3,"At Risk","High Risk","Snacks and Confectionery","Ipoh 88 Speedmart","Ipoh","Perak"
1055,"C1055","Aarav a/l Chandran","N","Normal Member","2023-02-25",1221,"2024-12-22",555,5,88.1,0,88.1,88.1,17.62,1,2,2,"Hibernating","Churned","Rice and Grains","George Town 88 Speedmart","George Town","Penang"
1056,"C1056","Goh Xin Yi","N","Normal Member","2022-01-18",1624,"2025-09-01",302,7,220.29,0,220.29,220.29,31.47,1,3,3,"At Risk","High Risk","Rice and Grains","Seremban 88 Speedmart","Seremban","Negeri Sembilan"
1057,"C1057","Intan binti Mahmud","N","Non-Member",,,"2025-08-31",303,23,1252.09,0,1252.09,1252.09,54.44,1,5,5,"At Risk","High Risk","Rice and Grains","Ampang 88 Speedmart","Ampang","Selangor"
1058,"C1058","Teoh Mei Qi","N","Non-Member",,,"2023-12-31",912,11,284.11,0,284.11,284.11,25.83,1,4,3,"At Risk","Churned","Personal Care","Petaling Jaya 88 Speedmart","Petaling Jaya","Selangor"
1059,"C1059","Low Cheng Wei","N","VIP Member","2023-06-30",1096,"2025-12-01",211,10,377.31,0,377.31,377.31,37.73,1,4,4,"At Risk","High Risk","Cooking Essentials","Klang 88 Speedmart","Klang","Selangor"
1060,"C1060","Joanne a/p Letchumy","N","Normal Member","2023-03-01",1217,"2026-06-13",17,14,567.54,4.86,562.68,562.68,40.19,5,4,4,"Champions","Low Risk","Beverages","Shah Alam 88 Speedmart","Shah Alam","Selangor"
1061,"C1061","Intan binti Kamal","N","Non-Member",,,"2024-11-02",605,9,423.11,0,423.11,423.11,47.01,1,3,4,"At Risk","Churned","Household Cleaning","Shah Alam 88 Speedmart","Shah Alam","Selangor"
1062,"C1062","Chow Jia Wei","N","Normal Member","2022-05-10",1512,"2026-04-10",81,12,397.65,0,397.65,397.65,33.14,3,4,4,"Loyal Customers","Low Risk","Cooking Essentials","George Town 88 Speedmart","George Town","Penang"
1063,"C1063","Felix a/l Saminathan","N","Normal Member","2022-08-24",1406,"2024-11-27",580,10,280.32,4.26,276.06,276.06,27.61,1,4,3,"At Risk","Churned","Snacks and Confectionery","Johor Bahru 88 Speedmart","Johor Bahru","Johor"
1064,"C1064","Adrian a/l Suresh","N","Normal Member","2022-07-05",1456,"2025-02-12",503,10,486.36,1.1,485.26,485.26,48.53,1,4,4,"At Risk","Churned","Cooking Essentials","Johor Bahru 88 Speedmart","Johor Bahru","Johor"
1065,"C1065","Nurul binti Nasir","N","Non-Member",,,"2025-09-06",297,7,115.23,0,115.23,115.23,16.46,1,3,2,"At Risk","High Risk","Dairy Products","Kota Kinabalu 88 Speedmart","Kota Kinabalu","Sabah"
1066,"C1066","Divya a/p Rajan","N","Normal Member","2022-01-30",1612,"2024-10-28",610,10,382.09,0,382.09,382.09,38.21,1,4,4,"At Risk","Churned","Baby Products","George Town 88 Speedmart","George Town","Penang"
1067,"C1067","Hakim bin Hassan","N","VIP Member","2022-03-18",1565,"2026-06-17",13,29,951.45,0,951.45,951.45,32.81,5,5,5,"Champions","Low Risk","Cooking Essentials","Cheras 88 Speedmart","Cheras","Kuala Lumpur"
1068,"C1068","Nabil bin Kamal","N","Normal Member","2023-08-15",1050,"2023-10-18",986,3,59.81,0,59.81,59.81,19.94,1,1,1,"Hibernating","Churned","Rice and Grains","Johor Bahru 88 Speedmart","Johor Bahru","Johor"
1069,"C1069","Aiman bin Nasir","N","Normal Member","2022-01-18",1624,"2025-08-19",315,4,132.62,0,132.62,132.62,33.16,1,2,2,"Hibernating","High Risk","Dairy Products","Petaling Jaya 88 Speedmart","Petaling Jaya","Selangor"
1070,"C1070","Tan Jia En","N","VIP Member","2022-04-07",1545,"2025-08-21",313,7,200.47,0,200.47,200.47,28.64,1,3,2,"At Risk","High Risk","Rice and Grains","Cheras 88 Speedmart","Cheras","Kuala Lumpur"
1071,"C1071","Elena Agan","N","VIP Member","2022-02-16",1595,"2022-05-12",1510,3,95.74,0,95.74,95.74,31.91,1,1,2,"Hibernating","Churned","Cooking Essentials","Klang 88 Speedmart","Klang","Selangor"
1072,"C1072","Khalid bin Mahmud","N","Normal Member","2023-01-29",1248,"2026-01-28",153,6,216.78,0,216.78,216.78,36.13,2,3,3,"At Risk","Medium Risk","Canned and Packaged Food","Petaling Jaya 88 Speedmart","Petaling Jaya","Selangor"
1073,"C1073","Aisyah binti Daud","N","Normal Member","2022-09-18",1381,"2026-06-15",15,9,481.94,0,481.94,481.94,53.55,5,3,4,"Potential Loyal","Low Risk","Instant Food","Cheras 88 Speedmart","Cheras","Kuala Lumpur"
1074,"C1074","Fong Hui Min","N","Normal Member","2023-02-15",1231,"2026-06-29",1,8,245.5,0,245.5,245.5,30.69,5,3,3,"Potential Loyal","Low Risk","Dairy Products","Petaling Jaya 88 Speedmart","Petaling Jaya","Selangor"
1075,"C1075","Aarav a/l Nair","N","Normal Member","2022-09-30",1369,"2025-09-04",299,4,334.65,0,334.65,334.65,83.66,1,2,3,"Lost","High Risk","Rice and Grains","Shah Alam 88 Speedmart","Shah Alam","Selangor"
1076,"C1076","Nabil bin Salleh","N","Normal Member","2022-04-17",1535,"2025-07-02",363,8,271.19,0,271.19,271.19,33.9,1,3,3,"At Risk","High Risk","Instant Food","Ampang 88 Speedmart","Ampang","Selangor"
1077,"C1077","Nabilah binti Daud","N","Normal Member","2023-01-12",1265,"2025-12-10",202,7,428.64,0,428.64,428.64,61.23,1,3,4,"At Risk","High Risk","Rice and Grains","Klang 88 Speedmart","Klang","Selangor"
1078,"C1078","Tan Chui Shan","N","Non-Member",,,"2024-02-29",852,5,187.6,0,187.6,187.6,37.52,1,2,2,"Hibernating","Churned","Baby Products","Ampang 88 Speedmart","Ampang","Selangor"
1079,"C1079","Victor a/l Chandran","N","Normal Member","2023-05-30",1127,"2023-11-29",944,9,404.55,0,404.55,404.55,44.95,1,3,4,"At Risk","Churned","Household Cleaning","Klang 88 Speedmart","Klang","Selangor"
1080,"C1080","Adrian a/l Suresh","N","Normal Member","2022-03-08",1575,"2026-06-04",26,9,346.99,0,346.99,346.99,38.55,5,3,3,"Potential Loyal","Low Risk","Dairy Products","Cheras 88 Speedmart","Cheras","Kuala Lumpur"
1081,"C1081","Nabil bin Ishak","N","Normal Member","2023-08-09",1056,"2026-06-13",17,13,495.35,3.75,491.6,491.6,37.82,5,4,4,"Champions","Low Risk","Canned and Packaged Food","George Town 88 Speedmart","George Town","Penang"
1082,"C1082","Qistina binti Ismail","N","VIP Member","2023-05-28",1129,"2026-02-14",136,11,572.02,0,572.02,572.02,52,2,4,5,"At Risk","Medium Risk","Rice and Grains","Petaling Jaya 88 Speedmart","Petaling Jaya","Selangor"
1083,"C1083","Adilah binti Ismail","N","Non-Member",,,"2024-11-08",599,7,265.54,0,265.54,265.54,37.93,1,3,3,"At Risk","Churned","Dairy Products","Klang 88 Speedmart","Klang","Selangor"
1084,"C1084","Sonia Janting","N","Non-Member",,,"2025-04-15",441,23,712.67,0,712.67,712.67,30.99,1,5,5,"At Risk","Churned","Household Cleaning","George Town 88 Speedmart","George Town","Penang"
1085,"C1085","Akmal bin Ishak","N","Normal Member","2022-09-17",1382,"2026-05-28",33,8,308.12,0,308.12,308.12,38.52,4,3,3,"Potential Loyal","Low Risk","Household Cleaning","Shah Alam 88 Speedmart","Shah Alam","Selangor"
1086,"C1086","Wong Ming Jie","N","Non-Member",,,"2024-12-21",556,7,406.16,39.41,366.75,366.75,52.39,1,3,4,"At Risk","Churned","Dairy Products","Johor Bahru 88 Speedmart","Johor Bahru","Johor"
1087,"C1087","Yeoh Poh Ling","N","Non-Member",,,"2025-06-05",390,5,65.2,0,65.2,65.2,13.04,1,2,1,"Hibernating","Churned","Instant Food","Seremban 88 Speedmart","Seremban","Negeri Sembilan"
1088,"C1088","Sanjay a/l Gopal","N","Non-Member",,,"2024-11-13",594,17,475.76,0,475.76,475.76,27.99,1,5,4,"At Risk","Churned","Cooking Essentials","Petaling Jaya 88 Speedmart","Petaling Jaya","Selangor"
1089,"C1089","Lim Hong Sheng","N","Non-Member",,,"2024-12-05",572,6,96.74,0,96.74,96.74,16.12,1,3,2,"At Risk","Churned","Alcoholic Beverages","Johor Bahru 88 Speedmart","Johor Bahru","Johor"
1090,"C1090","Nasir bin Razak","N","VIP Member","2022-08-30",1400,"2024-06-30",730,4,143.35,0,143.35,143.35,35.84,1,2,2,"Hibernating","Churned","Dairy Products","Shah Alam 88 Speedmart","Shah Alam","Selangor"
1091,"C1091","Luqman bin Zainal","N","Non-Member",,,"2026-04-06",85,11,370.14,0,370.14,370.14,33.65,3,4,4,"Loyal Customers","Low Risk","Frozen Food","Petaling Jaya 88 Speedmart","Petaling Jaya","Selangor"
1092,"C1092","Aarav a/l Raj","N","Normal Member","2023-06-29",1097,"2025-09-14",289,9,212.29,0,212.29,212.29,23.59,1,3,3,"At Risk","High Risk","Rice and Grains","Cheras 88 Speedmart","Cheras","Kuala Lumpur"
1093,"C1093","Ishaan bin Ibrahim","N","Non-Member",,,"2024-10-03",635,22,550.67,0,550.67,550.67,25.03,1,5,4,"At Risk","Churned","Cooking Essentials","George Town 88 Speedmart","George Town","Penang"
1094,"C1094","Ahmad bin Razak","N","Normal Member","2022-04-26",1526,"2025-05-10",416,6,272.01,0,272.01,272.01,45.34,1,3,3,"At Risk","Churned","Baby Products","Ipoh 88 Speedmart","Ipoh","Perak"
1095,"C1095","Clarissa a/p Maniam","N","VIP Member","2022-12-08",1300,"2026-03-07",115,16,691.49,0,691.49,691.49,43.22,2,5,5,"At Risk","Medium Risk","Snacks and Confectionery","Petaling Jaya 88 Speedmart","Petaling Jaya","Selangor"
1096,"C1096","Raymond a/l Raj","N","Non-Member",,,"2026-01-23",158,6,176.66,0,176.66,176.66,29.44,2,3,2,"At Risk","Medium Risk","Dairy Products","Cheras 88 Speedmart","Cheras","Kuala Lumpur"
1097,"C1097","Marcus a/l Rao","N","VIP Member","2022-04-12",1540,"2024-10-26",612,8,441.8,1.56,440.24,440.24,55.03,1,3,4,"At Risk","Churned","Personal Care","Johor Bahru 88 Speedmart","Johor Bahru","Johor"
1098,"C1098","Chew Zhi Hao","N","Non-Member",,,"2025-11-03",239,10,344.39,0,344.39,344.39,34.44,1,4,3,"At Risk","High Risk","Rice and Grains","Ampang 88 Speedmart","Ampang","Selangor"
1099,"C1099","Qistina binti Ishak","N","Normal Member","2021-10-13",1721,"2026-01-18",163,6,207.28,0,207.28,207.28,34.55,2,3,3,"At Risk","Medium Risk","Household Cleaning","Shah Alam 88 Speedmart","Shah Alam","Selangor"
1100,"C1100","Hafiz bin Ismail","N","Normal Member","2023-06-21",1105,"2026-01-12",169,9,459.86,8.44,451.42,451.42,50.16,2,3,4,"At Risk","Medium Risk","Cooking Essentials","Petaling Jaya 88 Speedmart","Petaling Jaya","Selangor"
1101,"C1101","Goh Jun Hao","N","Normal Member","2022-12-10",1298,"2025-03-08",479,8,229.43,0,229.43,229.43,28.68,1,3,3,"At Risk","Churned","Beverages","Ampang 88 Speedmart","Ampang","Selangor"
1102,"C1102","Saraswathy a/p Suresh","N","Non-Member",,,"2025-07-29",336,7,881.09,1.99,879.1,879.1,125.59,1,3,5,"At Risk","High Risk","Baby Products","Klang 88 Speedmart","Klang","Selangor"
1103,"C1103","Rafiq bin Razak","N","Normal Member","2021-12-31",1642,"2026-06-03",27,5,360.88,0,360.88,360.88,72.18,5,2,4,"Potential Loyal","Low Risk","Snacks and Confectionery","Johor Bahru 88 Speedmart","Johor Bahru","Johor"
1104,"C1104","Tan Seng Huat","N","Non-Member",,,"2026-05-21",40,9,370.24,0,370.24,370.24,41.14,4,3,4,"Potential Loyal","Low Risk","Baby Products","George Town 88 Speedmart","George Town","Penang"
1105,"C1105","Ishaan bin Ibrahim","N","Normal Member","2023-03-13",1205,"2026-01-06",175,19,692.12,0,692.12,692.12,36.43,2,5,5,"At Risk","Medium Risk","Baby Products","Johor Bahru 88 Speedmart","Johor Bahru","Johor"
1106,"C1106","Nasir bin Kamal","N","Normal Member","2022-02-06",1605,"2025-06-02",393,9,428.33,0,428.33,428.33,47.59,1,3,4,"At Risk","Churned","Canned and Packaged Food","Petaling Jaya 88 Speedmart","Petaling Jaya","Selangor"
1107,"C1107","Faris bin Kamal","N","Normal Member","2022-03-01",1582,"2025-11-30",212,19,686.9,0,686.9,686.9,36.15,1,5,5,"At Risk","High Risk","Dairy Products","Petaling Jaya 88 Speedmart","Petaling Jaya","Selangor"
1108,"C1108","Naveen a/l Raman","N","Normal Member","2022-01-30",1612,"2026-01-16",165,4,46.32,0,46.32,46.32,11.58,2,2,1,"Hibernating","Medium Risk","Snacks and Confectionery","Petaling Jaya 88 Speedmart","Petaling Jaya","Selangor"
1109,"C1109","Lim Chun Wai","N","Non-Member",,,"2026-05-24",37,23,782.03,1.23,780.8,780.8,33.95,4,5,5,"Champions","Low Risk","Rice and Grains","Johor Bahru 88 Speedmart","Johor Bahru","Johor"
1110,"C1110","Farhan bin Hassan","N","Normal Member","2023-03-16",1202,"2026-05-01",60,32,901.31,6.54,894.77,894.77,27.96,4,5,5,"Champions","Low Risk","Canned and Packaged Food","Seremban 88 Speedmart","Seremban","Negeri Sembilan"
1111,"C1111","Mardhiah binti Zainal","N","VIP Member","2022-11-08",1330,"2026-05-27",34,7,247.98,0,247.98,247.98,35.43,4,3,3,"Potential Loyal","Low Risk","Frozen Food","Cheras 88 Speedmart","Cheras","Kuala Lumpur"
1112,"C1112","Qistina binti Daud","N","VIP Member","2022-08-21",1409,"2026-03-08",114,12,556.31,0,556.31,556.31,46.36,2,4,4,"At Risk","Medium Risk","Stationery and Daily Needs","Ipoh 88 Speedmart","Ipoh","Perak"
1113,"C1113","Deepa a/p Raj","N","Non-Member",,,"2024-12-18",559,7,290.01,0,290.01,290.01,41.43,1,3,3,"At Risk","Churned","Dairy Products","Melaka 88 Speedmart","Melaka","Melaka"
1114,"C1114","Ng Ming Jie","N","Normal Member","2021-12-18",1655,"2024-12-29",548,11,574.8,29.12,545.68,545.68,49.61,1,4,4,"At Risk","Churned","Beverages","Ipoh 88 Speedmart","Ipoh","Perak"
1115,"C1115","Qistina binti Yusof","N","Normal Member","2023-09-10",1024,"2026-06-14",16,12,296.05,2.18,293.87,293.87,24.49,5,4,3,"Loyal Customers","Low Risk","Alcoholic Beverages","Ampang 88 Speedmart","Ampang","Selangor"
1116,"C1116","Aisyah binti Hassan","N","VIP Member","2023-01-22",1255,"2023-04-15",1172,5,273.38,7.59,265.79,265.79,53.16,1,2,3,"Lost","Churned","Personal Care","Ampang 88 Speedmart","Ampang","Selangor"
1117,"C1117","Arif bin Zainal","N","Normal Member","2023-03-08",1210,"2025-07-09",356,4,277.15,0,277.15,277.15,69.29,1,2,3,"Lost","High Risk","Baby Products","Kuching 88 Speedmart","Kuching","Sarawak"
1118,"C1118","Ho Jia Wei","N","Normal Member","2021-12-05",1668,"2024-09-10",658,4,81.99,0,81.99,81.99,20.5,1,2,1,"Hibernating","Churned","Beverages","Ampang 88 Speedmart","Ampang","Selangor"
1119,"C1119","Liyana binti Hamid","N","Normal Member","2022-10-17",1352,"2026-03-01",121,5,210.7,0,210.7,210.7,42.14,2,2,3,"At Risk","Medium Risk","Imported Goods","Johor Bahru 88 Speedmart","Johor Bahru","Johor"
1120,"C1120","Priya a/p Raj","N","Non-Member",,,"2026-01-17",164,6,231.6,0,231.6,231.6,38.6,2,3,3,"At Risk","Medium Risk","Alcoholic Beverages","Klang 88 Speedmart","Klang","Selangor"
1121,"C1121","Hana binti Salleh","N","Non-Member",,,"2025-01-17",529,16,503.67,0,503.67,503.67,31.48,1,5,4,"At Risk","Churned","Dairy Products","Ampang 88 Speedmart","Ampang","Selangor"
1122,"C1122","Lim Poh Ling","N","Normal Member","2021-12-10",1663,"2024-09-07",661,5,243.38,0,243.38,243.38,48.68,1,2,3,"Lost","Churned","Baby Products","Cheras 88 Speedmart","Cheras","Kuala Lumpur"
1123,"C1123","Syafiq bin Hassan","N","VIP Member","2023-08-23",1042,"2025-06-08",387,11,699.35,0,699.35,699.35,63.58,1,4,5,"At Risk","Churned","Snacks and Confectionery","Petaling Jaya 88 Speedmart","Petaling Jaya","Selangor"
1124,"C1124","Syahirah binti Nasir","N","VIP Member","2022-03-10",1573,"2025-07-27",338,6,288.54,0,288.54,288.54,48.09,1,3,3,"At Risk","High Risk","Snacks and Confectionery","Ipoh 88 Speedmart","Ipoh","Perak"
1125,"C1125","Imran bin Ishak","N","Normal Member","2022-11-08",1330,"2025-12-05",207,13,384.98,0,384.98,384.98,29.61,1,4,4,"At Risk","High Risk","Beverages","Petaling Jaya 88 Speedmart","Petaling Jaya","Selangor"
1126,"C1126","Hana binti Yusof","N","Non-Member",,,"2025-04-26",430,5,239.43,0,239.43,239.43,47.89,1,2,3,"Lost","Churned","Beverages","Melaka 88 Speedmart","Melaka","Melaka"
1127,"C1127","Tan Mei Qi","N","Normal Member","2022-05-04",1518,"2026-05-10",51,21,590.38,0,590.38,590.38,28.11,4,5,5,"Champions","Low Risk","Canned and Packaged Food","Ampang 88 Speedmart","Ampang","Selangor"
1128,"C1128","Khalid bin Nasir","N","Normal Member","2022-03-01",1582,"2025-11-14",228,8,302.76,0,302.76,302.76,37.85,1,3,3,"At Risk","High Risk","Household Cleaning","George Town 88 Speedmart","George Town","Penang"
1129,"C1129","Hafiz bin Ibrahim","N","VIP Member","2021-12-24",1649,"2025-11-23",219,25,1167.2,0,1167.2,1167.2,46.69,1,5,5,"At Risk","High Risk","Frozen Food","Klang 88 Speedmart","Klang","Selangor"
1130,"C1130","Syafiq bin Razak","N","Normal Member","2022-10-03",1366,"2026-03-22",100,15,682.27,0,682.27,682.27,45.48,2,5,5,"At Risk","Medium Risk","Alcoholic Beverages","Johor Bahru 88 Speedmart","Johor Bahru","Johor"
1131,"C1131","Arif bin Kamal","N","VIP Member","2023-06-29",1097,"2025-11-25",217,22,1047.29,3.81,1043.48,1043.48,47.43,1,5,5,"At Risk","High Risk","Dairy Products","Johor Bahru 88 Speedmart","Johor Bahru","Johor"
1132,"C1132","Chong Pei Shan","N","Non-Member",,,"2024-11-01",606,6,166.15,0,166.15,166.15,27.69,1,3,2,"At Risk","Churned","Canned and Packaged Food","George Town 88 Speedmart","George Town","Penang"
1133,"C1133","Hafiz bin Hassan","N","VIP Member","2022-12-16",1292,"2026-01-09",172,6,218.92,0,218.92,218.92,36.49,2,3,3,"At Risk","Medium Risk","Frozen Food","Klang 88 Speedmart","Klang","Selangor"
1134,"C1134","Maisarah binti Basri","N","Non-Member",,,"2024-10-24",614,4,120.97,0,120.97,120.97,30.24,1,2,2,"Hibernating","Churned","Personal Care","Johor Bahru 88 Speedmart","Johor Bahru","Johor"
1135,"C1135","Chan Hui Ying","N","Normal Member","2022-05-28",1494,"2025-12-20",192,9,502.7,0,502.7,502.7,55.86,1,3,4,"At Risk","High Risk","Cooking Essentials","George Town 88 Speedmart","George Town","Penang"
1136,"C1136","Chin Ai Ling","N","Normal Member","2021-11-15",1688,"2025-12-17",195,8,410.68,0,410.68,410.68,51.34,1,3,4,"At Risk","High Risk","Rice and Grains","Johor Bahru 88 Speedmart","Johor Bahru","Johor"
1137,"C1137","Rafiq bin Ishak","N","VIP Member","2023-01-10",1267,"2026-05-25",36,8,287.01,2.42,284.59,284.59,35.57,4,3,3,"Potential Loyal","Low Risk","Dairy Products","Shah Alam 88 Speedmart","Shah Alam","Selangor"
1138,"C1138","Lim Shi Hao","N","Non-Member",,,"2026-04-19",72,8,273.11,5.09,268.02,268.02,33.5,3,3,3,"Need Attention","Low Risk","Snacks and Confectionery","Melaka 88 Speedmart","Melaka","Melaka"
1139,"C1139","Hafiz bin Hassan","N","Normal Member","2022-05-05",1517,"2024-10-23",615,14,367.31,0,367.31,367.31,26.24,1,4,4,"At Risk","Churned","Canned and Packaged Food","Kuching 88 Speedmart","Kuching","Sarawak"
1140,"C1140","Nadia binti Azman","N","Normal Member","2022-07-26",1435,"2026-05-12",49,9,318.19,0,318.19,318.19,35.35,4,3,3,"Potential Loyal","Low Risk","Cooking Essentials","Cheras 88 Speedmart","Cheras","Kuala Lumpur"
1141,"C1141","Chia Seng Huat","N","Normal Member","2023-07-01",1095,"2025-01-31",515,8,392.95,0,392.95,392.95,49.12,1,3,4,"At Risk","Churned","Baby Products","George Town 88 Speedmart","George Town","Penang"
1142,"C1142","Ho Chui Shan","N","Non-Member",,,"2025-04-04",452,5,123.78,3.66,120.12,120.12,24.02,1,2,2,"Hibernating","Churned","Alcoholic Beverages","Petaling Jaya 88 Speedmart","Petaling Jaya","Selangor"
1143,"C1143","Ong Kai Xin","N","Normal Member","2022-05-30",1492,"2024-03-17",835,5,170.07,0,170.07,170.07,34.01,1,2,2,"Hibernating","Churned","Canned and Packaged Food","Johor Bahru 88 Speedmart","Johor Bahru","Johor"
1144,"C1144","Lakshmi a/p Raj","N","VIP Member","2023-03-26",1192,"2024-11-27",580,5,145.29,0,145.29,145.29,29.06,1,2,2,"Hibernating","Churned","Stationery and Daily Needs","Cheras 88 Speedmart","Cheras","Kuala Lumpur"
1145,"C1145","Zahir bin Ibrahim","N","Non-Member",,,"2026-04-24",67,11,551.41,0,551.41,551.41,50.13,3,4,4,"Loyal Customers","Low Risk","Frozen Food","George Town 88 Speedmart","George Town","Penang"
1146,"C1146","Meera a/p Raj","N","VIP Member","2023-09-24",1010,"2025-12-26",186,10,277.95,0,277.95,277.95,27.8,1,4,3,"At Risk","High Risk","Rice and Grains","Seremban 88 Speedmart","Seremban","Negeri Sembilan"
1147,"C1147","Siti binti Hamid","N","Normal Member","2022-08-23",1407,"2024-11-02",605,6,185.69,0,185.69,185.69,30.95,1,3,2,"At Risk","Churned","Rice and Grains","Seremban 88 Speedmart","Seremban","Negeri Sembilan"
1148,"C1148","Chow Cheng Wei","N","Non-Member",,,"2025-12-07",205,6,171.85,0,171.85,171.85,28.64,1,3,2,"At Risk","High Risk","Cooking Essentials","Johor Bahru 88 Speedmart","Johor Bahru","Johor"
1149,"C1149","Ivan Giman","N","Non-Member",,,"2025-11-08",234,25,677.52,16.22,661.3,661.3,26.45,1,5,5,"At Risk","High Risk","Rice and Grains","Ipoh 88 Speedmart","Ipoh","Perak"
1150,"C1150","Chew Jun Hao","N","Normal Member","2022-06-26",1465,"2024-10-07",631,26,999.53,27.94,971.59,971.59,37.37,1,5,5,"At Risk","Churned","Rice and Grains","Ipoh 88 Speedmart","Ipoh","Perak"
1151,"C1151","Alvin a/l Tharmalingam","N","Non-Member",,,"2025-06-07",388,11,492.79,0,492.79,492.79,44.8,1,4,4,"At Risk","Churned","Canned and Packaged Food","Shah Alam 88 Speedmart","Shah Alam","Selangor"
1152,"C1152","Chong Jia En","N","Non-Member",,,"2026-02-11",139,18,516.59,0,516.59,516.59,28.7,2,5,4,"At Risk","Medium Risk","Canned and Packaged Food","Seremban 88 Speedmart","Seremban","Negeri Sembilan"
1153,"C1153","Goh Ching Yee","N","VIP Member","2023-06-13",1113,"2026-03-15",107,20,559.75,0,559.75,559.75,27.99,2,5,4,"At Risk","Medium Risk","Rice and Grains","Klang 88 Speedmart","Klang","Selangor"
1154,"C1154","Chong Kar Yee","N","Normal Member","2023-09-01",1033,"2025-12-10",202,7,158.78,0,158.78,158.78,22.68,1,3,2,"At Risk","High Risk","Cooking Essentials","Ampang 88 Speedmart","Ampang","Selangor"
1155,"C1155","Faris bin Hassan","N","VIP Member","2022-12-21",1287,"2026-06-29",1,6,227.7,0,227.7,227.7,37.95,5,3,3,"Potential Loyal","Low Risk","Cooking Essentials","Melaka 88 Speedmart","Melaka","Melaka"
1156,"C1156","Naveen a/l Rao","N","Normal Member","2022-12-19",1289,"2025-09-03",300,8,348.96,0,348.96,348.96,43.62,1,3,3,"At Risk","High Risk","Frozen Food","George Town 88 Speedmart","George Town","Penang"
1157,"C1157","Akmal bin Ibrahim","N","Normal Member","2023-04-23",1164,"2026-06-10",20,19,827.19,1.18,826.01,826.01,43.47,5,5,5,"Champions","Low Risk","Snacks and Confectionery","Klang 88 Speedmart","Klang","Selangor"
1158,"C1158","Farhan bin Daud","N","Normal Member","2023-03-03",1215,"2026-02-21",129,22,947.54,0,947.54,947.54,43.07,2,5,5,"At Risk","Medium Risk","Baby Products","Petaling Jaya 88 Speedmart","Petaling Jaya","Selangor"
1159,"C1159","Nadia binti Basri","N","Normal Member","2023-03-13",1205,"2025-05-22",404,6,192.86,0,192.86,192.86,32.14,1,3,2,"At Risk","Churned","Rice and Grains","Petaling Jaya 88 Speedmart","Petaling Jaya","Selangor"
1160,"C1160","Aqilah binti Ahmad","N","Normal Member","2022-05-14",1508,"2026-04-03",88,11,389.41,0,389.41,389.41,35.4,3,4,4,"Loyal Customers","Low Risk","Rice and Grains","Cheras 88 Speedmart","Cheras","Kuala Lumpur"
1161,"C1161","Hakim bin Fauzi","N","Non-Member",,,"2026-04-03",88,8,349.74,0,349.74,349.74,43.72,3,3,3,"Need Attention","Low Risk","Rice and Grains","Klang 88 Speedmart","Klang","Selangor"
1162,"C1162","Darren Rantai","N","Normal Member","2022-01-13",1629,"2025-12-24",188,12,462.1,0,462.1,462.1,38.51,1,4,4,"At Risk","High Risk","Canned and Packaged Food","Klang 88 Speedmart","Klang","Selangor"
1163,"C1163","Danish bin Kamal","N","Normal Member","2023-06-18",1108,"2025-05-05",421,7,328,0,328,328,46.86,1,3,3,"At Risk","Churned","Rice and Grains","Melaka 88 Speedmart","Melaka","Melaka"
1164,"C1164","Nabilah binti Azman","N","VIP Member","2021-11-11",1692,"2025-12-09",203,27,1196.45,5.46,1190.99,1190.99,44.11,1,5,5,"At Risk","High Risk","Beverages","Shah Alam 88 Speedmart","Shah Alam","Selangor"
1165,"C1165","Mardhiah binti Kamal","N","Non-Member",,,"2024-07-18",712,6,215.69,0,215.69,215.69,35.95,1,3,3,"At Risk","Churned","Baby Products","Kota Kinabalu 88 Speedmart","Kota Kinabalu","Sabah"
1166,"C1166","Khadijah binti Hamid","N","VIP Member","2022-04-26",1526,"2024-03-07",845,7,235.55,0,235.55,235.55,33.65,1,3,3,"At Risk","Churned","Beverages","Johor Bahru 88 Speedmart","Johor Bahru","Johor"
1167,"C1167","Chow Kin Hoong","N","VIP Member","2022-06-12",1479,"2026-02-15",135,5,159.69,0,159.69,159.69,31.94,2,2,2,"Hibernating","Medium Risk","Canned and Packaged Food","Klang 88 Speedmart","Klang","Selangor"
1168,"C1168","Shalini a/p Muthu","N","Non-Member",,,"2023-12-14",929,15,569.97,0,569.97,569.97,38,1,5,5,"At Risk","Churned","Dairy Products","Petaling Jaya 88 Speedmart","Petaling Jaya","Selangor"
1169,"C1169","Chin Zi Xuan","N","Normal Member","2022-07-17",1444,"2025-06-09",386,3,40.07,0,40.07,40.07,13.36,1,1,1,"Hibernating","Churned","Instant Food","Melaka 88 Speedmart","Melaka","Melaka"
1170,"C1170","Chong Wei Lun","N","VIP Member","2022-06-18",1473,"2025-12-18",194,19,466.49,0,466.49,466.49,24.55,1,5,4,"At Risk","High Risk","Cooking Essentials","George Town 88 Speedmart","George Town","Penang"
1171,"C1171","Alvin a/l Maniam","N","Normal Member","2022-05-29",1493,"2025-07-02",363,7,269.34,0,269.34,269.34,38.48,1,3,3,"At Risk","High Risk","Baby Products","George Town 88 Speedmart","George Town","Penang"
1172,"C1172","Darren a/l Maniam","N","Non-Member",,,"2024-10-15",623,8,371.53,0,371.53,371.53,46.44,1,3,4,"At Risk","Churned","Household Cleaning","Klang 88 Speedmart","Klang","Selangor"
1173,"C1173","Adilah binti Basri","N","Non-Member",,,"2025-07-30",335,4,150.89,4.35,146.54,146.54,36.64,1,2,2,"Hibernating","High Risk","Dairy Products","Klang 88 Speedmart","Klang","Selangor"
1174,"C1174","Luqman bin Salleh","N","Normal Member","2023-06-24",1102,"2025-08-26",308,21,557.79,3.21,554.58,554.58,26.41,1,5,4,"At Risk","High Risk","Stationery and Daily Needs","Kota Kinabalu 88 Speedmart","Kota Kinabalu","Sabah"
1175,"C1175","Syahirah binti Omar","N","Normal Member","2023-03-18",1200,"2025-05-11",415,5,159.3,5.48,153.82,153.82,30.76,1,2,2,"Hibernating","Churned","Frozen Food","Melaka 88 Speedmart","Melaka","Melaka"
1176,"C1176","Fatin binti Ishak","N","Normal Member","2022-06-22",1469,"2026-03-06",116,13,290.82,0,290.82,290.82,22.37,2,4,3,"At Risk","Medium Risk","Dairy Products","Melaka 88 Speedmart","Melaka","Melaka"
1177,"C1177","Farhan bin Ibrahim","N","Normal Member","2022-06-29",1462,"2026-06-22",8,9,259.88,0,259.88,259.88,28.88,5,3,3,"Potential Loyal","Low Risk","Snacks and Confectionery","George Town 88 Speedmart","George Town","Penang"
1178,"C1178","Marcus Bansa","N","Non-Member",,,"2026-03-23",99,14,466.33,7.41,458.92,458.92,32.78,2,4,4,"At Risk","Medium Risk","Beverages","Klang 88 Speedmart","Klang","Selangor"
1179,"C1179","Sabrina binti Hassan","N","Non-Member",,,"2026-02-26",124,15,473.05,0,473.05,473.05,31.54,2,5,4,"At Risk","Medium Risk","Dairy Products","Ampang 88 Speedmart","Ampang","Selangor"
1180,"C1180","Kavitha a/p Anand","N","Normal Member","2023-09-25",1009,"2025-05-25",401,33,1173.11,0,1173.11,1173.11,35.55,1,5,5,"At Risk","Churned","Cooking Essentials","George Town 88 Speedmart","George Town","Penang"
1181,"C1181","Chong Kar Yee","N","Normal Member","2021-12-15",1658,"2026-01-15",166,3,80.02,0,80.02,80.02,26.67,2,1,1,"Hibernating","Medium Risk","Dairy Products","Seremban 88 Speedmart","Seremban","Negeri Sembilan"
1182,"C1182","Nabilah binti Ahmad","N","VIP Member","2023-10-21",983,"2025-11-08",234,7,198.97,0,198.97,198.97,28.42,1,3,2,"At Risk","High Risk","Frozen Food","Johor Bahru 88 Speedmart","Johor Bahru","Johor"
1183,"C1183","Jannah binti Fauzi","N","Non-Member",,,"2026-02-28",122,8,284.01,0,284.01,284.01,35.5,2,3,3,"At Risk","Medium Risk","Beverages","Petaling Jaya 88 Speedmart","Petaling Jaya","Selangor"
1184,"C1184","Fong Hui Min","N","Non-Member",,,"2025-12-20",192,6,189.69,1.24,188.45,188.45,31.41,1,3,2,"At Risk","High Risk","Stationery and Daily Needs","George Town 88 Speedmart","George Town","Penang"
1185,"C1185","Aqilah binti Fauzi","N","Normal Member","2022-10-06",1363,"2025-11-19",223,7,310.19,0,310.19,310.19,44.31,1,3,3,"At Risk","High Risk","Premium Items","Ipoh 88 Speedmart","Ipoh","Perak"
1186,"C1186","Marcus Bansa","N","Non-Member",,,"2025-12-19",193,14,551.25,0,551.25,551.25,39.38,1,4,4,"At Risk","High Risk","Instant Food","Ampang 88 Speedmart","Ampang","Selangor"
1187,"C1187","Divya a/p Devi","N","Non-Member",,,"2024-08-24",675,4,101.5,0,101.5,101.5,25.38,1,2,2,"Hibernating","Churned","Frozen Food","Klang 88 Speedmart","Klang","Selangor"
1188,"C1188","Natalie a/p Raj","N","VIP Member","2022-03-16",1567,"2026-03-06",116,22,867.19,0,867.19,867.19,39.42,2,5,5,"At Risk","Medium Risk","Cooking Essentials","Petaling Jaya 88 Speedmart","Petaling Jaya","Selangor"
1189,"C1189","Lim Kar Yee","N","VIP Member","2023-07-25",1071,"2026-02-16",134,15,643.96,16.93,627.03,627.03,41.8,2,5,5,"At Risk","Medium Risk","Frozen Food","Petaling Jaya 88 Speedmart","Petaling Jaya","Selangor"
1190,"C1190","Khadijah binti Ahmad","N","Non-Member",,,"2024-07-05",725,9,263.95,0,263.95,263.95,29.33,1,3,3,"At Risk","Churned","Instant Food","Melaka 88 Speedmart","Melaka","Melaka"
1191,"C1191","Arjun a/l Tharmalingam","N","Non-Member",,,"2025-06-02",393,7,199.56,1.3,198.26,198.26,28.32,1,3,2,"At Risk","Churned","Household Cleaning","Shah Alam 88 Speedmart","Shah Alam","Selangor"
1192,"C1192","Elena Agan","N","Normal Member","2021-12-24",1649,"2025-11-11",231,5,192.85,0,192.85,192.85,38.57,1,2,2,"Hibernating","High Risk","Alcoholic Beverages","Ampang 88 Speedmart","Ampang","Selangor"
1193,"C1193","Sabrina binti Ibrahim","N","Normal Member","2022-04-14",1538,"2026-05-08",53,19,744.57,0,744.57,744.57,39.19,4,5,5,"Champions","Low Risk","Beverages","Melaka 88 Speedmart","Melaka","Melaka"
1194,"C1194","Farah binti Kamal","N","Normal Member","2022-05-23",1499,"2026-01-17",164,19,990.42,3.77,986.65,986.65,51.93,2,5,5,"At Risk","Medium Risk","Rice and Grains","Ampang 88 Speedmart","Ampang","Selangor"
1195,"C1195","Maisarah binti Ismail","N","Normal Member","2023-11-02",971,"2026-06-20",10,10,470.37,6.8,463.57,463.57,46.36,5,4,4,"Champions","Low Risk","Cooking Essentials","Ipoh 88 Speedmart","Ipoh","Perak"
1196,"C1196","Rafiq bin Kamal","N","Normal Member","2022-12-12",1296,"2026-05-16",45,14,499.91,20.58,479.33,479.33,34.24,4,4,4,"Champions","Low Risk","Cooking Essentials","Shah Alam 88 Speedmart","Shah Alam","Selangor"
1197,"C1197","Intan binti Jamal","N","Normal Member","2022-04-30",1522,"2024-03-10",842,14,630.22,3.44,626.78,626.78,44.77,1,4,5,"At Risk","Churned","Beverages","Shah Alam 88 Speedmart","Shah Alam","Selangor"
1198,"C1198","Hafiz bin Mahmud","N","Normal Member","2023-11-04",969,"2025-05-07",419,5,208.59,0,208.59,208.59,41.72,1,2,3,"Lost","Churned","Dairy Products","Ampang 88 Speedmart","Ampang","Selangor"
1199,"C1199","Fong Poh Ling","N","Normal Member","2022-09-11",1388,"2023-09-04",1030,3,54.18,0,54.18,54.18,18.06,1,1,1,"Hibernating","Churned","Cooking Essentials","Kota Kinabalu 88 Speedmart","Kota Kinabalu","Sabah"
1200,"C1200","Lee Shu Fen","N","Normal Member","2021-11-23",1680,"2025-06-22",373,15,638.98,33.5,605.48,605.48,40.37,1,5,5,"At Risk","Churned","Beverages","Johor Bahru 88 Speedmart","Johor Bahru","Johor"
1201,"C1201","Nurul binti Kamal","N","Normal Member","2022-11-19",1319,"2026-06-12",18,11,329.74,0,329.74,329.74,29.98,5,4,3,"Loyal Customers","Low Risk","Instant Food","Petaling Jaya 88 Speedmart","Petaling Jaya","Selangor"
1202,"C1202","Syafiq bin Azman","N","Non-Member",,,"2026-04-29",62,19,1035.29,0,1035.29,1035.29,54.49,3,5,5,"Loyal Customers","Low Risk","Instant Food","Johor Bahru 88 Speedmart","Johor Bahru","Johor"
1203,"C1203","Saraswathy a/p Saraswathy","N","Normal Member","2022-11-12",1326,"2026-05-05",56,4,158.16,0,158.16,158.16,39.54,4,2,2,"Potential Loyal","Low Risk","Snacks and Confectionery","Cheras 88 Speedmart","Cheras","Kuala Lumpur"
1204,"C1204","Dev a/l Anand","N","Normal Member","2022-11-02",1336,"2024-02-15",866,5,125.17,0,125.17,125.17,25.03,1,2,2,"Hibernating","Churned","Snacks and Confectionery","Petaling Jaya 88 Speedmart","Petaling Jaya","Selangor"
1205,"C1205","Letchumy a/p Chandran","N","Normal Member","2023-07-17",1079,"2024-03-22",830,7,428.93,0,428.93,428.93,61.28,1,3,4,"At Risk","Churned","Rice and Grains","Seremban 88 Speedmart","Seremban","Negeri Sembilan"
1206,"C1206","Khalid bin Hassan","N","Normal Member","2022-07-28",1433,"2025-01-08",538,8,328.7,0,328.7,328.7,41.09,1,3,3,"At Risk","Churned","Baby Products","Klang 88 Speedmart","Klang","Selangor"
1207,"C1207","Wong Mei Qi","N","Non-Member",,,"2024-11-17",590,3,40.96,0,40.96,40.96,13.65,1,1,1,"Hibernating","Churned","Personal Care","Petaling Jaya 88 Speedmart","Petaling Jaya","Selangor"
1208,"C1208","Chew Yoke Leng","N","VIP Member","2023-07-10",1086,"2023-10-10",994,7,315.62,0,315.62,315.62,45.09,1,3,3,"At Risk","Churned","Beverages","Petaling Jaya 88 Speedmart","Petaling Jaya","Selangor"
1209,"C1209","Ahmad bin Jamal","N","Normal Member","2022-09-01",1398,"2026-03-09",113,5,175.14,0,175.14,175.14,35.03,2,2,2,"Hibernating","Medium Risk","Rice and Grains","Cheras 88 Speedmart","Cheras","Kuala Lumpur"
1210,"C1210","Akmal bin Salleh","N","Normal Member","2023-01-28",1249,"2026-06-12",18,8,164.05,0,164.05,164.05,20.51,5,3,2,"Potential Loyal","Low Risk","Canned and Packaged Food","George Town 88 Speedmart","George Town","Penang"
1211,"C1211","Dev a/l Rajan","N","Normal Member","2023-03-01",1217,"2024-06-09",751,4,82.25,0,82.25,82.25,20.56,1,2,1,"Hibernating","Churned","Personal Care","Klang 88 Speedmart","Klang","Selangor"
1212,"C1212","Aiman bin Fauzi","N","Non-Member",,,"2025-08-28",306,5,204.47,0,204.47,204.47,40.89,1,2,3,"Lost","High Risk","Stationery and Daily Needs","Cheras 88 Speedmart","Cheras","Kuala Lumpur"
1213,"C1213","Fatin binti Fauzi","N","Normal Member","2023-03-22",1196,"2024-11-09",598,16,341.91,0,341.91,341.91,21.37,1,5,3,"At Risk","Churned","Cooking Essentials","Kuching 88 Speedmart","Kuching","Sarawak"
1214,"C1214","Lim Ching Yee","N","Non-Member",,,"2025-04-29",427,6,229.7,0,229.7,229.7,38.28,1,3,3,"At Risk","Churned","Snacks and Confectionery","Klang 88 Speedmart","Klang","Selangor"
1215,"C1215","Imran bin Salleh","N","Normal Member","2023-06-19",1107,"2025-08-02",332,22,865.97,26.98,838.99,838.99,38.14,1,5,5,"At Risk","High Risk","Rice and Grains","Cheras 88 Speedmart","Cheras","Kuala Lumpur"
1216,"C1216","Khadijah binti Fauzi","N","Non-Member",,,"2025-11-26",216,8,465.78,0,465.78,465.78,58.22,1,3,4,"At Risk","High Risk","Canned and Packaged Food","Cheras 88 Speedmart","Cheras","Kuala Lumpur"
1217,"C1217","Felix a/l Vijayan","N","Normal Member","2022-04-09",1543,"2025-03-22",465,11,225,0,225,225,20.45,1,4,3,"At Risk","Churned","Rice and Grains","Seremban 88 Speedmart","Seremban","Negeri Sembilan"
1218,"C1218","Chin Seng Huat","N","Non-Member",,,"2025-11-26",216,5,107.11,0,107.11,107.11,21.42,1,2,2,"Hibernating","High Risk","Beverages","Klang 88 Speedmart","Klang","Selangor"
1219,"C1219","Zara binti Ibrahim","N","Normal Member","2023-03-05",1213,"2024-06-24",736,14,651.93,0,651.93,651.93,46.57,1,4,5,"At Risk","Churned","Frozen Food","Petaling Jaya 88 Speedmart","Petaling Jaya","Selangor"
1220,"C1220","Rafiq bin Omar","N","VIP Member","2023-03-30",1188,"2025-06-22",373,11,593.18,0,593.18,593.18,53.93,1,4,5,"At Risk","Churned","Instant Food","Shah Alam 88 Speedmart","Shah Alam","Selangor"
1221,"C1221","Sonia a/p Nair","N","Normal Member","2023-06-09",1117,"2024-07-22",708,20,547.04,0,547.04,547.04,27.35,1,5,4,"At Risk","Churned","Cooking Essentials","Klang 88 Speedmart","Klang","Selangor"
1222,"C1222","Fatin binti Razak","N","Normal Member","2022-10-18",1351,"2026-01-23",158,11,362.75,0,362.75,362.75,32.98,2,4,4,"At Risk","Medium Risk","Frozen Food","George Town 88 Speedmart","George Town","Penang"
1223,"C1223","Siti binti Ismail","N","Normal Member","2023-02-23",1223,"2023-10-04",1000,4,137.81,0,137.81,137.81,34.45,1,2,2,"Hibernating","Churned","Stationery and Daily Needs","George Town 88 Speedmart","George Town","Penang"
1224,"C1224","Nasir bin Jamal","N","Normal Member","2023-10-02",1002,"2025-12-10",202,2,118.8,0,118.8,118.8,59.4,1,1,2,"Hibernating","High Risk","Household Cleaning","Shah Alam 88 Speedmart","Shah Alam","Selangor"
1225,"C1225","Jannah binti Nasir","N","Normal Member","2023-04-10",1177,"2024-11-02",605,21,778.1,0,778.1,778.1,37.05,1,5,5,"At Risk","Churned","Instant Food","Shah Alam 88 Speedmart","Shah Alam","Selangor"
1226,"C1226","Zara binti Hassan","N","Normal Member","2023-02-16",1230,"2026-04-11",80,21,1059.36,4.14,1055.22,1055.22,50.25,3,5,5,"Loyal Customers","Low Risk","Canned and Packaged Food","Seremban 88 Speedmart","Seremban","Negeri Sembilan"
1227,"C1227","Aiman bin Abdullah","N","Normal Member","2022-12-09",1299,"2026-06-07",23,7,174.72,0,174.72,174.72,24.96,5,3,2,"Potential Loyal","Low Risk","Baby Products","Seremban 88 Speedmart","Seremban","Negeri Sembilan"
1228,"C1228","Jannah binti Jamal","N","Non-Member",,,"2025-12-13",199,5,216.69,0,216.69,216.69,43.34,1,2,3,"Lost","High Risk","Baby Products","Melaka 88 Speedmart","Melaka","Melaka"
1229,"C1229","Letchumy a/p Anand","N","Normal Member","2023-04-03",1184,"2025-11-03",239,12,617.41,0,617.41,617.41,51.45,1,4,5,"At Risk","High Risk","Canned and Packaged Food","Johor Bahru 88 Speedmart","Johor Bahru","Johor"
1230,"C1230","Wong Shi Hao","N","Normal Member","2023-06-26",1100,"2024-06-12",748,15,378.95,6.73,372.22,372.22,24.81,1,5,4,"At Risk","Churned","Dairy Products","Petaling Jaya 88 Speedmart","Petaling Jaya","Selangor"
1231,"C1231","Chew Kai Xin","N","Non-Member",,,"2025-05-18",408,13,470.12,0,470.12,470.12,36.16,1,4,4,"At Risk","Churned","Rice and Grains","Ampang 88 Speedmart","Ampang","Selangor"
1232,"C1232","Siti binti Zainal","N","Non-Member",,,"2026-06-28",2,6,185.74,0,185.74,185.74,30.96,5,3,2,"Potential Loyal","Low Risk","Beverages","Ipoh 88 Speedmart","Ipoh","Perak"
1233,"C1233","Yeoh Mei Qi","N","VIP Member","2022-11-17",1321,"2025-04-05",451,5,237.21,0,237.21,237.21,47.44,1,2,3,"Lost","Churned","Rice and Grains","Shah Alam 88 Speedmart","Shah Alam","Selangor"
1234,"C1234","Nadia binti Hamid","N","VIP Member","2022-05-07",1515,"2026-04-23",68,12,282.09,0,282.09,282.09,23.51,3,4,3,"Loyal Customers","Low Risk","Beverages","Johor Bahru 88 Speedmart","Johor Bahru","Johor"
1235,"C1235","Irfan bin Ishak","N","Non-Member",,,"2026-03-16",106,3,122.44,0,122.44,122.44,40.81,2,1,2,"Hibernating","Medium Risk","Snacks and Confectionery","Klang 88 Speedmart","Klang","Selangor"
1236,"C1236","Loh Zhi Qing","N","Non-Member",,,"2023-03-26",1192,4,203.23,2.65,200.58,200.58,50.15,1,2,2,"Hibernating","Churned","Dairy Products","George Town 88 Speedmart","George Town","Penang"
1237,"C1237","Chow Jun Hao","N","Non-Member",,,"2026-02-05",145,16,659.82,0,659.82,659.82,41.24,2,5,5,"At Risk","Medium Risk","Dairy Products","Johor Bahru 88 Speedmart","Johor Bahru","Johor"
1238,"C1238","Arjun a/l Raj","N","Normal Member","2023-09-01",1033,"2026-04-30",61,3,167.16,0,167.16,167.16,55.72,3,1,2,"Need Attention","Low Risk","Alcoholic Beverages","Petaling Jaya 88 Speedmart","Petaling Jaya","Selangor"
1239,"C1239","Luqman bin Fauzi","N","Normal Member","2023-04-15",1172,"2026-06-06",24,14,318.58,0,318.58,318.58,22.76,5,4,3,"Loyal Customers","Low Risk","Personal Care","Ipoh 88 Speedmart","Ipoh","Perak"
1240,"C1240","Maisarah binti Kamal","N","Normal Member","2022-05-13",1509,"2023-12-23",920,8,274.43,0,274.43,274.43,34.3,1,3,3,"At Risk","Churned","Personal Care","Seremban 88 Speedmart","Seremban","Negeri Sembilan"
1241,"C1241","Natalie Nanta","N","Non-Member",,,"2024-09-08",660,9,329.3,0,329.3,329.3,36.59,1,3,3,"At Risk","Churned","Household Cleaning","Johor Bahru 88 Speedmart","Johor Bahru","Johor"
1242,"C1242","Divya a/p Nair","N","Normal Member","2022-05-14",1508,"2026-02-27",123,8,155.94,0,155.94,155.94,19.49,2,3,2,"At Risk","Medium Risk","Instant Food","Seremban 88 Speedmart","Seremban","Negeri Sembilan"
1243,"C1243","Tan Li Xuan","N","VIP Member","2023-01-31",1246,"2025-02-04",511,12,600.41,0,600.41,600.41,50.03,1,4,5,"At Risk","Churned","Dairy Products","Ipoh 88 Speedmart","Ipoh","Perak"
1244,"C1244","Liyana binti Salleh","N","Normal Member","2022-11-21",1317,"2026-03-01",121,7,204.64,0,204.64,204.64,29.23,2,3,3,"At Risk","Medium Risk","Rice and Grains","Cheras 88 Speedmart","Cheras","Kuala Lumpur"
1245,"C1245","Koh Mei Ling","N","Normal Member","2022-12-22",1286,"2025-12-01",211,8,259.27,0,259.27,259.27,32.41,1,3,3,"At Risk","High Risk","Alcoholic Beverages","Klang 88 Speedmart","Klang","Selangor"
1246,"C1246","Chin Cheng Wei","N","Normal Member","2022-10-22",1347,"2026-06-19",11,27,1182.56,1.26,1181.3,1181.3,43.75,5,5,5,"Champions","Low Risk","Stationery and Daily Needs","Seremban 88 Speedmart","Seremban","Negeri Sembilan"
1247,"C1247","Ananya a/p Muthu","N","Normal Member","2022-04-05",1547,"2025-12-05",207,4,117.09,0,117.09,117.09,29.27,1,2,2,"Hibernating","High Risk","Canned and Packaged Food","Kota Kinabalu 88 Speedmart","Kota Kinabalu","Sabah"
1248,"C1248","Chin Wei Lun","N","Normal Member","2023-11-06",967,"2025-09-14",289,10,392.26,0,392.26,392.26,39.23,1,4,4,"At Risk","High Risk","Beverages","Shah Alam 88 Speedmart","Shah Alam","Selangor"
1249,"C1249","Chan Mei Qi","N","Normal Member","2022-11-03",1335,"2026-05-27",34,20,699.56,0,699.56,699.56,34.98,4,5,5,"Champions","Low Risk","Cooking Essentials","Cheras 88 Speedmart","Cheras","Kuala Lumpur"
1250,"C1250","Ong Kai Jie","N","Normal Member","2023-07-22",1074,"2022-06-05",1486,1,17.62,0,17.62,17.62,17.62,1,1,1,"Hibernating","Churned","Stationery and Daily Needs","Johor Bahru 88 Speedmart","Johor Bahru","Johor"
1251,"C1251","Hafiz bin Ibrahim","N","Non-Member",,,"2026-01-14",167,7,215.73,0,215.73,215.73,30.82,2,3,3,"At Risk","Medium Risk","Snacks and Confectionery","Kuching 88 Speedmart","Kuching","Sarawak"
1252,"C1252","Arjun a/l Singh","N","Non-Member",,,"2023-11-27",946,4,313,0,313,313,78.25,1,2,3,"Lost","Churned","Baby Products","Klang 88 Speedmart","Klang","Selangor"
1253,"C1253","Ng Poh Ling","N","Non-Member",,,"2025-12-16",196,15,520.35,0,520.35,520.35,34.69,1,5,4,"At Risk","High Risk","Stationery and Daily Needs","George Town 88 Speedmart","George Town","Penang"
1254,"C1254","Nasir bin Zainal","N","Normal Member","2022-12-07",1301,"2025-09-30",273,4,246.31,0,246.31,246.31,61.58,1,2,3,"Lost","High Risk","Rice and Grains","Melaka 88 Speedmart","Melaka","Melaka"
1255,"C1255","Meera a/p Nair","N","Non-Member",,,"2026-06-05",25,6,541.26,0,541.26,541.26,90.21,5,3,4,"Potential Loyal","Low Risk","Cooking Essentials","Johor Bahru 88 Speedmart","Johor Bahru","Johor"
1256,"C1256","Aisyah binti Razak","N","Non-Member",,,"2025-10-30",243,6,110.1,0,110.1,110.1,18.35,1,3,2,"At Risk","High Risk","Canned and Packaged Food","Shah Alam 88 Speedmart","Shah Alam","Selangor"
1257,"C1257","Low Cheng Wei","N","Non-Member",,,"2026-02-06",144,11,307.21,0,307.21,307.21,27.93,2,4,3,"At Risk","Medium Risk","Rice and Grains","Klang 88 Speedmart","Klang","Selangor"
1258,"C1258","Lim Xin Yi","N","Normal Member","2023-10-01",1003,"2025-12-03",209,7,459.52,0,459.52,459.52,65.65,1,3,4,"At Risk","High Risk","Dairy Products","Petaling Jaya 88 Speedmart","Petaling Jaya","Selangor"
1259,"C1259","Hana binti Fauzi","N","Normal Member","2022-06-24",1467,"2026-03-18",104,7,421.11,0,421.11,421.11,60.16,2,3,4,"At Risk","Medium Risk","Baby Products","Johor Bahru 88 Speedmart","Johor Bahru","Johor"
1260,"C1260","Lim Kai Xin","N","VIP Member","2022-11-12",1326,"2026-04-17",74,18,711.22,0,711.22,711.22,39.51,3,5,5,"Loyal Customers","Low Risk","Dairy Products","George Town 88 Speedmart","George Town","Penang"
1261,"C1261","Imran bin Daud","N","Normal Member","2023-02-12",1234,"2026-05-12",49,7,321.12,0,321.12,321.12,45.87,4,3,3,"Potential Loyal","Low Risk","Imported Goods","George Town 88 Speedmart","George Town","Penang"
1262,"C1262","Khalid bin Basri","N","VIP Member","2023-12-10",933,"2026-06-05",25,9,537.23,0,537.23,537.23,59.69,5,3,4,"Potential Loyal","Low Risk","Cooking Essentials","Kota Kinabalu 88 Speedmart","Kota Kinabalu","Sabah"
1263,"C1263","Hana binti Razak","N","Normal Member","2023-04-27",1160,"2026-06-08",22,14,510.86,0,510.86,510.86,36.49,5,4,4,"Champions","Low Risk","Frozen Food","Petaling Jaya 88 Speedmart","Petaling Jaya","Selangor"
1264,"C1264","Sonia Janting","N","Normal Member","2023-08-07",1058,"2025-04-13",443,6,255.23,0,255.23,255.23,42.54,1,3,3,"At Risk","Churned","Canned and Packaged Food","Petaling Jaya 88 Speedmart","Petaling Jaya","Selangor"
1265,"C1265","Imran bin Abdullah","N","Non-Member",,,"2025-07-29",336,3,111.15,0,111.15,111.15,37.05,1,1,2,"Hibernating","High Risk","Snacks and Confectionery","Kuching 88 Speedmart","Kuching","Sarawak"
1266,"C1266","Ho Li Xuan","N","VIP Member","2023-04-18",1169,"2026-01-03",178,24,881.12,7.1,874.02,874.02,36.42,2,5,5,"At Risk","Medium Risk","Canned and Packaged Food","George Town 88 Speedmart","George Town","Penang"
1267,"C1267","Fatin binti Ismail","N","VIP Member","2023-03-03",1215,"2025-10-16",257,20,600.95,2.72,598.23,598.23,29.91,1,5,5,"At Risk","High Risk","Canned and Packaged Food","Cheras 88 Speedmart","Cheras","Kuala Lumpur"
1268,"C1268","Amir bin Salleh","N","VIP Member","2022-12-29",1279,"2025-12-05",207,8,317.23,13.71,303.52,303.52,37.94,1,3,3,"At Risk","High Risk","Dairy Products","Seremban 88 Speedmart","Seremban","Negeri Sembilan"
1269,"C1269","Ho Boon Hui","N","VIP Member","2023-12-07",936,"2026-03-14",108,9,515.72,8.32,507.4,507.4,56.38,2,3,4,"At Risk","Medium Risk","Rice and Grains","Ipoh 88 Speedmart","Ipoh","Perak"
1270,"C1270","Maisarah binti Nasir","N","Normal Member","2023-08-07",1058,"2026-05-25",36,8,434.15,0,434.15,434.15,54.27,4,3,4,"Potential Loyal","Low Risk","Rice and Grains","Cheras 88 Speedmart","Cheras","Kuala Lumpur"
1271,"C1271","Hakim bin Daud","N","VIP Member","2023-11-07",966,"2023-10-14",990,4,151.81,0,151.81,151.81,37.95,1,2,2,"Hibernating","Churned","Personal Care","Cheras 88 Speedmart","Cheras","Kuala Lumpur"
1272,"C1272","Sabrina binti Omar","N","Non-Member",,,"2026-04-29",62,11,343.97,0,343.97,343.97,31.27,3,4,3,"Loyal Customers","Low Risk","Rice and Grains","Ampang 88 Speedmart","Ampang","Selangor"
1273,"C1273","Lim Ching Yee","N","Normal Member","2022-10-26",1343,"2026-02-06",144,9,421.34,0,421.34,421.34,46.82,2,3,4,"At Risk","Medium Risk","Personal Care","Ampang 88 Speedmart","Ampang","Selangor"
1274,"C1274","Nabil bin Hamid","N","VIP Member","2022-07-30",1431,"2025-01-26",520,15,440.48,0,440.48,440.48,29.37,1,5,4,"At Risk","Churned","Snacks and Confectionery","Melaka 88 Speedmart","Melaka","Melaka"
1275,"C1275","Danish bin Razak","N","Normal Member","2022-03-22",1561,"2026-06-16",14,17,569.31,0,569.31,569.31,33.49,5,5,4,"Champions","Low Risk","Dairy Products","Ampang 88 Speedmart","Ampang","Selangor"
1276,"C1276","Amir bin Hamid","N","VIP Member","2023-05-07",1150,,,0,0,0,0,0,,0,0,0,"Prospect","Prospect",,,,
1277,"C1277","Aisyah binti Daud","N","VIP Member","2022-05-15",1507,"2025-11-09",233,18,772.2,0,772.2,772.2,42.9,1,5,5,"At Risk","High Risk","Canned and Packaged Food","George Town 88 Speedmart","George Town","Penang"
1278,"C1278","Marcus a/l Pillai","N","Normal Member","2023-08-03",1062,"2025-08-01",333,17,844.28,0,844.28,844.28,49.66,1,5,5,"At Risk","High Risk","Instant Food","Cheras 88 Speedmart","Cheras","Kuala Lumpur"
1279,"C1279","Low Cheng Wei","N","Normal Member","2023-04-04",1183,"2025-02-21",494,17,576.32,0,576.32,576.32,33.9,1,5,5,"At Risk","Churned","Baby Products","Cheras 88 Speedmart","Cheras","Kuala Lumpur"
1280,"C1280","Devi a/p Gopal","N","Normal Member","2022-06-21",1470,"2026-06-30",0,5,308.75,0,308.75,308.75,61.75,5,2,3,"Potential Loyal","Low Risk","Imported Goods","Cheras 88 Speedmart","Cheras","Kuala Lumpur"
1281,"C1281","Khadijah binti Mahmud","N","VIP Member","2022-08-15",1415,"2025-05-16",410,19,556.32,0,556.32,556.32,29.28,1,5,4,"At Risk","Churned","Canned and Packaged Food","George Town 88 Speedmart","George Town","Penang"
1282,"C1282","Koh Kin Hoong","N","Normal Member","2022-08-25",1405,"2026-04-04",87,5,120.25,0,120.25,120.25,24.05,3,2,2,"Need Attention","Low Risk","Rice and Grains","Seremban 88 Speedmart","Seremban","Negeri Sembilan"
1283,"C1283","Intan binti Ismail","N","Non-Member",,,"2026-06-27",3,9,464.08,2.58,461.5,461.5,51.28,5,3,4,"Potential Loyal","Low Risk","Canned and Packaged Food","George Town 88 Speedmart","George Town","Penang"
1284,"C1284","Fatin binti Kamal","N","Non-Member",,,"2024-10-18",620,2,38.43,0,38.43,38.43,19.22,1,1,1,"Hibernating","Churned","Baby Products","Klang 88 Speedmart","Klang","Selangor"
1285,"C1285","Arif bin Omar","N","VIP Member","2022-04-01",1551,"2023-03-24",1194,5,123.5,0,123.5,123.5,24.7,1,2,2,"Hibernating","Churned","Cooking Essentials","Ampang 88 Speedmart","Ampang","Selangor"
1286,"C1286","Ahmad bin Ismail","N","Normal Member","2022-01-30",1612,"2025-12-03",209,8,229,7.17,221.83,221.83,27.73,1,3,3,"At Risk","High Risk","Cooking Essentials","Cheras 88 Speedmart","Cheras","Kuala Lumpur"
1287,"C1287","Chia Zhi Hao","N","VIP Member","2022-10-16",1353,"2024-12-27",550,24,871.61,0,871.61,871.61,36.32,1,5,5,"At Risk","Churned","Beverages","Cheras 88 Speedmart","Cheras","Kuala Lumpur"
1288,"C1288","Jannah binti Hassan","N","VIP Member","2022-08-22",1408,"2025-05-18",408,6,242.42,3.47,238.95,238.95,39.83,1,3,3,"At Risk","Churned","Beverages","Klang 88 Speedmart","Klang","Selangor"
1289,"C1289","Mardhiah binti Abdullah","N","Normal Member","2022-01-01",1641,"2023-06-26",1100,3,174.75,0,174.75,174.75,58.25,1,1,2,"Hibernating","Churned","Imported Goods","Ipoh 88 Speedmart","Ipoh","Perak"
1290,"C1290","Aqilah binti Kamal","N","Normal Member","2023-04-15",1172,"2024-04-14",807,2,106.93,0,106.93,106.93,53.47,1,1,2,"Hibernating","Churned","Baby Products","Seremban 88 Speedmart","Seremban","Negeri Sembilan"
1291,"C1291","Nabilah binti Fauzi","N","Normal Member","2022-08-19",1411,"2026-04-04",87,22,620.93,0,620.93,620.93,28.22,3,5,5,"Loyal Customers","Low Risk","Cooking Essentials","Cheras 88 Speedmart","Cheras","Kuala Lumpur"
1292,"C1292","Lee Jia Wei","N","Normal Member","2022-07-28",1433,"2026-02-06",144,9,314.74,0,314.74,314.74,34.97,2,3,3,"At Risk","Medium Risk","Instant Food","Ipoh 88 Speedmart","Ipoh","Perak"
1293,"C1293","Mardhiah binti Basri","N","Normal Member","2023-03-06",1212,"2026-02-05",145,16,644.49,0,644.49,644.49,40.28,2,5,5,"At Risk","Medium Risk","Rice and Grains","Ipoh 88 Speedmart","Ipoh","Perak"
1294,"C1294","Lim Jun Hao","N","Non-Member",,,"2026-04-24",67,4,149.5,0,149.5,149.5,37.38,3,2,2,"Need Attention","Low Risk","Baby Products","Shah Alam 88 Speedmart","Shah Alam","Selangor"
1295,"C1295","Zara binti Salleh","N","Normal Member","2022-11-25",1313,"2026-03-07",115,6,538.32,0,538.32,538.32,89.72,2,3,4,"At Risk","Medium Risk","Dairy Products","Kota Kinabalu 88 Speedmart","Kota Kinabalu","Sabah"
1296,"C1296","Liyana binti Azman","N","Non-Member",,,"2025-03-24",463,5,146.27,0,146.27,146.27,29.25,1,2,2,"Hibernating","Churned","Household Cleaning","Shah Alam 88 Speedmart","Shah Alam","Selangor"
1297,"C1297","Sabrina binti Jamal","N","VIP Member","2023-02-10",1236,"2026-03-09",113,14,428.62,1.15,427.47,427.47,30.53,2,4,4,"At Risk","Medium Risk","Personal Care","Ampang 88 Speedmart","Ampang","Selangor"
1298,"C1298","Fong Kai Xin","N","Normal Member","2023-08-08",1057,"2026-02-17",133,8,258.95,0,258.95,258.95,32.37,2,3,3,"At Risk","Medium Risk","Cooking Essentials","Seremban 88 Speedmart","Seremban","Negeri Sembilan"
1299,"C1299","Farah binti Ishak","N","Non-Member",,,"2025-06-15",380,7,331.15,0,331.15,331.15,47.31,1,3,3,"At Risk","Churned","Stationery and Daily Needs","Seremban 88 Speedmart","Seremban","Negeri Sembilan"
1300,"C1300","Nurul binti Hamid","N","Non-Member",,,"2025-04-08",448,3,65.01,0,65.01,65.01,21.67,1,1,1,"Hibernating","Churned","Organic Foods","Melaka 88 Speedmart","Melaka","Melaka"
1301,"C1301","Ravi a/l Krishnan","N","VIP Member","2022-12-20",1288,"2026-05-27",34,10,187.67,0,187.67,187.67,18.77,4,4,2,"Potential Loyal","Low Risk","Canned and Packaged Food","George Town 88 Speedmart","George Town","Penang"
1302,"C1302","Chong Zi Xuan","N","VIP Member","2023-11-09",964,,,0,0,0,0,0,,0,0,0,"Prospect","Prospect",,,,
1303,"C1303","Rafiq bin Hassan","N","VIP Member","2023-02-10",1236,"2025-11-20",222,4,167.07,0,167.07,167.07,41.77,1,2,2,"Hibernating","High Risk","Snacks and Confectionery","Petaling Jaya 88 Speedmart","Petaling Jaya","Selangor"
1304,"C1304","Alvin Laja","N","Normal Member","2022-05-03",1519,"2026-02-09",141,11,461.34,0,461.34,461.34,41.94,2,4,4,"At Risk","Medium Risk","Frozen Food","Shah Alam 88 Speedmart","Shah Alam","Selangor"
1305,"C1305","Letchumy a/p Krishnan","N","Normal Member","2023-09-13",1021,"2024-02-13",868,8,421.52,0,421.52,421.52,52.69,1,3,4,"At Risk","Churned","Baby Products","Johor Bahru 88 Speedmart","Johor Bahru","Johor"
1306,"C1306","Ong Wai Keong","N","VIP Member","2023-06-08",1118,"2026-06-07",23,14,544.81,0,544.81,544.81,38.92,5,4,4,"Champions","Low Risk","Rice and Grains","Melaka 88 Speedmart","Melaka","Melaka"
1307,"C1307","Yeoh Shi Hao","N","Non-Member",,,"2024-11-05",602,4,68.76,0,68.76,68.76,17.19,1,2,1,"Hibernating","Churned","Beverages","Cheras 88 Speedmart","Cheras","Kuala Lumpur"
1308,"C1308","Fong Siew Hong","N","Non-Member",,,"2025-12-23",189,16,635.09,0,635.09,635.09,39.69,1,5,5,"At Risk","High Risk","Household Cleaning","Petaling Jaya 88 Speedmart","Petaling Jaya","Selangor"
1309,"C1309","Intan binti Mahmud","N","VIP Member","2023-04-21",1166,"2025-12-03",209,16,546.93,0,546.93,546.93,34.18,1,5,4,"At Risk","High Risk","Rice and Grains","Klang 88 Speedmart","Klang","Selangor"
1310,"C1310","Nurul binti Basri","N","Normal Member","2023-10-27",977,"2026-02-26",124,3,73.95,0,73.95,73.95,24.65,2,1,1,"Hibernating","Medium Risk","Dairy Products","Shah Alam 88 Speedmart","Shah Alam","Selangor"
1311,"C1311","Akmal bin Fauzi","N","Non-Member",,,"2026-02-18",132,4,127.61,0,127.61,127.61,31.9,2,2,2,"Hibernating","Medium Risk","Dairy Products","Petaling Jaya 88 Speedmart","Petaling Jaya","Selangor"
1312,"C1312","Syafiq bin Kamal","N","Non-Member",,,"2022-10-29",1340,2,83.49,0,83.49,83.49,41.75,1,1,1,"Hibernating","Churned","Instant Food","Ampang 88 Speedmart","Ampang","Selangor"
1313,"C1313","Fatin binti Abdullah","N","Non-Member",,,"2025-10-31",242,6,249.66,0,249.66,249.66,41.61,1,3,3,"At Risk","High Risk","Snacks and Confectionery","Klang 88 Speedmart","Klang","Selangor"
1314,"C1314","Yeoh Shi Hao","N","Non-Member",,,"2025-10-19",254,16,419.5,0,419.5,419.5,26.22,1,5,4,"At Risk","High Risk","Frozen Food","George Town 88 Speedmart","George Town","Penang"
1315,"C1315","Faris bin Daud","N","VIP Member","2023-06-25",1101,"2025-02-20",495,5,227.04,0,227.04,227.04,45.41,1,2,3,"Lost","Churned","Baby Products","Kuching 88 Speedmart","Kuching","Sarawak"
1316,"C1316","Natalie Nanta","N","Normal Member","2022-05-23",1499,"2025-11-04",238,13,1288.84,0,1288.84,1288.84,99.14,1,4,5,"At Risk","High Risk","Canned and Packaged Food","Melaka 88 Speedmart","Melaka","Melaka"
1317,"C1317","Hana binti Salleh","N","Normal Member","2022-03-22",1561,"2025-11-03",239,10,309.06,0,309.06,309.06,30.91,1,4,3,"At Risk","High Risk","Stationery and Daily Needs","Johor Bahru 88 Speedmart","Johor Bahru","Johor"
1318,"C1318","Alvin a/l Vijayan","N","Non-Member",,,"2026-02-01",149,3,69.7,3.85,65.85,65.85,21.95,2,1,1,"Hibernating","Medium Risk","Alcoholic Beverages","George Town 88 Speedmart","George Town","Penang"
1319,"C1319","Aqilah binti Omar","N","Normal Member","2023-11-09",964,"2026-03-31",91,10,292.99,0,292.99,292.99,29.3,2,4,3,"At Risk","Medium Risk","Canned and Packaged Food","Johor Bahru 88 Speedmart","Johor Bahru","Johor"
1320,"C1320","Nadia binti Mahmud","N","Non-Member",,,"2025-06-28",367,10,472.52,2.27,470.25,470.25,47.03,1,4,4,"At Risk","Churned","Instant Food","Johor Bahru 88 Speedmart","Johor Bahru","Johor"
1321,"C1321","Arif bin Azman","N","Normal Member","2022-06-30",1461,"2025-11-29",213,2,55.76,0,55.76,55.76,27.88,1,1,1,"Hibernating","High Risk","Stationery and Daily Needs","Ampang 88 Speedmart","Ampang","Selangor"
1322,"C1322","Farah binti Kamal","N","Non-Member",,,"2026-06-02",28,14,615.41,1.85,613.56,613.56,43.83,5,4,5,"Champions","Low Risk","Instant Food","Seremban 88 Speedmart","Seremban","Negeri Sembilan"
1323,"C1323","Chin Siew Hong","N","Non-Member",,,"2026-01-06",175,6,374,0,374,374,62.33,2,3,4,"At Risk","Medium Risk","Dairy Products","George Town 88 Speedmart","George Town","Penang"
1324,"C1324","Ravi a/l Murugan","N","Normal Member","2023-11-05",968,"2024-12-26",551,15,381.43,0,381.43,381.43,25.43,1,5,4,"At Risk","Churned","Canned and Packaged Food","Petaling Jaya 88 Speedmart","Petaling Jaya","Selangor"
1325,"C1325","Danish bin Ishak","N","Normal Member","2023-08-18",1047,"2025-10-06",267,28,1041.44,0,1041.44,1041.44,37.19,1,5,5,"At Risk","High Risk","Dairy Products","Seremban 88 Speedmart","Seremban","Negeri Sembilan"
1326,"C1326","Intan binti Abdullah","N","VIP Member","2023-01-09",1268,"2026-01-17",164,7,281.39,0,281.39,281.39,40.2,2,3,3,"At Risk","Medium Risk","Baby Products","Seremban 88 Speedmart","Seremban","Negeri Sembilan"
1327,"C1327","Chew Kai Xin","N","Normal Member","2022-09-09",1390,"2026-06-15",15,11,589.8,1.92,587.88,587.88,53.44,5,4,5,"Champions","Low Risk","Cooking Essentials","Ampang 88 Speedmart","Ampang","Selangor"
1328,"C1328","Harish a/l Raman","N","Non-Member",,,"2025-12-14",198,10,335.79,0,335.79,335.79,33.58,1,4,3,"At Risk","High Risk","Household Cleaning","Cheras 88 Speedmart","Cheras","Kuala Lumpur"
1329,"C1329","Aqilah binti Yusof","N","Normal Member","2023-02-07",1239,"2025-08-06",328,14,409.86,1.6,408.26,408.26,29.16,1,4,4,"At Risk","High Risk","Rice and Grains","Johor Bahru 88 Speedmart","Johor Bahru","Johor"
1330,"C1330","Victor Sagang","N","Non-Member",,,"2026-01-20",161,15,486.81,0,486.81,486.81,32.45,2,5,4,"At Risk","Medium Risk","Frozen Food","Ipoh 88 Speedmart","Ipoh","Perak"
1331,"C1331","Chia Ai Ling","N","Non-Member",,,"2025-06-13",382,6,232.54,0,232.54,232.54,38.76,1,3,3,"At Risk","Churned","Snacks and Confectionery","Seremban 88 Speedmart","Seremban","Negeri Sembilan"
1332,"C1332","Yeoh Jia En","N","Normal Member","2022-06-04",1487,"2026-01-04",177,4,108.89,4.87,104.02,104.02,26.01,2,2,2,"Hibernating","Medium Risk","Household Cleaning","Shah Alam 88 Speedmart","Shah Alam","Selangor"
1333,"C1333","Adilah binti Jamal","N","VIP Member","2022-05-21",1501,"2026-06-05",25,10,447.09,0,447.09,447.09,44.71,5,4,4,"Champions","Low Risk","Cooking Essentials","Klang 88 Speedmart","Klang","Selangor"
1334,"C1334","Aqilah binti Ishak","N","Non-Member",,,"2025-05-26",400,16,514.8,2.14,512.66,512.66,32.04,1,5,4,"At Risk","Churned","Frozen Food","George Town 88 Speedmart","George Town","Penang"
1335,"C1335","Jannah binti Daud","N","Normal Member","2023-02-14",1232,"2025-11-22",220,15,683.36,0,683.36,683.36,45.56,1,5,5,"At Risk","High Risk","Beverages","Ampang 88 Speedmart","Ampang","Selangor"
1336,"C1336","Siti binti Ismail","N","VIP Member","2022-08-09",1421,"2026-06-16",14,7,525.01,0,525.01,525.01,75,5,3,4,"Potential Loyal","Low Risk","Instant Food","Petaling Jaya 88 Speedmart","Petaling Jaya","Selangor"
1337,"C1337","Marcus a/l Subramaniam","N","VIP Member","2023-04-26",1161,"2025-03-29",458,5,124.91,0,124.91,124.91,24.98,1,2,2,"Hibernating","Churned","Rice and Grains","Cheras 88 Speedmart","Cheras","Kuala Lumpur"
1338,"C1338","Nasir bin Zainal","N","Non-Member",,,"2025-02-13",502,19,729.09,6.18,722.91,722.91,38.05,1,5,5,"At Risk","Churned","Cooking Essentials","Kuching 88 Speedmart","Kuching","Sarawak"
1339,"C1339","Syahirah binti Hamid","N","VIP Member","2024-01-18",894,"2025-03-17",470,29,796.12,0,796.12,796.12,27.45,1,5,5,"At Risk","Churned","Instant Food","Cheras 88 Speedmart","Cheras","Kuala Lumpur"
1340,"C1340","Intan binti Ishak","N","Normal Member","2022-07-06",1455,"2024-09-01",667,20,659.69,5.75,653.94,653.94,32.7,1,5,5,"At Risk","Churned","Instant Food","Ampang 88 Speedmart","Ampang","Selangor"
1341,"C1341","Ho Yoke Leng","N","Normal Member","2022-02-20",1591,"2025-12-06",206,7,195.82,3.15,192.67,192.67,27.52,1,3,2,"At Risk","High Risk","Rice and Grains","Seremban 88 Speedmart","Seremban","Negeri Sembilan"
1342,"C1342","Muthu a/p Maniam","N","Normal Member","2023-09-27",1007,"2026-04-09",82,10,474.39,0,474.39,474.39,47.44,3,4,4,"Loyal Customers","Low Risk","Instant Food","Kota Kinabalu 88 Speedmart","Kota Kinabalu","Sabah"
1343,"C1343","Jannah binti Ahmad","N","Normal Member","2023-11-15",958,"2025-10-20",253,6,132.14,0,132.14,132.14,22.02,1,3,2,"At Risk","High Risk","Cooking Essentials","Seremban 88 Speedmart","Seremban","Negeri Sembilan"
1344,"C1344","Clarissa Tinggi","N","Normal Member","2023-10-25",979,"2025-02-23",492,23,600.24,7.35,592.89,592.89,25.78,1,5,5,"At Risk","Churned","Snacks and Confectionery","Seremban 88 Speedmart","Seremban","Negeri Sembilan"
1345,"C1345","Tan Seng Huat","N","Non-Member",,,"2025-06-03",392,10,374.16,0,374.16,374.16,37.42,1,4,4,"At Risk","Churned","Cooking Essentials","Johor Bahru 88 Speedmart","Johor Bahru","Johor"
1346,"C1346","Nurul binti Razak","N","Normal Member","2023-09-27",1007,"2026-06-13",17,6,300.42,0,300.42,300.42,50.07,5,3,3,"Potential Loyal","Low Risk","Rice and Grains","Shah Alam 88 Speedmart","Shah Alam","Selangor"
1347,"C1347","Natalie Nanta","N","Non-Member",,,"2024-05-31",760,4,144.49,0,144.49,144.49,36.12,1,2,2,"Hibernating","Churned","Dairy Products","Ipoh 88 Speedmart","Ipoh","Perak"
1348,"C1348","Ravi a/l Rao","N","Normal Member","2022-08-12",1418,"2024-02-09",872,11,298.23,0,298.23,298.23,27.11,1,4,3,"At Risk","Churned","Personal Care","Ipoh 88 Speedmart","Ipoh","Perak"
1349,"C1349","Rafiq bin Razak","N","Non-Member",,,"2025-12-23",189,11,481.85,0,481.85,481.85,43.8,1,4,4,"At Risk","High Risk","Rice and Grains","Melaka 88 Speedmart","Melaka","Melaka"
1350,"C1350","Liyana binti Basri","N","Normal Member","2023-12-21",922,"2024-12-08",569,15,544.48,0,544.48,544.48,36.3,1,5,4,"At Risk","Churned","Canned and Packaged Food","Seremban 88 Speedmart","Seremban","Negeri Sembilan"
1351,"C1351","Jannah binti Hamid","N","Normal Member","2023-04-03",1184,"2026-01-23",158,25,891.76,0,891.76,891.76,35.67,2,5,5,"At Risk","Medium Risk","Cooking Essentials","Melaka 88 Speedmart","Melaka","Melaka"
1352,"C1352","Wong Kar Yee","N","VIP Member","2023-08-11",1054,"2026-04-29",62,7,237.29,0,237.29,237.29,33.9,3,3,3,"Need Attention","Low Risk","Household Cleaning","Johor Bahru 88 Speedmart","Johor Bahru","Johor"
1353,"C1353","Arif bin Basri","N","Normal Member","2022-03-21",1562,"2025-10-08",265,4,135.93,0,135.93,135.93,33.98,1,2,2,"Hibernating","High Risk","Stationery and Daily Needs","George Town 88 Speedmart","George Town","Penang"
1354,"C1354","Raymond Mawan","N","Normal Member","2022-02-22",1589,"2025-12-25",187,8,301.26,0,301.26,301.26,37.66,1,3,3,"At Risk","High Risk","Household Cleaning","Petaling Jaya 88 Speedmart","Petaling Jaya","Selangor"
1355,"C1355","Ishaan a/l Krishnan","N","Non-Member",,,"2026-03-27",95,11,268.01,2.03,265.98,265.98,24.18,2,4,3,"At Risk","Medium Risk","Instant Food","Seremban 88 Speedmart","Seremban","Negeri Sembilan"
1356,"C1356","Fatin binti Jamal","N","Normal Member","2022-09-24",1375,"2026-04-28",63,17,638.45,7.68,630.77,630.77,37.1,3,5,5,"Loyal Customers","Low Risk","Instant Food","Petaling Jaya 88 Speedmart","Petaling Jaya","Selangor"
1357,"C1357","Chan Li Xuan","N","Non-Member",,,"2026-06-04",26,19,787.11,0,787.11,787.11,41.43,5,5,5,"Champions","Low Risk","Personal Care","Cheras 88 Speedmart","Cheras","Kuala Lumpur"
1358,"C1358","Irfan bin Ahmad","N","Normal Member","2022-04-20",1532,"2025-10-27",246,9,317.61,2.59,315.02,315.02,35,1,3,3,"At Risk","High Risk","Canned and Packaged Food","Kota Kinabalu 88 Speedmart","Kota Kinabalu","Sabah"
1359,"C1359","Zara binti Abdullah","N","Non-Member",,,"2025-06-05",390,6,258.52,0,258.52,258.52,43.09,1,3,3,"At Risk","Churned","Canned and Packaged Food","Cheras 88 Speedmart","Cheras","Kuala Lumpur"
1360,"C1360","Ishaan a/l Krishnan","N","Normal Member","2022-08-06",1424,"2026-04-14",77,6,154.5,0,154.5,154.5,25.75,3,3,2,"Need Attention","Low Risk","Canned and Packaged Food","Kota Kinabalu 88 Speedmart","Kota Kinabalu","Sabah"
1361,"C1361","Hana binti Daud","N","Normal Member","2023-04-29",1158,"2025-06-03",392,17,771.75,1.67,770.08,770.08,45.3,1,5,5,"At Risk","Churned","Rice and Grains","Shah Alam 88 Speedmart","Shah Alam","Selangor"
1362,"C1362","Raymond a/l Pillai","N","Normal Member","2023-05-11",1146,"2026-06-06",24,8,762.59,0,762.59,762.59,95.32,5,3,5,"Potential Loyal","Low Risk","Baby Products","Cheras 88 Speedmart","Cheras","Kuala Lumpur"
1363,"C1363","Farah binti Kamal","N","Normal Member","2022-04-29",1523,"2022-04-28",1524,1,10.13,0,10.13,10.13,10.13,1,1,1,"Hibernating","Churned","Frozen Food","Shah Alam 88 Speedmart","Shah Alam","Selangor"
1364,"C1364","Wong Zhi Hao","N","VIP Member","2022-03-04",1579,"2025-01-22",524,17,590.61,1.8,588.81,588.81,34.64,1,5,5,"At Risk","Churned","Rice and Grains","Petaling Jaya 88 Speedmart","Petaling Jaya","Selangor"
1365,"C1365","Fong Mei Ling","N","VIP Member","2022-10-08",1361,"2026-04-14",77,9,392.56,0,392.56,392.56,43.62,3,3,4,"Need Attention","Low Risk","Canned and Packaged Food","Ampang 88 Speedmart","Ampang","Selangor"
1366,"C1366","Kiran a/l Raj","N","Non-Member",,,"2023-11-16",957,4,119.11,0,119.11,119.11,29.78,1,2,2,"Hibernating","Churned","Baby Products","George Town 88 Speedmart","George Town","Penang"
1367,"C1367","Goh Siew Hong","N","VIP Member","2023-12-29",914,"2025-11-13",229,9,562.56,6.53,556.03,556.03,61.78,1,3,4,"At Risk","High Risk","Cooking Essentials","Ampang 88 Speedmart","Ampang","Selangor"
1368,"C1368","Chin Shu Fen","N","Normal Member","2022-11-26",1312,"2025-09-15",288,3,47.79,0,47.79,47.79,15.93,1,1,1,"Hibernating","High Risk","Baby Products","Ipoh 88 Speedmart","Ipoh","Perak"
1369,"C1369","Hana binti Jamal","N","Non-Member",,,"2025-06-26",369,5,221.82,0,221.82,221.82,44.36,1,2,3,"Lost","Churned","Canned and Packaged Food","Klang 88 Speedmart","Klang","Selangor"
1370,"C1370","Ong Hong Sheng","N","VIP Member","2023-08-27",1038,"2024-11-23",584,13,713.8,0,713.8,713.8,54.91,1,4,5,"At Risk","Churned","Beverages","Shah Alam 88 Speedmart","Shah Alam","Selangor"
1371,"C1371","Chong Boon Hui","N","Normal Member","2024-02-09",872,"2026-04-23",68,5,311.14,0,311.14,311.14,62.23,3,2,3,"Need Attention","Low Risk","Dairy Products","Ampang 88 Speedmart","Ampang","Selangor"
1372,"C1372","Goh Li Xuan","N","Normal Member","2022-04-18",1534,"2026-05-16",45,10,226.98,0,226.98,226.98,22.7,4,4,3,"Loyal Customers","Low Risk","Canned and Packaged Food","Seremban 88 Speedmart","Seremban","Negeri Sembilan"
1373,"C1373","Koh Zhi Hao","N","Normal Member","2023-01-18",1259,"2025-03-07",480,1,4.35,0,4.35,4.35,4.35,1,1,1,"Hibernating","Churned","Beverages","Ipoh 88 Speedmart","Ipoh","Perak"
1374,"C1374","Loh Wan Ting","N","VIP Member","2023-12-17",926,"2026-01-29",152,8,322.9,0,322.9,322.9,40.36,2,3,3,"At Risk","Medium Risk","Cooking Essentials","Melaka 88 Speedmart","Melaka","Melaka"
1375,"C1375","Chow Chee Keong","N","Non-Member",,,"2026-02-07",143,9,255.16,0,255.16,255.16,28.35,2,3,3,"At Risk","Medium Risk","Household Cleaning","Kuching 88 Speedmart","Kuching","Sarawak"
1376,"C1376","Felix Jalong","N","Non-Member",,,"2025-12-05",207,8,165.48,0,165.48,165.48,20.69,1,3,2,"At Risk","High Risk","Instant Food","Petaling Jaya 88 Speedmart","Petaling Jaya","Selangor"
1377,"C1377","Teoh Cheng Wei","N","Non-Member",,,"2026-04-09",82,9,325.46,8.09,317.37,317.37,35.26,3,3,3,"Need Attention","Low Risk","Household Cleaning","Melaka 88 Speedmart","Melaka","Melaka"
1378,"C1378","Fong Cheng Wei","N","Non-Member",,,"2025-07-10",355,8,219,0,219,219,27.38,1,3,3,"At Risk","High Risk","Cooking Essentials","Melaka 88 Speedmart","Melaka","Melaka"
1379,"C1379","Irfan bin Mahmud","N","Normal Member","2023-10-09",995,"2025-07-04",361,6,239.65,0,239.65,239.65,39.94,1,3,3,"At Risk","High Risk","Cooking Essentials","Klang 88 Speedmart","Klang","Selangor"
1380,"C1380","Nabilah binti Jamal","N","Non-Member",,,"2025-01-25",521,5,237.93,0,237.93,237.93,47.59,1,2,3,"Lost","Churned","Canned and Packaged Food","Cheras 88 Speedmart","Cheras","Kuala Lumpur"
1381,"C1381","Ananya a/p Rajan","N","Normal Member","2022-02-15",1596,"2026-06-29",1,8,331.88,0,331.88,331.88,41.49,5,3,3,"Potential Loyal","Low Risk","Canned and Packaged Food","Ampang 88 Speedmart","Ampang","Selangor"
1382,"C1382","Tan Kai Xin","N","Normal Member","2023-08-24",1041,"2026-06-19",11,10,288.41,0,288.41,288.41,28.84,5,4,3,"Loyal Customers","Low Risk","Cooking Essentials","Petaling Jaya 88 Speedmart","Petaling Jaya","Selangor"
1383,"C1383","Chow Ching Yee","N","Normal Member","2023-02-23",1223,"2026-03-23",99,14,276.86,0,276.86,276.86,19.78,2,4,3,"At Risk","Medium Risk","Rice and Grains","Ampang 88 Speedmart","Ampang","Selangor"
1384,"C1384","Aarav a/l Rajan","N","Normal Member","2023-10-18",986,"2026-03-23",99,11,333.02,0,333.02,333.02,30.27,2,4,3,"At Risk","Medium Risk","Rice and Grains","Ipoh 88 Speedmart","Ipoh","Perak"
1385,"C1385","Zahir bin Razak","N","VIP Member","2022-12-30",1278,"2025-09-13",290,8,176.09,0,176.09,176.09,22.01,1,3,2,"At Risk","High Risk","Frozen Food","Ipoh 88 Speedmart","Ipoh","Perak"
1386,"C1386","Low Ching Yee","N","Normal Member","2022-07-22",1439,"2024-12-16",561,4,146.45,0,146.45,146.45,36.61,1,2,2,"Hibernating","Churned","Canned and Packaged Food","Kota Kinabalu 88 Speedmart","Kota Kinabalu","Sabah"
1387,"C1387","Ananya a/p Gopal","N","Normal Member","2023-01-05",1272,"2025-06-25",370,5,105.09,0,105.09,105.09,21.02,1,2,2,"Hibernating","Churned","Household Cleaning","Johor Bahru 88 Speedmart","Johor Bahru","Johor"
1388,"C1388","Syafiq bin Ibrahim","N","VIP Member","2023-08-01",1064,"2026-01-18",163,9,322.37,2.02,320.35,320.35,35.59,2,3,3,"At Risk","Medium Risk","Rice and Grains","Petaling Jaya 88 Speedmart","Petaling Jaya","Selangor"
1389,"C1389","Farah binti Kamal","N","Non-Member",,,"2025-06-08",387,6,131.74,0,131.74,131.74,21.96,1,3,2,"At Risk","Churned","Beverages","Shah Alam 88 Speedmart","Shah Alam","Selangor"
1390,"C1390","Aisyah binti Ibrahim","N","Non-Member",,,"2026-06-23",7,7,417.2,9.48,407.72,407.72,58.25,5,3,4,"Potential Loyal","Low Risk","Canned and Packaged Food","Klang 88 Speedmart","Klang","Selangor"
1391,"C1391","Grace a/p Gopal","N","Normal Member","2023-10-26",978,"2026-01-31",150,8,250.32,0,250.32,250.32,31.29,2,3,3,"At Risk","Medium Risk","Dairy Products","Petaling Jaya 88 Speedmart","Petaling Jaya","Selangor"
1392,"C1392","Chin Jun Hao","N","VIP Member","2022-11-15",1323,"2026-03-16",106,8,307.76,2.21,305.55,305.55,38.19,2,3,3,"At Risk","Medium Risk","Dairy Products","Cheras 88 Speedmart","Cheras","Kuala Lumpur"
1393,"C1393","Syahirah binti Kamal","N","Normal Member","2023-08-08",1057,"2026-06-01",29,10,623.81,12.1,611.71,611.71,61.17,5,4,5,"Champions","Low Risk","Dairy Products","Cheras 88 Speedmart","Cheras","Kuala Lumpur"
1394,"C1394","Rafiq bin Daud","N","Normal Member","2022-07-31",1430,"2026-01-11",170,28,834.48,3.61,830.87,830.87,29.67,2,5,5,"At Risk","Medium Risk","Rice and Grains","Ampang 88 Speedmart","Ampang","Selangor"
1395,"C1395","Low Jia En","N","Normal Member","2024-02-19",862,"2025-11-12",230,5,114.12,2.88,111.24,111.24,22.25,1,2,2,"Hibernating","High Risk","Dairy Products","Kota Kinabalu 88 Speedmart","Kota Kinabalu","Sabah"
1396,"C1396","Rafiq bin Ibrahim","N","VIP Member","2023-07-01",1095,"2024-12-25",552,8,353.11,0,353.11,353.11,44.14,1,3,4,"At Risk","Churned","Rice and Grains","Seremban 88 Speedmart","Seremban","Negeri Sembilan"
1397,"C1397","Ishaan bin Ahmad","N","Non-Member",,,"2024-12-04",573,10,336.54,0,336.54,336.54,33.65,1,4,3,"At Risk","Churned","Baby Products","Klang 88 Speedmart","Klang","Selangor"
1398,"C1398","Wong Shi Hao","N","VIP Member","2022-07-20",1441,"2025-12-17",195,5,153.48,0,153.48,153.48,30.7,1,2,2,"Hibernating","High Risk","Canned and Packaged Food","George Town 88 Speedmart","George Town","Penang"
1399,"C1399","Hana binti Zainal","N","Normal Member","2023-11-26",947,"2024-12-20",557,5,276.34,0,276.34,276.34,55.27,1,2,3,"Lost","Churned","Rice and Grains","Shah Alam 88 Speedmart","Shah Alam","Selangor"
1400,"C1400","Nurul binti Omar","N","Normal Member","2023-11-26",947,"2026-06-11",19,10,285.39,0,285.39,285.39,28.54,5,4,3,"Loyal Customers","Low Risk","Rice and Grains","Johor Bahru 88 Speedmart","Johor Bahru","Johor"
1401,"C1401","Chow Li Xuan","N","VIP Member","2022-12-06",1302,"2025-10-18",255,22,871.86,0,871.86,871.86,39.63,1,5,5,"At Risk","High Risk","Cooking Essentials","Cheras 88 Speedmart","Cheras","Kuala Lumpur"
1402,"C1402","Teoh Yi Wen","N","Non-Member",,,"2024-01-05",907,1,9.05,0,9.05,9.05,9.05,1,1,1,"Hibernating","Churned","Frozen Food","Seremban 88 Speedmart","Seremban","Negeri Sembilan"
1403,"C1403","Imran bin Ismail","N","VIP Member","2023-08-15",1050,"2025-08-22",312,8,709.78,0,709.78,709.78,88.72,1,3,5,"At Risk","High Risk","Rice and Grains","Kuching 88 Speedmart","Kuching","Sarawak"
1404,"C1404","Teoh Cheng Wei","N","Normal Member","2022-04-21",1531,"2024-12-02",575,11,342.17,0,342.17,342.17,31.11,1,4,3,"At Risk","Churned","Dairy Products","Seremban 88 Speedmart","Seremban","Negeri Sembilan"
1405,"C1405","Sabrina binti Ishak","N","Non-Member",,,"2025-06-28",367,4,111.92,0,111.92,111.92,27.98,1,2,2,"Hibernating","Churned","Rice and Grains","Johor Bahru 88 Speedmart","Johor Bahru","Johor"
1406,"C1406","Luqman bin Mahmud","N","Normal Member","2023-06-28",1098,"2025-12-02",210,7,206.93,0,206.93,206.93,29.56,1,3,3,"At Risk","High Risk","Instant Food","Johor Bahru 88 Speedmart","Johor Bahru","Johor"
1407,"C1407","Jannah binti Mahmud","N","VIP Member","2022-04-06",1546,"2026-03-15",107,7,399.1,0,399.1,399.1,57.01,2,3,4,"At Risk","Medium Risk","Dairy Products","Melaka 88 Speedmart","Melaka","Melaka"
1408,"C1408","Khalid bin Fauzi","N","Normal Member","2022-06-07",1484,"2026-06-09",21,4,161.39,0,161.39,161.39,40.35,5,2,2,"Potential Loyal","Low Risk","Rice and Grains","Kota Kinabalu 88 Speedmart","Kota Kinabalu","Sabah"
1409,"C1409","Ahmad bin Zainal","N","Non-Member",,,"2026-02-28",122,19,737.41,8.49,728.92,728.92,38.36,2,5,5,"At Risk","Medium Risk","Cooking Essentials","Cheras 88 Speedmart","Cheras","Kuala Lumpur"
1410,"C1410","Faris bin Omar","N","Normal Member","2022-06-21",1470,"2025-10-20",253,14,501.27,0,501.27,501.27,35.81,1,4,4,"At Risk","High Risk","Rice and Grains","Ipoh 88 Speedmart","Ipoh","Perak"
1411,"C1411","Siti binti Razak","N","Normal Member","2022-07-31",1430,"2025-10-11",262,13,313.85,7.35,306.5,306.5,23.58,1,4,3,"At Risk","High Risk","Cooking Essentials","George Town 88 Speedmart","George Town","Penang"
1412,"C1412","Chia Chui Shan","N","Non-Member",,,"2026-06-10",20,6,182.65,0,182.65,182.65,30.44,5,3,2,"Potential Loyal","Low Risk","Instant Food","Klang 88 Speedmart","Klang","Selangor"
1413,"C1413","Ishaan bin Ibrahim","N","Non-Member",,,"2026-06-29",1,24,909.74,10.41,899.33,899.33,37.47,5,5,5,"Champions","Low Risk","Cooking Essentials","Johor Bahru 88 Speedmart","Johor Bahru","Johor"
1414,"C1414","Wong Siew Hong","N","Non-Member",,,"2026-06-27",3,19,689.6,0,689.6,689.6,36.29,5,5,5,"Champions","Low Risk","Rice and Grains","Ipoh 88 Speedmart","Ipoh","Perak"
1415,"C1415","Elena Agan","N","Normal Member","2022-04-23",1529,"2026-03-17",105,10,391.4,0,391.4,391.4,39.14,2,4,4,"At Risk","Medium Risk","Canned and Packaged Food","Melaka 88 Speedmart","Melaka","Melaka"
1416,"C1416","Zara binti Jamal","N","Normal Member","2024-01-07",905,"2023-12-30",913,7,250.58,0,250.58,250.58,35.8,1,3,3,"At Risk","Churned","Instant Food","Ipoh 88 Speedmart","Ipoh","Perak"
1417,"C1417","Irfan bin Mahmud","N","Normal Member","2022-12-19",1289,"2025-03-17",470,30,837.93,37.11,800.82,800.82,26.69,1,5,5,"At Risk","Churned","Instant Food","Klang 88 Speedmart","Klang","Selangor"
1418,"C1418","Ong Li Xuan","N","Normal Member","2024-01-30",882,"2026-04-04",87,9,509.63,0,509.63,509.63,56.63,3,3,4,"Need Attention","Low Risk","Beverages","Klang 88 Speedmart","Klang","Selangor"
1419,"C1419","Luqman bin Azman","N","VIP Member","2023-10-24",980,"2025-09-17",286,6,274.19,0,274.19,274.19,45.7,1,3,3,"At Risk","High Risk","Cooking Essentials","Ipoh 88 Speedmart","Ipoh","Perak"
1420,"C1420","Nurul binti Zainal","N","VIP Member","2023-07-12",1084,"2025-12-14",198,8,586.02,0,586.02,586.02,73.25,1,3,5,"At Risk","High Risk","Baby Products","Shah Alam 88 Speedmart","Shah Alam","Selangor"
1421,"C1421","Ho Seng Huat","N","Normal Member","2023-01-10",1267,"2023-04-13",1174,1,89.51,0,89.51,89.51,89.51,1,1,2,"Hibernating","Churned","Alcoholic Beverages","Kota Kinabalu 88 Speedmart","Kota Kinabalu","Sabah"
1422,"C1422","Lee Jia Wei","N","Normal Member","2023-02-09",1237,"2026-04-22",69,6,120.97,0,120.97,120.97,20.16,3,3,2,"Need Attention","Low Risk","Canned and Packaged Food","Ipoh 88 Speedmart","Ipoh","Perak"
1423,"C1423","Fong Ai Ling","N","Non-Member",,,"2026-03-20",102,14,669.42,0,669.42,669.42,47.82,2,4,5,"At Risk","Medium Risk","Beverages","Petaling Jaya 88 Speedmart","Petaling Jaya","Selangor"
1424,"C1424","Harish a/l Rajan","N","Non-Member",,,"2025-12-31",181,6,123.49,0,123.49,123.49,20.58,1,3,2,"At Risk","High Risk","Canned and Packaged Food","Seremban 88 Speedmart","Seremban","Negeri Sembilan"
1425,"C1425","Kevin Kedit","N","Non-Member",,,"2026-03-28",94,2,114.17,0,114.17,114.17,57.09,2,1,2,"Hibernating","Medium Risk","Baby Products","Cheras 88 Speedmart","Cheras","Kuala Lumpur"
1426,"C1426","Arif bin Ahmad","N","Normal Member","2023-11-12",961,"2025-11-05",237,5,161.98,0,161.98,161.98,32.4,1,2,2,"Hibernating","High Risk","Household Cleaning","Ampang 88 Speedmart","Ampang","Selangor"
1427,"C1427","Khalid bin Kamal","N","Normal Member","2024-02-20",861,"2026-06-13",17,10,275.35,0,275.35,275.35,27.54,5,4,3,"Loyal Customers","Low Risk","Cooking Essentials","Ampang 88 Speedmart","Ampang","Selangor"
1428,"C1428","Fong Mei Ling","N","Normal Member","2023-07-22",1074,"2024-09-19",649,6,212.97,0,212.97,212.97,35.5,1,3,3,"At Risk","Churned","Beverages","Cheras 88 Speedmart","Cheras","Kuala Lumpur"
1429,"C1429","Zahir bin Jamal","N","VIP Member","2022-10-15",1354,"2026-02-09",141,16,537.78,0,537.78,537.78,33.61,2,5,4,"At Risk","Medium Risk","Baby Products","Melaka 88 Speedmart","Melaka","Melaka"
1430,"C1430","Ng Jia En","N","Normal Member","2023-01-05",1272,"2025-10-25",248,21,608.35,0,608.35,608.35,28.97,1,5,5,"At Risk","High Risk","Rice and Grains","Kuching 88 Speedmart","Kuching","Sarawak"
1431,"C1431","Irfan bin Nasir","N","VIP Member","2022-07-29",1432,"2025-07-14",351,18,774.04,0,774.04,774.04,43,1,5,5,"At Risk","High Risk","Canned and Packaged Food","Ipoh 88 Speedmart","Ipoh","Perak"
1432,"C1432","Nabilah binti Ismail","N","Normal Member","2022-06-24",1467,"2026-03-08",114,11,633.77,0,633.77,633.77,57.62,2,4,5,"At Risk","Medium Risk","Rice and Grains","Kota Kinabalu 88 Speedmart","Kota Kinabalu","Sabah"
1433,"C1433","Low Kai Jie","N","Normal Member","2023-03-23",1195,"2024-06-04",756,5,83.71,0,83.71,83.71,16.74,1,2,1,"Hibernating","Churned","Instant Food","Kuching 88 Speedmart","Kuching","Sarawak"
1434,"C1434","Clarissa Tinggi","N","Normal Member","2023-01-22",1255,"2025-01-23",523,11,439.15,0,439.15,439.15,39.92,1,4,4,"At Risk","Churned","Cooking Essentials","Kota Kinabalu 88 Speedmart","Kota Kinabalu","Sabah"
1435,"C1435","Liyana binti Fauzi","N","Normal Member","2023-10-23",981,"2025-05-20",406,6,113.56,0,113.56,113.56,18.93,1,3,2,"At Risk","Churned","Frozen Food","Kuching 88 Speedmart","Kuching","Sarawak"
1436,"C1436","Aisyah binti Hassan","N","Normal Member","2023-01-24",1253,"2025-12-21",191,4,191.41,0,191.41,191.41,47.85,1,2,2,"Hibernating","High Risk","Snacks and Confectionery","Johor Bahru 88 Speedmart","Johor Bahru","Johor"
1437,"C1437","Darren a/l Nair","N","Normal Member","2022-12-10",1298,"2025-07-02",363,6,244.45,0,244.45,244.45,40.74,1,3,3,"At Risk","High Risk","Canned and Packaged Food","Kuching 88 Speedmart","Kuching","Sarawak"
1438,"C1438","Maisarah binti Azman","N","VIP Member","2023-04-23",1164,"2025-03-06",481,9,340.33,0,340.33,340.33,37.81,1,3,3,"At Risk","Churned","Snacks and Confectionery","Seremban 88 Speedmart","Seremban","Negeri Sembilan"
1439,"C1439","Shalini a/p Rao","N","Normal Member","2023-01-30",1247,"2026-06-28",2,18,856.62,0,856.62,856.62,47.59,5,5,5,"Champions","Low Risk","Baby Products","Shah Alam 88 Speedmart","Shah Alam","Selangor"
1440,"C1440","Syafiq bin Yusof","N","Normal Member","2023-09-13",1021,"2025-07-23",342,4,95.54,1.4,94.14,94.14,23.54,1,2,2,"Hibernating","High Risk","Frozen Food","Kota Kinabalu 88 Speedmart","Kota Kinabalu","Sabah"
1441,"C1441","Ho Yoke Leng","N","Normal Member","2022-07-27",1434,"2026-02-06",144,19,597.46,0,597.46,597.46,31.45,2,5,5,"At Risk","Medium Risk","Frozen Food","Klang 88 Speedmart","Klang","Selangor"
1442,"C1442","Chow Chun Wai","N","Normal Member","2022-12-05",1303,"2026-03-08",114,5,85.85,0,85.85,85.85,17.17,2,2,1,"Hibernating","Medium Risk","Household Cleaning","Ipoh 88 Speedmart","Ipoh","Perak"
1443,"C1443","Chow Chui Shan","N","Normal Member","2023-08-08",1057,"2026-01-01",180,26,1001.06,0,1001.06,1001.06,38.5,2,5,5,"At Risk","Medium Risk","Beverages","Klang 88 Speedmart","Klang","Selangor"
1444,"C1444","Koh Shu Fen","N","Non-Member",,,"2026-02-07",143,4,391.02,0,391.02,391.02,97.76,2,2,4,"At Risk","Medium Risk","Cooking Essentials","Johor Bahru 88 Speedmart","Johor Bahru","Johor"
1445,"C1445","Mardhiah binti Nasir","N","Non-Member",,,"2025-12-22",190,11,302.75,0,302.75,302.75,27.52,1,4,3,"At Risk","High Risk","Baby Products","Johor Bahru 88 Speedmart","Johor Bahru","Johor"
1446,"C1446","Kiran a/l Raj","N","Non-Member",,,"2026-05-07",54,9,346.76,1.7,345.06,345.06,38.34,4,3,3,"Potential Loyal","Low Risk","Cooking Essentials","Shah Alam 88 Speedmart","Shah Alam","Selangor"
1447,"C1447","Hafiz bin Omar","N","VIP Member","2023-07-09",1087,"2025-04-20",436,2,102.76,0,102.76,102.76,51.38,1,1,2,"Hibernating","Churned","Cooking Essentials","Ampang 88 Speedmart","Ampang","Selangor"
1448,"C1448","Jannah binti Hamid","N","Non-Member",,,"2024-07-06",724,11,616.71,1.65,615.06,615.06,55.91,1,4,5,"At Risk","Churned","Baby Products","Ipoh 88 Speedmart","Ipoh","Perak"
1449,"C1449","Natalie Nanta","N","Normal Member","2024-03-04",848,"2026-06-15",15,8,253.66,1.66,252,252,31.5,5,3,3,"Potential Loyal","Low Risk","Snacks and Confectionery","Kota Kinabalu 88 Speedmart","Kota Kinabalu","Sabah"
1450,"C1450","Koh Mei Qi","N","Normal Member","2023-05-13",1144,"2025-08-01",333,14,653.74,0,653.74,653.74,46.7,1,4,5,"At Risk","High Risk","Stationery and Daily Needs","Shah Alam 88 Speedmart","Shah Alam","Selangor"
1451,"C1451","Imran bin Razak","N","Non-Member",,,"2025-10-18",255,5,244.97,0,244.97,244.97,48.99,1,2,3,"Lost","High Risk","Dairy Products","George Town 88 Speedmart","George Town","Penang"
1452,"C1452","Nadia binti Ismail","N","Normal Member","2022-09-06",1393,"2026-03-14",108,19,1251.77,4.28,1247.49,1247.49,65.66,2,5,5,"At Risk","Medium Risk","Rice and Grains","Cheras 88 Speedmart","Cheras","Kuala Lumpur"
1453,"C1453","Hakim bin Omar","N","Normal Member","2023-06-04",1122,"2025-11-19",223,20,834.64,0,834.64,834.64,41.73,1,5,5,"At Risk","High Risk","Cooking Essentials","George Town 88 Speedmart","George Town","Penang"
1454,"C1454","Fong Seng Huat","N","VIP Member","2023-09-25",1009,"2023-09-25",1009,4,72.78,0,72.78,72.78,18.2,1,2,1,"Hibernating","Churned","Snacks and Confectionery","Cheras 88 Speedmart","Cheras","Kuala Lumpur"
1455,"C1455","Chong Pei Shan","N","Normal Member","2023-07-11",1085,"2024-11-04",603,7,492.71,7.3,485.41,485.41,69.34,1,3,4,"At Risk","Churned","Rice and Grains","Shah Alam 88 Speedmart","Shah Alam","Selangor"
1456,"C1456","Khadijah binti Nasir","N","Normal Member","2022-05-18",1504,"2026-02-11",139,5,125.24,0,125.24,125.24,25.05,2,2,2,"Hibernating","Medium Risk","Household Cleaning","Johor Bahru 88 Speedmart","Johor Bahru","Johor"
1457,"C1457","Lim Yi Wen","N","Normal Member","2023-07-03",1093,"2025-06-08",387,11,659.15,0,659.15,659.15,59.92,1,4,5,"At Risk","Churned","Rice and Grains","Klang 88 Speedmart","Klang","Selangor"
1458,"C1458","Saraswathy a/p Gopal","N","Normal Member","2022-04-06",1546,"2026-01-14",167,10,471.78,0,471.78,471.78,47.18,2,4,4,"At Risk","Medium Risk","Rice and Grains","Kuching 88 Speedmart","Kuching","Sarawak"
1459,"C1459","Divya a/p Pillai","N","Non-Member",,,"2025-12-21",191,9,222.03,0,222.03,222.03,24.67,1,3,3,"At Risk","High Risk","Dairy Products","Ipoh 88 Speedmart","Ipoh","Perak"
1460,"C1460","Teoh Mei Ling","N","Normal Member","2022-12-17",1291,"2025-11-24",218,13,478.15,1.23,476.92,476.92,36.69,1,4,4,"At Risk","High Risk","Canned and Packaged Food","Ampang 88 Speedmart","Ampang","Selangor"
1461,"C1461","Lim Jun Hao","N","VIP Member","2023-02-11",1235,"2024-03-02",850,3,83.43,0,83.43,83.43,27.81,1,1,1,"Hibernating","Churned","Beverages","Melaka 88 Speedmart","Melaka","Melaka"
1462,"C1462","Tan Shu Fen","N","Normal Member","2024-01-28",884,"2025-11-10",232,13,565,0,565,565,43.46,1,4,4,"At Risk","High Risk","Beverages","Shah Alam 88 Speedmart","Shah Alam","Selangor"
1463,"C1463","Kaur a/p Suresh","N","Normal Member","2022-04-28",1524,"2026-01-01",180,14,342.66,0,342.66,342.66,24.48,2,4,3,"At Risk","Medium Risk","Canned and Packaged Food","Ampang 88 Speedmart","Ampang","Selangor"
1464,"C1464","Loh Hui Ying","N","Non-Member",,,"2026-03-13",109,9,636,4.37,631.63,631.63,70.18,2,3,5,"At Risk","Medium Risk","Beverages","Seremban 88 Speedmart","Seremban","Negeri Sembilan"
1465,"C1465","Danish bin Salleh","N","Non-Member",,,"2026-06-04",26,6,166.57,0,166.57,166.57,27.76,5,3,2,"Potential Loyal","Low Risk","Personal Care","Ipoh 88 Speedmart","Ipoh","Perak"
1466,"C1466","Ahmad bin Ismail","N","VIP Member","2023-06-06",1120,"2026-03-29",93,6,428.36,0,428.36,428.36,71.39,2,3,4,"At Risk","Medium Risk","Canned and Packaged Food","Ampang 88 Speedmart","Ampang","Selangor"
1467,"C1467","Clarissa a/p Rao","N","Non-Member",,,"2026-02-10",140,14,409.34,0,409.34,409.34,29.24,2,4,4,"At Risk","Medium Risk","Canned and Packaged Food","Ampang 88 Speedmart","Ampang","Selangor"
1468,"C1468","Arif bin Razak","N","Normal Member","2023-08-11",1054,"2025-05-11",415,16,588.36,0,588.36,588.36,36.77,1,5,5,"At Risk","Churned","Rice and Grains","Shah Alam 88 Speedmart","Shah Alam","Selangor"
1469,"C1469","Tan Kai Xin","N","VIP Member","2023-09-04",1030,"2026-03-17",105,5,372.34,0,372.34,372.34,74.47,2,2,4,"At Risk","Medium Risk","Snacks and Confectionery","Johor Bahru 88 Speedmart","Johor Bahru","Johor"
1470,"C1470","Low Yi Wen","N","Non-Member",,,"2025-06-03",392,9,421.55,0,421.55,421.55,46.84,1,3,4,"At Risk","Churned","Personal Care","Melaka 88 Speedmart","Melaka","Melaka"
1471,"C1471","Alvin Laja","N","Normal Member","2023-06-22",1104,"2025-05-20",406,4,129.13,0,129.13,129.13,32.28,1,2,2,"Hibernating","Churned","Instant Food","Cheras 88 Speedmart","Cheras","Kuala Lumpur"
1472,"C1472","Chong Ching Yee","N","Normal Member","2023-11-22",951,"2025-01-17",529,12,546.26,0,546.26,546.26,45.52,1,4,4,"At Risk","Churned","Instant Food","Shah Alam 88 Speedmart","Shah Alam","Selangor"
1473,"C1473","Koh Yoke Leng","N","Non-Member",,,"2025-02-12",503,3,283.93,0,283.93,283.93,94.64,1,1,3,"Lost","Churned","Beverages","Johor Bahru 88 Speedmart","Johor Bahru","Johor"
1474,"C1474","Chia Mei Qi","N","Normal Member","2023-09-27",1007,"2025-03-31",456,21,1027.24,7.16,1020.08,1020.08,48.58,1,5,5,"At Risk","Churned","Cooking Essentials","Seremban 88 Speedmart","Seremban","Negeri Sembilan"
1475,"C1475","Yeoh Wan Ting","N","Non-Member",,,"2026-03-10",112,2,25.97,0,25.97,25.97,12.99,2,1,1,"Hibernating","Medium Risk","Cooking Essentials","Ipoh 88 Speedmart","Ipoh","Perak"
1476,"C1476","Sabrina binti Hamid","N","Normal Member","2023-03-17",1201,"2025-10-28",245,17,646.69,9.1,637.59,637.59,37.51,1,5,5,"At Risk","High Risk","Cooking Essentials","George Town 88 Speedmart","George Town","Penang"
1477,"C1477","Farah binti Daud","N","Non-Member",,,"2026-02-03",147,8,304.91,18.38,286.53,286.53,35.82,2,3,3,"At Risk","Medium Risk","Beverages","George Town 88 Speedmart","George Town","Penang"
1478,"C1478","Akmal bin Omar","N","Normal Member","2023-08-16",1049,"2024-11-29",578,5,250.09,0,250.09,250.09,50.02,1,2,3,"Lost","Churned","Dairy Products","Kota Kinabalu 88 Speedmart","Kota Kinabalu","Sabah"
1479,"C1479","Teoh Chun Wai","N","Non-Member",,,"2026-04-17",74,5,231.77,0,231.77,231.77,46.35,3,2,3,"Need Attention","Low Risk","Household Cleaning","Johor Bahru 88 Speedmart","Johor Bahru","Johor"
1480,"C1480","Yeoh Wan Ting","N","Non-Member",,,"2025-12-31",181,9,517.9,0,517.9,517.9,57.54,1,3,4,"At Risk","High Risk","Beverages","Seremban 88 Speedmart","Seremban","Negeri Sembilan"
1481,"C1481","Loh Hui Min","N","Non-Member",,,"2025-05-25",401,1,105,0,105,105,105,1,1,2,"Hibernating","Churned","Organic Foods","Ampang 88 Speedmart","Ampang","Selangor"
1482,"C1482","Nasir bin Hamid","N","Normal Member","2022-10-22",1347,"2026-03-16",106,6,236.12,0,236.12,236.12,39.35,2,3,3,"At Risk","Medium Risk","Personal Care","Johor Bahru 88 Speedmart","Johor Bahru","Johor"
1483,"C1483","Aisyah binti Basri","N","VIP Member","2022-04-19",1533,"2025-09-09",294,5,148.5,0,148.5,148.5,29.7,1,2,2,"Hibernating","High Risk","Stationery and Daily Needs","Melaka 88 Speedmart","Melaka","Melaka"
1484,"C1484","Wong Yoke Leng","N","VIP Member","2023-12-21",922,"2026-01-19",162,7,250.2,0,250.2,250.2,35.74,2,3,3,"At Risk","Medium Risk","Beverages","Petaling Jaya 88 Speedmart","Petaling Jaya","Selangor"
1485,"C1485","Aqilah binti Fauzi","N","Normal Member","2022-09-01",1398,"2025-07-04",361,5,211.5,0,211.5,211.5,42.3,1,2,3,"Lost","High Risk","Beverages","Cheras 88 Speedmart","Cheras","Kuala Lumpur"
1486,"C1486","Maisarah binti Omar","N","Normal Member","2024-04-07",814,"2026-05-21",40,14,596.55,0,596.55,596.55,42.61,4,4,5,"Champions","Low Risk","Canned and Packaged Food","Shah Alam 88 Speedmart","Shah Alam","Selangor"
1487,"C1487","Akmal bin Salleh","N","Non-Member",,,"2025-09-14",289,9,359.98,0,359.98,359.98,40,1,3,4,"At Risk","High Risk","Rice and Grains","Ampang 88 Speedmart","Ampang","Selangor"
1488,"C1488","Aiman bin Hassan","N","Normal Member","2022-09-04",1395,"2025-05-27",399,7,414.08,0,414.08,414.08,59.15,1,3,4,"At Risk","Churned","Personal Care","Seremban 88 Speedmart","Seremban","Negeri Sembilan"
1489,"C1489","Joanne a/p Muthu","N","Non-Member",,,"2024-12-27",550,4,139.1,0,139.1,139.1,34.78,1,2,2,"Hibernating","Churned","Snacks and Confectionery","Shah Alam 88 Speedmart","Shah Alam","Selangor"
1490,"C1490","Siti binti Yusof","N","Normal Member","2022-10-24",1345,"2026-05-19",42,7,478.15,0,478.15,478.15,68.31,4,3,4,"Potential Loyal","Low Risk","Dairy Products","Ampang 88 Speedmart","Ampang","Selangor"
1491,"C1491","Hakim bin Ishak","N","Normal Member","2023-12-07",936,"2026-01-12",169,5,232.45,0,232.45,232.45,46.49,2,2,3,"At Risk","Medium Risk","Instant Food","Ampang 88 Speedmart","Ampang","Selangor"
1492,"C1492","Felix a/l Tharmalingam","N","VIP Member","2022-07-08",1453,"2026-06-08",22,10,341.12,0,341.12,341.12,34.11,5,4,3,"Loyal Customers","Low Risk","Baby Products","Cheras 88 Speedmart","Cheras","Kuala Lumpur"
1493,"C1493","Imran bin Nasir","N","Non-Member",,,"2025-08-31",303,2,173.47,0,173.47,173.47,86.74,1,1,2,"Hibernating","High Risk","Baby Products","Shah Alam 88 Speedmart","Shah Alam","Selangor"
1494,"C1494","Zara binti Mahmud","N","Non-Member",,,"2026-01-29",152,11,417.89,5.58,412.31,412.31,37.48,2,4,4,"At Risk","Medium Risk","Dairy Products","Ampang 88 Speedmart","Ampang","Selangor"
1495,"C1495","Yeoh Kai Jie","N","VIP Member","2023-11-22",951,"2026-04-27",64,8,323.37,0,323.37,323.37,40.42,3,3,3,"Need Attention","Low Risk","Frozen Food","Cheras 88 Speedmart","Cheras","Kuala Lumpur"
1496,"C1496","Harish a/l Murugan","N","Normal Member","2023-07-25",1071,"2026-02-12",138,5,209.01,0,209.01,209.01,41.8,2,2,3,"At Risk","Medium Risk","Household Cleaning","Petaling Jaya 88 Speedmart","Petaling Jaya","Selangor"
1497,"C1497","Zahir bin Omar","N","Normal Member","2022-12-24",1284,"2026-06-22",8,9,224.28,0,224.28,224.28,24.92,5,3,3,"Potential Loyal","Low Risk","Dairy Products","Ipoh 88 Speedmart","Ipoh","Perak"
1498,"C1498","Luqman bin Basri","N","Non-Member",,,"2026-06-06",24,7,125.49,0,125.49,125.49,17.93,5,3,2,"Potential Loyal","Low Risk","Personal Care","Melaka 88 Speedmart","Melaka","Melaka"
1499,"C1499","Khalid bin Hamid","N","Normal Member","2023-04-12",1175,"2026-06-07",23,2,36.95,0,36.95,36.95,18.48,5,1,1,"New Customers","Low Risk","Rice and Grains","George Town 88 Speedmart","George Town","Penang"
1500,"C1500","Sabrina binti Mahmud","N","Normal Member","2024-01-27",885,"2026-06-28",2,7,215.86,0,215.86,215.86,30.84,5,3,3,"Potential Loyal","Low Risk","Dairy Products","Petaling Jaya 88 Speedmart","Petaling Jaya","Selangor"
1501,"C1501","Sanjay a/l Raj","N","Normal Member","2024-04-04",817,"2026-05-12",49,8,247.38,2.27,245.11,245.11,30.64,4,3,3,"Potential Loyal","Low Risk","Dairy Products","Ampang 88 Speedmart","Ampang","Selangor"
1502,"C1502","Kiran a/l Saminathan","N","Non-Member",,,"2026-02-08",142,5,90.81,0,90.81,90.81,18.16,2,2,2,"Hibernating","Medium Risk","Rice and Grains","Cheras 88 Speedmart","Cheras","Kuala Lumpur"
1503,"C1503","Faris bin Jamal","N","Normal Member","2023-02-09",1237,"2026-02-24",126,17,560.71,0,560.71,560.71,32.98,2,5,4,"At Risk","Medium Risk","Stationery and Daily Needs","Cheras 88 Speedmart","Cheras","Kuala Lumpur"
1504,"C1504","Divya a/p Letchumy","N","Non-Member",,,"2026-05-27",34,6,260.54,0,260.54,260.54,43.42,4,3,3,"Potential Loyal","Low Risk","Dairy Products","Klang 88 Speedmart","Klang","Selangor"
1505,"C1505","Darren Rantai","N","VIP Member","2024-02-29",852,"2023-03-07",1211,3,70.33,0,70.33,70.33,23.44,1,1,1,"Hibernating","Churned","Stationery and Daily Needs","George Town 88 Speedmart","George Town","Penang"
1506,"C1506","Aisyah binti Kamal","N","VIP Member","2022-07-28",1433,"2025-09-28",275,10,443.25,0,443.25,443.25,44.33,1,4,4,"At Risk","High Risk","Beverages","George Town 88 Speedmart","George Town","Penang"
1507,"C1507","Chin Hui Ying","N","Normal Member","2024-02-20",861,"2026-02-24",126,10,403.27,0,403.27,403.27,40.33,2,4,4,"At Risk","Medium Risk","Baby Products","Melaka 88 Speedmart","Melaka","Melaka"
1508,"C1508","Irfan bin Daud","N","Non-Member",,,"2024-04-05",816,3,193.21,0,193.21,193.21,64.4,1,1,2,"Hibernating","Churned","Premium Items","Ipoh 88 Speedmart","Ipoh","Perak"
1509,"C1509","Tan Jia En","N","Normal Member","2022-05-02",1520,"2026-04-22",69,3,274.21,0,274.21,274.21,91.4,3,1,3,"Need Attention","Low Risk","Instant Food","Petaling Jaya 88 Speedmart","Petaling Jaya","Selangor"
1510,"C1510","Jannah binti Azman","N","Normal Member","2023-08-02",1063,"2025-05-10",416,14,341.72,1.08,340.64,340.64,24.33,1,4,3,"At Risk","Churned","Cooking Essentials","Seremban 88 Speedmart","Seremban","Negeri Sembilan"
1511,"C1511","Farhan bin Kamal","N","Normal Member","2022-12-16",1292,"2026-05-24",37,12,615.23,0,615.23,615.23,51.27,4,4,5,"Champions","Low Risk","Alcoholic Beverages","Ipoh 88 Speedmart","Ipoh","Perak"
1512,"C1512","Khadijah binti Jamal","N","Non-Member",,,"2025-08-30",304,9,413.92,0,413.92,413.92,45.99,1,3,4,"At Risk","High Risk","Instant Food","Ampang 88 Speedmart","Ampang","Selangor"
1513,"C1513","Chow Zhi Qing","N","VIP Member","2023-05-18",1139,"2025-11-03",239,7,333.01,0,333.01,333.01,47.57,1,3,3,"At Risk","High Risk","Cooking Essentials","Shah Alam 88 Speedmart","Shah Alam","Selangor"
1514,"C1514","Teoh Yoke Leng","N","VIP Member","2024-02-17",864,"2025-02-03",512,6,174.03,0,174.03,174.03,29.01,1,3,2,"At Risk","Churned","Beverages","Melaka 88 Speedmart","Melaka","Melaka"
1515,"C1515","Amir bin Hamid","N","Normal Member","2023-05-27",1130,"2025-08-25",309,7,378.3,0,378.3,378.3,54.04,1,3,4,"At Risk","High Risk","Rice and Grains","Ipoh 88 Speedmart","Ipoh","Perak"
1516,"C1516","Jannah binti Jamal","N","Non-Member",,,"2026-02-16",134,24,848.2,0,848.2,848.2,35.34,2,5,5,"At Risk","Medium Risk","Rice and Grains","Petaling Jaya 88 Speedmart","Petaling Jaya","Selangor"
1517,"C1517","Aiman bin Zainal","N","Non-Member",,,"2026-04-19",72,11,469.44,0,469.44,469.44,42.68,3,4,4,"Loyal Customers","Low Risk","Cooking Essentials","Kota Kinabalu 88 Speedmart","Kota Kinabalu","Sabah"
1518,"C1518","Goh Seng Huat","N","Normal Member","2023-04-14",1173,"2026-02-09",141,6,190.06,7.74,182.32,182.32,30.39,2,3,2,"At Risk","Medium Risk","Dairy Products","George Town 88 Speedmart","George Town","Penang"
1519,"C1519","Chow Yi Chen","N","Non-Member",,,"2026-02-07",143,8,425.33,3.67,421.66,421.66,52.71,2,3,4,"At Risk","Medium Risk","Frozen Food","Petaling Jaya 88 Speedmart","Petaling Jaya","Selangor"
1520,"C1520","Saraswathy a/p Maniam","N","Non-Member",,,"2026-02-16",134,21,721.46,0,721.46,721.46,34.36,2,5,5,"At Risk","Medium Risk","Rice and Grains","Klang 88 Speedmart","Klang","Selangor"
1521,"C1521","Nabilah binti Ahmad","N","VIP Member","2022-12-19",1289,"2025-08-11",323,5,77.15,0,77.15,77.15,15.43,1,2,1,"Hibernating","High Risk","Canned and Packaged Food","Johor Bahru 88 Speedmart","Johor Bahru","Johor"
1522,"C1522","Nabil bin Azman","N","Non-Member",,,"2025-05-15",411,18,467.94,9.07,458.87,458.87,25.49,1,5,4,"At Risk","Churned","Personal Care","Shah Alam 88 Speedmart","Shah Alam","Selangor"
1523,"C1523","Teoh Kin Hoong","N","Normal Member","2023-01-23",1254,"2024-12-15",562,7,353.1,0,353.1,353.1,50.44,1,3,4,"At Risk","Churned","Dairy Products","Shah Alam 88 Speedmart","Shah Alam","Selangor"
1524,"C1524","Nabilah binti Salleh","N","Normal Member","2023-03-12",1206,"2026-01-28",153,8,288.29,0,288.29,288.29,36.04,2,3,3,"At Risk","Medium Risk","Household Cleaning","Kota Kinabalu 88 Speedmart","Kota Kinabalu","Sabah"
1525,"C1525","Nabilah binti Hamid","N","Normal Member","2022-06-26",1465,"2025-01-07",539,4,92.37,0,92.37,92.37,23.09,1,2,2,"Hibernating","Churned","Personal Care","Kuching 88 Speedmart","Kuching","Sarawak"
1526,"C1526","Nadia binti Azman","N","Non-Member",,,"2025-12-24",188,11,418.85,0,418.85,418.85,38.08,1,4,4,"At Risk","High Risk","Beverages","Ampang 88 Speedmart","Ampang","Selangor"
1527,"C1527","Intan binti Mahmud","N","Normal Member","2022-06-14",1477,"2023-12-01",942,11,374.85,0,374.85,374.85,34.08,1,4,4,"At Risk","Churned","Cooking Essentials","Shah Alam 88 Speedmart","Shah Alam","Selangor"
1528,"C1528","Priya a/p Selvam","N","Non-Member",,,"2025-04-23",433,5,145.45,5.44,140.01,140.01,28,1,2,2,"Hibernating","Churned","Canned and Packaged Food","Johor Bahru 88 Speedmart","Johor Bahru","Johor"
1529,"C1529","Chow Jun Hao","N","VIP Member","2023-03-28",1190,"2026-06-08",22,22,981.68,0,981.68,981.68,44.62,5,5,5,"Champions","Low Risk","Beverages","Cheras 88 Speedmart","Cheras","Kuala Lumpur"
1530,"C1530","Loh Poh Ling","N","Normal Member","2023-04-14",1173,"2026-04-28",63,10,362.45,0,362.45,362.45,36.25,3,4,4,"Loyal Customers","Low Risk","Canned and Packaged Food","Ampang 88 Speedmart","Ampang","Selangor"
1531,"C1531","Koh Kai Jie","N","Non-Member",,,"2024-12-09",568,5,120.29,0,120.29,120.29,24.06,1,2,2,"Hibernating","Churned","Household Cleaning","Melaka 88 Speedmart","Melaka","Melaka"
1532,"C1532","Yeoh Cheng Wei","N","Normal Member","2022-10-30",1339,"2025-08-03",331,16,417.47,0,417.47,417.47,26.09,1,5,4,"At Risk","High Risk","Canned and Packaged Food","Klang 88 Speedmart","Klang","Selangor"
1533,"C1533","Low Kai Xin","N","VIP Member","2023-02-13",1233,"2026-02-04",146,8,213.78,0,213.78,213.78,26.72,2,3,3,"At Risk","Medium Risk","Rice and Grains","Ampang 88 Speedmart","Ampang","Selangor"
1534,"C1534","Nabil bin Hamid","N","Normal Member","2024-01-14",898,"2025-12-13",199,13,565.12,0,565.12,565.12,43.47,1,4,4,"At Risk","High Risk","Rice and Grains","Seremban 88 Speedmart","Seremban","Negeri Sembilan"
1535,"C1535","Syahirah binti Yusof","N","Normal Member","2023-01-19",1258,"2024-06-16",744,11,417.12,0,417.12,417.12,37.92,1,4,4,"At Risk","Churned","Cooking Essentials","Petaling Jaya 88 Speedmart","Petaling Jaya","Selangor"
1536,"C1536","Zahir bin Hamid","N","Normal Member","2022-08-06",1424,"2025-09-21",282,19,760.59,6.82,753.77,753.77,39.67,1,5,5,"At Risk","High Risk","Personal Care","Ampang 88 Speedmart","Ampang","Selangor"
1537,"C1537","Jannah binti Mahmud","N","Non-Member",,,"2026-06-04",26,16,372.31,0,372.31,372.31,23.27,5,5,4,"Champions","Low Risk","Instant Food","Shah Alam 88 Speedmart","Shah Alam","Selangor"
1538,"C1538","Zara binti Hassan","N","Normal Member","2024-04-17",804,"2025-09-07",296,21,737.58,0,737.58,737.58,35.12,1,5,5,"At Risk","High Risk","Rice and Grains","Seremban 88 Speedmart","Seremban","Negeri Sembilan"
1539,"C1539","Jannah binti Zainal","N","Normal Member","2023-07-03",1093,"2025-06-17",378,18,558.57,0,558.57,558.57,31.03,1,5,4,"At Risk","Churned","Dairy Products","Melaka 88 Speedmart","Melaka","Melaka"
1540,"C1540","Chin Jun Hao","N","Normal Member","2024-01-03",909,"2025-07-05",360,8,357.64,0,357.64,357.64,44.71,1,3,4,"At Risk","High Risk","Snacks and Confectionery","Ampang 88 Speedmart","Ampang","Selangor"
1541,"C1541","Koh Jun Hao","N","Normal Member","2022-08-02",1428,"2026-05-03",58,5,287.16,0,287.16,287.16,57.43,4,2,3,"Potential Loyal","Low Risk","Canned and Packaged Food","Seremban 88 Speedmart","Seremban","Negeri Sembilan"
1542,"C1542","Goh Hui Ying","N","Non-Member",,,"2025-01-07",539,8,300.53,0,300.53,300.53,37.57,1,3,3,"At Risk","Churned","Dairy Products","Ipoh 88 Speedmart","Ipoh","Perak"
1543,"C1543","Hana binti Yusof","N","VIP Member","2023-02-24",1222,"2025-08-03",331,17,634.2,2.11,632.09,632.09,37.18,1,5,5,"At Risk","High Risk","Cooking Essentials","Klang 88 Speedmart","Klang","Selangor"
1544,"C1544","Jannah binti Fauzi","N","Non-Member",,,"2025-02-16",499,10,167.79,0,167.79,167.79,16.78,1,4,2,"At Risk","Churned","Canned and Packaged Food","Seremban 88 Speedmart","Seremban","Negeri Sembilan"
1545,"C1545","Yeoh Chee Keong","N","Non-Member",,,"2025-06-12",383,5,176.33,0,176.33,176.33,35.27,1,2,2,"Hibernating","Churned","Cooking Essentials","Ampang 88 Speedmart","Ampang","Selangor"
1546,"C1546","Nurul binti Mahmud","N","Normal Member","2022-08-14",1416,"2025-01-30",516,4,387.46,0,387.46,387.46,96.87,1,2,4,"Lost","Churned","Rice and Grains","Shah Alam 88 Speedmart","Shah Alam","Selangor"
1547,"C1547","Priya a/p Subramaniam","N","Non-Member",,,"2026-03-30",92,7,567.38,0,567.38,567.38,81.05,2,3,4,"At Risk","Medium Risk","Alcoholic Beverages","Shah Alam 88 Speedmart","Shah Alam","Selangor"
1548,"C1548","Felix a/l Balakrishnan","N","VIP Member","2022-06-04",1487,"2026-01-26",155,21,650.27,0,650.27,650.27,30.97,2,5,5,"At Risk","Medium Risk","Household Cleaning","Ampang 88 Speedmart","Ampang","Selangor"
1549,"C1549","Irfan bin Fauzi","N","Normal Member","2024-04-10",811,"2025-12-31",181,7,190.06,0,190.06,190.06,27.15,1,3,2,"At Risk","High Risk","Frozen Food","George Town 88 Speedmart","George Town","Penang"
1550,"C1550","Luqman bin Azman","N","Normal Member","2022-08-16",1414,"2024-12-03",574,7,168.91,0,168.91,168.91,24.13,1,3,2,"At Risk","Churned","Cooking Essentials","Cheras 88 Speedmart","Cheras","Kuala Lumpur"
1551,"C1551","Syafiq bin Yusof","N","Normal Member","2022-09-30",1369,"2025-03-27",460,4,147.75,0,147.75,147.75,36.94,1,2,2,"Hibernating","Churned","Canned and Packaged Food","Shah Alam 88 Speedmart","Shah Alam","Selangor"
1552,"C1552","Ahmad bin Basri","N","Normal Member","2023-09-03",1031,"2025-04-08",448,5,417.69,0,417.69,417.69,83.54,1,2,4,"Lost","Churned","Baby Products","Johor Bahru 88 Speedmart","Johor Bahru","Johor"
1553,"C1553","Aisyah binti Jamal","N","Non-Member",,,"2025-12-01",211,12,440.46,0,440.46,440.46,36.71,1,4,4,"At Risk","High Risk","Stationery and Daily Needs","Seremban 88 Speedmart","Seremban","Negeri Sembilan"
1554,"C1554","Nabilah binti Hassan","N","Normal Member","2023-11-04",969,"2025-08-14",320,20,479.6,0,479.6,479.6,23.98,1,5,4,"At Risk","High Risk","Rice and Grains","Shah Alam 88 Speedmart","Shah Alam","Selangor"
1555,"C1555","Luqman bin Fauzi","N","Normal Member","2022-08-14",1416,"2026-02-24",126,5,182.32,0,182.32,182.32,36.46,2,2,2,"Hibernating","Medium Risk","Stationery and Daily Needs","George Town 88 Speedmart","George Town","Penang"
1556,"C1556","Maisarah binti Ahmad","N","Normal Member","2023-03-12",1206,"2025-10-12",261,7,420.7,0,420.7,420.7,60.1,1,3,4,"At Risk","High Risk","Canned and Packaged Food","Shah Alam 88 Speedmart","Shah Alam","Selangor"
1557,"C1557","Arif bin Razak","N","Non-Member",,,"2025-04-27",429,18,691.06,0,691.06,691.06,38.39,1,5,5,"At Risk","Churned","Frozen Food","Shah Alam 88 Speedmart","Shah Alam","Selangor"
1558,"C1558","Nadia binti Salleh","N","Normal Member","2022-08-17",1413,"2026-01-13",168,5,160.14,0,160.14,160.14,32.03,2,2,2,"Hibernating","Medium Risk","Dairy Products","Ipoh 88 Speedmart","Ipoh","Perak"
1559,"C1559","Siti binti Ismail","N","Normal Member","2023-08-19",1046,"2026-03-19",103,8,193.75,0,193.75,193.75,24.22,2,3,2,"At Risk","Medium Risk","Household Cleaning","George Town 88 Speedmart","George Town","Penang"
1560,"C1560","Tan Yoke Leng","N","Normal Member","2024-01-31",881,"2025-09-17",286,8,426.44,0,426.44,426.44,53.31,1,3,4,"At Risk","High Risk","Rice and Grains","George Town 88 Speedmart","George Town","Penang"
1561,"C1561","Chia Li Xuan","N","Normal Member","2024-03-25",827,"2025-06-11",384,13,564.22,0,564.22,564.22,43.4,1,4,4,"At Risk","Churned","Rice and Grains","Ampang 88 Speedmart","Ampang","Selangor"
1562,"C1562","Tan Mei Qi","N","VIP Member","2022-06-08",1483,"2026-02-26",124,8,397.22,0,397.22,397.22,49.65,2,3,4,"At Risk","Medium Risk","Beverages","Melaka 88 Speedmart","Melaka","Melaka"
1563,"C1563","Chow Jia Wei","N","Normal Member","2023-01-19",1258,"2025-01-15",531,6,244.89,0,244.89,244.89,40.82,1,3,3,"At Risk","Churned","Rice and Grains","Kota Kinabalu 88 Speedmart","Kota Kinabalu","Sabah"
1564,"C1564","Nasir bin Ishak","N","Normal Member","2023-08-07",1058,"2025-12-22",190,8,210.55,0,210.55,210.55,26.32,1,3,3,"At Risk","High Risk","Dairy Products","Melaka 88 Speedmart","Melaka","Melaka"
1565,"C1565","Low Wan Ting","N","VIP Member","2024-04-02",819,"2025-11-06",236,8,325.29,0,325.29,325.29,40.66,1,3,3,"At Risk","High Risk","Snacks and Confectionery","Johor Bahru 88 Speedmart","Johor Bahru","Johor"
1566,"C1566","Ng Yi Chen","N","Non-Member",,,"2026-01-12",169,8,407.04,0,407.04,407.04,50.88,2,3,4,"At Risk","Medium Risk","Dairy Products","Kota Kinabalu 88 Speedmart","Kota Kinabalu","Sabah"
1567,"C1567","Chin Ching Yee","N","Non-Member",,,"2024-09-27",641,19,1278.09,0,1278.09,1278.09,67.27,1,5,5,"At Risk","Churned","Canned and Packaged Food","George Town 88 Speedmart","George Town","Penang"
1568,"C1568","Jannah binti Omar","N","Normal Member","2023-09-04",1030,"2026-06-08",22,9,260.29,0,260.29,260.29,28.92,5,3,3,"Potential Loyal","Low Risk","Canned and Packaged Food","Kota Kinabalu 88 Speedmart","Kota Kinabalu","Sabah"
1569,"C1569","Rafiq bin Jamal","N","Normal Member","2024-03-14",838,"2026-03-02",120,4,137.63,0,137.63,137.63,34.41,2,2,2,"Hibernating","Medium Risk","Alcoholic Beverages","Melaka 88 Speedmart","Melaka","Melaka"
1570,"C1570","Koh Yoke Leng","N","Normal Member","2024-02-09",872,"2025-06-15",380,7,258.07,0,258.07,258.07,36.87,1,3,3,"At Risk","Churned","Frozen Food","Johor Bahru 88 Speedmart","Johor Bahru","Johor"
1571,"C1571","Nabilah binti Salleh","N","Normal Member","2024-01-19",893,"2026-05-06",55,6,281.86,0,281.86,281.86,46.98,4,3,3,"Potential Loyal","Low Risk","Baby Products","Shah Alam 88 Speedmart","Shah Alam","Selangor"
1572,"C1572","Chew Hong Sheng","N","Normal Member","2022-12-08",1300,"2026-02-17",133,7,287.39,0,287.39,287.39,41.06,2,3,3,"At Risk","Medium Risk","Snacks and Confectionery","George Town 88 Speedmart","George Town","Penang"
1573,"C1573","Amir bin Basri","N","Non-Member",,,"2026-02-12",138,6,170.98,4.36,166.62,166.62,27.77,2,3,2,"At Risk","Medium Risk","Beverages","Seremban 88 Speedmart","Seremban","Negeri Sembilan"
1574,"C1574","Aiman bin Ahmad","N","Normal Member","2022-07-03",1458,"2025-09-03",300,5,242.74,0,242.74,242.74,48.55,1,2,3,"Lost","High Risk","Household Cleaning","Melaka 88 Speedmart","Melaka","Melaka"
1575,"C1575","Mardhiah binti Jamal","N","Normal Member","2023-01-29",1248,"2026-01-23",158,10,405.3,2.34,402.96,402.96,40.3,2,4,4,"At Risk","Medium Risk","Rice and Grains","Cheras 88 Speedmart","Cheras","Kuala Lumpur"
1576,"C1576","Zahir bin Ibrahim","N","Non-Member",,,"2026-05-21",40,11,286.13,5,281.13,281.13,25.56,4,4,3,"Loyal Customers","Low Risk","Cooking Essentials","Johor Bahru 88 Speedmart","Johor Bahru","Johor"
1577,"C1577","Luqman bin Jamal","N","Non-Member",,,"2025-11-03",239,5,157.3,0,157.3,157.3,31.46,1,2,2,"Hibernating","High Risk","Dairy Products","George Town 88 Speedmart","George Town","Penang"
1578,"C1578","Teoh Li Xuan","N","Normal Member","2024-04-03",818,"2025-07-28",337,10,214.9,7.75,207.15,207.15,20.72,1,4,3,"At Risk","High Risk","Rice and Grains","Kota Kinabalu 88 Speedmart","Kota Kinabalu","Sabah"
1579,"C1579","Hana binti Hassan","N","Normal Member","2023-03-12",1206,"2024-12-15",562,8,259.91,0,259.91,259.91,32.49,1,3,3,"At Risk","Churned","Instant Food","Petaling Jaya 88 Speedmart","Petaling Jaya","Selangor"
1580,"C1580","Siti binti Mahmud","N","Normal Member","2024-04-23",798,"2026-06-27",3,11,589.63,3.24,586.39,586.39,53.31,5,4,5,"Champions","Low Risk","Baby Products","Ipoh 88 Speedmart","Ipoh","Perak"
1581,"C1581","Ahmad bin Nasir","N","Normal Member","2024-01-10",902,"2025-11-28",214,8,298.26,0,298.26,298.26,37.28,1,3,3,"At Risk","High Risk","Frozen Food","Melaka 88 Speedmart","Melaka","Melaka"
1582,"C1582","Dev a/l Gopal","N","Non-Member",,,"2022-12-17",1291,3,103.98,0,103.98,103.98,34.66,1,1,2,"Hibernating","Churned","Dairy Products","George Town 88 Speedmart","George Town","Penang"
1583,"C1583","Nasir bin Yusof","N","Non-Member",,,"2026-04-27",64,10,316.54,0,316.54,316.54,31.65,3,4,3,"Loyal Customers","Low Risk","Cooking Essentials","Ipoh 88 Speedmart","Ipoh","Perak"
1584,"C1584","Aqilah binti Daud","N","Normal Member","2024-04-21",800,"2026-06-01",29,9,310.6,0,310.6,310.6,34.51,5,3,3,"Potential Loyal","Low Risk","Rice and Grains","Ampang 88 Speedmart","Ampang","Selangor"
1585,"C1585","Qistina binti Razak","N","VIP Member","2023-05-02",1155,"2026-06-02",28,10,426.26,2.19,424.07,424.07,42.41,5,4,4,"Champions","Low Risk","Baby Products","Ampang 88 Speedmart","Ampang","Selangor"
1586,"C1586","Zahir bin Abdullah","N","VIP Member","2022-11-21",1317,"2024-12-17",560,7,365.22,1.84,363.38,363.38,51.91,1,3,4,"At Risk","Churned","Personal Care","George Town 88 Speedmart","George Town","Penang"
1587,"C1587","Victor Sagang","N","Normal Member","2023-07-22",1074,"2025-03-16",471,4,66.92,0,66.92,66.92,16.73,1,2,1,"Hibernating","Churned","Frozen Food","Johor Bahru 88 Speedmart","Johor Bahru","Johor"
1588,"C1588","Chan Li Xuan","N","Non-Member",,,"2025-09-22",281,6,358.17,0,358.17,358.17,59.7,1,3,4,"At Risk","High Risk","Canned and Packaged Food","Petaling Jaya 88 Speedmart","Petaling Jaya","Selangor"
1589,"C1589","Farhan bin Basri","N","Normal Member","2024-03-28",824,"2026-06-01",29,8,247.2,0,247.2,247.2,30.9,5,3,3,"Potential Loyal","Low Risk","Baby Products","Cheras 88 Speedmart","Cheras","Kuala Lumpur"
1590,"C1590","Aarav a/l Saminathan","N","Non-Member",,,"2025-01-29",517,4,38.96,0,38.96,38.96,9.74,1,2,1,"Hibernating","Churned","Instant Food","Ampang 88 Speedmart","Ampang","Selangor"
1591,"C1591","Koh Hui Min","N","VIP Member","2024-06-27",733,"2025-06-07",388,6,197.41,0,197.41,197.41,32.9,1,3,2,"At Risk","Churned","Rice and Grains","Ipoh 88 Speedmart","Ipoh","Perak"
1592,"C1592","Chow Hong Sheng","N","Non-Member",,,"2023-10-05",999,3,31.53,0,31.53,31.53,10.51,1,1,1,"Hibernating","Churned","Rice and Grains","Ipoh 88 Speedmart","Ipoh","Perak"
1593,"C1593","Liyana binti Ibrahim","N","Non-Member",,,"2026-01-31",150,5,163.02,0,163.02,163.02,32.6,2,2,2,"Hibernating","Medium Risk","Stationery and Daily Needs","Melaka 88 Speedmart","Melaka","Melaka"
1594,"C1594","Nadia binti Ishak","N","Normal Member","2024-03-21",831,"2026-03-24",98,3,164.26,0,164.26,164.26,54.75,2,1,2,"Hibernating","Medium Risk","Baby Products","Johor Bahru 88 Speedmart","Johor Bahru","Johor"
1595,"C1595","Tan Shu Fen","N","VIP Member","2023-07-05",1091,"2026-03-12",110,3,100.17,0,100.17,100.17,33.39,2,1,2,"Hibernating","Medium Risk","Household Cleaning","Klang 88 Speedmart","Klang","Selangor"
1596,"C1596","Koh Kin Hoong","N","Normal Member","2024-03-01",851,"2025-09-24",279,3,182.74,0,182.74,182.74,60.91,1,1,2,"Hibernating","High Risk","Premium Items","Kota Kinabalu 88 Speedmart","Kota Kinabalu","Sabah"
1597,"C1597","Zara binti Hamid","N","VIP Member","2023-08-01",1064,"2024-06-05",755,3,246.82,0,246.82,246.82,82.27,1,1,3,"Lost","Churned","Baby Products","Kota Kinabalu 88 Speedmart","Kota Kinabalu","Sabah"
1598,"C1598","Syahirah binti Abdullah","N","Normal Member","2024-04-26",795,"2025-02-20",495,12,444.74,0,444.74,444.74,37.06,1,4,4,"At Risk","Churned","Rice and Grains","Shah Alam 88 Speedmart","Shah Alam","Selangor"
1599,"C1599","Fatin binti Jamal","N","VIP Member","2023-06-27",1099,"2026-03-13",109,7,295.38,0,295.38,295.38,42.2,2,3,3,"At Risk","Medium Risk","Beverages","Kota Kinabalu 88 Speedmart","Kota Kinabalu","Sabah"
1600,"C1600","Yeoh Cheng Wei","N","Normal Member","2023-03-31",1187,"2025-09-25",278,8,150.8,5.17,145.63,145.63,18.2,1,3,2,"At Risk","High Risk","Frozen Food","Cheras 88 Speedmart","Cheras","Kuala Lumpur"
1601,"C1601","Danish bin Hamid","N","VIP Member","2022-09-10",1389,"2024-04-02",819,7,274.54,0,274.54,274.54,39.22,1,3,3,"At Risk","Churned","Cooking Essentials","Seremban 88 Speedmart","Seremban","Negeri Sembilan"
1602,"C1602","Kevin a/l Raj","N","Normal Member","2023-04-04",1183,"2025-07-01",364,20,603.22,0,603.22,603.22,30.16,1,5,5,"At Risk","High Risk","Canned and Packaged Food","Seremban 88 Speedmart","Seremban","Negeri Sembilan"
1603,"C1603","Yeoh Kai Xin","N","Normal Member","2022-08-22",1408,"2024-02-15",866,2,192.79,0,192.79,192.79,96.4,1,1,2,"Hibernating","Churned","Baby Products","Kuching 88 Speedmart","Kuching","Sarawak"
1604,"C1604","Nabil bin Salleh","N","Normal Member","2023-12-16",927,"2026-01-04",177,17,1055.44,0,1055.44,1055.44,62.08,2,5,5,"At Risk","Medium Risk","Personal Care","Seremban 88 Speedmart","Seremban","Negeri Sembilan"
1605,"C1605","Elena a/p Krishnan","N","Non-Member",,,"2025-12-25",187,20,498.05,2.15,495.9,495.9,24.8,1,5,4,"At Risk","High Risk","Snacks and Confectionery","Johor Bahru 88 Speedmart","Johor Bahru","Johor"
1606,"C1606","Hafiz bin Kamal","N","VIP Member","2023-05-19",1138,"2024-07-17",713,14,345.03,1.35,343.68,343.68,24.55,1,4,3,"At Risk","Churned","Cooking Essentials","Petaling Jaya 88 Speedmart","Petaling Jaya","Selangor"
1607,"C1607","Ng Hui Ying","N","VIP Member","2023-02-15",1231,"2026-06-24",6,7,300.07,0,300.07,300.07,42.87,5,3,3,"Potential Loyal","Low Risk","Stationery and Daily Needs","Kota Kinabalu 88 Speedmart","Kota Kinabalu","Sabah"
1608,"C1608","Nurul binti Razak","N","Normal Member","2023-04-26",1161,"2026-01-21",160,28,995.12,0,995.12,995.12,35.54,2,5,5,"At Risk","Medium Risk","Canned and Packaged Food","Johor Bahru 88 Speedmart","Johor Bahru","Johor"
1609,"C1609","Akmal bin Kamal","N","Non-Member",,,"2025-06-09",386,5,204.94,0,204.94,204.94,40.99,1,2,3,"Lost","Churned","Cooking Essentials","Shah Alam 88 Speedmart","Shah Alam","Selangor"
1610,"C1610","Arif bin Salleh","N","Normal Member","2024-07-12",718,"2024-12-20",557,11,452.16,0,452.16,452.16,41.11,1,4,4,"At Risk","Churned","Cooking Essentials","Kuching 88 Speedmart","Kuching","Sarawak"
1611,"C1611","Elena Agan","N","Normal Member","2024-06-04",756,"2025-12-21",191,22,561.92,0,561.92,561.92,25.54,1,5,4,"At Risk","High Risk","Cooking Essentials","Cheras 88 Speedmart","Cheras","Kuala Lumpur"
1612,"C1612","Nadia binti Fauzi","N","Normal Member","2024-05-29",762,"2025-12-19",193,4,109.45,0,109.45,109.45,27.36,1,2,2,"Hibernating","High Risk","Cooking Essentials","George Town 88 Speedmart","George Town","Penang"
1613,"C1613","Chan Wan Ting","N","Normal Member","2024-04-25",796,"2026-04-27",64,7,378.65,0,378.65,378.65,54.09,3,3,4,"Need Attention","Low Risk","Dairy Products","Petaling Jaya 88 Speedmart","Petaling Jaya","Selangor"
1614,"C1614","Luqman bin Mahmud","N","Normal Member","2023-08-06",1059,"2026-06-02",28,6,135.8,0,135.8,135.8,22.63,5,3,2,"Potential Loyal","Low Risk","Canned and Packaged Food","Johor Bahru 88 Speedmart","Johor Bahru","Johor"
1615,"C1615","Arif bin Hamid","N","Normal Member","2023-08-08",1057,"2024-12-08",569,3,86.45,0,86.45,86.45,28.82,1,1,1,"Hibernating","Churned","Rice and Grains","Cheras 88 Speedmart","Cheras","Kuala Lumpur"
1616,"C1616","Adilah binti Abdullah","N","Normal Member","2022-09-20",1379,"2024-02-29",852,10,336.46,5.41,331.05,331.05,33.11,1,4,3,"At Risk","Churned","Frozen Food","Shah Alam 88 Speedmart","Shah Alam","Selangor"
1617,"C1617","Chia Jia En","N","Non-Member",,,"2024-07-10",720,5,184.41,0,184.41,184.41,36.88,1,2,2,"Hibernating","Churned","Rice and Grains","Melaka 88 Speedmart","Melaka","Melaka"
1618,"C1618","Wong Poh Ling","N","Normal Member","2023-05-21",1136,"2026-03-20",102,4,110.98,0,110.98,110.98,27.75,2,2,2,"Hibernating","Medium Risk","Baby Products","Melaka 88 Speedmart","Melaka","Melaka"
1619,"C1619","Ho Chun Wai","N","Normal Member","2022-12-10",1298,"2024-04-17",804,3,58.06,0,58.06,58.06,19.35,1,2,1,"Hibernating","Churned","Frozen Food","Kota Kinabalu 88 Speedmart","Kota Kinabalu","Sabah"
1620,"C1620","Vikram a/l Nair","N","Non-Member",,,"2026-04-09",82,7,165.76,0,165.76,165.76,23.68,3,3,2,"Need Attention","Low Risk","Cooking Essentials","Seremban 88 Speedmart","Seremban","Negeri Sembilan"
1621,"C1621","Nadia binti Razak","N","Normal Member","2024-04-03",818,"2026-02-07",143,4,180.63,0,180.63,180.63,45.16,2,2,2,"Hibernating","Medium Risk","Cooking Essentials","Petaling Jaya 88 Speedmart","Petaling Jaya","Selangor"
1622,"C1622","Ong Kai Xin","N","VIP Member","2023-02-09",1237,"2025-08-21",313,4,210.19,0,210.19,210.19,52.55,1,2,3,"Lost","High Risk","Frozen Food","Ipoh 88 Speedmart","Ipoh","Perak"
1623,"C1623","Low Mei Qi","N","Normal Member","2024-07-21",709,"2026-06-03",27,10,444.55,43.11,401.44,401.44,40.14,5,4,4,"Champions","Low Risk","Beverages","George Town 88 Speedmart","George Town","Penang"
1624,"C1624","Arjun a/l Maniam","N","VIP Member","2023-03-23",1195,"2024-02-25",856,8,436.79,0,436.79,436.79,54.6,1,3,4,"At Risk","Churned","Baby Products","Seremban 88 Speedmart","Seremban","Negeri Sembilan"
1625,"C1625","Wong Kai Xin","N","Normal Member","2024-07-11",719,"2026-06-15",15,7,163.05,0,163.05,163.05,23.29,5,3,2,"Potential Loyal","Low Risk","Canned and Packaged Food","Klang 88 Speedmart","Klang","Selangor"
1626,"C1626","Loh Pei Shan","N","Normal Member","2022-09-30",1369,"2025-04-02",454,14,438.78,7.81,430.97,430.97,30.78,1,4,4,"At Risk","Churned","Canned and Packaged Food","Kota Kinabalu 88 Speedmart","Kota Kinabalu","Sabah"
1627,"C1627","Chow Shi Hao","N","Non-Member",,,"2023-12-05",938,4,158.3,0,158.3,158.3,39.58,1,2,2,"Hibernating","Churned","Frozen Food","Melaka 88 Speedmart","Melaka","Melaka"
1628,"C1628","Intan binti Abdullah","N","Normal Member","2023-07-04",1092,"2025-12-16",196,5,226.3,0,226.3,226.3,45.26,1,2,3,"Lost","High Risk","Cooking Essentials","Cheras 88 Speedmart","Cheras","Kuala Lumpur"
1629,"C1629","Vikram a/l Vijayan","N","Normal Member","2023-03-30",1188,"2025-10-18",255,3,112.03,0,112.03,112.03,37.34,1,2,2,"Hibernating","High Risk","Household Cleaning","Seremban 88 Speedmart","Seremban","Negeri Sembilan"
1630,"C1630","Ahmad bin Hamid","N","Normal Member","2023-10-26",978,"2025-02-01",514,18,791.19,0,791.19,791.19,43.96,1,5,5,"At Risk","Churned","Rice and Grains","Ampang 88 Speedmart","Ampang","Selangor"
1631,"C1631","Hana binti Hamid","N","Non-Member",,,"2025-02-04",511,11,510.12,2.29,507.83,507.83,46.17,1,4,4,"At Risk","Churned","Beverages","Kota Kinabalu 88 Speedmart","Kota Kinabalu","Sabah"
1632,"C1632","Fatin binti Yusof","N","Non-Member",,,"2023-12-03",940,3,92.6,0,92.6,92.6,30.87,1,2,2,"Hibernating","Churned","Cooking Essentials","Kuching 88 Speedmart","Kuching","Sarawak"
1633,"C1633","Zahir bin Daud","N","Normal Member","2023-05-04",1153,"2026-02-19",131,10,507.66,0,507.66,507.66,50.77,2,4,4,"At Risk","Medium Risk","Personal Care","George Town 88 Speedmart","George Town","Penang"
1634,"C1634","Hafiz bin Zainal","N","Non-Member",,,"2026-06-05",25,10,398.15,16.91,381.24,381.24,38.12,5,4,4,"Champions","Low Risk","Cooking Essentials","Petaling Jaya 88 Speedmart","Petaling Jaya","Selangor"
1635,"C1635","Priya a/p Maniam","N","Normal Member","2022-08-25",1405,"2025-06-23",372,4,463.06,1.18,461.88,461.88,115.47,1,2,4,"Lost","Churned","Alcoholic Beverages","George Town 88 Speedmart","George Town","Penang"
1636,"C1636","Clarissa a/p Letchumy","N","Normal Member","2023-08-12",1053,"2025-12-15",197,9,249.73,0,249.73,249.73,27.75,1,3,3,"At Risk","High Risk","Dairy Products","Shah Alam 88 Speedmart","Shah Alam","Selangor"
1637,"C1637","Nabil bin Ishak","N","VIP Member","2024-01-13",899,"2026-04-17",74,17,446.65,0,446.65,446.65,26.27,3,5,4,"Loyal Customers","Low Risk","Dairy Products","Seremban 88 Speedmart","Seremban","Negeri Sembilan"
1638,"C1638","Chong Zi Xuan","N","Non-Member",,,"2026-05-07",54,10,276.59,0,276.59,276.59,27.66,4,4,3,"Loyal Customers","Low Risk","Beverages","Shah Alam 88 Speedmart","Shah Alam","Selangor"
1639,"C1639","Nadia binti Zainal","N","Normal Member","2024-01-20",892,"2026-03-20",102,3,92.59,0,92.59,92.59,30.86,2,2,2,"Hibernating","Medium Risk","Canned and Packaged Food","Melaka 88 Speedmart","Melaka","Melaka"
1640,"C1640","Low Jia Wei","N","Non-Member",,,"2025-07-23",342,23,641.72,0,641.72,641.72,27.9,1,5,5,"At Risk","High Risk","Dairy Products","Cheras 88 Speedmart","Cheras","Kuala Lumpur"
1641,"C1641","Ishaan bin Salleh","N","VIP Member","2023-01-12",1265,"2026-05-09",52,4,133.12,0,133.12,133.12,33.28,4,2,2,"Potential Loyal","Low Risk","Dairy Products","Shah Alam 88 Speedmart","Shah Alam","Selangor"
1642,"C1642","Alvin a/l Rajan","N","Normal Member","2023-05-28",1129,"2026-04-10",81,19,640.55,0,640.55,640.55,33.71,3,5,5,"Loyal Customers","Low Risk","Snacks and Confectionery","Melaka 88 Speedmart","Melaka","Melaka"
1643,"C1643","Syahirah binti Ibrahim","N","Normal Member","2023-04-19",1168,"2025-01-31",515,8,339.33,36.74,302.59,302.59,37.82,1,3,3,"At Risk","Churned","Beverages","Johor Bahru 88 Speedmart","Johor Bahru","Johor"
1644,"C1644","Aqilah binti Kamal","N","Normal Member","2024-03-14",838,"2025-04-18",438,6,122.4,1.68,120.72,120.72,20.12,1,3,2,"At Risk","Churned","Instant Food","Cheras 88 Speedmart","Cheras","Kuala Lumpur"
1645,"C1645","Fatin binti Ishak","N","Normal Member","2024-03-19",833,"2026-02-27",123,15,612.72,0,612.72,612.72,40.85,2,5,5,"At Risk","Medium Risk","Dairy Products","Ipoh 88 Speedmart","Ipoh","Perak"
1646,"C1646","Kiran a/l Rao","N","Non-Member",,,"2026-02-09",141,17,625.45,0,625.45,625.45,36.79,2,5,5,"At Risk","Medium Risk","Household Cleaning","Ampang 88 Speedmart","Ampang","Selangor"
1647,"C1647","Goh Shi Hao","N","Normal Member","2024-01-22",890,"2025-12-23",189,5,183.78,0,183.78,183.78,36.76,1,2,2,"Hibernating","High Risk","Household Cleaning","Cheras 88 Speedmart","Cheras","Kuala Lumpur"
1648,"C1648","Koh Ching Yee","N","Normal Member","2023-12-30",913,"2026-04-26",65,4,161.38,0,161.38,161.38,40.35,3,2,2,"Need Attention","Low Risk","Frozen Food","Klang 88 Speedmart","Klang","Selangor"
1649,"C1649","Chia Hui Min","N","VIP Member","2023-10-29",975,"2024-12-09",568,11,337.35,0,337.35,337.35,30.67,1,4,3,"At Risk","Churned","Frozen Food","Ipoh 88 Speedmart","Ipoh","Perak"
1650,"C1650","Low Shu Fen","N","Non-Member",,,"2025-08-03",331,12,261.89,1.63,260.26,260.26,21.69,1,4,3,"At Risk","High Risk","Canned and Packaged Food","Johor Bahru 88 Speedmart","Johor Bahru","Johor"
1651,"C1651","Ivan a/l Anand","N","VIP Member","2024-05-03",788,"2025-07-24",341,8,374.51,0,374.51,374.51,46.81,1,3,4,"At Risk","High Risk","Frozen Food","Shah Alam 88 Speedmart","Shah Alam","Selangor"
1652,"C1652","Tan Wei Lun","N","VIP Member","2024-01-30",882,"2025-12-20",192,18,820.3,5.37,814.93,814.93,45.27,1,5,5,"At Risk","High Risk","Instant Food","Shah Alam 88 Speedmart","Shah Alam","Selangor"
1653,"C1653","Aisyah binti Yusof","N","Non-Member",,,"2025-10-11",262,16,492.02,0,492.02,492.02,30.75,1,5,4,"At Risk","High Risk","Dairy Products","Johor Bahru 88 Speedmart","Johor Bahru","Johor"
1654,"C1654","Ho Boon Hui","N","Non-Member",,,"2026-05-01",60,5,247.7,0,247.7,247.7,49.54,4,2,3,"Potential Loyal","Low Risk","Instant Food","Melaka 88 Speedmart","Melaka","Melaka"
1655,"C1655","Lee Pei Shan","N","VIP Member","2022-10-25",1344,"2025-07-11",354,9,497.91,0,497.91,497.91,55.32,1,3,4,"At Risk","High Risk","Rice and Grains","Ipoh 88 Speedmart","Ipoh","Perak"
1656,"C1656","Khalid bin Fauzi","N","Non-Member",,,"2025-05-04",422,5,55.3,0,55.3,55.3,11.06,1,2,1,"Hibernating","Churned","Cooking Essentials","Petaling Jaya 88 Speedmart","Petaling Jaya","Selangor"
1657,"C1657","Siti binti Yusof","N","Normal Member","2023-02-11",1235,"2025-07-24",341,6,204.38,0,204.38,204.38,34.06,1,3,3,"At Risk","High Risk","Personal Care","Melaka 88 Speedmart","Melaka","Melaka"
1658,"C1658","Luqman bin Mahmud","N","Normal Member","2024-07-02",728,"2025-09-04",299,4,283.59,0,283.59,283.59,70.9,1,2,3,"Lost","High Risk","Rice and Grains","Shah Alam 88 Speedmart","Shah Alam","Selangor"
1659,"C1659","Ng Wei Lun","N","Normal Member","2024-04-07",814,"2026-02-19",131,30,763.82,0,763.82,763.82,25.46,2,5,5,"At Risk","Medium Risk","Instant Food","Klang 88 Speedmart","Klang","Selangor"
1660,"C1660","Mardhiah binti Kamal","N","Normal Member","2024-01-31",881,"2025-03-13",474,12,357.04,0,357.04,357.04,29.75,1,4,4,"At Risk","Churned","Dairy Products","Klang 88 Speedmart","Klang","Selangor"
1661,"C1661","Siti binti Basri","N","Non-Member",,,"2026-05-09",52,24,872.68,0,872.68,872.68,36.36,4,5,5,"Champions","Low Risk","Rice and Grains","George Town 88 Speedmart","George Town","Penang"
1662,"C1662","Jannah binti Hassan","N","Normal Member","2023-10-15",989,"2026-01-25",156,7,220.85,0,220.85,220.85,31.55,2,3,3,"At Risk","Medium Risk","Canned and Packaged Food","Ipoh 88 Speedmart","Ipoh","Perak"
1663,"C1663","Akmal bin Abdullah","N","Non-Member",,,"2026-03-15",107,4,256.79,0,256.79,256.79,64.2,2,2,3,"At Risk","Medium Risk","Rice and Grains","Kota Kinabalu 88 Speedmart","Kota Kinabalu","Sabah"
1664,"C1664","Hakim bin Hassan","N","Normal Member","2023-11-05",968,"2026-01-31",150,6,115.46,0,115.46,115.46,19.24,2,3,2,"At Risk","Medium Risk","Canned and Packaged Food","Ipoh 88 Speedmart","Ipoh","Perak"
1665,"C1665","Imran bin Fauzi","N","VIP Member","2023-12-25",918,"2026-02-22",128,5,345.35,0,345.35,345.35,69.07,2,2,3,"At Risk","Medium Risk","Imported Goods","Kota Kinabalu 88 Speedmart","Kota Kinabalu","Sabah"
1666,"C1666","Intan binti Mahmud","N","VIP Member","2024-06-22",738,"2026-05-12",49,10,273.66,0,273.66,273.66,27.37,4,4,3,"Loyal Customers","Low Risk","Cooking Essentials","Ipoh 88 Speedmart","Ipoh","Perak"
1667,"C1667","Zara binti Fauzi","N","VIP Member","2024-06-17",743,"2026-04-26",65,8,323.99,0,323.99,323.99,40.5,3,3,3,"Need Attention","Low Risk","Cooking Essentials","Petaling Jaya 88 Speedmart","Petaling Jaya","Selangor"
1668,"C1668","Arif bin Kamal","N","VIP Member","2024-04-21",800,"2024-11-25",582,8,315.28,0,315.28,315.28,39.41,1,3,3,"At Risk","Churned","Baby Products","Klang 88 Speedmart","Klang","Selangor"
1669,"C1669","Teoh Hui Min","N","Normal Member","2024-04-09",812,"2026-03-18",104,4,179.18,0,179.18,179.18,44.8,2,2,2,"Hibernating","Medium Risk","Rice and Grains","Johor Bahru 88 Speedmart","Johor Bahru","Johor"
1670,"C1670","Devi a/p Letchumy","N","Normal Member","2022-10-02",1367,"2024-12-10",567,5,197.84,0,197.84,197.84,39.57,1,2,2,"Hibernating","Churned","Canned and Packaged Food","Seremban 88 Speedmart","Seremban","Negeri Sembilan"
1671,"C1671","Mardhiah binti Hassan","N","Non-Member",,,"2024-10-13",625,5,429.91,0,429.91,429.91,85.98,1,2,4,"Lost","Churned","Rice and Grains","George Town 88 Speedmart","George Town","Penang"
1672,"C1672","Akmal bin Kamal","N","Normal Member","2022-12-20",1288,"2025-01-26",520,13,455.27,3.83,451.44,451.44,34.73,1,4,4,"At Risk","Churned","Canned and Packaged Food","Ampang 88 Speedmart","Ampang","Selangor"
1673,"C1673","Adilah binti Mahmud","N","VIP Member","2023-08-19",1046,"2026-02-01",149,7,484.95,0,484.95,484.95,69.28,2,3,4,"At Risk","Medium Risk","Alcoholic Beverages","Petaling Jaya 88 Speedmart","Petaling Jaya","Selangor"
1674,"C1674","Chong Zhi Hao","N","Non-Member",,,"2025-09-20",283,5,110.57,0,110.57,110.57,22.11,1,2,2,"Hibernating","High Risk","Frozen Food","Klang 88 Speedmart","Klang","Selangor"
1675,"C1675","Hakim bin Razak","N","Non-Member",,,"2024-05-15",776,3,108.63,0,108.63,108.63,36.21,1,2,2,"Hibernating","Churned","Canned and Packaged Food","George Town 88 Speedmart","George Town","Penang"
1676,"C1676","Low Mei Ling","N","Normal Member","2023-08-03",1062,"2026-04-23",68,11,374.3,1.35,372.95,372.95,33.9,3,4,4,"Loyal Customers","Low Risk","Rice and Grains","George Town 88 Speedmart","George Town","Penang"
1677,"C1677","Sabrina binti Daud","N","VIP Member","2023-02-07",1239,"2025-08-31",303,5,89.99,2.4,87.59,87.59,17.52,1,2,1,"Hibernating","High Risk","Cooking Essentials","Klang 88 Speedmart","Klang","Selangor"
1678,"C1678","Ahmad bin Azman","N","Normal Member","2023-06-16",1110,"2024-11-15",592,5,184.59,0,184.59,184.59,36.92,1,2,2,"Hibernating","Churned","Beverages","Shah Alam 88 Speedmart","Shah Alam","Selangor"
1679,"C1679","Ho Chee Keong","N","Normal Member","2024-08-25",674,"2025-12-18",194,11,455.4,0,455.4,455.4,41.4,1,4,4,"At Risk","High Risk","Canned and Packaged Food","Cheras 88 Speedmart","Cheras","Kuala Lumpur"
1680,"C1680","Marcus a/l Vijayan","N","VIP Member","2023-11-04",969,"2025-08-25",309,6,105.12,4.53,100.59,100.59,16.77,1,3,2,"At Risk","High Risk","Dairy Products","Shah Alam 88 Speedmart","Shah Alam","Selangor"
1681,"C1681","Meera a/p Letchumy","N","Normal Member","2024-06-21",739,"2026-04-05",86,3,72.07,0,72.07,72.07,24.02,3,2,1,"Need Attention","Low Risk","Instant Food","Petaling Jaya 88 Speedmart","Petaling Jaya","Selangor"
1682,"C1682","Lee Kar Yee","N","Non-Member",,,"2025-06-19",376,7,211.71,1.75,209.96,209.96,29.99,1,3,3,"At Risk","Churned","Stationery and Daily Needs","Ampang 88 Speedmart","Ampang","Selangor"
1683,"C1683","Akmal bin Yusof","N","Non-Member",,,"2026-01-23",158,7,182.57,0,182.57,182.57,26.08,2,3,2,"At Risk","Medium Risk","Snacks and Confectionery","Seremban 88 Speedmart","Seremban","Negeri Sembilan"
1684,"C1684","Victor a/l Murugan","N","VIP Member","2024-05-08",783,"2024-02-28",853,7,238.25,0,238.25,238.25,34.04,1,3,3,"At Risk","Churned","Instant Food","Johor Bahru 88 Speedmart","Johor Bahru","Johor"
1685,"C1685","Chew Mei Ling","N","Normal Member","2024-01-14",898,"2024-04-15",806,3,93.77,0,93.77,93.77,31.26,1,2,2,"Hibernating","Churned","Rice and Grains","Kota Kinabalu 88 Speedmart","Kota Kinabalu","Sabah"
1686,"C1686","Felix Jalong","N","Normal Member","2022-11-09",1329,"2025-10-27",246,4,112.72,0,112.72,112.72,28.18,1,2,2,"Hibernating","High Risk","Cooking Essentials","Ipoh 88 Speedmart","Ipoh","Perak"
1687,"C1687","Syafiq bin Ahmad","N","Non-Member",,,"2024-03-02",850,6,229.89,2.49,227.4,227.4,37.9,1,3,3,"At Risk","Churned","Frozen Food","Ampang 88 Speedmart","Ampang","Selangor"
1688,"C1688","Chia Kai Jie","N","Normal Member","2023-01-13",1264,"2025-01-27",519,4,181.52,0,181.52,181.52,45.38,1,2,2,"Hibernating","Churned","Baby Products","Shah Alam 88 Speedmart","Shah Alam","Selangor"
1689,"C1689","Nabilah binti Razak","N","Normal Member","2024-04-22",799,"2026-02-10",140,6,348.26,0,348.26,348.26,58.04,2,3,3,"At Risk","Medium Risk","Canned and Packaged Food","Petaling Jaya 88 Speedmart","Petaling Jaya","Selangor"
1690,"C1690","Low Zhi Qing","N","Normal Member","2023-10-18",986,"2026-05-02",59,6,156.09,0,156.09,156.09,26.02,4,3,2,"Potential Loyal","Low Risk","Canned and Packaged Food","Shah Alam 88 Speedmart","Shah Alam","Selangor"
1691,"C1691","Ivan Giman","N","VIP Member","2024-02-01",880,"2026-04-05",86,3,79.64,0,79.64,79.64,26.55,3,2,1,"Need Attention","Low Risk","Instant Food","Seremban 88 Speedmart","Seremban","Negeri Sembilan"
1692,"C1692","Mardhiah binti Daud","N","Normal Member","2022-10-29",1340,"2026-05-29",32,15,446.52,0,446.52,446.52,29.77,4,5,4,"Champions","Low Risk","Cooking Essentials","Kota Kinabalu 88 Speedmart","Kota Kinabalu","Sabah"
1693,"C1693","Amir bin Ahmad","N","Normal Member","2023-07-10",1086,"2026-06-17",13,7,321.23,0,321.23,321.23,45.89,5,3,3,"Potential Loyal","Low Risk","Canned and Packaged Food","Kota Kinabalu 88 Speedmart","Kota Kinabalu","Sabah"
1694,"C1694","Fatin binti Hamid","N","Normal Member","2024-09-27",641,"2026-04-16",75,14,590.99,0,590.99,590.99,42.21,3,4,5,"Loyal Customers","Low Risk","Rice and Grains","George Town 88 Speedmart","George Town","Penang"
1695,"C1695","Zahir bin Omar","N","Normal Member","2024-05-27",764,"2024-05-05",786,7,301.66,3.63,298.03,298.03,42.58,1,3,3,"At Risk","Churned","Rice and Grains","Klang 88 Speedmart","Klang","Selangor"
1696,"C1696","Jannah binti Daud","N","Normal Member","2023-10-01",1003,"2024-09-02",666,6,107.96,0,107.96,107.96,17.99,1,3,2,"At Risk","Churned","Beverages","Ipoh 88 Speedmart","Ipoh","Perak"
1697,"C1697","Hafiz bin Hassan","N","Normal Member","2024-04-11",810,"2023-09-23",1011,10,159.79,0,159.79,159.79,15.98,1,4,2,"At Risk","Churned","Cooking Essentials","Klang 88 Speedmart","Klang","Selangor"
1698,"C1698","Ong Yi Wen","N","Normal Member","2023-04-22",1165,"2025-01-01",545,5,141.6,2.79,138.81,138.81,27.76,1,2,2,"Hibernating","Churned","Beverages","Petaling Jaya 88 Speedmart","Petaling Jaya","Selangor"
1699,"C1699","Sonia a/p Saraswathy","N","Normal Member","2023-12-21",922,"2026-06-27",3,8,320.37,0,320.37,320.37,40.05,5,3,3,"Potential Loyal","Low Risk","Rice and Grains","Melaka 88 Speedmart","Melaka","Melaka"
1700,"C1700","Qistina binti Kamal","N","VIP Member","2023-01-13",1264,"2025-12-04",208,11,481.02,0,481.02,481.02,43.73,1,4,4,"At Risk","High Risk","Dairy Products","George Town 88 Speedmart","George Town","Penang"
1701,"C1701","Ananya a/p Maniam","N","Normal Member","2024-06-28",732,"2026-03-28",94,19,667.47,1.42,666.05,666.05,35.06,2,5,5,"At Risk","Medium Risk","Rice and Grains","Melaka 88 Speedmart","Melaka","Melaka"
1702,"C1702","Ahmad bin Ahmad","N","Non-Member",,,"2026-03-24",98,8,277.29,1.61,275.68,275.68,34.46,2,3,3,"At Risk","Medium Risk","Rice and Grains","Shah Alam 88 Speedmart","Shah Alam","Selangor"
1703,"C1703","Syahirah binti Omar","N","Normal Member","2023-12-06",937,"2025-09-05",298,8,307.02,0,307.02,307.02,38.38,1,3,3,"At Risk","High Risk","Baby Products","Shah Alam 88 Speedmart","Shah Alam","Selangor"
1704,"C1704","Aisyah binti Mahmud","N","VIP Member","2023-01-21",1256,"2026-01-17",164,32,930.38,0,930.38,930.38,29.07,2,5,5,"At Risk","Medium Risk","Cooking Essentials","Kuching 88 Speedmart","Kuching","Sarawak"
1705,"C1705","Faris bin Basri","N","VIP Member","2022-12-24",1284,"2025-06-12",383,2,96.88,0,96.88,96.88,48.44,1,1,2,"Hibernating","Churned","Imported Goods","Ipoh 88 Speedmart","Ipoh","Perak"
1706,"C1706","Marcus a/l Tharmalingam","N","Normal Member","2023-02-10",1236,"2025-12-18",194,6,394.73,0,394.73,394.73,65.79,1,3,4,"At Risk","High Risk","Baby Products","George Town 88 Speedmart","George Town","Penang"
1707,"C1707","Yeoh Jia Wei","N","Normal Member","2023-10-04",1000,"2026-01-09",172,15,425.65,0,425.65,425.65,28.38,2,5,4,"At Risk","Medium Risk","Dairy Products","Petaling Jaya 88 Speedmart","Petaling Jaya","Selangor"
1708,"C1708","Lim Kai Jie","N","Normal Member","2024-08-14",685,"2025-09-06",297,4,142.31,0,142.31,142.31,35.58,1,2,2,"Hibernating","High Risk","Instant Food","Johor Bahru 88 Speedmart","Johor Bahru","Johor"
1709,"C1709","Ho Li Xuan","N","Normal Member","2024-01-06",906,"2025-12-18",194,5,173.35,0,173.35,173.35,34.67,1,2,2,"Hibernating","High Risk","Stationery and Daily Needs","Cheras 88 Speedmart","Cheras","Kuala Lumpur"
1710,"C1710","Sonia a/p Devi","N","Normal Member","2024-03-19",833,"2025-12-05",207,3,137.34,0,137.34,137.34,45.78,1,2,2,"Hibernating","High Risk","Imported Goods","Cheras 88 Speedmart","Cheras","Kuala Lumpur"
1711,"C1711","Chew Shu Fen","N","Non-Member",,,"2026-01-27",154,14,552.31,0,552.31,552.31,39.45,2,4,4,"At Risk","Medium Risk","Frozen Food","Melaka 88 Speedmart","Melaka","Melaka"
1712,"C1712","Sabrina binti Razak","N","Normal Member","2024-04-19",802,"2026-02-24",126,6,241.48,0,241.48,241.48,40.25,2,3,3,"At Risk","Medium Risk","Beverages","George Town 88 Speedmart","George Town","Penang"
1713,"C1713","Joanne a/p Anand","N","Normal Member","2024-04-11",810,"2026-03-18",104,10,278.8,1.75,277.05,277.05,27.71,2,4,3,"At Risk","Medium Risk","Dairy Products","Klang 88 Speedmart","Klang","Selangor"
1714,"C1714","Maisarah binti Daud","N","Normal Member","2024-08-08",691,"2024-11-30",577,2,66.06,0,66.06,66.06,33.03,1,1,1,"Hibernating","Churned","Organic Foods","Ipoh 88 Speedmart","Ipoh","Perak"
1715,"C1715","Chow Zhi Hao","N","Normal Member","2023-10-02",1002,"2025-12-26",186,5,105.06,0,105.06,105.06,21.01,1,2,2,"Hibernating","High Risk","Cooking Essentials","George Town 88 Speedmart","George Town","Penang"
1716,"C1716","Adilah binti Basri","N","Normal Member","2024-03-14",838,"2025-01-23",523,4,113.47,0,113.47,113.47,28.37,1,2,2,"Hibernating","Churned","Organic Foods","Seremban 88 Speedmart","Seremban","Negeri Sembilan"
1717,"C1717","Chia Ai Ling","N","Non-Member",,,"2025-08-22",312,7,238.95,0,238.95,238.95,34.14,1,3,3,"At Risk","High Risk","Dairy Products","Johor Bahru 88 Speedmart","Johor Bahru","Johor"
1718,"C1718","Imran bin Hassan","N","Normal Member","2023-11-28",945,"2025-05-11",415,4,127.46,0,127.46,127.46,31.87,1,2,2,"Hibernating","Churned","Cooking Essentials","Ipoh 88 Speedmart","Ipoh","Perak"
1719,"C1719","Sanjay a/l Suresh","N","Normal Member","2024-01-10",902,,,0,0,0,0,0,,0,0,0,"Prospect","Prospect",,,,
1720,"C1720","Zara binti Kamal","N","Normal Member","2023-02-18",1228,"2025-05-07",419,30,1102.23,8.18,1094.05,1094.05,36.47,1,5,5,"At Risk","Churned","Instant Food","Ipoh 88 Speedmart","Ipoh","Perak"
1721,"C1721","Kevin a/l Saminathan","N","Non-Member",,,"2026-02-11",139,3,113.9,0,113.9,113.9,37.97,2,2,2,"Hibernating","Medium Risk","Frozen Food","Klang 88 Speedmart","Klang","Selangor"
1722,"C1722","Intan binti Yusof","N","Normal Member","2023-05-04",1153,"2026-03-25",97,6,279.35,0,279.35,279.35,46.56,2,3,3,"At Risk","Medium Risk","Beverages","Klang 88 Speedmart","Klang","Selangor"
1723,"C1723","Ravi a/l Anand","N","Non-Member",,,"2024-11-13",594,5,90.42,1.37,89.05,89.05,17.81,1,2,2,"Hibernating","Churned","Cooking Essentials","Cheras 88 Speedmart","Cheras","Kuala Lumpur"
1724,"C1724","Farhan bin Salleh","N","Non-Member",,,"2025-04-18",438,1,7.27,0,7.27,7.27,7.27,1,1,1,"Hibernating","Churned","Instant Food","Ipoh 88 Speedmart","Ipoh","Perak"
1725,"C1725","Faris bin Ishak","N","Normal Member","2022-12-29",1279,"2026-05-25",36,8,531.74,0,531.74,531.74,66.47,4,3,4,"Potential Loyal","Low Risk","Frozen Food","Kota Kinabalu 88 Speedmart","Kota Kinabalu","Sabah"
1726,"C1726","Aisyah binti Nasir","N","Non-Member",,,"2025-07-13",352,8,479.57,0,479.57,479.57,59.95,1,3,4,"At Risk","High Risk","Baby Products","George Town 88 Speedmart","George Town","Penang"
1727,"C1727","Fatin binti Azman","N","Normal Member","2024-03-04",848,"2024-06-17",743,8,244.3,0,244.3,244.3,30.54,1,3,3,"At Risk","Churned","Baby Products","George Town 88 Speedmart","George Town","Penang"
1728,"C1728","Qistina binti Ahmad","N","Normal Member","2024-08-09",690,"2025-04-22",434,13,349.77,2.76,347.01,347.01,26.69,1,4,3,"At Risk","Churned","Beverages","Ipoh 88 Speedmart","Ipoh","Perak"
1729,"C1729","Chow Mei Qi","N","VIP Member","2024-01-07",905,"2025-06-01",394,2,48.43,0,48.43,48.43,24.22,1,1,1,"Hibernating","Churned","Snacks and Confectionery","Seremban 88 Speedmart","Seremban","Negeri Sembilan"
1730,"C1730","Ho Hong Sheng","N","Non-Member",,,"2025-10-11",262,9,244.92,0,244.92,244.92,27.21,1,3,3,"At Risk","High Risk","Canned and Packaged Food","Ampang 88 Speedmart","Ampang","Selangor"
1731,"C1731","Tan Jia Wei","N","Normal Member","2024-07-11",719,"2026-06-20",10,1,14.83,0,14.83,14.83,14.83,5,1,1,"New Customers","Low Risk","Personal Care","George Town 88 Speedmart","George Town","Penang"
1732,"C1732","Maisarah binti Ishak","N","Non-Member",,,"2025-11-03",239,3,104.3,6.79,97.51,97.51,32.5,1,2,2,"Hibernating","High Risk","Personal Care","Ipoh 88 Speedmart","Ipoh","Perak"
1733,"C1733","Zara binti Jamal","N","Non-Member",,,"2026-01-25",156,5,212.37,3.38,208.99,208.99,41.8,2,2,3,"At Risk","Medium Risk","Frozen Food","Cheras 88 Speedmart","Cheras","Kuala Lumpur"
1734,"C1734","Tan Jia En","N","Normal Member","2023-01-08",1269,"2025-12-13",199,4,127.46,0,127.46,127.46,31.87,1,2,2,"Hibernating","High Risk","Household Cleaning","Seremban 88 Speedmart","Seremban","Negeri Sembilan"
1735,"C1735","Mardhiah binti Ishak","N","Normal Member","2024-04-26",795,"2026-01-31",150,9,567.73,0,567.73,567.73,63.08,2,3,4,"At Risk","Medium Risk","Canned and Packaged Food","Petaling Jaya 88 Speedmart","Petaling Jaya","Selangor"
1736,"C1736","Khadijah binti Hassan","N","Normal Member","2023-07-26",1070,"2026-02-27",123,3,133.83,0,133.83,133.83,44.61,2,2,2,"Hibernating","Medium Risk","Imported Goods","Petaling Jaya 88 Speedmart","Petaling Jaya","Selangor"
1737,"C1737","Chan Siew Chin","N","Normal Member","2024-04-18",803,"2026-05-14",47,13,633.4,4.51,628.89,628.89,48.38,4,4,5,"Champions","Low Risk","Instant Food","Seremban 88 Speedmart","Seremban","Negeri Sembilan"
1738,"C1738","Lee Jia En","N","Non-Member",,,"2025-12-27",185,12,325.14,0,325.14,325.14,27.1,1,4,3,"At Risk","High Risk","Rice and Grains","Shah Alam 88 Speedmart","Shah Alam","Selangor"
1739,"C1739","Nurul binti Zainal","N","Normal Member","2024-07-31",699,"2026-03-13",109,4,119.7,0,119.7,119.7,29.93,2,2,2,"Hibernating","Medium Risk","Rice and Grains","Klang 88 Speedmart","Klang","Selangor"
1740,"C1740","Hafiz bin Mahmud","N","Non-Member",,,"2026-03-21",101,13,602.84,0,602.84,602.84,46.37,2,4,5,"At Risk","Medium Risk","Canned and Packaged Food","Ipoh 88 Speedmart","Ipoh","Perak"
1741,"C1741","Irfan bin Ishak","N","Normal Member","2023-01-04",1273,"2026-06-26",4,7,189.27,0,189.27,189.27,27.04,5,3,2,"Potential Loyal","Low Risk","Canned and Packaged Food","Kota Kinabalu 88 Speedmart","Kota Kinabalu","Sabah"
1742,"C1742","Fong Wei Lun","N","Normal Member","2023-10-04",1000,"2026-05-11",50,23,909.62,0,909.62,909.62,39.55,4,5,5,"Champions","Low Risk","Rice and Grains","Seremban 88 Speedmart","Seremban","Negeri Sembilan"
1743,"C1743","Goh Siew Chin","N","Normal Member","2024-05-02",789,"2024-10-13",625,4,87.48,0,87.48,87.48,21.87,1,2,1,"Hibernating","Churned","Cooking Essentials","George Town 88 Speedmart","George Town","Penang"
1744,"C1744","Maisarah binti Ishak","N","Normal Member","2024-03-11",841,"2026-02-21",129,3,55.09,0,55.09,55.09,18.36,2,2,1,"Hibernating","Medium Risk","Frozen Food","Kota Kinabalu 88 Speedmart","Kota Kinabalu","Sabah"
1745,"C1745","Nabilah binti Fauzi","N","Non-Member",,,"2025-01-19",527,6,299.82,0,299.82,299.82,49.97,1,3,3,"At Risk","Churned","Baby Products","Petaling Jaya 88 Speedmart","Petaling Jaya","Selangor"
1746,"C1746","Koh Kai Xin","N","Non-Member",,,"2024-09-02",666,12,256.84,3.21,253.63,253.63,21.14,1,4,3,"At Risk","Churned","Cooking Essentials","Petaling Jaya 88 Speedmart","Petaling Jaya","Selangor"
1747,"C1747","Kaur a/p Murugan","N","VIP Member","2023-08-14",1051,"2026-02-10",140,7,342.75,0,342.75,342.75,48.96,2,3,3,"At Risk","Medium Risk","Dairy Products","Petaling Jaya 88 Speedmart","Petaling Jaya","Selangor"
1748,"C1748","Hana binti Kamal","N","Normal Member","2023-02-07",1239,"2025-06-04",391,6,317.71,0,317.71,317.71,52.95,1,3,3,"At Risk","Churned","Beverages","Ampang 88 Speedmart","Ampang","Selangor"
1749,"C1749","Jannah binti Ibrahim","N","Normal Member","2023-02-19",1227,"2026-02-06",144,3,94.27,0,94.27,94.27,31.42,2,2,2,"Hibernating","Medium Risk","Personal Care","Cheras 88 Speedmart","Cheras","Kuala Lumpur"
1750,"C1750","Aiman bin Omar","N","Non-Member",,,"2025-11-11",231,14,868.87,0,868.87,868.87,62.06,1,4,5,"At Risk","High Risk","Rice and Grains","Cheras 88 Speedmart","Cheras","Kuala Lumpur"
1751,"C1751","Farhan bin Hamid","N","Normal Member","2023-08-26",1039,"2026-01-22",159,18,746.58,2.84,743.74,743.74,41.32,2,5,5,"At Risk","Medium Risk","Baby Products","Johor Bahru 88 Speedmart","Johor Bahru","Johor"
1752,"C1752","Jannah binti Zainal","N","VIP Member","2023-12-07",936,"2025-12-19",193,6,128.28,0,128.28,128.28,21.38,1,3,2,"At Risk","High Risk","Cooking Essentials","Cheras 88 Speedmart","Cheras","Kuala Lumpur"
1753,"C1753","Farhan bin Razak","N","Normal Member","2024-05-18",773,"2026-01-21",160,9,322.14,0,322.14,322.14,35.79,2,4,3,"At Risk","Medium Risk","Canned and Packaged Food","Ampang 88 Speedmart","Ampang","Selangor"
1754,"C1754","Fong Siew Hong","N","Non-Member",,,"2026-05-16",45,7,225.34,0,225.34,225.34,32.19,4,3,3,"Potential Loyal","Low Risk","Frozen Food","Melaka 88 Speedmart","Melaka","Melaka"
1755,"C1755","Fatin binti Hassan","N","Normal Member","2023-05-27",1130,"2026-02-08",142,4,197.34,0,197.34,197.34,49.34,2,2,2,"Hibernating","Medium Risk","Cooking Essentials","Shah Alam 88 Speedmart","Shah Alam","Selangor"
1756,"C1756","Faris bin Ibrahim","N","Normal Member","2024-04-22",799,"2025-10-14",259,3,29.82,0,29.82,29.82,9.94,1,2,1,"Hibernating","High Risk","Cooking Essentials","Ampang 88 Speedmart","Ampang","Selangor"
1757,"C1757","Dev a/l Raj","N","Non-Member",,,"2026-03-31",91,5,127.11,0,127.11,127.11,25.42,2,2,2,"Hibernating","Medium Risk","Instant Food","Shah Alam 88 Speedmart","Shah Alam","Selangor"
1758,"C1758","Qistina binti Zainal","N","Non-Member",,,"2025-04-19",437,12,430.75,7.28,423.47,423.47,35.29,1,4,4,"At Risk","Churned","Rice and Grains","Seremban 88 Speedmart","Seremban","Negeri Sembilan"
1759,"C1759","Luqman bin Kamal","N","Non-Member",,,"2025-04-09",447,6,298.4,0,298.4,298.4,49.73,1,3,3,"At Risk","Churned","Cooking Essentials","Cheras 88 Speedmart","Cheras","Kuala Lumpur"
1760,"C1760","Ong Siew Chin","N","VIP Member","2023-02-23",1223,"2022-11-20",1318,1,32.03,0,32.03,32.03,32.03,1,1,1,"Hibernating","Churned","Rice and Grains","Cheras 88 Speedmart","Cheras","Kuala Lumpur"
1761,"C1761","Mardhiah binti Razak","N","Non-Member",,,"2024-05-23",768,5,145.37,0,145.37,145.37,29.07,1,2,2,"Hibernating","Churned","Frozen Food","George Town 88 Speedmart","George Town","Penang"
1762,"C1762","Lim Jia En","N","Normal Member","2023-10-13",991,"2024-12-31",546,18,540,0,540,540,30,1,5,4,"At Risk","Churned","Instant Food","Cheras 88 Speedmart","Cheras","Kuala Lumpur"
1763,"C1763","Rafiq bin Omar","N","Normal Member","2023-08-10",1055,"2025-07-15",350,2,83.82,0,83.82,83.82,41.91,1,1,1,"Hibernating","High Risk","Dairy Products","Kota Kinabalu 88 Speedmart","Kota Kinabalu","Sabah"
1764,"C1764","Qistina binti Yusof","N","Non-Member",,,"2024-08-27",672,9,357.71,0,357.71,357.71,39.75,1,4,4,"At Risk","Churned","Canned and Packaged Food","Johor Bahru 88 Speedmart","Johor Bahru","Johor"
1765,"C1765","Qistina binti Jamal","N","Normal Member","2023-07-13",1083,"2026-02-04",146,5,131.76,0,131.76,131.76,26.35,2,2,2,"Hibernating","Medium Risk","Frozen Food","Cheras 88 Speedmart","Cheras","Kuala Lumpur"
1766,"C1766","Raymond a/l Krishnan","N","Non-Member",,,"2025-12-10",202,8,203.71,8.68,195.03,195.03,24.38,1,3,2,"At Risk","High Risk","Canned and Packaged Food","Klang 88 Speedmart","Klang","Selangor"
1767,"C1767","Chew Yi Chen","N","Non-Member",,,"2025-10-23",250,20,683.8,1.41,682.39,682.39,34.12,1,5,5,"At Risk","High Risk","Baby Products","Johor Bahru 88 Speedmart","Johor Bahru","Johor"
1768,"C1768","Khalid bin Fauzi","N","VIP Member","2024-08-22",677,"2025-04-04",452,4,76.37,0,76.37,76.37,19.09,1,2,1,"Hibernating","Churned","Rice and Grains","Seremban 88 Speedmart","Seremban","Negeri Sembilan"
1769,"C1769","Chia Pei Shan","N","Normal Member","2023-12-28",915,"2025-07-11",354,9,417.1,0,417.1,417.1,46.34,1,4,4,"At Risk","High Risk","Canned and Packaged Food","George Town 88 Speedmart","George Town","Penang"
1770,"C1770","Darren a/l Saminathan","N","Normal Member","2024-07-19",711,"2026-02-16",134,11,487.77,0,487.77,487.77,44.34,2,4,4,"At Risk","Medium Risk","Dairy Products","Cheras 88 Speedmart","Cheras","Kuala Lumpur"
1771,"C1771","Qistina binti Yusof","N","Normal Member","2024-11-14",593,"2024-07-08",722,6,215.45,0,215.45,215.45,35.91,1,3,3,"At Risk","Churned","Rice and Grains","Seremban 88 Speedmart","Seremban","Negeri Sembilan"
1772,"C1772","Chong Xin Yi","N","Normal Member","2024-04-14",807,"2025-10-20",253,5,143.85,0,143.85,143.85,28.77,1,2,2,"Hibernating","High Risk","Personal Care","Klang 88 Speedmart","Klang","Selangor"
1773,"C1773","Syafiq bin Azman","N","Normal Member","2024-11-01",606,"2026-04-23",68,29,1377.39,9.14,1368.25,1368.25,47.18,3,5,5,"Loyal Customers","Low Risk","Instant Food","Kota Kinabalu 88 Speedmart","Kota Kinabalu","Sabah"
1774,"C1774","Liyana binti Zainal","N","Non-Member",,,"2025-12-22",190,18,567.3,0,567.3,567.3,31.52,1,5,4,"At Risk","High Risk","Canned and Packaged Food","Johor Bahru 88 Speedmart","Johor Bahru","Johor"
1775,"C1775","Chia Xin Yi","N","Normal Member","2024-04-29",792,"2025-11-12",230,4,103.25,0,103.25,103.25,25.81,1,2,2,"Hibernating","High Risk","Frozen Food","Ipoh 88 Speedmart","Ipoh","Perak"
1776,"C1776","Ng Siew Chin","N","Normal Member","2023-08-30",1035,"2025-03-12",475,25,1217.11,1.87,1215.24,1215.24,48.61,1,5,5,"At Risk","Churned","Beverages","Klang 88 Speedmart","Klang","Selangor"
1777,"C1777","Yeoh Zhi Hao","N","Non-Member",,,"2025-12-21",191,6,157.31,0,157.31,157.31,26.22,1,3,2,"At Risk","High Risk","Beverages","Seremban 88 Speedmart","Seremban","Negeri Sembilan"
1778,"C1778","Mardhiah binti Salleh","N","VIP Member","2024-02-12",869,"2025-02-14",501,5,249.08,0,249.08,249.08,49.82,1,2,3,"Lost","Churned","Cooking Essentials","Kota Kinabalu 88 Speedmart","Kota Kinabalu","Sabah"
1779,"C1779","Imran bin Ismail","N","Normal Member","2023-06-20",1106,,,0,0,0,0,0,,0,0,0,"Prospect","Prospect",,,,
1780,"C1780","Nabil bin Hassan","N","Normal Member","2024-01-24",888,"2025-08-19",315,3,65.48,0,65.48,65.48,21.83,1,2,1,"Hibernating","High Risk","Stationery and Daily Needs","Shah Alam 88 Speedmart","Shah Alam","Selangor"
1781,"C1781","Chow Wai Keong","N","VIP Member","2024-10-05",633,"2025-03-30",457,7,245.89,1.71,244.18,244.18,34.88,1,3,3,"At Risk","Churned","Frozen Food","Ampang 88 Speedmart","Ampang","Selangor"
1782,"C1782","Fatin binti Jamal","N","Normal Member","2024-06-26",734,"2024-12-23",554,6,321.16,0,321.16,321.16,53.53,1,3,3,"At Risk","Churned","Dairy Products","George Town 88 Speedmart","George Town","Penang"
1783,"C1783","Mardhiah binti Basri","N","Non-Member",,,"2025-06-15",380,3,153.68,8.65,145.03,145.03,48.34,1,2,2,"Hibernating","Churned","Instant Food","Kuching 88 Speedmart","Kuching","Sarawak"
1784,"C1784","Faris bin Razak","N","VIP Member","2023-11-14",959,"2025-06-08",387,7,186.47,0,186.47,186.47,26.64,1,3,2,"At Risk","Churned","Rice and Grains","Johor Bahru 88 Speedmart","Johor Bahru","Johor"
1785,"C1785","Kevin a/l Raj","N","Normal Member","2023-06-15",1111,"2025-12-02",210,5,135.02,0,135.02,135.02,27,1,2,2,"Hibernating","High Risk","Alcoholic Beverages","Petaling Jaya 88 Speedmart","Petaling Jaya","Selangor"
1786,"C1786","Hakim bin Kamal","N","Normal Member","2023-11-05",968,"2025-12-24",188,15,388.27,0,388.27,388.27,25.88,1,5,4,"At Risk","High Risk","Rice and Grains","Seremban 88 Speedmart","Seremban","Negeri Sembilan"
1787,"C1787","Maisarah binti Kamal","N","Non-Member",,,"2025-05-03",423,8,198.28,0,198.28,198.28,24.79,1,3,2,"At Risk","Churned","Instant Food","George Town 88 Speedmart","George Town","Penang"
1788,"C1788","Low Ming Jie","N","Normal Member","2023-12-19",924,"2026-03-15",107,13,410.25,0,410.25,410.25,31.56,2,4,4,"At Risk","Medium Risk","Frozen Food","Cheras 88 Speedmart","Cheras","Kuala Lumpur"
1789,"C1789","Maisarah binti Nasir","N","VIP Member","2023-01-15",1262,"2025-05-12",414,7,359.98,0,359.98,359.98,51.43,1,3,4,"At Risk","Churned","Canned and Packaged Food","Kota Kinabalu 88 Speedmart","Kota Kinabalu","Sabah"
1790,"C1790","Chow Hui Min","N","Non-Member",,,"2026-04-02",89,6,331.42,0,331.42,331.42,55.24,3,3,3,"Need Attention","Low Risk","Baby Products","Ampang 88 Speedmart","Ampang","Selangor"
1791,"C1791","Aqilah binti Ishak","N","Normal Member","2024-03-12",840,"2025-01-28",518,7,371.17,0,371.17,371.17,53.02,1,3,4,"At Risk","Churned","Baby Products","Ipoh 88 Speedmart","Ipoh","Perak"
1792,"C1792","Nadia binti Basri","N","Normal Member","2024-05-11",780,"2025-01-22",524,17,731.87,0,731.87,731.87,43.05,1,5,5,"At Risk","Churned","Frozen Food","Melaka 88 Speedmart","Melaka","Melaka"
1793,"C1793","Ng Wei Lun","N","VIP Member","2024-04-15",806,"2024-05-12",779,5,140.78,0,140.78,140.78,28.16,1,2,2,"Hibernating","Churned","Personal Care","Johor Bahru 88 Speedmart","Johor Bahru","Johor"
1794,"C1794","Akmal bin Hassan","N","Normal Member","2024-05-12",779,"2026-06-04",26,3,120.85,0,120.85,120.85,40.28,5,2,2,"Potential Loyal","Low Risk","Rice and Grains","Ampang 88 Speedmart","Ampang","Selangor"
1795,"C1795","Arif bin Kamal","N","Non-Member",,,"2025-12-02",210,2,110.68,0,110.68,110.68,55.34,1,1,2,"Hibernating","High Risk","Household Cleaning","Ipoh 88 Speedmart","Ipoh","Perak"
1796,"C1796","Kevin a/l Murugan","N","VIP Member","2023-09-29",1005,"2026-02-20",130,8,190.21,15.24,174.97,174.97,21.87,2,3,2,"At Risk","Medium Risk","Cooking Essentials","Melaka 88 Speedmart","Melaka","Melaka"
1797,"C1797","Muthu a/p Letchumy","N","Normal Member","2023-04-09",1178,"2023-11-06",967,4,143.74,0,143.74,143.74,35.94,1,2,2,"Hibernating","Churned","Alcoholic Beverages","Cheras 88 Speedmart","Cheras","Kuala Lumpur"
1798,"C1798","Kevin a/l Tharmalingam","N","Normal Member","2024-03-31",821,"2026-06-08",22,7,292.71,0,292.71,292.71,41.82,5,3,3,"Potential Loyal","Low Risk","Cooking Essentials","Klang 88 Speedmart","Klang","Selangor"
1799,"C1799","Low Shi Hao","N","Normal Member","2024-07-04",726,"2026-04-03",88,7,213.24,8.91,204.33,204.33,29.19,3,3,3,"Need Attention","Low Risk","Canned and Packaged Food","Cheras 88 Speedmart","Cheras","Kuala Lumpur"
1800,"C1800","Nurul binti Razak","N","Normal Member","2023-08-28",1037,"2026-06-17",13,21,1226.09,0,1226.09,1226.09,58.39,5,5,5,"Champions","Low Risk","Instant Food","Ipoh 88 Speedmart","Ipoh","Perak"
1801,"C1801","Farah binti Jamal","N","Non-Member",,,"2026-01-05",176,4,55.05,0,55.05,55.05,13.76,2,2,1,"Hibernating","Medium Risk","Dairy Products","Kuching 88 Speedmart","Kuching","Sarawak"
1802,"C1802","Teoh Zhi Qing","N","VIP Member","2024-03-04",848,"2024-07-15",715,12,484.62,0,484.62,484.62,40.39,1,4,4,"At Risk","Churned","Dairy Products","Petaling Jaya 88 Speedmart","Petaling Jaya","Selangor"
1803,"C1803","Khalid bin Fauzi","N","Normal Member","2023-03-12",1206,"2024-11-30",577,3,66.93,0,66.93,66.93,22.31,1,2,1,"Hibernating","Churned","Premium Items","Petaling Jaya 88 Speedmart","Petaling Jaya","Selangor"
1804,"C1804","Yeoh Mei Ling","N","VIP Member","2023-09-20",1014,"2026-06-10",20,11,539.29,0,539.29,539.29,49.03,5,4,4,"Champions","Low Risk","Baby Products","Kota Kinabalu 88 Speedmart","Kota Kinabalu","Sabah"
1805,"C1805","Lee Zi Xuan","N","Normal Member","2024-10-02",636,"2026-01-13",168,11,465.12,0,465.12,465.12,42.28,2,4,4,"At Risk","Medium Risk","Cooking Essentials","Kota Kinabalu 88 Speedmart","Kota Kinabalu","Sabah"
1806,"C1806","Luqman bin Hassan","N","Non-Member",,,"2025-04-16",440,6,143.97,0,143.97,143.97,24,1,3,2,"At Risk","Churned","Instant Food","Johor Bahru 88 Speedmart","Johor Bahru","Johor"
1807,"C1807","Kevin Kedit","N","Normal Member","2023-05-21",1136,"2025-12-25",187,17,803.31,0,803.31,803.31,47.25,1,5,5,"At Risk","High Risk","Rice and Grains","George Town 88 Speedmart","George Town","Penang"
1808,"C1808","Imran bin Daud","N","Non-Member",,,"2026-04-18",73,4,70.08,0,70.08,70.08,17.52,3,2,1,"Need Attention","Low Risk","Canned and Packaged Food","Klang 88 Speedmart","Klang","Selangor"
1809,"C1809","Tan Jia Wei","N","VIP Member","2024-04-05",816,"2026-01-06",175,5,85.09,0,85.09,85.09,17.02,2,2,1,"Hibernating","Medium Risk","Cooking Essentials","Melaka 88 Speedmart","Melaka","Melaka"
1810,"C1810","Zahir bin Hassan","N","Non-Member",,,"2026-03-17",105,5,365.44,0,365.44,365.44,73.09,2,2,4,"At Risk","Medium Risk","Rice and Grains","Ipoh 88 Speedmart","Ipoh","Perak"
1811,"C1811","Hana binti Zainal","N","VIP Member","2024-10-27",611,"2025-12-31",181,6,215.34,0,215.34,215.34,35.89,1,3,3,"At Risk","High Risk","Personal Care","Petaling Jaya 88 Speedmart","Petaling Jaya","Selangor"
1812,"C1812","Saraswathy a/p Subramaniam","N","VIP Member","2023-06-09",1117,"2024-10-27",611,7,322.1,0,322.1,322.1,46.01,1,3,3,"At Risk","Churned","Cooking Essentials","Cheras 88 Speedmart","Cheras","Kuala Lumpur"
1813,"C1813","Imran bin Hassan","N","Normal Member","2023-06-21",1105,"2026-05-10",51,16,565.17,0,565.17,565.17,35.32,4,5,4,"Champions","Low Risk","Personal Care","Melaka 88 Speedmart","Melaka","Melaka"
1814,"C1814","Aisyah binti Hamid","N","Normal Member","2023-06-14",1112,"2025-09-20",283,16,607.89,26.05,581.84,581.84,36.37,1,5,5,"At Risk","High Risk","Cooking Essentials","Klang 88 Speedmart","Klang","Selangor"
1815,"C1815","Tan Pei Shan","N","Non-Member",,,"2025-05-14",412,4,114.17,0,114.17,114.17,28.54,1,2,2,"Hibernating","Churned","Rice and Grains","Seremban 88 Speedmart","Seremban","Negeri Sembilan"
1816,"C1816","Imran bin Hassan","N","Normal Member","2024-03-20",832,"2025-11-26",216,6,216.39,0,216.39,216.39,36.07,1,3,3,"At Risk","High Risk","Cooking Essentials","Kota Kinabalu 88 Speedmart","Kota Kinabalu","Sabah"
1817,"C1817","Siti binti Azman","N","Normal Member","2024-04-26",795,"2025-09-25",278,15,350.2,0,350.2,350.2,23.35,1,5,4,"At Risk","High Risk","Beverages","Shah Alam 88 Speedmart","Shah Alam","Selangor"
1818,"C1818","Irfan bin Ismail","N","VIP Member","2023-08-03",1062,"2025-12-08",204,5,124.84,0,124.84,124.84,24.97,1,2,2,"Hibernating","High Risk","Dairy Products","George Town 88 Speedmart","George Town","Penang"
1819,"C1819","Amir bin Nasir","N","Normal Member","2024-04-30",791,"2026-05-16",45,5,210.74,0,210.74,210.74,42.15,4,2,3,"Potential Loyal","Low Risk","Rice and Grains","Kota Kinabalu 88 Speedmart","Kota Kinabalu","Sabah"
1820,"C1820","Qistina binti Ishak","N","Non-Member",,,"2025-08-15",319,4,226.56,0,226.56,226.56,56.64,1,2,3,"Lost","High Risk","Cooking Essentials","Petaling Jaya 88 Speedmart","Petaling Jaya","Selangor"
1821,"C1821","Ong Li Xuan","N","Normal Member","2023-08-05",1060,"2024-08-27",672,4,173.88,0,173.88,173.88,43.47,1,2,2,"Hibernating","Churned","Rice and Grains","Ipoh 88 Speedmart","Ipoh","Perak"
1822,"C1822","Felix a/l Singh","N","Non-Member",,,"2023-07-04",1092,1,201.05,0,201.05,201.05,201.05,1,1,2,"Hibernating","Churned","Premium Items","Kota Kinabalu 88 Speedmart","Kota Kinabalu","Sabah"
1823,"C1823","Darren Rantai","N","Normal Member","2024-03-01",851,"2026-02-03",147,10,430.3,2.26,428.04,428.04,42.8,2,4,4,"At Risk","Medium Risk","Cooking Essentials","Kota Kinabalu 88 Speedmart","Kota Kinabalu","Sabah"
1824,"C1824","Fatin binti Salleh","N","Non-Member",,,"2025-06-12",383,4,234.36,0,234.36,234.36,58.59,1,2,3,"Lost","Churned","Baby Products","Shah Alam 88 Speedmart","Shah Alam","Selangor"
1825,"C1825","Syafiq bin Salleh","N","Normal Member","2024-11-02",605,"2026-06-12",18,23,858.12,0,858.12,858.12,37.31,5,5,5,"Champions","Low Risk","Cooking Essentials","Ipoh 88 Speedmart","Ipoh","Perak"
1826,"C1826","Mardhiah binti Daud","N","Normal Member","2024-06-29",731,"2025-11-01",241,4,148.26,0,148.26,148.26,37.07,1,2,2,"Hibernating","High Risk","Imported Goods","Petaling Jaya 88 Speedmart","Petaling Jaya","Selangor"
1827,"C1827","Nabil bin Ibrahim","N","Non-Member",,,"2023-11-06",967,2,130.22,0,130.22,130.22,65.11,1,1,2,"Hibernating","Churned","Personal Care","Seremban 88 Speedmart","Seremban","Negeri Sembilan"
1828,"C1828","Chong Yi Chen","N","VIP Member","2023-12-27",916,"2025-11-30",212,5,168.94,4.32,164.62,164.62,32.92,1,2,2,"Hibernating","High Risk","Dairy Products","Ampang 88 Speedmart","Ampang","Selangor"
1829,"C1829","Nadia binti Salleh","N","Normal Member","2023-04-02",1185,"2025-07-16",349,5,138.58,0,138.58,138.58,27.72,1,2,2,"Hibernating","High Risk","Instant Food","Johor Bahru 88 Speedmart","Johor Bahru","Johor"
1830,"C1830","Aiman bin Basri","N","VIP Member","2024-06-06",754,"2024-12-22",555,6,142.87,0,142.87,142.87,23.81,1,3,2,"At Risk","Churned","Cooking Essentials","Kuching 88 Speedmart","Kuching","Sarawak"
1831,"C1831","Jannah binti Ibrahim","N","Non-Member",,,"2025-12-27",185,13,431.08,1.54,429.54,429.54,33.04,1,4,4,"At Risk","High Risk","Beverages","Seremban 88 Speedmart","Seremban","Negeri Sembilan"
1832,"C1832","Nabilah binti Ismail","N","Normal Member","2023-01-19",1258,"2025-12-19",193,4,281.07,0,281.07,281.07,70.27,1,2,3,"Lost","High Risk","Rice and Grains","Shah Alam 88 Speedmart","Shah Alam","Selangor"
1833,"C1833","Irfan bin Razak","N","Non-Member",,,"2025-09-28",275,16,458.84,15.09,443.75,443.75,27.73,1,5,4,"At Risk","High Risk","Dairy Products","Seremban 88 Speedmart","Seremban","Negeri Sembilan"
1834,"C1834","Luqman bin Ahmad","N","Non-Member",,,"2024-09-09",659,4,170.69,0,170.69,170.69,42.67,1,2,2,"Hibernating","Churned","Rice and Grains","Ipoh 88 Speedmart","Ipoh","Perak"
1835,"C1835","Irfan bin Ahmad","N","VIP Member","2024-09-18",650,"2025-07-04",361,14,658.4,0,658.4,658.4,47.03,1,4,5,"At Risk","High Risk","Rice and Grains","Petaling Jaya 88 Speedmart","Petaling Jaya","Selangor"
1836,"C1836","Low Yoke Leng","N","Normal Member","2024-09-19",649,"2026-03-26",96,8,325.47,4.79,320.68,320.68,40.09,2,3,3,"At Risk","Medium Risk","Canned and Packaged Food","Seremban 88 Speedmart","Seremban","Negeri Sembilan"
1837,"C1837","Nasir bin Hassan","N","Normal Member","2024-08-28",671,"2024-06-09",751,2,49.03,0,49.03,49.03,24.52,1,1,1,"Hibernating","Churned","Frozen Food","Petaling Jaya 88 Speedmart","Petaling Jaya","Selangor"
1838,"C1838","Luqman bin Omar","N","VIP Member","2023-04-18",1169,"2024-10-08",630,2,64.1,0,64.1,64.1,32.05,1,1,1,"Hibernating","Churned","Dairy Products","Kuching 88 Speedmart","Kuching","Sarawak"
1839,"C1839","Khadijah binti Salleh","N","Normal Member","2024-12-11",566,"2026-04-24",67,6,121.74,1.12,120.62,120.62,20.1,3,3,2,"Need Attention","Low Risk","Dairy Products","Seremban 88 Speedmart","Seremban","Negeri Sembilan"
1840,"C1840","Mardhiah binti Yusof","N","Normal Member","2023-12-16",927,"2026-03-28",94,8,349.43,0,349.43,349.43,43.68,2,3,3,"At Risk","Medium Risk","Rice and Grains","Cheras 88 Speedmart","Cheras","Kuala Lumpur"
1841,"C1841","Aisyah binti Kamal","N","Normal Member","2024-12-30",547,"2025-12-27",185,5,116.73,0,116.73,116.73,23.35,1,2,2,"Hibernating","High Risk","Instant Food","Ampang 88 Speedmart","Ampang","Selangor"
1842,"C1842","Khalid bin Azman","N","Non-Member",,,"2024-12-04",573,2,52.22,0,52.22,52.22,26.11,1,1,1,"Hibernating","Churned","Imported Goods","Klang 88 Speedmart","Klang","Selangor"
1843,"C1843","Ishaan a/l Krishnan","N","Non-Member",,,"2026-02-14",136,5,257.41,2.25,255.16,255.16,51.03,2,2,3,"At Risk","Medium Risk","Rice and Grains","Ampang 88 Speedmart","Ampang","Selangor"
1844,"C1844","Harish a/l Raman","N","Non-Member",,,"2025-10-29",244,9,374.21,0,374.21,374.21,41.58,1,4,4,"At Risk","High Risk","Stationery and Daily Needs","Melaka 88 Speedmart","Melaka","Melaka"
1845,"C1845","Natalie a/p Suresh","N","Non-Member",,,"2026-03-21",101,5,211.45,0,211.45,211.45,42.29,2,2,3,"At Risk","Medium Risk","Organic Foods","Cheras 88 Speedmart","Cheras","Kuala Lumpur"
1846,"C1846","Danish bin Mahmud","N","Normal Member","2024-06-08",752,"2025-10-17",256,3,47.82,0,47.82,47.82,15.94,1,2,1,"Hibernating","High Risk","Snacks and Confectionery","Kota Kinabalu 88 Speedmart","Kota Kinabalu","Sabah"
1847,"C1847","Aiman bin Fauzi","N","Non-Member",,,"2024-01-18",894,4,182.23,0,182.23,182.23,45.56,1,2,2,"Hibernating","Churned","Frozen Food","Melaka 88 Speedmart","Melaka","Melaka"
1848,"C1848","Liyana binti Basri","N","Normal Member","2024-11-07",600,"2026-06-20",10,5,115.91,0,115.91,115.91,23.18,5,2,2,"Potential Loyal","Low Risk","Instant Food","Shah Alam 88 Speedmart","Shah Alam","Selangor"
1849,"C1849","Sabrina binti Azman","N","Non-Member",,,"2024-12-18",559,2,121.19,0,121.19,121.19,60.6,1,1,2,"Hibernating","Churned","Rice and Grains","Johor Bahru 88 Speedmart","Johor Bahru","Johor"
1850,"C1850","Aqilah binti Abdullah","N","Non-Member",,,"2026-04-18",73,3,115.97,0,115.97,115.97,38.66,3,2,2,"Need Attention","Low Risk","Stationery and Daily Needs","Ipoh 88 Speedmart","Ipoh","Perak"
1851,"C1851","Amir bin Kamal","N","Non-Member",,,"2025-11-25",217,7,248.86,0,248.86,248.86,35.55,1,3,3,"At Risk","High Risk","Cooking Essentials","Petaling Jaya 88 Speedmart","Petaling Jaya","Selangor"
1852,"C1852","Nurul binti Abdullah","N","Normal Member","2024-06-01",759,"2025-08-27",307,9,342.69,0,342.69,342.69,38.08,1,4,3,"At Risk","High Risk","Frozen Food","Seremban 88 Speedmart","Seremban","Negeri Sembilan"
1853,"C1853","Fatin binti Abdullah","N","Non-Member",,,"2024-01-30",882,3,43.14,0,43.14,43.14,14.38,1,2,1,"Hibernating","Churned","Personal Care","Melaka 88 Speedmart","Melaka","Melaka"
1854,"C1854","Lee Mei Qi","N","Non-Member",,,"2026-04-12",79,8,654.83,0,654.83,654.83,81.85,3,3,5,"Need Attention","Low Risk","Frozen Food","Kota Kinabalu 88 Speedmart","Kota Kinabalu","Sabah"
1855,"C1855","Syafiq bin Jamal","N","Normal Member","2024-07-08",722,"2026-03-27",95,5,143.6,0,143.6,143.6,28.72,2,2,2,"Hibernating","Medium Risk","Instant Food","Ipoh 88 Speedmart","Ipoh","Perak"
1856,"C1856","Deepa a/p Suresh","N","Normal Member","2023-09-20",1014,"2026-03-25",97,3,77.15,0,77.15,77.15,25.72,2,2,1,"Hibernating","Medium Risk","Rice and Grains","Klang 88 Speedmart","Klang","Selangor"
1857,"C1857","Mardhiah binti Nasir","N","Normal Member","2023-04-27",1160,"2026-03-07",115,24,807.49,2.84,804.65,804.65,33.53,2,5,5,"At Risk","Medium Risk","Cooking Essentials","Cheras 88 Speedmart","Cheras","Kuala Lumpur"
1858,"C1858","Akmal bin Razak","N","Non-Member",,,"2025-03-08",479,1,8.72,0,8.72,8.72,8.72,1,1,1,"Hibernating","Churned","Frozen Food","Melaka 88 Speedmart","Melaka","Melaka"
1859,"C1859","Siti binti Zainal","N","Normal Member","2024-03-07",845,"2024-02-10",871,3,107.25,0,107.25,107.25,35.75,1,2,2,"Hibernating","Churned","Canned and Packaged Food","George Town 88 Speedmart","George Town","Penang"
1860,"C1860","Chin Ching Yee","N","Non-Member",,,"2024-08-17",682,6,306.02,0,306.02,306.02,51,1,3,3,"At Risk","Churned","Alcoholic Beverages","Klang 88 Speedmart","Klang","Selangor"
1861,"C1861","Adrian a/l Murugan","N","Non-Member",,,"2026-04-19",72,4,95.49,0,95.49,95.49,23.87,3,2,2,"Need Attention","Low Risk","Dairy Products","Klang 88 Speedmart","Klang","Selangor"
1862,"C1862","Aqilah binti Daud","N","Normal Member","2024-09-01",667,"2024-09-28",640,2,109.11,0,109.11,109.11,54.56,1,1,2,"Hibernating","Churned","Household Cleaning","Kuching 88 Speedmart","Kuching","Sarawak"
1863,"C1863","Grace a/p Gopal","N","Non-Member",,,"2026-01-12",169,3,158.08,0,158.08,158.08,52.69,2,2,2,"Hibernating","Medium Risk","Cooking Essentials","Petaling Jaya 88 Speedmart","Petaling Jaya","Selangor"
1864,"C1864","Sonia a/p Suresh","N","Normal Member","2024-06-07",753,"2026-02-25",125,21,672.15,2.58,669.57,669.57,31.88,2,5,5,"At Risk","Medium Risk","Instant Food","Shah Alam 88 Speedmart","Shah Alam","Selangor"
1865,"C1865","Adilah binti Hamid","N","Normal Member","2024-11-25",582,"2026-03-18",104,8,417.83,16.48,401.35,401.35,50.17,2,3,4,"At Risk","Medium Risk","Frozen Food","Shah Alam 88 Speedmart","Shah Alam","Selangor"
1866,"C1866","Mardhiah binti Jamal","N","Normal Member","2024-08-22",677,"2026-03-05",117,5,331.96,0,331.96,331.96,66.39,2,2,3,"At Risk","Medium Risk","Canned and Packaged Food","Shah Alam 88 Speedmart","Shah Alam","Selangor"
1867,"C1867","Liyana binti Zainal","N","Non-Member",,,"2025-09-04",299,5,156.31,0,156.31,156.31,31.26,1,2,2,"Hibernating","High Risk","Canned and Packaged Food","Johor Bahru 88 Speedmart","Johor Bahru","Johor"
1868,"C1868","Ho Jia En","N","Normal Member","2024-11-21",586,"2025-09-10",293,4,62.42,0,62.42,62.42,15.61,1,2,1,"Hibernating","High Risk","Canned and Packaged Food","Petaling Jaya 88 Speedmart","Petaling Jaya","Selangor"
1869,"C1869","Sonia a/p Muthu","N","Non-Member",,,"2026-06-12",18,28,1086.34,54.1,1032.24,1032.24,36.87,5,5,5,"Champions","Low Risk","Rice and Grains","Petaling Jaya 88 Speedmart","Petaling Jaya","Selangor"
1870,"C1870","Natalie a/p Subramaniam","N","Non-Member",,,"2025-09-05",298,11,508.64,0,508.64,508.64,46.24,1,4,4,"At Risk","High Risk","Rice and Grains","Kuching 88 Speedmart","Kuching","Sarawak"
1871,"C1871","Hafiz bin Hamid","N","VIP Member","2024-01-12",900,"2026-03-21",101,8,392.53,0,392.53,392.53,49.07,2,3,4,"At Risk","Medium Risk","Cooking Essentials","Johor Bahru 88 Speedmart","Johor Bahru","Johor"
1872,"C1872","Ng Zhi Qing","N","Normal Member","2024-07-11",719,"2026-06-29",1,11,564.31,0,564.31,564.31,51.3,5,4,4,"Champions","Low Risk","Rice and Grains","Melaka 88 Speedmart","Melaka","Melaka"
1873,"C1873","Wong Chun Wai","N","Normal Member","2024-04-02",819,"2026-06-21",9,5,216.09,0,216.09,216.09,43.22,5,2,3,"Potential Loyal","Low Risk","Snacks and Confectionery","Shah Alam 88 Speedmart","Shah Alam","Selangor"
1874,"C1874","Nabil bin Zainal","N","Normal Member","2023-12-28",915,"2024-11-02",605,4,359.02,0,359.02,359.02,89.76,1,2,4,"Lost","Churned","Dairy Products","Petaling Jaya 88 Speedmart","Petaling Jaya","Selangor"
1875,"C1875","Letchumy a/p Gopal","N","Normal Member","2024-08-12",687,"2026-06-06",24,4,124.42,0,124.42,124.42,31.11,5,2,2,"Potential Loyal","Low Risk","Cooking Essentials","George Town 88 Speedmart","George Town","Penang"
1876,"C1876","Zara binti Abdullah","N","Normal Member","2024-07-18",712,"2026-03-07",115,7,289.35,0,289.35,289.35,41.34,2,3,3,"At Risk","Medium Risk","Dairy Products","Johor Bahru 88 Speedmart","Johor Bahru","Johor"
1877,"C1877","Kiran a/l Raman","N","Normal Member","2024-11-22",585,"2025-10-20",253,12,696.3,0,696.3,696.3,58.03,1,4,5,"At Risk","High Risk","Canned and Packaged Food","Kuching 88 Speedmart","Kuching","Sarawak"
1878,"C1878","Chia Chun Wai","N","Non-Member",,,"2026-05-30",31,6,91.55,0,91.55,91.55,15.26,4,3,2,"Potential Loyal","Low Risk","Beverages","Melaka 88 Speedmart","Melaka","Melaka"
1879,"C1879","Chan Chui Shan","N","Normal Member","2023-07-28",1068,"2024-12-19",558,12,569.97,0,569.97,569.97,47.5,1,4,5,"At Risk","Churned","Personal Care","Kota Kinabalu 88 Speedmart","Kota Kinabalu","Sabah"
1880,"C1880","Farhan bin Abdullah","N","Non-Member",,,"2026-02-04",146,5,109.64,0,109.64,109.64,21.93,2,2,2,"Hibernating","Medium Risk","Snacks and Confectionery","Johor Bahru 88 Speedmart","Johor Bahru","Johor"
1881,"C1881","Arif bin Hassan","N","Non-Member",,,"2025-06-04",391,5,349.19,0,349.19,349.19,69.84,1,2,3,"Lost","Churned","Baby Products","Cheras 88 Speedmart","Cheras","Kuala Lumpur"
1882,"C1882","Koh Ching Yee","N","Normal Member","2023-02-18",1228,"2026-06-26",4,9,255.52,0,255.52,255.52,28.39,5,4,3,"Loyal Customers","Low Risk","Frozen Food","George Town 88 Speedmart","George Town","Penang"
1883,"C1883","Aarav a/l Raj","N","Normal Member","2023-01-26",1251,"2025-11-15",227,7,554.98,0,554.98,554.98,79.28,1,3,4,"At Risk","High Risk","Dairy Products","Petaling Jaya 88 Speedmart","Petaling Jaya","Selangor"
1884,"C1884","Liyana binti Ishak","N","Normal Member","2024-02-11",870,"2026-05-02",59,7,123.41,0,123.41,123.41,17.63,4,3,2,"Potential Loyal","Low Risk","Household Cleaning","Johor Bahru 88 Speedmart","Johor Bahru","Johor"
1885,"C1885","Siti binti Nasir","N","Normal Member","2024-10-29",609,"2025-01-22",524,3,47.29,0,47.29,47.29,15.76,1,2,1,"Hibernating","Churned","Frozen Food","Shah Alam 88 Speedmart","Shah Alam","Selangor"
1886,"C1886","Aditi a/p Krishnan","N","Normal Member","2023-07-09",1087,"2025-12-14",198,3,51.43,2.31,49.12,49.12,16.37,1,2,1,"Hibernating","High Risk","Rice and Grains","Klang 88 Speedmart","Klang","Selangor"
1887,"C1887","Ong Kin Hoong","N","Normal Member","2024-08-19",680,"2026-01-06",175,2,51.54,0,51.54,51.54,25.77,2,1,1,"Hibernating","Medium Risk","Canned and Packaged Food","Shah Alam 88 Speedmart","Shah Alam","Selangor"
1888,"C1888","Qistina binti Ibrahim","N","Normal Member","2023-10-06",998,"2025-03-15",472,7,351.68,0,351.68,351.68,50.24,1,3,4,"At Risk","Churned","Rice and Grains","Kota Kinabalu 88 Speedmart","Kota Kinabalu","Sabah"
1889,"C1889","Meera a/p Rajan","N","Normal Member","2024-01-04",908,"2024-10-29",609,3,134.55,0,134.55,134.55,44.85,1,2,2,"Hibernating","Churned","Snacks and Confectionery","Ipoh 88 Speedmart","Ipoh","Perak"
1890,"C1890","Loh Seng Huat","N","Normal Member","2023-09-02",1032,"2025-12-13",199,6,381.47,0,381.47,381.47,63.58,1,3,4,"At Risk","High Risk","Cooking Essentials","Seremban 88 Speedmart","Seremban","Negeri Sembilan"
1891,"C1891","Ong Zhi Hao","N","VIP Member","2023-06-05",1121,"2025-08-13",321,3,214.95,0,214.95,214.95,71.65,1,2,3,"Lost","High Risk","Household Cleaning","Petaling Jaya 88 Speedmart","Petaling Jaya","Selangor"
1892,"C1892","Hana binti Ibrahim","N","Normal Member","2024-06-05",755,"2026-04-13",78,7,220.05,0,220.05,220.05,31.44,3,3,3,"Need Attention","Low Risk","Personal Care","Shah Alam 88 Speedmart","Shah Alam","Selangor"
1893,"C1893","Syafiq bin Hassan","N","Normal Member","2024-02-25",856,"2025-12-15",197,7,274.56,0,274.56,274.56,39.22,1,3,3,"At Risk","High Risk","Personal Care","Ipoh 88 Speedmart","Ipoh","Perak"
1894,"C1894","Sanjay a/l Rajan","N","Normal Member","2023-09-17",1017,"2026-03-15",107,2,96.37,0,96.37,96.37,48.19,2,1,2,"Hibernating","Medium Risk","Rice and Grains","Petaling Jaya 88 Speedmart","Petaling Jaya","Selangor"
1895,"C1895","Chong Yi Wen","N","Non-Member",,,"2026-06-04",26,7,332.83,0,332.83,332.83,47.55,5,3,3,"Potential Loyal","Low Risk","Household Cleaning","Klang 88 Speedmart","Klang","Selangor"
1896,"C1896","Low Zhi Hao","N","Normal Member","2024-07-14",716,"2025-12-04",208,3,54.1,0,54.1,54.1,18.03,1,2,1,"Hibernating","High Risk","Cooking Essentials","Petaling Jaya 88 Speedmart","Petaling Jaya","Selangor"
1897,"C1897","Fatin binti Basri","N","Normal Member","2023-03-23",1195,"2025-11-26",216,13,344.81,0,344.81,344.81,26.52,1,4,3,"At Risk","High Risk","Instant Food","Ipoh 88 Speedmart","Ipoh","Perak"
1898,"C1898","Ahmad bin Zainal","N","VIP Member","2024-07-08",722,"2023-04-16",1171,1,58.41,0,58.41,58.41,58.41,1,1,1,"Hibernating","Churned","Imported Goods","Cheras 88 Speedmart","Cheras","Kuala Lumpur"
1899,"C1899","Ananya a/p Suresh","N","Non-Member",,,,,0,0,0,0,0,,0,0,0,"Prospect","Prospect",,,,
1900,"C1900","Chew Zhi Qing","N","Non-Member",,,"2026-02-18",132,11,234.2,0,234.2,234.2,21.29,2,4,3,"At Risk","Medium Risk","Stationery and Daily Needs","George Town 88 Speedmart","George Town","Penang"
1901,"C1901","Amir bin Azman","N","Normal Member","2023-03-26",1192,"2026-05-29",32,5,188.06,0,188.06,188.06,37.61,4,2,2,"Potential Loyal","Low Risk","Imported Goods","Cheras 88 Speedmart","Cheras","Kuala Lumpur"
1902,"C1902","Saraswathy a/p Chandran","N","Normal Member","2023-09-03",1031,"2025-11-29",213,4,108.36,0,108.36,108.36,27.09,1,2,2,"Hibernating","High Risk","Personal Care","Ipoh 88 Speedmart","Ipoh","Perak"
1903,"C1903","Nabil bin Hassan","N","Normal Member","2023-12-06",937,"2026-01-26",155,9,283.57,4.48,279.09,279.09,31.01,2,4,3,"At Risk","Medium Risk","Instant Food","Petaling Jaya 88 Speedmart","Petaling Jaya","Selangor"
1904,"C1904","Akmal bin Abdullah","N","Non-Member",,,"2025-10-20",253,3,133.06,0,133.06,133.06,44.35,1,2,2,"Hibernating","High Risk","Rice and Grains","Melaka 88 Speedmart","Melaka","Melaka"
1905,"C1905","Chia Hui Ying","N","Normal Member","2024-08-28",671,"2025-06-16",379,6,393.66,3.84,389.82,389.82,64.97,1,3,4,"At Risk","Churned","Personal Care","Melaka 88 Speedmart","Melaka","Melaka"
1906,"C1906","Felix Jalong","N","Normal Member","2023-05-24",1133,"2025-04-01",455,18,555.17,0,555.17,555.17,30.84,1,5,4,"At Risk","Churned","Instant Food","Kota Kinabalu 88 Speedmart","Kota Kinabalu","Sabah"
1907,"C1907","Aiman bin Ishak","N","Normal Member","2023-03-26",1192,"2025-11-29",213,7,249.49,0,249.49,249.49,35.64,1,3,3,"At Risk","High Risk","Frozen Food","Klang 88 Speedmart","Klang","Selangor"
1908,"C1908","Aiman bin Nasir","N","Non-Member",,,"2025-08-01",333,13,292.43,0,292.43,292.43,22.49,1,4,3,"At Risk","High Risk","Cooking Essentials","Ipoh 88 Speedmart","Ipoh","Perak"
1909,"C1909","Wong Boon Hui","N","VIP Member","2024-01-24",888,"2026-05-27",34,3,79.47,0,79.47,79.47,26.49,4,2,1,"New Customers","Low Risk","Rice and Grains","Petaling Jaya 88 Speedmart","Petaling Jaya","Selangor"
1910,"C1910","Alvin Laja","N","Normal Member","2023-02-02",1244,"2026-06-14",16,7,224.11,0,224.11,224.11,32.02,5,3,3,"Potential Loyal","Low Risk","Instant Food","Kuching 88 Speedmart","Kuching","Sarawak"
1911,"C1911","Nabilah binti Basri","N","Normal Member","2024-04-10",811,"2026-06-17",13,7,270.55,0,270.55,270.55,38.65,5,3,3,"Potential Loyal","Low Risk","Frozen Food","Johor Bahru 88 Speedmart","Johor Bahru","Johor"
1912,"C1912","Amir bin Ibrahim","N","Normal Member","2023-05-08",1149,"2023-12-08",935,4,219.4,0,219.4,219.4,54.85,1,2,3,"Lost","Churned","Stationery and Daily Needs","Johor Bahru 88 Speedmart","Johor Bahru","Johor"
1913,"C1913","Chan Seng Huat","N","Normal Member","2023-11-01",972,"2025-11-01",241,7,397.34,0,397.34,397.34,56.76,1,3,4,"At Risk","High Risk","Frozen Food","Klang 88 Speedmart","Klang","Selangor"
1914,"C1914","Luqman bin Nasir","N","Non-Member",,,"2026-04-01",90,3,202.23,0,202.23,202.23,67.41,3,2,3,"Need Attention","Low Risk","Canned and Packaged Food","Ipoh 88 Speedmart","Ipoh","Perak"
1915,"C1915","Chew Shi Hao","N","Normal Member","2023-07-23",1073,"2025-01-30",516,16,501.69,0,501.69,501.69,31.36,1,5,4,"At Risk","Churned","Cooking Essentials","Melaka 88 Speedmart","Melaka","Melaka"
1916,"C1916","Fatin binti Yusof","N","Normal Member","2023-12-07",936,"2026-03-27",95,4,114.49,1.75,112.74,112.74,28.19,2,2,2,"Hibernating","Medium Risk","Baby Products","Klang 88 Speedmart","Klang","Selangor"
1917,"C1917","Priya a/p Anand","N","VIP Member","2023-05-01",1156,"2025-04-13",443,3,94.83,9.79,85.04,85.04,28.35,1,2,1,"Hibernating","Churned","Canned and Packaged Food","Shah Alam 88 Speedmart","Shah Alam","Selangor"
1918,"C1918","Khalid bin Mahmud","N","Normal Member","2023-12-25",918,"2025-06-07",388,4,135,0,135,135,33.75,1,2,2,"Hibernating","Churned","Canned and Packaged Food","Shah Alam 88 Speedmart","Shah Alam","Selangor"
1919,"C1919","Jannah binti Daud","N","Normal Member","2024-06-30",730,"2025-06-08",387,2,113.89,0,113.89,113.89,56.95,1,1,2,"Hibernating","Churned","Stationery and Daily Needs","Seremban 88 Speedmart","Seremban","Negeri Sembilan"
1920,"C1920","Alvin a/l Anand","N","Normal Member","2023-06-27",1099,"2026-06-29",1,4,92.13,0,92.13,92.13,23.03,5,2,2,"Potential Loyal","Low Risk","Personal Care","Cheras 88 Speedmart","Cheras","Kuala Lumpur"
1921,"C1921","Siti binti Zainal","N","Non-Member",,,"2026-06-24",6,18,812.7,0,812.7,812.7,45.15,5,5,5,"Champions","Low Risk","Cooking Essentials","Ampang 88 Speedmart","Ampang","Selangor"
1922,"C1922","Devi a/p Muthu","N","VIP Member","2024-02-24",857,"2026-04-20",71,4,91.09,0,91.09,91.09,22.77,3,2,2,"Need Attention","Low Risk","Canned and Packaged Food","Cheras 88 Speedmart","Cheras","Kuala Lumpur"
1923,"C1923","Lee Poh Ling","N","Normal Member","2023-06-18",1108,"2026-04-16",75,4,164.8,1.89,162.91,162.91,40.73,3,2,2,"Need Attention","Low Risk","Personal Care","Klang 88 Speedmart","Klang","Selangor"
1924,"C1924","Tan Chui Shan","N","Non-Member",,,"2025-12-04",208,6,442.07,0,442.07,442.07,73.68,1,3,4,"At Risk","High Risk","Canned and Packaged Food","Kota Kinabalu 88 Speedmart","Kota Kinabalu","Sabah"
1925,"C1925","Ishaan a/l Vijayan","N","Normal Member","2024-03-08",844,"2026-05-02",59,5,220.39,0,220.39,220.39,44.08,4,2,3,"Potential Loyal","Low Risk","Baby Products","Seremban 88 Speedmart","Seremban","Negeri Sembilan"
1926,"C1926","Ho Hui Ying","N","VIP Member","2024-05-27",764,"2025-12-06",206,18,807.77,0,807.77,807.77,44.88,1,5,5,"At Risk","High Risk","Frozen Food","Seremban 88 Speedmart","Seremban","Negeri Sembilan"
1927,"C1927","Teoh Poh Ling","N","VIP Member","2025-01-25",521,"2026-05-14",47,4,203.06,0,203.06,203.06,50.77,4,2,3,"Potential Loyal","Low Risk","Baby Products","Shah Alam 88 Speedmart","Shah Alam","Selangor"
1928,"C1928","Irfan bin Basri","N","Normal Member","2024-07-29",701,"2024-12-26",551,2,24.65,0,24.65,24.65,12.33,1,1,1,"Hibernating","Churned","Rice and Grains","George Town 88 Speedmart","George Town","Penang"
1929,"C1929","Imran bin Fauzi","N","Normal Member","2024-07-08",722,"2026-06-04",26,21,921.41,0,921.41,921.41,43.88,5,5,5,"Champions","Low Risk","Baby Products","Seremban 88 Speedmart","Seremban","Negeri Sembilan"
1930,"C1930","Siti binti Basri","N","Normal Member","2024-07-20",710,"2026-02-02",148,17,588.17,0,588.17,588.17,34.6,2,5,5,"At Risk","Medium Risk","Cooking Essentials","Cheras 88 Speedmart","Cheras","Kuala Lumpur"
1931,"C1931","Ho Ching Yee","N","Normal Member","2024-07-20",710,"2026-06-19",11,23,845.55,1.84,843.71,843.71,36.68,5,5,5,"Champions","Low Risk","Rice and Grains","Petaling Jaya 88 Speedmart","Petaling Jaya","Selangor"
1932,"C1932","Aqilah binti Ahmad","N","Normal Member","2023-11-13",960,"2026-03-16",106,13,410.57,0,410.57,410.57,31.58,2,4,4,"At Risk","Medium Risk","Cooking Essentials","Cheras 88 Speedmart","Cheras","Kuala Lumpur"
1933,"C1933","Felix a/l Singh","N","Non-Member",,,"2026-06-29",1,19,1085.97,0,1085.97,1085.97,57.16,5,5,5,"Champions","Low Risk","Dairy Products","Klang 88 Speedmart","Klang","Selangor"
1934,"C1934","Liyana binti Ahmad","N","Normal Member","2023-02-28",1218,"2025-05-17",409,5,208.65,30.16,178.49,178.49,35.7,1,2,2,"Hibernating","Churned","Cooking Essentials","Shah Alam 88 Speedmart","Shah Alam","Selangor"
1935,"C1935","Zahir bin Nasir","N","Non-Member",,,"2026-05-08",53,4,95.46,0,95.46,95.46,23.87,4,2,2,"Potential Loyal","Low Risk","Dairy Products","Shah Alam 88 Speedmart","Shah Alam","Selangor"
1936,"C1936","Nabil bin Zainal","N","Normal Member","2024-12-15",562,"2024-08-22",677,2,36.06,0,36.06,36.06,18.03,1,1,1,"Hibernating","Churned","Personal Care","Ampang 88 Speedmart","Ampang","Selangor"
1937,"C1937","Wong Li Xuan","N","VIP Member","2025-02-13",502,"2026-01-16",165,7,204.31,3.26,201.05,201.05,28.72,2,3,2,"At Risk","Medium Risk","Household Cleaning","Melaka 88 Speedmart","Melaka","Melaka"
1938,"C1938","Zahir bin Mahmud","N","Non-Member",,,"2025-08-11",323,8,188.44,0,188.44,188.44,23.56,1,3,2,"At Risk","High Risk","Dairy Products","Klang 88 Speedmart","Klang","Selangor"
1939,"C1939","Maisarah binti Kamal","N","Normal Member","2024-12-26",551,"2025-12-23",189,6,223.87,0,223.87,223.87,37.31,1,3,3,"At Risk","High Risk","Baby Products","Johor Bahru 88 Speedmart","Johor Bahru","Johor"
1940,"C1940","Mardhiah binti Ismail","N","VIP Member","2024-07-25",705,"2026-02-27",123,4,93.67,0,93.67,93.67,23.42,2,2,2,"Hibernating","Medium Risk","Canned and Packaged Food","Cheras 88 Speedmart","Cheras","Kuala Lumpur"
1941,"C1941","Fatin binti Abdullah","N","VIP Member","2023-07-25",1071,"2024-11-11",596,9,454.83,0,454.83,454.83,50.54,1,4,4,"At Risk","Churned","Rice and Grains","Ipoh 88 Speedmart","Ipoh","Perak"
1942,"C1942","Hafiz bin Kamal","N","Normal Member","2024-02-20",861,"2025-09-20",283,8,479.19,0,479.19,479.19,59.9,1,3,4,"At Risk","High Risk","Dairy Products","Shah Alam 88 Speedmart","Shah Alam","Selangor"
1943,"C1943","Chin Chee Keong","N","Normal Member","2023-08-14",1051,"2025-10-25",248,2,97.21,0,97.21,97.21,48.61,1,1,2,"Hibernating","High Risk","Alcoholic Beverages","Klang 88 Speedmart","Klang","Selangor"
1944,"C1944","Loh Xin Yi","N","Normal Member","2023-10-09",995,"2024-02-18",863,8,238.57,0,238.57,238.57,29.82,1,3,3,"At Risk","Churned","Beverages","Petaling Jaya 88 Speedmart","Petaling Jaya","Selangor"
1945,"C1945","Hafiz bin Abdullah","N","Non-Member",,,"2026-04-03",88,7,449.55,0,449.55,449.55,64.22,3,3,4,"Need Attention","Low Risk","Baby Products","Melaka 88 Speedmart","Melaka","Melaka"
1946,"C1946","Teoh Shi Hao","N","Normal Member","2023-05-05",1152,"2025-11-25",217,15,354.56,0,354.56,354.56,23.64,1,5,4,"At Risk","High Risk","Rice and Grains","Ampang 88 Speedmart","Ampang","Selangor"
1947,"C1947","Nabil bin Razak","N","Normal Member","2023-07-20",1076,"2025-08-07",327,5,191.76,0,191.76,191.76,38.35,1,2,2,"Hibernating","High Risk","Snacks and Confectionery","Shah Alam 88 Speedmart","Shah Alam","Selangor"
1948,"C1948","Chia Li Xuan","N","VIP Member","2023-03-24",1194,"2024-04-09",812,4,296.88,0,296.88,296.88,74.22,1,2,3,"Lost","Churned","Frozen Food","Melaka 88 Speedmart","Melaka","Melaka"
1949,"C1949","Clarissa Tinggi","N","Normal Member","2024-03-18",834,"2025-12-09",203,5,197.1,0,197.1,197.1,39.42,1,2,2,"Hibernating","High Risk","Instant Food","Petaling Jaya 88 Speedmart","Petaling Jaya","Selangor"
1950,"C1950","Akmal bin Razak","N","Non-Member",,,"2026-02-05",145,3,115.66,0,115.66,115.66,38.55,2,2,2,"Hibernating","Medium Risk","Snacks and Confectionery","Klang 88 Speedmart","Klang","Selangor"
1951,"C1951","Divya a/p Rajan","N","Non-Member",,,"2025-01-07",539,4,86.23,0,86.23,86.23,21.56,1,2,1,"Hibernating","Churned","Baby Products","Melaka 88 Speedmart","Melaka","Melaka"
1952,"C1952","Jannah binti Ishak","N","VIP Member","2025-01-06",540,"2026-04-04",87,19,497.63,1.5,496.13,496.13,26.11,3,5,4,"Loyal Customers","Low Risk","Snacks and Confectionery","George Town 88 Speedmart","George Town","Penang"
1953,"C1953","Kavitha a/p Rajan","N","Normal Member","2023-04-06",1181,"2025-09-26",277,6,184.68,0,184.68,184.68,30.78,1,3,2,"At Risk","High Risk","Canned and Packaged Food","Cheras 88 Speedmart","Cheras","Kuala Lumpur"
1954,"C1954","Tan Yi Chen","N","Normal Member","2025-02-21",494,"2025-01-28",518,2,22.09,0,22.09,22.09,11.05,1,1,1,"Hibernating","Churned","Frozen Food","Cheras 88 Speedmart","Cheras","Kuala Lumpur"
1955,"C1955","Aiman bin Zainal","N","Non-Member",,,"2025-11-12",230,2,69.35,0,69.35,69.35,34.68,1,1,1,"Hibernating","High Risk","Household Cleaning","Seremban 88 Speedmart","Seremban","Negeri Sembilan"
1956,"C1956","Nurul binti Daud","N","Normal Member","2023-04-12",1175,"2025-06-22",373,12,420.16,0,420.16,420.16,35.01,1,4,4,"At Risk","Churned","Frozen Food","George Town 88 Speedmart","George Town","Penang"
1957,"C1957","Aarav a/l Tharmalingam","N","Normal Member","2024-06-10",750,"2024-07-02",728,3,35.15,0,35.15,35.15,11.72,1,2,1,"Hibernating","Churned","Rice and Grains","Seremban 88 Speedmart","Seremban","Negeri Sembilan"
1958,"C1958","Imran bin Omar","N","Normal Member","2024-07-11",719,"2025-12-18",194,7,294.23,0,294.23,294.23,42.03,1,3,3,"At Risk","High Risk","Frozen Food","Petaling Jaya 88 Speedmart","Petaling Jaya","Selangor"
1959,"C1959","Aqilah binti Hamid","N","Non-Member",,,"2026-06-11",19,15,585.58,0,585.58,585.58,39.04,5,5,5,"Champions","Low Risk","Household Cleaning","Shah Alam 88 Speedmart","Shah Alam","Selangor"
1960,"C1960","Ong Wan Ting","N","Non-Member",,,"2026-03-01",121,6,575.48,0,575.48,575.48,95.91,2,3,5,"At Risk","Medium Risk","Organic Foods","Seremban 88 Speedmart","Seremban","Negeri Sembilan"
1961,"C1961","Aditi a/p Rao","N","Non-Member",,,"2026-05-25",36,5,267.02,0,267.02,267.02,53.4,4,2,3,"Potential Loyal","Low Risk","Rice and Grains","Ampang 88 Speedmart","Ampang","Selangor"
1962,"C1962","Imran bin Nasir","N","Normal Member","2023-10-14",990,"2026-02-06",144,8,542.39,0,542.39,542.39,67.8,2,3,4,"At Risk","Medium Risk","Dairy Products","Kota Kinabalu 88 Speedmart","Kota Kinabalu","Sabah"
1963,"C1963","Lim Li Xuan","N","Normal Member","2023-10-25",979,"2025-04-29",427,18,453.02,0,453.02,453.02,25.17,1,5,4,"At Risk","Churned","Rice and Grains","Kota Kinabalu 88 Speedmart","Kota Kinabalu","Sabah"
1964,"C1964","Chow Boon Hui","N","VIP Member","2023-07-07",1089,"2024-07-05",725,3,107.85,0,107.85,107.85,35.95,1,2,2,"Hibernating","Churned","Rice and Grains","Shah Alam 88 Speedmart","Shah Alam","Selangor"
1965,"C1965","Wong Ai Ling","N","VIP Member","2024-10-21",617,"2024-12-17",560,4,305.86,0,305.86,305.86,76.47,1,2,3,"Lost","Churned","Rice and Grains","Shah Alam 88 Speedmart","Shah Alam","Selangor"
1966,"C1966","Clarissa Tinggi","N","Non-Member",,,"2026-06-02",28,3,144.96,0,144.96,144.96,48.32,5,2,2,"Potential Loyal","Low Risk","Cooking Essentials","Shah Alam 88 Speedmart","Shah Alam","Selangor"
1967,"C1967","Aiman bin Ahmad","N","Non-Member",,,"2024-07-13",717,4,114.2,0,114.2,114.2,28.55,1,2,2,"Hibernating","Churned","Stationery and Daily Needs","Shah Alam 88 Speedmart","Shah Alam","Selangor"
1968,"C1968","Fong Wei Lun","N","Normal Member","2024-11-27",580,"2025-12-11",201,5,191.27,0,191.27,191.27,38.25,1,2,2,"Hibernating","High Risk","Frozen Food","Johor Bahru 88 Speedmart","Johor Bahru","Johor"
1969,"C1969","Low Wan Ting","N","Normal Member","2023-12-04",939,"2025-10-10",263,7,314.57,0,314.57,314.57,44.94,1,3,3,"At Risk","High Risk","Baby Products","George Town 88 Speedmart","George Town","Penang"
1970,"C1970","Amir bin Zainal","N","Normal Member","2024-08-15",684,"2026-06-11",19,2,85.79,0,85.79,85.79,42.9,5,1,1,"New Customers","Low Risk","Beverages","Melaka 88 Speedmart","Melaka","Melaka"
1971,"C1971","Rafiq bin Azman","N","Normal Member","2023-03-31",1187,"2026-04-13",78,26,874.58,0,874.58,874.58,33.64,3,5,5,"Loyal Customers","Low Risk","Beverages","Petaling Jaya 88 Speedmart","Petaling Jaya","Selangor"
1972,"C1972","Rahul a/l Pillai","N","Normal Member","2023-08-06",1059,"2024-11-23",584,4,241.01,4.74,236.27,236.27,59.07,1,2,3,"Lost","Churned","Frozen Food","Seremban 88 Speedmart","Seremban","Negeri Sembilan"
1973,"C1973","Goh Yi Chen","N","VIP Member","2023-10-15",989,"2026-03-25",97,2,127.45,0,127.45,127.45,63.73,2,1,2,"Hibernating","Medium Risk","Beverages","Cheras 88 Speedmart","Cheras","Kuala Lumpur"
1974,"C1974","Nasir bin Azman","N","Non-Member",,,"2026-04-04",87,6,264.1,0,264.1,264.1,44.02,3,3,3,"Need Attention","Low Risk","Frozen Food","Ipoh 88 Speedmart","Ipoh","Perak"
1975,"C1975","Sabrina binti Yusof","N","VIP Member","2024-10-29",609,"2025-12-17",195,12,335.31,2.13,333.18,333.18,27.77,1,4,3,"At Risk","High Risk","Rice and Grains","Petaling Jaya 88 Speedmart","Petaling Jaya","Selangor"
1976,"C1976","Faris bin Nasir","N","Non-Member",,,"2026-03-18",104,5,164.3,0,164.3,164.3,32.86,2,2,2,"Hibernating","Medium Risk","Baby Products","Johor Bahru 88 Speedmart","Johor Bahru","Johor"
1977,"C1977","Chong Chui Shan","N","Normal Member","2024-07-24",706,"2025-06-06",389,6,90.87,7.67,83.2,83.2,13.87,1,3,1,"At Risk","Churned","Canned and Packaged Food","George Town 88 Speedmart","George Town","Penang"
1978,"C1978","Mardhiah binti Jamal","N","VIP Member","2023-10-07",997,"2025-06-14",381,5,349.51,13.92,335.59,335.59,67.12,1,2,3,"Lost","Churned","Beverages","Kota Kinabalu 88 Speedmart","Kota Kinabalu","Sabah"
1979,"C1979","Sabrina binti Zainal","N","Normal Member","2025-01-04",542,"2026-04-06",85,4,266.47,0,266.47,266.47,66.62,3,2,3,"Need Attention","Low Risk","Baby Products","Shah Alam 88 Speedmart","Shah Alam","Selangor"
1980,"C1980","Raymond Mawan","N","Normal Member","2024-01-27",885,"2025-01-05",541,4,109.29,0,109.29,109.29,27.32,1,2,2,"Hibernating","Churned","Stationery and Daily Needs","Kota Kinabalu 88 Speedmart","Kota Kinabalu","Sabah"
1981,"C1981","Lakshmi a/p Devi","N","Normal Member","2024-09-19",649,"2024-04-27",794,4,176.16,0,176.16,176.16,44.04,1,2,2,"Hibernating","Churned","Rice and Grains","Kuching 88 Speedmart","Kuching","Sarawak"
1982,"C1982","Hakim bin Razak","N","Normal Member","2023-04-30",1157,"2026-01-02",179,12,492.06,0,492.06,492.06,41.01,2,4,4,"At Risk","Medium Risk","Rice and Grains","Cheras 88 Speedmart","Cheras","Kuala Lumpur"
1983,"C1983","Intan binti Jamal","N","Normal Member","2024-03-31",821,"2025-11-16",226,7,503.54,0,503.54,503.54,71.93,1,3,4,"At Risk","High Risk","Snacks and Confectionery","Cheras 88 Speedmart","Cheras","Kuala Lumpur"
1984,"C1984","Chin Wan Ting","N","Normal Member","2024-03-04",848,"2026-06-30",0,5,82.82,0,82.82,82.82,16.56,5,2,1,"New Customers","Low Risk","Beverages","Kuching 88 Speedmart","Kuching","Sarawak"
1985,"C1985","Natalie a/p Raman","N","Non-Member",,,"2025-12-28",184,8,346.74,0,346.74,346.74,43.34,1,3,3,"At Risk","High Risk","Canned and Packaged Food","Ipoh 88 Speedmart","Ipoh","Perak"
1986,"C1986","Nabil bin Salleh","N","Non-Member",,,"2025-12-11",201,4,200.51,0,200.51,200.51,50.13,1,2,2,"Hibernating","High Risk","Personal Care","Shah Alam 88 Speedmart","Shah Alam","Selangor"
1987,"C1987","Chong Kar Yee","N","Normal Member","2024-04-10",811,"2026-06-19",11,9,477.47,0,477.47,477.47,53.05,5,4,4,"Champions","Low Risk","Baby Products","Ipoh 88 Speedmart","Ipoh","Perak"
1988,"C1988","Nabil bin Hamid","N","Non-Member",,,"2026-05-28",33,2,116.34,0,116.34,116.34,58.17,4,1,2,"New Customers","Low Risk","Stationery and Daily Needs","Johor Bahru 88 Speedmart","Johor Bahru","Johor"
1989,"C1989","Jannah binti Azman","N","Non-Member",,,"2025-04-30",426,14,616.66,1.48,615.18,615.18,43.94,1,4,5,"At Risk","Churned","Cooking Essentials","Johor Bahru 88 Speedmart","Johor Bahru","Johor"
1990,"C1990","Chong Zi Xuan","N","Normal Member","2024-04-15",806,"2024-06-05",755,3,31.26,0,31.26,31.26,10.42,1,2,1,"Hibernating","Churned","Household Cleaning","Ipoh 88 Speedmart","Ipoh","Perak"
1991,"C1991","Chan Kai Xin","N","Normal Member","2024-09-26",642,"2025-12-27",185,4,97.65,45.99,51.66,51.66,12.92,1,2,1,"Hibernating","High Risk","Organic Foods","Shah Alam 88 Speedmart","Shah Alam","Selangor"
1992,"C1992","Imran bin Mahmud","N","VIP Member","2025-01-18",528,"2025-12-02",210,4,111.76,0,111.76,111.76,27.94,1,2,2,"Hibernating","High Risk","Beverages","Seremban 88 Speedmart","Seremban","Negeri Sembilan"
1993,"C1993","Khalid bin Salleh","N","VIP Member","2023-12-18",925,"2026-05-15",46,6,169.11,4.41,164.7,164.7,27.45,4,3,2,"Potential Loyal","Low Risk","Rice and Grains","Klang 88 Speedmart","Klang","Selangor"
1994,"C1994","Koh Wei Lun","N","Normal Member","2024-03-03",849,"2026-04-01",90,22,806.13,10.21,795.92,795.92,36.18,3,5,5,"Loyal Customers","Low Risk","Canned and Packaged Food","Ampang 88 Speedmart","Ampang","Selangor"
1995,"C1995","Chew Wai Keong","N","Non-Member",,,"2024-09-05",663,3,72.34,0,72.34,72.34,24.11,1,2,1,"Hibernating","Churned","Dairy Products","Seremban 88 Speedmart","Seremban","Negeri Sembilan"
1996,"C1996","Vikram a/l Nair","N","Normal Member","2025-01-24",522,"2024-06-08",752,4,107.65,0,107.65,107.65,26.91,1,2,2,"Hibernating","Churned","Frozen Food","Seremban 88 Speedmart","Seremban","Negeri Sembilan"
1997,"C1997","Victor Sagang","N","Normal Member","2025-03-02",485,"2025-12-17",195,12,358.47,0,358.47,358.47,29.87,1,4,4,"At Risk","High Risk","Canned and Packaged Food","Kota Kinabalu 88 Speedmart","Kota Kinabalu","Sabah"
1998,"C1998","Adilah binti Salleh","N","Normal Member","2023-04-10",1177,"2026-03-13",109,2,24.63,0,24.63,24.63,12.32,2,1,1,"Hibernating","Medium Risk","Cooking Essentials","George Town 88 Speedmart","George Town","Penang"
1999,"C1999","Teoh Yi Chen","N","Normal Member","2024-07-21",709,"2026-04-04",87,19,889.72,1.46,888.26,888.26,46.75,3,5,5,"Loyal Customers","Low Risk","Cooking Essentials","Ampang 88 Speedmart","Ampang","Selangor"
2000,"C2000","Ahmad bin Ismail","N","Normal Member","2024-01-06",906,"2026-01-05",176,3,221.35,7.91,213.44,213.44,71.15,2,2,3,"At Risk","Medium Risk","Cooking Essentials","Seremban 88 Speedmart","Seremban","Negeri Sembilan"
2001,"C2001","Sabrina binti Daud","N","VIP Member","2024-12-05",572,"2024-08-23",676,3,117.97,0,117.97,117.97,39.32,1,2,2,"Hibernating","Churned","Rice and Grains","George Town 88 Speedmart","George Town","Penang"
2002,"C2002","Hafiz bin Omar","N","Non-Member",,,"2025-01-12",534,5,218.48,0,218.48,218.48,43.7,1,2,3,"Lost","Churned","Instant Food","Klang 88 Speedmart","Klang","Selangor"
2003,"C2003","Harish a/l Raj","N","Normal Member","2024-05-14",777,"2026-05-23",38,7,331.51,0,331.51,331.51,47.36,4,3,3,"Potential Loyal","Low Risk","Cooking Essentials","Cheras 88 Speedmart","Cheras","Kuala Lumpur"
2004,"C2004","Mardhiah binti Yusof","N","Non-Member",,,"2025-01-19",527,3,128.8,0,128.8,128.8,42.93,1,2,2,"Hibernating","Churned","Rice and Grains","George Town 88 Speedmart","George Town","Penang"
2005,"C2005","Khalid bin Ibrahim","N","Non-Member",,,"2026-04-04",87,27,1238.55,2.83,1235.72,1235.72,45.77,3,5,5,"Loyal Customers","Low Risk","Rice and Grains","Ipoh 88 Speedmart","Ipoh","Perak"
2006,"C2006","Ahmad bin Razak","N","Normal Member","2025-01-19",527,"2026-04-13",78,3,109.85,0,109.85,109.85,36.62,3,2,2,"Need Attention","Low Risk","Canned and Packaged Food","Shah Alam 88 Speedmart","Shah Alam","Selangor"
2007,"C2007","Nadia binti Hassan","N","VIP Member","2024-05-08",783,"2025-12-15",197,23,930.87,1.43,929.44,929.44,40.41,1,5,5,"At Risk","High Risk","Baby Products","Kota Kinabalu 88 Speedmart","Kota Kinabalu","Sabah"
2008,"C2008","Ho Wai Keong","N","Non-Member",,,"2026-04-23",68,18,833.71,0,833.71,833.71,46.32,3,5,5,"Loyal Customers","Low Risk","Rice and Grains","Shah Alam 88 Speedmart","Shah Alam","Selangor"
2009,"C2009","Koh Zhi Hao","N","Normal Member","2024-01-30",882,"2025-02-02",513,1,8.73,0,8.73,8.73,8.73,1,1,1,"Hibernating","Churned","Canned and Packaged Food","Melaka 88 Speedmart","Melaka","Melaka"
2010,"C2010","Nabil bin Basri","N","Normal Member","2025-01-05",541,"2026-04-27",64,26,991.37,0,991.37,991.37,38.13,3,5,5,"Loyal Customers","Low Risk","Rice and Grains","Seremban 88 Speedmart","Seremban","Negeri Sembilan"
2011,"C2011","Sonia a/p Letchumy","N","Normal Member","2023-05-05",1152,"2026-01-21",160,14,456.18,0,456.18,456.18,32.58,2,4,4,"At Risk","Medium Risk","Beverages","Klang 88 Speedmart","Klang","Selangor"
2012,"C2012","Wong Li Xuan","N","Non-Member",,,"2025-08-22",312,17,811.91,0,811.91,811.91,47.76,1,5,5,"At Risk","High Risk","Cooking Essentials","Klang 88 Speedmart","Klang","Selangor"
2013,"C2013","Rafiq bin Razak","N","Normal Member","2025-01-20",526,"2026-02-28",122,4,108.38,0,108.38,108.38,27.1,2,2,2,"Hibernating","Medium Risk","Baby Products","Seremban 88 Speedmart","Seremban","Negeri Sembilan"
2014,"C2014","Clarissa Tinggi","N","Normal Member","2024-09-19",649,"2026-04-10",81,10,391.1,0,391.1,391.1,39.11,3,4,4,"Loyal Customers","Low Risk","Canned and Packaged Food","Cheras 88 Speedmart","Cheras","Kuala Lumpur"
2015,"C2015","Chow Shu Fen","N","Normal Member","2024-10-09",629,"2026-03-12",110,4,129.44,0,129.44,129.44,32.36,2,2,2,"Hibernating","Medium Risk","Dairy Products","Seremban 88 Speedmart","Seremban","Negeri Sembilan"
2016,"C2016","Nadia binti Nasir","N","Non-Member",,,"2026-03-21",101,23,528.48,0,528.48,528.48,22.98,2,5,4,"At Risk","Medium Risk","Dairy Products","George Town 88 Speedmart","George Town","Penang"
2017,"C2017","Irfan bin Fauzi","N","Non-Member",,,"2026-06-14",16,8,250.16,1.75,248.41,248.41,31.05,5,3,3,"Potential Loyal","Low Risk","Baby Products","Melaka 88 Speedmart","Melaka","Melaka"
2018,"C2018","Low Cheng Wei","N","Normal Member","2023-12-26",917,"2025-11-07",235,2,56.82,0,56.82,56.82,28.41,1,1,1,"Hibernating","High Risk","Dairy Products","Shah Alam 88 Speedmart","Shah Alam","Selangor"
2019,"C2019","Marcus a/l Pillai","N","Non-Member",,,"2024-12-14",563,3,37.29,0,37.29,37.29,12.43,1,2,1,"Hibernating","Churned","Rice and Grains","Johor Bahru 88 Speedmart","Johor Bahru","Johor"
2020,"C2020","Loh Zi Xuan","N","Non-Member",,,"2026-02-14",136,4,184.66,0,184.66,184.66,46.17,2,2,2,"Hibernating","Medium Risk","Rice and Grains","Petaling Jaya 88 Speedmart","Petaling Jaya","Selangor"
2021,"C2021","Faris bin Kamal","N","VIP Member","2023-07-23",1073,"2025-11-01",241,8,433.65,2.74,430.91,430.91,53.86,1,3,4,"At Risk","High Risk","Beverages","Klang 88 Speedmart","Klang","Selangor"
2022,"C2022","Deepa a/p Saraswathy","N","Normal Member","2023-06-07",1119,"2025-12-14",198,5,183.98,0,183.98,183.98,36.8,1,2,2,"Hibernating","High Risk","Stationery and Daily Needs","Kota Kinabalu 88 Speedmart","Kota Kinabalu","Sabah"
2023,"C2023","Siti binti Yusof","N","Non-Member",,,"2025-11-03",239,1,14.12,0,14.12,14.12,14.12,1,1,1,"Hibernating","High Risk","Beverages","Klang 88 Speedmart","Klang","Selangor"
2024,"C2024","Jannah binti Basri","N","Non-Member",,,"2026-02-26",124,10,286.39,0,286.39,286.39,28.64,2,4,3,"At Risk","Medium Risk","Canned and Packaged Food","Ipoh 88 Speedmart","Ipoh","Perak"
2025,"C2025","Ananya a/p Nair","N","Non-Member",,,"2025-07-22",343,4,167.69,0,167.69,167.69,41.92,1,2,2,"Hibernating","High Risk","Instant Food","Kota Kinabalu 88 Speedmart","Kota Kinabalu","Sabah"
2026,"C2026","Qistina binti Kamal","N","Normal Member","2024-02-04",877,"2025-11-19",223,14,431.22,1.79,429.43,429.43,30.67,1,4,4,"At Risk","High Risk","Dairy Products","Cheras 88 Speedmart","Cheras","Kuala Lumpur"
2027,"C2027","Goh Chui Shan","N","Non-Member",,,"2026-06-15",15,5,298.48,0,298.48,298.48,59.7,5,2,3,"Potential Loyal","Low Risk","Baby Products","Shah Alam 88 Speedmart","Shah Alam","Selangor"
2028,"C2028","Khalid bin Salleh","N","Non-Member",,,"2026-03-12",110,27,799.14,1.67,797.47,797.47,29.54,2,5,5,"At Risk","Medium Risk","Beverages","Johor Bahru 88 Speedmart","Johor Bahru","Johor"
2029,"C2029","Low Shu Fen","N","Normal Member","2024-01-18",894,"2025-06-01",394,2,26.91,0,26.91,26.91,13.46,1,1,1,"Hibernating","Churned","Baby Products","Klang 88 Speedmart","Klang","Selangor"
2030,"C2030","Ishaan bin Basri","N","Normal Member","2023-07-22",1074,"2024-11-22",585,3,69.59,0,69.59,69.59,23.2,1,2,1,"Hibernating","Churned","Dairy Products","Klang 88 Speedmart","Klang","Selangor"
2031,"C2031","Luqman bin Ibrahim","N","Normal Member","2024-06-15",745,"2025-12-07",205,2,17.5,0,17.5,17.5,8.75,1,1,1,"Hibernating","High Risk","Rice and Grains","Ipoh 88 Speedmart","Ipoh","Perak"
2032,"C2032","Chan Ching Yee","N","Normal Member","2024-09-26",642,"2026-04-04",87,24,935.2,3.53,931.67,931.67,38.82,3,5,5,"Loyal Customers","Low Risk","Cooking Essentials","Kota Kinabalu 88 Speedmart","Kota Kinabalu","Sabah"
2033,"C2033","Ng Ching Yee","N","Non-Member",,,"2026-05-08",53,17,384.22,0,384.22,384.22,22.6,4,5,4,"Champions","Low Risk","Cooking Essentials","Shah Alam 88 Speedmart","Shah Alam","Selangor"
2034,"C2034","Wong Hong Sheng","N","Normal Member","2024-12-03",574,"2026-04-02",89,6,169.38,0,169.38,169.38,28.23,3,3,2,"Need Attention","Low Risk","Instant Food","Johor Bahru 88 Speedmart","Johor Bahru","Johor"
2035,"C2035","Fatin binti Hamid","N","Normal Member","2023-11-06",967,"2026-02-06",144,5,164.96,0,164.96,164.96,32.99,2,2,2,"Hibernating","Medium Risk","Stationery and Daily Needs","Kota Kinabalu 88 Speedmart","Kota Kinabalu","Sabah"
2036,"C2036","Faris bin Hassan","N","Normal Member","2023-09-25",1009,"2024-12-21",556,4,134.25,0,134.25,134.25,33.56,1,2,2,"Hibernating","Churned","Beverages","George Town 88 Speedmart","George Town","Penang"
2037,"C2037","Darren a/l Anand","N","Non-Member",,,"2026-02-23",127,6,239.13,0,239.13,239.13,39.86,2,3,3,"At Risk","Medium Risk","Cooking Essentials","Seremban 88 Speedmart","Seremban","Negeri Sembilan"
2038,"C2038","Irfan bin Azman","N","Normal Member","2024-11-25",582,"2026-06-05",25,16,844.45,0,844.45,844.45,52.78,5,5,5,"Champions","Low Risk","Rice and Grains","Klang 88 Speedmart","Klang","Selangor"
2039,"C2039","Zahir bin Ibrahim","N","Normal Member","2023-10-11",993,"2024-07-09",721,2,60.5,0,60.5,60.5,30.25,1,1,1,"Hibernating","Churned","Stationery and Daily Needs","Johor Bahru 88 Speedmart","Johor Bahru","Johor"
2040,"C2040","Teoh Chui Shan","N","VIP Member","2024-12-05",572,"2026-06-18",12,3,117.97,0,117.97,117.97,39.32,5,2,2,"Potential Loyal","Low Risk","Dairy Products","Kota Kinabalu 88 Speedmart","Kota Kinabalu","Sabah"
2041,"C2041","Fatin binti Zainal","N","Normal Member","2023-11-08",965,"2025-11-25",217,16,388.48,0,388.48,388.48,24.28,1,5,4,"At Risk","High Risk","Snacks and Confectionery","Seremban 88 Speedmart","Seremban","Negeri Sembilan"
2042,"C2042","Siti binti Azman","N","Normal Member","2023-06-18",1108,"2026-02-17",133,3,134.08,13.88,120.2,120.2,40.07,2,2,2,"Hibernating","Medium Risk","Canned and Packaged Food","Cheras 88 Speedmart","Cheras","Kuala Lumpur"
2043,"C2043","Imran bin Hamid","N","Non-Member",,,"2025-11-05",237,6,204.86,0,204.86,204.86,34.14,1,3,3,"At Risk","High Risk","Frozen Food","Ampang 88 Speedmart","Ampang","Selangor"
2044,"C2044","Chin Yi Wen","N","Non-Member",,,"2025-12-13",199,2,73.71,0,73.71,73.71,36.86,1,1,1,"Hibernating","High Risk","Alcoholic Beverages","George Town 88 Speedmart","George Town","Penang"
2045,"C2045","Chow Xin Yi","N","Normal Member","2025-03-15",472,"2026-06-09",21,11,498.97,0,498.97,498.97,45.36,5,4,4,"Champions","Low Risk","Personal Care","Cheras 88 Speedmart","Cheras","Kuala Lumpur"
2046,"C2046","Qistina binti Razak","N","Normal Member","2024-04-08",813,"2024-11-10",597,3,135.88,0,135.88,135.88,45.29,1,2,2,"Hibernating","Churned","Cooking Essentials","Seremban 88 Speedmart","Seremban","Negeri Sembilan"
2047,"C2047","Chow Jia En","N","VIP Member","2025-02-26",489,"2026-05-03",58,20,855.1,2.13,852.97,852.97,42.65,4,5,5,"Champions","Low Risk","Dairy Products","Shah Alam 88 Speedmart","Shah Alam","Selangor"
2048,"C2048","Chow Seng Huat","N","Normal Member","2024-08-09",690,"2026-04-20",71,15,557.15,3.8,553.35,553.35,36.89,3,5,4,"Loyal Customers","Low Risk","Dairy Products","Klang 88 Speedmart","Klang","Selangor"
2049,"C2049","Syahirah binti Zainal","N","Normal Member","2025-03-14",473,"2025-12-04",208,2,47.3,6.59,40.71,40.71,20.36,1,1,1,"Hibernating","High Risk","Rice and Grains","Cheras 88 Speedmart","Cheras","Kuala Lumpur"
2050,"C2050","Farah binti Abdullah","N","Non-Member",,,"2026-06-21",9,13,347.63,0,347.63,347.63,26.74,5,4,3,"Loyal Customers","Low Risk","Personal Care","Ampang 88 Speedmart","Ampang","Selangor"
2051,"C2051","Devi a/p Gopal","N","Non-Member",,,"2026-06-18",12,13,454.43,0,454.43,454.43,34.96,5,4,4,"Champions","Low Risk","Dairy Products","Klang 88 Speedmart","Klang","Selangor"
2052,"C2052","Marcus a/l Raman","N","Non-Member",,,"2025-12-22",190,3,90.36,0,90.36,90.36,30.12,1,2,2,"Hibernating","High Risk","Canned and Packaged Food","Johor Bahru 88 Speedmart","Johor Bahru","Johor"
2053,"C2053","Ivan Giman","N","Non-Member",,,"2025-11-23",219,1,30.83,0,30.83,30.83,30.83,1,1,1,"Hibernating","High Risk","Personal Care","Johor Bahru 88 Speedmart","Johor Bahru","Johor"
2054,"C2054","Arif bin Abdullah","N","Non-Member",,,"2024-01-21",891,1,38.68,0,38.68,38.68,38.68,1,1,1,"Hibernating","Churned","Stationery and Daily Needs","Ampang 88 Speedmart","Ampang","Selangor"
2055,"C2055","Chan Kin Hoong","N","Normal Member","2024-03-04",848,"2026-06-06",24,2,59.03,0,59.03,59.03,29.52,5,1,1,"New Customers","Low Risk","Dairy Products","Johor Bahru 88 Speedmart","Johor Bahru","Johor"
2056,"C2056","Nabil bin Hamid","N","Non-Member",,,"2025-12-07",205,17,678.47,0,678.47,678.47,39.91,1,5,5,"At Risk","High Risk","Rice and Grains","Petaling Jaya 88 Speedmart","Petaling Jaya","Selangor"
2057,"C2057","Farhan bin Abdullah","N","Normal Member","2025-03-22",465,"2025-07-17",348,21,893.27,0,893.27,893.27,42.54,1,5,5,"At Risk","High Risk","Canned and Packaged Food","Ipoh 88 Speedmart","Ipoh","Perak"
2058,"C2058","Fong Cheng Wei","N","Non-Member",,,"2026-03-22",100,3,142.3,0,142.3,142.3,47.43,2,2,2,"Hibernating","Medium Risk","Dairy Products","Cheras 88 Speedmart","Cheras","Kuala Lumpur"
2059,"C2059","Fong Li Xuan","N","Non-Member",,,"2025-12-28",184,6,338.54,0,338.54,338.54,56.42,1,3,3,"At Risk","High Risk","Cooking Essentials","Shah Alam 88 Speedmart","Shah Alam","Selangor"
2060,"C2060","Khadijah binti Hamid","N","Normal Member","2024-04-23",798,"2026-06-04",26,17,321.93,3.1,318.83,318.83,18.75,5,5,3,"Loyal Customers","Low Risk","Dairy Products","Shah Alam 88 Speedmart","Shah Alam","Selangor"
2061,"C2061","Ishaan bin Omar","N","Normal Member","2023-11-16",957,"2025-12-25",187,22,1026.48,12.79,1013.69,1013.69,46.08,1,5,5,"At Risk","High Risk","Cooking Essentials","Kota Kinabalu 88 Speedmart","Kota Kinabalu","Sabah"
2062,"C2062","Qistina binti Omar","N","Non-Member",,,"2025-12-13",199,6,121.19,0,121.19,121.19,20.2,1,3,2,"At Risk","High Risk","Canned and Packaged Food","Klang 88 Speedmart","Klang","Selangor"
2063,"C2063","Aqilah binti Basri","N","Normal Member","2023-07-13",1083,"2026-05-15",46,3,162.37,0,162.37,162.37,54.12,4,2,2,"Potential Loyal","Low Risk","Baby Products","Klang 88 Speedmart","Klang","Selangor"
2064,"C2064","Darren Rantai","N","Normal Member","2024-11-29",578,"2026-01-29",152,11,331.03,1.43,329.6,329.6,29.96,2,4,3,"At Risk","Medium Risk","Canned and Packaged Food","Seremban 88 Speedmart","Seremban","Negeri Sembilan"
2065,"C2065","Hana binti Ibrahim","N","Non-Member",,,"2026-03-28",94,24,631.97,0,631.97,631.97,26.33,2,5,5,"At Risk","Medium Risk","Instant Food","George Town 88 Speedmart","George Town","Penang"
2066,"C2066","Aarav a/l Singh","N","Non-Member",,,"2026-06-26",4,22,765.06,13.49,751.57,751.57,34.16,5,5,5,"Champions","Low Risk","Rice and Grains","George Town 88 Speedmart","George Town","Penang"
2067,"C2067","Tan Seng Huat","N","Non-Member",,,"2025-12-17",195,2,29.38,0,29.38,29.38,14.69,1,1,1,"Hibernating","High Risk","Rice and Grains","Kota Kinabalu 88 Speedmart","Kota Kinabalu","Sabah"
2068,"C2068","Intan binti Ishak","N","Non-Member",,,"2026-01-18",163,3,43.65,0,43.65,43.65,14.55,2,2,1,"Hibernating","Medium Risk","Beverages","Petaling Jaya 88 Speedmart","Petaling Jaya","Selangor"
2069,"C2069","Chan Yi Wen","N","VIP Member","2024-01-12",900,"2025-11-07",235,12,314.64,0,314.64,314.64,26.22,1,4,3,"At Risk","High Risk","Canned and Packaged Food","Ipoh 88 Speedmart","Ipoh","Perak"
2070,"C2070","Luqman bin Daud","N","Non-Member",,,"2026-05-03",58,7,289.86,0,289.86,289.86,41.41,4,3,3,"Potential Loyal","Low Risk","Baby Products","Ipoh 88 Speedmart","Ipoh","Perak"
2071,"C2071","Low Li Xuan","N","Non-Member",,,"2026-06-28",2,3,89.17,10.82,78.35,78.35,26.12,5,2,1,"New Customers","Low Risk","Instant Food","Klang 88 Speedmart","Klang","Selangor"
2072,"C2072","Nurul binti Yusof","N","Normal Member","2023-12-07",936,"2026-02-13",137,7,106.68,4.35,102.33,102.33,14.62,2,3,2,"At Risk","Medium Risk","Snacks and Confectionery","Seremban 88 Speedmart","Seremban","Negeri Sembilan"
2073,"C2073","Hana binti Kamal","N","VIP Member","2023-08-11",1054,"2025-11-04",238,20,558.54,1.2,557.34,557.34,27.87,1,5,4,"At Risk","High Risk","Rice and Grains","Cheras 88 Speedmart","Cheras","Kuala Lumpur"
2074,"C2074","Naveen a/l Maniam","N","Non-Member",,,"2025-08-27",307,13,392.8,0,392.8,392.8,30.22,1,4,4,"At Risk","High Risk","Instant Food","Klang 88 Speedmart","Klang","Selangor"
2075,"C2075","Nabilah binti Ismail","N","Normal Member","2023-08-18",1047,"2025-10-03",270,6,114.96,0,114.96,114.96,19.16,1,3,2,"At Risk","High Risk","Beverages","Melaka 88 Speedmart","Melaka","Melaka"
2076,"C2076","Fatin binti Ismail","N","Normal Member","2023-11-17",956,"2026-06-06",24,8,357.44,0,357.44,357.44,44.68,5,3,4,"Potential Loyal","Low Risk","Rice and Grains","Johor Bahru 88 Speedmart","Johor Bahru","Johor"
2077,"C2077","Aisyah binti Daud","N","Normal Member","2024-06-27",733,"2026-03-20",102,4,130.86,0,130.86,130.86,32.72,2,2,2,"Hibernating","Medium Risk","Stationery and Daily Needs","Kota Kinabalu 88 Speedmart","Kota Kinabalu","Sabah"
2078,"C2078","Nasir bin Salleh","N","Non-Member",,,"2026-03-19",103,14,783.16,0,783.16,783.16,55.94,2,4,5,"At Risk","Medium Risk","Canned and Packaged Food","Johor Bahru 88 Speedmart","Johor Bahru","Johor"
2079,"C2079","Divya a/p Letchumy","N","Normal Member","2025-01-11",535,"2025-11-16",226,2,89.9,0,89.9,89.9,44.95,1,1,2,"Hibernating","High Risk","Baby Products","Melaka 88 Speedmart","Melaka","Melaka"
2080,"C2080","Liyana binti Daud","N","Non-Member",,,"2025-05-21",405,7,303.33,4.34,298.99,298.99,42.71,1,3,3,"At Risk","Churned","Canned and Packaged Food","Seremban 88 Speedmart","Seremban","Negeri Sembilan"
2081,"C2081","Low Pei Shan","N","VIP Member","2023-09-28",1006,"2024-07-06",724,4,157.64,0,157.64,157.64,39.41,1,2,2,"Hibernating","Churned","Household Cleaning","Klang 88 Speedmart","Klang","Selangor"
2082,"C2082","Siti binti Ahmad","N","Non-Member",,,"2026-05-12",49,18,835.89,0,835.89,835.89,46.44,4,5,5,"Champions","Low Risk","Rice and Grains","Klang 88 Speedmart","Klang","Selangor"
2083,"C2083","Akmal bin Hamid","N","Non-Member",,,"2025-11-14",228,7,380.13,0,380.13,380.13,54.3,1,3,4,"At Risk","High Risk","Household Cleaning","Ampang 88 Speedmart","Ampang","Selangor"
2084,"C2084","Devi a/p Maniam","N","Normal Member","2024-02-29",852,"2026-06-05",25,17,597.98,8.33,589.65,589.65,34.69,5,5,5,"Champions","Low Risk","Canned and Packaged Food","Klang 88 Speedmart","Klang","Selangor"
2085,"C2085","Liyana binti Salleh","N","VIP Member","2024-12-16",561,"2024-12-22",555,3,216.16,0,216.16,216.16,72.05,1,2,3,"Lost","Churned","Canned and Packaged Food","Ipoh 88 Speedmart","Ipoh","Perak"
2086,"C2086","Chow Kai Jie","N","Normal Member","2024-10-24",614,"2026-04-04",87,10,502.96,3.14,499.82,499.82,49.98,3,4,4,"Loyal Customers","Low Risk","Baby Products","George Town 88 Speedmart","George Town","Penang"
2087,"C2087","Siti binti Omar","N","Normal Member","2024-07-25",705,"2026-02-18",132,4,186.59,3.45,183.14,183.14,45.79,2,2,2,"Hibernating","Medium Risk","Frozen Food","Shah Alam 88 Speedmart","Shah Alam","Selangor"
2088,"C2088","Intan binti Jamal","N","Non-Member",,,"2026-03-17",105,6,192.87,25.53,167.34,167.34,27.89,2,3,2,"At Risk","Medium Risk","Rice and Grains","Klang 88 Speedmart","Klang","Selangor"
2089,"C2089","Yeoh Seng Huat","N","Non-Member",,,"2026-01-18",163,5,195.7,0,195.7,195.7,39.14,2,2,2,"Hibernating","Medium Risk","Beverages","Ampang 88 Speedmart","Ampang","Selangor"
2090,"C2090","Irfan bin Ahmad","N","Normal Member","2024-08-17",682,"2025-02-23",492,7,346.21,0,346.21,346.21,49.46,1,3,3,"At Risk","Churned","Frozen Food","George Town 88 Speedmart","George Town","Penang"
2091,"C2091","Fatin binti Ibrahim","N","Normal Member","2024-02-26",855,"2025-06-21",374,12,400.74,3.92,396.82,396.82,33.07,1,4,4,"At Risk","Churned","Instant Food","Kota Kinabalu 88 Speedmart","Kota Kinabalu","Sabah"
2092,"C2092","Ahmad bin Azman","N","Normal Member","2024-05-17",774,"2025-12-20",192,7,327.58,0,327.58,327.58,46.8,1,3,3,"At Risk","High Risk","Rice and Grains","Ipoh 88 Speedmart","Ipoh","Perak"
2093,"C2093","Ananya a/p Gopal","N","Normal Member","2023-07-03",1093,"2026-06-09",21,10,476.25,0,476.25,476.25,47.63,5,4,4,"Champions","Low Risk","Dairy Products","Kota Kinabalu 88 Speedmart","Kota Kinabalu","Sabah"
2094,"C2094","Harish a/l Nair","N","Normal Member","2023-10-02",1002,"2025-06-22",373,5,215.43,0,215.43,215.43,43.09,1,2,3,"Lost","Churned","Rice and Grains","Kuching 88 Speedmart","Kuching","Sarawak"
2095,"C2095","Aiman bin Salleh","N","Normal Member","2023-09-28",1006,"2025-11-29",213,14,560.57,0,560.57,560.57,40.04,1,4,4,"At Risk","High Risk","Beverages","Shah Alam 88 Speedmart","Shah Alam","Selangor"
2096,"C2096","Ng Chee Keong","N","Normal Member","2024-10-14",624,"2026-04-25",66,17,807.25,0,807.25,807.25,47.49,3,5,5,"Loyal Customers","Low Risk","Dairy Products","Kota Kinabalu 88 Speedmart","Kota Kinabalu","Sabah"
2097,"C2097","Yeoh Siew Chin","N","Normal Member","2024-06-07",753,"2023-07-07",1089,2,62.87,0,62.87,62.87,31.44,1,1,1,"Hibernating","Churned","Baby Products","Kota Kinabalu 88 Speedmart","Kota Kinabalu","Sabah"
2098,"C2098","Ivan a/l Singh","N","Normal Member","2024-09-19",649,"2025-09-01",302,2,76.46,0,76.46,76.46,38.23,1,1,1,"Hibernating","High Risk","Premium Items","George Town 88 Speedmart","George Town","Penang"
2099,"C2099","Luqman bin Abdullah","N","Normal Member","2024-04-20",801,"2026-04-11",80,6,218.05,33.16,184.89,184.89,30.82,3,3,2,"Need Attention","Low Risk","Baby Products","Shah Alam 88 Speedmart","Shah Alam","Selangor"
2100,"C2100","Ivan a/l Rao","N","Normal Member","2023-10-19",985,"2026-05-30",31,8,390.59,0,390.59,390.59,48.82,4,3,4,"Potential Loyal","Low Risk","Frozen Food","Seremban 88 Speedmart","Seremban","Negeri Sembilan"
2101,"C2101","Vikram a/l Krishnan","N","Non-Member",,,"2026-02-08",142,18,556.26,1.66,554.6,554.6,30.81,2,5,4,"At Risk","Medium Risk","Dairy Products","Petaling Jaya 88 Speedmart","Petaling Jaya","Selangor"
2102,"C2102","Chia Hong Sheng","N","Normal Member","2023-10-21",983,"2025-09-25",278,4,199.97,0,199.97,199.97,49.99,1,2,2,"Hibernating","High Risk","Baby Products","Petaling Jaya 88 Speedmart","Petaling Jaya","Selangor"
2103,"C2103","Low Siew Chin","N","Normal Member","2024-05-30",761,"2025-11-17",225,4,88.74,2.18,86.56,86.56,21.64,1,2,1,"Hibernating","High Risk","Beverages","Ampang 88 Speedmart","Ampang","Selangor"
2104,"C2104","Rafiq bin Nasir","N","VIP Member","2024-02-28",853,"2025-05-12",414,11,499.49,0,499.49,499.49,45.41,1,4,4,"At Risk","Churned","Cooking Essentials","Klang 88 Speedmart","Klang","Selangor"
2105,"C2105","Jannah binti Hassan","N","VIP Member","2023-07-22",1074,"2026-05-17",44,10,332.95,0,332.95,332.95,33.3,4,4,3,"Loyal Customers","Low Risk","Dairy Products","Ampang 88 Speedmart","Ampang","Selangor"
2106,"C2106","Teoh Wan Ting","N","Non-Member",,,"2026-01-10",171,4,245.19,0,245.19,245.19,61.3,2,2,3,"At Risk","Medium Risk","Canned and Packaged Food","Johor Bahru 88 Speedmart","Johor Bahru","Johor"
2107,"C2107","Syafiq bin Ishak","N","Non-Member",,,"2026-06-17",13,18,411.26,0,411.26,411.26,22.85,5,5,4,"Champions","Low Risk","Beverages","George Town 88 Speedmart","George Town","Penang"
2108,"C2108","Nasir bin Kamal","N","Normal Member","2024-10-12",626,"2026-02-10",140,5,213.27,0,213.27,213.27,42.65,2,2,3,"At Risk","Medium Risk","Cooking Essentials","Shah Alam 88 Speedmart","Shah Alam","Selangor"
2109,"C2109","Nadia binti Abdullah","N","Normal Member","2025-02-20",495,"2025-12-10",202,7,183.23,0,183.23,183.23,26.18,1,3,2,"At Risk","High Risk","Household Cleaning","Melaka 88 Speedmart","Melaka","Melaka"
2110,"C2110","Hakim bin Nasir","N","Normal Member","2025-02-25",490,"2025-06-07",388,21,879.19,0,879.19,879.19,41.87,1,5,5,"At Risk","Churned","Baby Products","Johor Bahru 88 Speedmart","Johor Bahru","Johor"
2111,"C2111","Imran bin Razak","N","Non-Member",,,"2026-06-08",22,5,351.14,0,351.14,351.14,70.23,5,2,4,"Potential Loyal","Low Risk","Instant Food","Kota Kinabalu 88 Speedmart","Kota Kinabalu","Sabah"
2112,"C2112","Tan Chui Shan","N","Normal Member","2024-11-26",581,"2025-12-26",186,3,237.11,0,237.11,237.11,79.04,1,2,3,"Lost","High Risk","Organic Foods","Petaling Jaya 88 Speedmart","Petaling Jaya","Selangor"
2113,"C2113","Aiman bin Razak","N","Non-Member",,,"2026-04-01",90,6,382.15,0,382.15,382.15,63.69,3,3,4,"Need Attention","Low Risk","Baby Products","Petaling Jaya 88 Speedmart","Petaling Jaya","Selangor"
2114,"C2114","Akmal bin Basri","N","Normal Member","2024-07-09",721,"2024-10-19",619,4,195.6,0,195.6,195.6,48.9,1,2,2,"Hibernating","Churned","Canned and Packaged Food","Petaling Jaya 88 Speedmart","Petaling Jaya","Selangor"
2115,"C2115","Nabil bin Azman","N","Normal Member","2024-07-09",721,"2025-01-19",527,4,204.46,0,204.46,204.46,51.12,1,2,3,"Lost","Churned","Personal Care","Klang 88 Speedmart","Klang","Selangor"
2116,"C2116","Qistina binti Salleh","N","Normal Member","2024-05-23",768,"2024-12-13",564,2,155.74,0,155.74,155.74,77.87,1,1,2,"Hibernating","Churned","Household Cleaning","Johor Bahru 88 Speedmart","Johor Bahru","Johor"
2117,"C2117","Zahir bin Ahmad","N","Normal Member","2024-12-31",546,"2025-10-21",252,15,518.18,0,518.18,518.18,34.55,1,5,4,"At Risk","High Risk","Rice and Grains","Kuching 88 Speedmart","Kuching","Sarawak"
2118,"C2118","Koh Zi Xuan","N","VIP Member","2023-10-19",985,"2023-07-23",1073,1,52.9,0,52.9,52.9,52.9,1,1,1,"Hibernating","Churned","Stationery and Daily Needs","Ipoh 88 Speedmart","Ipoh","Perak"
2119,"C2119","Chow Wai Keong","N","Normal Member","2023-12-31",912,"2024-12-19",558,6,242.83,2.35,240.48,240.48,40.08,1,3,3,"At Risk","Churned","Beverages","Ipoh 88 Speedmart","Ipoh","Perak"
2120,"C2120","Darren a/l Murugan","N","Normal Member","2024-06-26",734,"2026-05-09",52,5,203.71,8.18,195.53,195.53,39.11,4,2,2,"Potential Loyal","Low Risk","Frozen Food","Petaling Jaya 88 Speedmart","Petaling Jaya","Selangor"
2121,"C2121","Khadijah binti Abdullah","N","Non-Member",,,"2025-12-23",189,3,67.59,0,67.59,67.59,22.53,1,2,1,"Hibernating","High Risk","Canned and Packaged Food","Ampang 88 Speedmart","Ampang","Selangor"
2122,"C2122","Khalid bin Hassan","N","Normal Member","2025-04-23",433,"2026-04-22",69,2,54.08,0,54.08,54.08,27.04,3,1,1,"Need Attention","Low Risk","Organic Foods","Kota Kinabalu 88 Speedmart","Kota Kinabalu","Sabah"
2123,"C2123","Siti binti Yusof","N","Non-Member",,,"2026-05-25",36,3,185.88,1.37,184.51,184.51,61.5,4,2,2,"Potential Loyal","Low Risk","Canned and Packaged Food","Seremban 88 Speedmart","Seremban","Negeri Sembilan"
2124,"C2124","Kaur a/p Raj","N","Non-Member",,,"2026-05-26",35,5,153.32,2.08,151.24,151.24,30.25,4,2,2,"Potential Loyal","Low Risk","Cooking Essentials","Kota Kinabalu 88 Speedmart","Kota Kinabalu","Sabah"
2125,"C2125","Wong Jia En","N","VIP Member","2025-04-23",433,"2026-06-01",29,7,286.46,12.79,273.67,273.67,39.1,5,3,3,"Potential Loyal","Low Risk","Personal Care","Ampang 88 Speedmart","Ampang","Selangor"
2126,"C2126","Rafiq bin Ishak","N","Normal Member","2025-01-10",536,"2024-11-03",604,2,103.58,0,103.58,103.58,51.79,1,1,2,"Hibernating","Churned","Baby Products","Ipoh 88 Speedmart","Ipoh","Perak"
2127,"C2127","Yeoh Chui Shan","N","VIP Member","2025-02-25",490,"2024-07-18",712,2,73.3,0,73.3,73.3,36.65,1,1,1,"Hibernating","Churned","Rice and Grains","Johor Bahru 88 Speedmart","Johor Bahru","Johor"
2128,"C2128","Luqman bin Salleh","N","Non-Member",,,"2025-10-16",257,2,75.96,0,75.96,75.96,37.98,1,1,1,"Hibernating","High Risk","Imported Goods","Melaka 88 Speedmart","Melaka","Melaka"
2129,"C2129","Lee Li Xuan","N","Non-Member",,,"2026-05-27",34,4,305.07,0,305.07,305.07,76.27,4,2,3,"Potential Loyal","Low Risk","Rice and Grains","Shah Alam 88 Speedmart","Shah Alam","Selangor"
2130,"C2130","Wong Chee Keong","N","Normal Member","2023-06-16",1110,"2026-03-23",99,6,317.52,0,317.52,317.52,52.92,2,3,3,"At Risk","Medium Risk","Household Cleaning","Kuching 88 Speedmart","Kuching","Sarawak"
2131,"C2131","Loh Zhi Qing","N","Normal Member","2025-02-03",512,"2026-04-09",82,8,613.81,0,613.81,613.81,76.73,3,3,5,"Need Attention","Low Risk","Instant Food","Cheras 88 Speedmart","Cheras","Kuala Lumpur"
2132,"C2132","Tan Siew Chin","N","Non-Member",,,"2026-06-13",17,19,841.34,0,841.34,841.34,44.28,5,5,5,"Champions","Low Risk","Rice and Grains","Seremban 88 Speedmart","Seremban","Negeri Sembilan"
2133,"C2133","Fong Kai Xin","N","Non-Member",,,"2026-06-08",22,20,662.54,0,662.54,662.54,33.13,5,5,5,"Champions","Low Risk","Instant Food","Cheras 88 Speedmart","Cheras","Kuala Lumpur"
2134,"C2134","Rafiq bin Ibrahim","N","Normal Member","2023-08-24",1041,"2026-04-02",89,5,169.25,0,169.25,169.25,33.85,3,2,2,"Need Attention","Low Risk","Rice and Grains","George Town 88 Speedmart","George Town","Penang"
2135,"C2135","Joanne a/p Murugan","N","Non-Member",,,"2025-08-27",307,4,127.1,0,127.1,127.1,31.78,1,2,2,"Hibernating","High Risk","Instant Food","Shah Alam 88 Speedmart","Shah Alam","Selangor"
2136,"C2136","Felix Jalong","N","Normal Member","2024-04-08",813,"2026-04-01",90,6,189.04,0,189.04,189.04,31.51,3,3,2,"Need Attention","Low Risk","Canned and Packaged Food","Kota Kinabalu 88 Speedmart","Kota Kinabalu","Sabah"
2137,"C2137","Intan binti Ismail","N","Non-Member",,,"2026-02-05",145,5,117.27,0,117.27,117.27,23.45,2,2,2,"Hibernating","Medium Risk","Beverages","Ipoh 88 Speedmart","Ipoh","Perak"
2138,"C2138","Nadia binti Nasir","N","Normal Member","2023-11-14",959,"2024-11-24",583,3,76.51,0,76.51,76.51,25.5,1,2,1,"Hibernating","Churned","Cooking Essentials","Kota Kinabalu 88 Speedmart","Kota Kinabalu","Sabah"
2139,"C2139","Chew Mei Ling","N","Non-Member",,,"2025-11-01",241,6,481.07,0,481.07,481.07,80.18,1,3,4,"At Risk","High Risk","Snacks and Confectionery","Cheras 88 Speedmart","Cheras","Kuala Lumpur"
2140,"C2140","Devi a/p Letchumy","N","Normal Member","2024-03-17",835,"2026-02-08",142,5,175.91,0,175.91,175.91,35.18,2,2,2,"Hibernating","Medium Risk","Frozen Food","Petaling Jaya 88 Speedmart","Petaling Jaya","Selangor"
2141,"C2141","Chia Hui Ying","N","Normal Member","2023-11-10",963,"2026-05-20",41,6,201.78,0,201.78,201.78,33.63,4,3,3,"Potential Loyal","Low Risk","Stationery and Daily Needs","Klang 88 Speedmart","Klang","Selangor"
2142,"C2142","Chow Wei Lun","N","Normal Member","2024-11-01",606,"2025-01-30",516,1,29.02,0,29.02,29.02,29.02,1,1,1,"Hibernating","Churned","Baby Products","Cheras 88 Speedmart","Cheras","Kuala Lumpur"
2143,"C2143","Ravi a/l Pillai","N","Non-Member",,,"2025-06-03",392,13,482.36,0,482.36,482.36,37.1,1,4,4,"At Risk","Churned","Rice and Grains","Shah Alam 88 Speedmart","Shah Alam","Selangor"
2144,"C2144","Tan Wan Ting","N","Normal Member","2025-01-07",539,"2025-10-16",257,5,226.02,0,226.02,226.02,45.2,1,2,3,"Lost","High Risk","Alcoholic Beverages","George Town 88 Speedmart","George Town","Penang"
2145,"C2145","Ho Shi Hao","N","Normal Member","2023-09-22",1012,"2025-07-23",342,4,95.37,0,95.37,95.37,23.84,1,2,2,"Hibernating","High Risk","Premium Items","George Town 88 Speedmart","George Town","Penang"
2146,"C2146","Wong Mei Qi","N","Non-Member",,,"2026-03-19",103,2,181.59,0,181.59,181.59,90.8,2,1,2,"Hibernating","Medium Risk","Premium Items","Shah Alam 88 Speedmart","Shah Alam","Selangor"
2147,"C2147","Maisarah binti Yusof","N","VIP Member","2023-12-12",931,"2024-09-21",647,6,439.34,0,439.34,439.34,73.22,1,3,4,"At Risk","Churned","Canned and Packaged Food","Seremban 88 Speedmart","Seremban","Negeri Sembilan"
2148,"C2148","Ho Wai Keong","N","Normal Member","2023-08-05",1060,"2026-06-24",6,4,265.68,0,265.68,265.68,66.42,5,2,3,"Potential Loyal","Low Risk","Canned and Packaged Food","Shah Alam 88 Speedmart","Shah Alam","Selangor"
2149,"C2149","Syahirah binti Hamid","N","Non-Member",,,"2026-03-20",102,8,150.87,0,150.87,150.87,18.86,2,3,2,"At Risk","Medium Risk","Dairy Products","Klang 88 Speedmart","Klang","Selangor"
2150,"C2150","Chia Kar Yee","N","Normal Member","2024-09-27",641,"2024-02-19",862,5,114.11,0,114.11,114.11,22.82,1,2,2,"Hibernating","Churned","Dairy Products","Kuching 88 Speedmart","Kuching","Sarawak"
2151,"C2151","Nadia binti Ibrahim","N","Non-Member",,,"2025-12-29",183,17,462.3,0,462.3,462.3,27.19,1,5,4,"At Risk","High Risk","Cooking Essentials","Seremban 88 Speedmart","Seremban","Negeri Sembilan"
2152,"C2152","Aisyah binti Mahmud","N","Normal Member","2025-03-03",484,"2026-03-22",100,4,360.48,0,360.48,360.48,90.12,2,2,4,"At Risk","Medium Risk","Premium Items","George Town 88 Speedmart","George Town","Penang"
2153,"C2153","Chia Zhi Hao","N","Non-Member",,,"2025-12-02",210,20,773.25,32.89,740.36,740.36,37.02,1,5,5,"At Risk","High Risk","Canned and Packaged Food","Johor Bahru 88 Speedmart","Johor Bahru","Johor"
2154,"C2154","Hakim bin Kamal","N","Normal Member","2024-03-07",845,"2026-06-28",2,2,102.13,0,102.13,102.13,51.07,5,1,2,"New Customers","Low Risk","Baby Products","Petaling Jaya 88 Speedmart","Petaling Jaya","Selangor"
2155,"C2155","Irfan bin Hamid","N","Non-Member",,,"2026-04-19",72,4,234.14,0,234.14,234.14,58.54,3,2,3,"Need Attention","Low Risk","Canned and Packaged Food","Kuching 88 Speedmart","Kuching","Sarawak"
2156,"C2156","Chong Seng Huat","N","Non-Member",,,"2024-12-31",546,1,48.04,0,48.04,48.04,48.04,1,1,1,"Hibernating","Churned","Stationery and Daily Needs","Seremban 88 Speedmart","Seremban","Negeri Sembilan"
2157,"C2157","Sanjay a/l Rajan","N","Non-Member",,,"2026-02-18",132,7,256.74,0,256.74,256.74,36.68,2,3,3,"At Risk","Medium Risk","Rice and Grains","Seremban 88 Speedmart","Seremban","Negeri Sembilan"
2158,"C2158","Arif bin Kamal","N","VIP Member","2024-10-23",615,"2023-08-21",1044,1,20.82,0,20.82,20.82,20.82,1,1,1,"Hibernating","Churned","Household Cleaning","Kuching 88 Speedmart","Kuching","Sarawak"
2159,"C2159","Aqilah binti Hassan","N","Normal Member","2024-03-15",837,"2026-04-06",85,5,331.93,0,331.93,331.93,66.39,3,2,3,"Need Attention","Low Risk","Dairy Products","Johor Bahru 88 Speedmart","Johor Bahru","Johor"
2160,"C2160","Lee Jia En","N","Non-Member",,,"2025-10-06",267,6,146.52,1.76,144.76,144.76,24.13,1,3,2,"At Risk","High Risk","Household Cleaning","George Town 88 Speedmart","George Town","Penang"
2161,"C2161","Ng Shu Fen","N","Normal Member","2023-09-07",1027,"2024-05-18",773,1,8.13,0,8.13,8.13,8.13,1,1,1,"Hibernating","Churned","Stationery and Daily Needs","Ampang 88 Speedmart","Ampang","Selangor"
2162,"C2162","Lim Jia Wei","N","Normal Member","2025-05-06",420,"2025-05-29",397,13,650.77,6.46,644.31,644.31,49.56,1,4,5,"At Risk","Churned","Snacks and Confectionery","Johor Bahru 88 Speedmart","Johor Bahru","Johor"
2163,"C2163","Irfan bin Ishak","N","Normal Member","2024-04-25",796,"2025-07-27",338,5,177.62,4.65,172.97,172.97,34.59,1,2,2,"Hibernating","High Risk","Frozen Food","Kuching 88 Speedmart","Kuching","Sarawak"
2164,"C2164","Sabrina binti Hamid","N","Non-Member",,,"2025-12-27",185,6,117.94,0,117.94,117.94,19.66,1,3,2,"At Risk","High Risk","Rice and Grains","Seremban 88 Speedmart","Seremban","Negeri Sembilan"
2165,"C2165","Kiran a/l Rao","N","Normal Member","2025-03-05",482,"2025-11-29",213,5,350.85,0,350.85,350.85,70.17,1,2,4,"Lost","High Risk","Cooking Essentials","Seremban 88 Speedmart","Seremban","Negeri Sembilan"
2166,"C2166","Low Pei Shan","N","Non-Member",,,"2025-08-08",326,5,197.22,0,197.22,197.22,39.44,1,2,2,"Hibernating","High Risk","Cooking Essentials","Ipoh 88 Speedmart","Ipoh","Perak"
2167,"C2167","Nabilah binti Fauzi","N","Non-Member",,,"2025-05-24",402,5,272.44,0,272.44,272.44,54.49,1,2,3,"Lost","Churned","Snacks and Confectionery","Klang 88 Speedmart","Klang","Selangor"
2168,"C2168","Ishaan bin Abdullah","N","Normal Member","2024-09-09",659,"2026-02-20",130,4,98.2,0,98.2,98.2,24.55,2,2,2,"Hibernating","Medium Risk","Stationery and Daily Needs","Kota Kinabalu 88 Speedmart","Kota Kinabalu","Sabah"
2169,"C2169","Chong Li Xuan","N","Normal Member","2025-06-05",390,"2025-12-27",185,5,137.27,0,137.27,137.27,27.45,1,2,2,"Hibernating","High Risk","Cooking Essentials","Petaling Jaya 88 Speedmart","Petaling Jaya","Selangor"
2170,"C2170","Fong Cheng Wei","N","Normal Member","2024-10-15",623,"2025-09-29",274,21,779.33,9.03,770.3,770.3,36.68,1,5,5,"At Risk","High Risk","Beverages","Ampang 88 Speedmart","Ampang","Selangor"
2171,"C2171","Amir bin Zainal","N","Non-Member",,,"2025-04-12",444,13,523.55,28.86,494.69,494.69,38.05,1,4,4,"At Risk","Churned","Dairy Products","Cheras 88 Speedmart","Cheras","Kuala Lumpur"
2172,"C2172","Ishaan bin Abdullah","N","Normal Member","2025-03-19",468,"2024-12-03",574,5,317.17,0,317.17,317.17,63.43,1,2,3,"Lost","Churned","Baby Products","Petaling Jaya 88 Speedmart","Petaling Jaya","Selangor"
2173,"C2173","Chan Zhi Hao","N","Normal Member","2025-02-19",496,"2026-03-05",117,5,144.34,0,144.34,144.34,28.87,2,2,2,"Hibernating","Medium Risk","Rice and Grains","Petaling Jaya 88 Speedmart","Petaling Jaya","Selangor"
2174,"C2174","Fatin binti Fauzi","N","Normal Member","2025-06-11",384,"2025-08-04",330,4,111.74,0,111.74,111.74,27.94,1,2,2,"Hibernating","High Risk","Baby Products","Cheras 88 Speedmart","Cheras","Kuala Lumpur"
2175,"C2175","Akmal bin Fauzi","N","Normal Member","2025-04-08",448,"2024-12-20",557,3,127.73,0,127.73,127.73,42.58,1,2,2,"Hibernating","Churned","Rice and Grains","Cheras 88 Speedmart","Cheras","Kuala Lumpur"
2176,"C2176","Danish bin Ismail","N","Normal Member","2024-01-17",895,"2025-11-23",219,4,93.01,0,93.01,93.01,23.25,1,2,2,"Hibernating","High Risk","Frozen Food","Ipoh 88 Speedmart","Ipoh","Perak"
2177,"C2177","Zahir bin Yusof","N","Normal Member","2024-08-29",670,"2024-11-25",582,4,420.74,0,420.74,420.74,105.19,1,2,4,"Lost","Churned","Dairy Products","Kuching 88 Speedmart","Kuching","Sarawak"
2178,"C2178","Lim Kar Yee","N","Non-Member",,,"2026-06-22",8,23,715.63,1.52,714.11,714.11,31.05,5,5,5,"Champions","Low Risk","Canned and Packaged Food","Ampang 88 Speedmart","Ampang","Selangor"
2179,"C2179","Farhan bin Ismail","N","Normal Member","2024-10-15",623,"2026-06-16",14,4,101.46,3.54,97.92,97.92,24.48,5,2,2,"Potential Loyal","Low Risk","Cooking Essentials","George Town 88 Speedmart","George Town","Penang"
2180,"C2180","Mardhiah binti Abdullah","N","Normal Member","2024-04-09",812,"2025-08-21",313,13,431.29,0,431.29,431.29,33.18,1,4,4,"At Risk","High Risk","Rice and Grains","Kota Kinabalu 88 Speedmart","Kota Kinabalu","Sabah"
2181,"C2181","Aqilah binti Azman","N","VIP Member","2024-03-10",842,"2025-08-20",314,17,530.27,0,530.27,530.27,31.19,1,5,4,"At Risk","High Risk","Rice and Grains","Petaling Jaya 88 Speedmart","Petaling Jaya","Selangor"
2182,"C2182","Lim Ching Yee","N","Normal Member","2024-04-06",815,"2025-10-18",255,5,284.65,0,284.65,284.65,56.93,1,2,3,"Lost","High Risk","Snacks and Confectionery","Johor Bahru 88 Speedmart","Johor Bahru","Johor"
2183,"C2183","Low Siew Chin","N","Normal Member","2023-07-25",1071,"2026-03-19",103,5,145.58,0,145.58,145.58,29.12,2,2,2,"Hibernating","Medium Risk","Imported Goods","George Town 88 Speedmart","George Town","Penang"
2184,"C2184","Sabrina binti Ishak","N","Normal Member","2024-02-10",871,"2026-03-26",96,14,850.98,0,850.98,850.98,60.78,2,4,5,"At Risk","Medium Risk","Cooking Essentials","Kota Kinabalu 88 Speedmart","Kota Kinabalu","Sabah"
2185,"C2185","Ivan Giman","N","Non-Member",,,"2025-08-08",326,10,400.96,0,400.96,400.96,40.1,1,4,4,"At Risk","High Risk","Rice and Grains","Kota Kinabalu 88 Speedmart","Kota Kinabalu","Sabah"
2186,"C2186","Syahirah binti Ismail","N","Normal Member","2025-06-06",389,"2026-04-16",75,3,354.11,0,354.11,354.11,118.04,3,2,4,"Need Attention","Low Risk","Organic Foods","Shah Alam 88 Speedmart","Shah Alam","Selangor"
2187,"C2187","Chow Kin Hoong","N","Normal Member","2024-09-26",642,"2026-04-09",82,17,528.11,0,528.11,528.11,31.07,3,5,4,"Loyal Customers","Low Risk","Cooking Essentials","Kota Kinabalu 88 Speedmart","Kota Kinabalu","Sabah"
2188,"C2188","Tan Chui Shan","N","Non-Member",,,"2024-02-27",854,2,45.01,0,45.01,45.01,22.51,1,1,1,"Hibernating","Churned","Snacks and Confectionery","Melaka 88 Speedmart","Melaka","Melaka"
2189,"C2189","Koh Shu Fen","N","Non-Member",,,"2025-12-22",190,8,322.19,0,322.19,322.19,40.27,1,3,3,"At Risk","High Risk","Rice and Grains","George Town 88 Speedmart","George Town","Penang"
2190,"C2190","Dev a/l Maniam","N","VIP Member","2024-07-05",725,"2025-08-17",317,3,155,0,155,155,51.67,1,2,2,"Hibernating","High Risk","Personal Care","George Town 88 Speedmart","George Town","Penang"
2191,"C2191","Low Chee Keong","N","Normal Member","2025-07-09",356,"2026-02-15",135,8,376.86,4.53,372.33,372.33,46.54,2,3,4,"At Risk","Medium Risk","Baby Products","Ampang 88 Speedmart","Ampang","Selangor"
2192,"C2192","Ivan Giman","N","Non-Member",,,"2025-09-17",286,7,126.57,0,126.57,126.57,18.08,1,3,2,"At Risk","High Risk","Snacks and Confectionery","Ampang 88 Speedmart","Ampang","Selangor"
2193,"C2193","Chong Ching Yee","N","VIP Member","2025-05-24",402,"2026-01-02",179,5,219.23,0,219.23,219.23,43.85,2,2,3,"At Risk","Medium Risk","Rice and Grains","Ampang 88 Speedmart","Ampang","Selangor"
2194,"C2194","Lee Li Xuan","N","Normal Member","2024-07-21",709,"2024-09-28",640,3,78.39,0,78.39,78.39,26.13,1,2,1,"Hibernating","Churned","Beverages","Shah Alam 88 Speedmart","Shah Alam","Selangor"
2195,"C2195","Khalid bin Ishak","N","Non-Member",,,"2025-12-12",200,15,511.38,27.5,483.88,483.88,32.26,1,5,4,"At Risk","High Risk","Cooking Essentials","George Town 88 Speedmart","George Town","Penang"
2196,"C2196","Lim Seng Huat","N","Normal Member","2023-07-23",1073,"2026-06-16",14,2,71.12,0,71.12,71.12,35.56,5,1,1,"New Customers","Low Risk","Stationery and Daily Needs","Seremban 88 Speedmart","Seremban","Negeri Sembilan"
2197,"C2197","Chong Shu Fen","N","Non-Member",,,"2025-09-17",286,4,57.15,0,57.15,57.15,14.29,1,2,1,"Hibernating","High Risk","Cooking Essentials","Melaka 88 Speedmart","Melaka","Melaka"
2198,"C2198","Chew Pei Shan","N","Normal Member","2024-10-27",611,"2025-08-08",326,5,392,0,392,392,78.4,1,2,4,"Lost","High Risk","Instant Food","Klang 88 Speedmart","Klang","Selangor"
2199,"C2199","Nurul binti Ibrahim","N","VIP Member","2025-07-20",345,"2025-12-25",187,6,318.12,0,318.12,318.12,53.02,1,3,3,"At Risk","High Risk","Beverages","Klang 88 Speedmart","Klang","Selangor"
2200,"C2200","Nadia binti Zainal","N","VIP Member","2025-05-30",396,"2025-12-17",195,5,240.89,47.49,193.4,193.4,38.68,1,2,2,"Hibernating","High Risk","Rice and Grains","Petaling Jaya 88 Speedmart","Petaling Jaya","Selangor"
2201,"C2201","Nabilah binti Daud","N","Normal Member","2024-12-10",567,"2026-01-20",161,22,593.05,3.33,589.72,589.72,26.81,2,5,5,"At Risk","Medium Risk","Instant Food","Kota Kinabalu 88 Speedmart","Kota Kinabalu","Sabah"
2202,"C2202","Teoh Li Xuan","N","Normal Member","2024-11-05",602,"2024-12-28",549,2,82.24,0,82.24,82.24,41.12,1,1,1,"Hibernating","Churned","Cooking Essentials","George Town 88 Speedmart","George Town","Penang"
2203,"C2203","Adilah binti Mahmud","Y","VIP Member","2025-06-05",390,"2026-05-18",43,22,521.54,5.49,516.05,516.05,23.46,4,5,4,"Champions","Low Risk","Snacks and Confectionery","Seremban 88 Speedmart","Seremban","Negeri Sembilan"
2204,"C2204","Clarissa Tinggi","N","Normal Member","2023-11-09",964,"2026-01-27",154,1,47.16,0,47.16,47.16,47.16,2,1,1,"Hibernating","Medium Risk","Dairy Products","Melaka 88 Speedmart","Melaka","Melaka"
2205,"C2205","Loh Hong Sheng","N","Normal Member","2025-07-04",361,"2026-03-24",98,5,194.95,0,194.95,194.95,38.99,2,2,2,"Hibernating","Medium Risk","Instant Food","Seremban 88 Speedmart","Seremban","Negeri Sembilan"
2206,"C2206","Alvin Laja","N","Normal Member","2025-01-06",540,"2025-05-25",401,11,390.97,0,390.97,390.97,35.54,1,4,4,"At Risk","Churned","Cooking Essentials","Ampang 88 Speedmart","Ampang","Selangor"
2207,"C2207","Low Zi Xuan","N","VIP Member","2024-10-30",608,"2024-06-23",737,9,359.66,0,359.66,359.66,39.96,1,4,4,"At Risk","Churned","Household Cleaning","Ipoh 88 Speedmart","Ipoh","Perak"
2208,"C2208","Wong Chun Wai","N","Non-Member",,,"2026-06-29",1,2,152.1,0,152.1,152.1,76.05,5,1,2,"New Customers","Low Risk","Cooking Essentials","Cheras 88 Speedmart","Cheras","Kuala Lumpur"
2209,"C2209","Siti binti Salleh","N","Normal Member","2024-06-20",740,"2026-05-03",58,6,175.8,0,175.8,175.8,29.3,4,3,2,"Potential Loyal","Low Risk","Frozen Food","Cheras 88 Speedmart","Cheras","Kuala Lumpur"
2210,"C2210","Chong Zhi Hao","N","Normal Member","2025-05-08",418,"2025-10-24",249,4,128.08,0,128.08,128.08,32.02,1,2,2,"Hibernating","High Risk","Rice and Grains","Cheras 88 Speedmart","Cheras","Kuala Lumpur"
2211,"C2211","Zara binti Zainal","N","Normal Member","2025-02-04",511,"2026-06-30",0,5,298.66,0,298.66,298.66,59.73,5,2,3,"Potential Loyal","Low Risk","Rice and Grains","Johor Bahru 88 Speedmart","Johor Bahru","Johor"
2212,"C2212","Arif bin Jamal","N","Normal Member","2025-03-02",485,"2026-02-13",137,6,181.16,0,181.16,181.16,30.19,2,3,2,"At Risk","Medium Risk","Stationery and Daily Needs","Seremban 88 Speedmart","Seremban","Negeri Sembilan"
2213,"C2213","Loh Wai Keong","N","Normal Member","2023-12-26",917,"2026-06-30",0,7,329.06,0,329.06,329.06,47.01,5,3,3,"Potential Loyal","Low Risk","Instant Food","Klang 88 Speedmart","Klang","Selangor"
2214,"C2214","Aisyah binti Salleh","N","VIP Member","2024-09-14",654,"2025-04-25",431,2,76.33,0,76.33,76.33,38.17,1,1,1,"Hibernating","Churned","Frozen Food","Klang 88 Speedmart","Klang","Selangor"
2215,"C2215","Ivan a/l Raman","N","VIP Member","2024-11-01",606,"2024-06-17",743,1,28.62,0,28.62,28.62,28.62,1,1,1,"Hibernating","Churned","Frozen Food","Seremban 88 Speedmart","Seremban","Negeri Sembilan"
2216,"C2216","Qistina binti Razak","N","Non-Member",,,"2025-08-12",322,4,197.82,0,197.82,197.82,49.46,1,2,2,"Hibernating","High Risk","Frozen Food","Cheras 88 Speedmart","Cheras","Kuala Lumpur"
2217,"C2217","Aisyah binti Kamal","N","VIP Member","2023-09-06",1028,"2025-02-04",511,4,244.96,0,244.96,244.96,61.24,1,2,3,"Lost","Churned","Dairy Products","Kuching 88 Speedmart","Kuching","Sarawak"
2218,"C2218","Darren Rantai","Y","Non-Member",,,"2026-06-16",14,20,653.47,0,653.47,653.47,32.67,5,5,5,"Champions","Low Risk","Instant Food","Ampang 88 Speedmart","Ampang","Selangor"
2219,"C2219","Jannah binti Ibrahim","N","Non-Member",,,"2026-03-23",99,5,453.57,1.14,452.43,452.43,90.49,2,2,4,"At Risk","Medium Risk","Beverages","Ampang 88 Speedmart","Ampang","Selangor"
2220,"C2220","Grace a/p Pillai","N","Non-Member",,,"2025-10-10",263,12,304.7,0,304.7,304.7,25.39,1,4,3,"At Risk","High Risk","Rice and Grains","Shah Alam 88 Speedmart","Shah Alam","Selangor"
2221,"C2221","Adrian a/l Subramaniam","Y","Non-Member",,,"2025-12-22",190,10,397.91,0,397.91,397.91,39.79,1,4,4,"At Risk","High Risk","Household Cleaning","Kota Kinabalu 88 Speedmart","Kota Kinabalu","Sabah"
2222,"C2222","Aqilah binti Jamal","N","VIP Member","2025-02-19",496,"2024-09-09",659,6,189.51,0,189.51,189.51,31.59,1,3,2,"At Risk","Churned","Baby Products","Klang 88 Speedmart","Klang","Selangor"
2223,"C2223","Wong Jia En","N","Normal Member","2023-11-12",961,"2026-06-15",15,10,503.82,4.94,498.88,498.88,49.89,5,4,4,"Champions","Low Risk","Canned and Packaged Food","Ampang 88 Speedmart","Ampang","Selangor"
2224,"C2224","Nabilah binti Fauzi","N","Non-Member",,,"2025-05-31",395,5,222.19,0,222.19,222.19,44.44,1,2,3,"Lost","Churned","Stationery and Daily Needs","Ampang 88 Speedmart","Ampang","Selangor"
2225,"C2225","Chia Yi Wen","N","Normal Member","2025-05-31",395,"2026-05-28",33,4,114.55,6.1,108.45,108.45,27.11,4,2,2,"Potential Loyal","Low Risk","Baby Products","Cheras 88 Speedmart","Cheras","Kuala Lumpur"
2226,"C2226","Letchumy a/p Nair","N","VIP Member","2024-04-19",802,"2026-06-05",25,3,158.7,0,158.7,158.7,52.9,5,2,2,"Potential Loyal","Low Risk","Instant Food","Ipoh 88 Speedmart","Ipoh","Perak"
2227,"C2227","Deepa a/p Chandran","Y","Normal Member","2025-06-02",393,"2026-06-06",24,27,924.27,0,924.27,924.27,34.23,5,5,5,"Champions","Low Risk","Cooking Essentials","Ipoh 88 Speedmart","Ipoh","Perak"
2228,"C2228","Chin Cheng Wei","N","Normal Member","2023-11-25",948,"2025-05-30",396,9,640.58,0,640.58,640.58,71.18,1,4,5,"At Risk","Churned","Canned and Packaged Food","Johor Bahru 88 Speedmart","Johor Bahru","Johor"
2229,"C2229","Chew Yoke Leng","N","Non-Member",,,"2025-03-26",461,3,70.45,0,70.45,70.45,23.48,1,2,1,"Hibernating","Churned","Frozen Food","Cheras 88 Speedmart","Cheras","Kuala Lumpur"
2230,"C2230","Ishaan bin Mahmud","Y","Non-Member",,,"2026-06-17",13,15,586.72,3.49,583.23,583.23,38.88,5,5,5,"Champions","Low Risk","Beverages","Shah Alam 88 Speedmart","Shah Alam","Selangor"
2231,"C2231","Goh Mei Ling","N","Non-Member",,,"2026-06-29",1,6,146.76,0,146.76,146.76,24.46,5,3,2,"Potential Loyal","Low Risk","Instant Food","Kota Kinabalu 88 Speedmart","Kota Kinabalu","Sabah"
2232,"C2232","Hana binti Razak","N","Non-Member",,,"2026-02-20",130,4,191.64,0,191.64,191.64,47.91,2,2,2,"Hibernating","Medium Risk","Dairy Products","George Town 88 Speedmart","George Town","Penang"
2233,"C2233","Aisyah binti Ishak","N","Normal Member","2023-12-03",940,"2025-11-06",236,3,131.56,0,131.56,131.56,43.85,1,2,2,"Hibernating","High Risk","Stationery and Daily Needs","Shah Alam 88 Speedmart","Shah Alam","Selangor"
2234,"C2234","Joanne a/p Raman","N","Normal Member","2025-08-23",311,"2026-06-17",13,13,394.13,2.29,391.84,391.84,30.14,5,4,4,"Champions","Low Risk","Cooking Essentials","Johor Bahru 88 Speedmart","Johor Bahru","Johor"
2235,"C2235","Clarissa a/p Kaur","N","Non-Member",,,"2026-01-04",177,12,564.11,0,564.11,564.11,47.01,2,4,4,"At Risk","Medium Risk","Instant Food","Ipoh 88 Speedmart","Ipoh","Perak"
2236,"C2236","Luqman bin Fauzi","Y","Non-Member",,,"2026-06-16",14,19,720.39,0,720.39,720.39,37.92,5,5,5,"Champions","Low Risk","Rice and Grains","Johor Bahru 88 Speedmart","Johor Bahru","Johor"
2237,"C2237","Farhan bin Ismail","N","Normal Member","2025-08-02",332,"2024-01-22",890,3,324.68,0,324.68,324.68,108.23,1,2,3,"Lost","Churned","Rice and Grains","Kuching 88 Speedmart","Kuching","Sarawak"
2238,"C2238","Ahmad bin Ibrahim","N","Non-Member",,,"2026-06-29",1,5,120.56,0,120.56,120.56,24.11,5,2,2,"Potential Loyal","Low Risk","Canned and Packaged Food","Shah Alam 88 Speedmart","Shah Alam","Selangor"
2239,"C2239","Nabilah binti Razak","N","Non-Member",,,"2026-01-26",155,17,377.91,1.57,376.34,376.34,22.14,2,5,4,"At Risk","Medium Risk","Beverages","Johor Bahru 88 Speedmart","Johor Bahru","Johor"
2240,"C2240","Fong Jun Hao","N","Normal Member","2024-10-10",628,"2025-06-19",376,2,53.75,0,53.75,53.75,26.88,1,1,1,"Hibernating","Churned","Canned and Packaged Food","Kota Kinabalu 88 Speedmart","Kota Kinabalu","Sabah"
2241,"C2241","Ahmad bin Abdullah","N","VIP Member","2024-10-07",631,"2026-05-05",56,4,197.99,0,197.99,197.99,49.5,4,2,2,"Potential Loyal","Low Risk","Rice and Grains","Petaling Jaya 88 Speedmart","Petaling Jaya","Selangor"
2242,"C2242","Sabrina binti Razak","N","Non-Member",,,"2024-06-01",759,2,50.62,0,50.62,50.62,25.31,1,1,1,"Hibernating","Churned","Frozen Food","Seremban 88 Speedmart","Seremban","Negeri Sembilan"
2243,"C2243","Fong Hui Min","N","VIP Member","2024-08-19",680,"2026-05-08",53,3,325.74,0,325.74,325.74,108.58,4,2,3,"Potential Loyal","Low Risk","Dairy Products","Cheras 88 Speedmart","Cheras","Kuala Lumpur"
2244,"C2244","Nabil bin Zainal","Y","Normal Member","2025-07-04",361,"2026-02-06",144,17,344.63,0,344.63,344.63,20.27,2,5,3,"At Risk","Medium Risk","Cooking Essentials","Kota Kinabalu 88 Speedmart","Kota Kinabalu","Sabah"
2245,"C2245","Faris bin Abdullah","N","Non-Member",,,"2025-07-26",339,1,39.5,0,39.5,39.5,39.5,1,1,1,"Hibernating","High Risk","Alcoholic Beverages","Ipoh 88 Speedmart","Ipoh","Perak"
2246,"C2246","Nabilah binti Ismail","N","Non-Member",,,"2026-02-06",144,20,835.76,0,835.76,835.76,41.79,2,5,5,"At Risk","Medium Risk","Rice and Grains","Klang 88 Speedmart","Klang","Selangor"
2247,"C2247","Sanjay a/l Raman","N","Non-Member",,,"2025-05-03",423,1,196.59,0,196.59,196.59,196.59,1,1,2,"Hibernating","Churned","Premium Items","Shah Alam 88 Speedmart","Shah Alam","Selangor"
2248,"C2248","Harish a/l Singh","N","Normal Member","2024-01-23",889,"2025-10-07",266,12,472.84,7.93,464.91,464.91,38.74,1,4,4,"At Risk","High Risk","Instant Food","George Town 88 Speedmart","George Town","Penang"
2249,"C2249","Loh Ai Ling","N","Normal Member","2023-12-06",937,"2025-05-13",413,1,127.32,0,127.32,127.32,127.32,1,1,2,"Hibernating","Churned","Baby Products","Kuching 88 Speedmart","Kuching","Sarawak"
2250,"C2250","Khadijah binti Jamal","N","Non-Member",,,"2025-12-20",192,14,423.73,0,423.73,423.73,30.27,1,4,4,"At Risk","High Risk","Rice and Grains","Seremban 88 Speedmart","Seremban","Negeri Sembilan"
2251,"C2251","Imran bin Jamal","N","Normal Member","2024-10-30",608,"2025-06-13",382,16,800.75,0,800.75,800.75,50.05,1,5,5,"At Risk","Churned","Rice and Grains","Petaling Jaya 88 Speedmart","Petaling Jaya","Selangor"
2252,"C2252","Loh Yoke Leng","N","Non-Member",,,"2023-12-10",933,1,91.48,0,91.48,91.48,91.48,1,1,2,"Hibernating","Churned","Baby Products","George Town 88 Speedmart","George Town","Penang"
2253,"C2253","Teoh Wei Lun","N","Normal Member","2025-09-11",292,"2025-12-19",193,5,328.1,0,328.1,328.1,65.62,1,2,3,"Lost","High Risk","Cooking Essentials","Klang 88 Speedmart","Klang","Selangor"
2254,"C2254","Qistina binti Hassan","N","Non-Member",,,"2026-04-18",73,5,367.03,0,367.03,367.03,73.41,3,2,4,"Need Attention","Low Risk","Stationery and Daily Needs","Cheras 88 Speedmart","Cheras","Kuala Lumpur"
2255,"C2255","Rafiq bin Zainal","N","VIP Member","2024-12-06",571,"2025-05-23",403,3,75.26,0,75.26,75.26,25.09,1,2,1,"Hibernating","Churned","Beverages","Ipoh 88 Speedmart","Ipoh","Perak"
2256,"C2256","Kevin a/l Suresh","N","Non-Member",,,"2026-06-12",18,10,404.91,0,404.91,404.91,40.49,5,4,4,"Champions","Low Risk","Baby Products","Ampang 88 Speedmart","Ampang","Selangor"
2257,"C2257","Sabrina binti Mahmud","N","Normal Member","2024-04-17",804,"2025-12-13",199,6,143.64,0,143.64,143.64,23.94,1,3,2,"At Risk","High Risk","Rice and Grains","Melaka 88 Speedmart","Melaka","Melaka"
2258,"C2258","Yeoh Kin Hoong","N","VIP Member","2024-09-23",645,"2025-12-31",181,4,98.34,0,98.34,98.34,24.59,1,2,2,"Hibernating","High Risk","Baby Products","Cheras 88 Speedmart","Cheras","Kuala Lumpur"
2259,"C2259","Danish bin Mahmud","N","Normal Member","2025-06-20",375,"2023-12-17",926,1,15.08,1.43,13.65,13.65,13.65,1,1,1,"Hibernating","Churned","Household Cleaning","Cheras 88 Speedmart","Cheras","Kuala Lumpur"
2260,"C2260","Chow Yoke Leng","N","Normal Member","2025-05-14",412,"2025-05-03",423,3,71.79,0,71.79,71.79,23.93,1,2,1,"Hibernating","Churned","Dairy Products","Ipoh 88 Speedmart","Ipoh","Perak"
2261,"C2261","Fatin binti Ibrahim","N","Non-Member",,,"2026-06-18",12,9,239.6,0,239.6,239.6,26.62,5,4,3,"Loyal Customers","Low Risk","Personal Care","Kota Kinabalu 88 Speedmart","Kota Kinabalu","Sabah"
2262,"C2262","Ivan a/l Suresh","N","Normal Member","2024-06-05",755,"2025-10-25",248,4,339.48,0,339.48,339.48,84.87,1,2,3,"Lost","High Risk","Rice and Grains","George Town 88 Speedmart","George Town","Penang"
2263,"C2263","Nabil bin Mahmud","N","Normal Member","2025-04-07",449,"2026-05-04",57,13,545.47,1.96,543.51,543.51,41.81,4,4,4,"Champions","Low Risk","Baby Products","Melaka 88 Speedmart","Melaka","Melaka"
2264,"C2264","Lakshmi a/p Krishnan","N","Normal Member","2025-06-14",381,"2025-08-08",326,3,140.46,0,140.46,140.46,46.82,1,2,2,"Hibernating","High Risk","Baby Products","Petaling Jaya 88 Speedmart","Petaling Jaya","Selangor"
2265,"C2265","Chin Boon Hui","N","Normal Member","2024-09-27",641,"2025-07-12",353,7,267.72,0,267.72,267.72,38.25,1,3,3,"At Risk","High Risk","Beverages","Kuching 88 Speedmart","Kuching","Sarawak"
2266,"C2266","Loh Mei Qi","N","Normal Member","2024-03-15",837,"2025-11-13",229,6,240.91,0,240.91,240.91,40.15,1,3,3,"At Risk","High Risk","Canned and Packaged Food","George Town 88 Speedmart","George Town","Penang"
2267,"C2267","Adrian a/l Murugan","N","Non-Member",,,"2025-09-06",297,4,114.46,0,114.46,114.46,28.62,1,2,2,"Hibernating","High Risk","Cooking Essentials","Shah Alam 88 Speedmart","Shah Alam","Selangor"
2268,"C2268","Divya a/p Maniam","N","Non-Member",,,"2026-04-24",67,5,223.62,0,223.62,223.62,44.72,3,2,3,"Need Attention","Low Risk","Canned and Packaged Food","Kota Kinabalu 88 Speedmart","Kota Kinabalu","Sabah"
2269,"C2269","Arif bin Ishak","N","Normal Member","2023-10-03",1001,"2025-03-07",480,3,109.59,0,109.59,109.59,36.53,1,2,2,"Hibernating","Churned","Snacks and Confectionery","Kota Kinabalu 88 Speedmart","Kota Kinabalu","Sabah"
2270,"C2270","Deepa a/p Chandran","N","VIP Member","2024-09-18",650,"2026-06-14",16,13,451.86,4.06,447.8,447.8,34.45,5,4,4,"Champions","Low Risk","Canned and Packaged Food","Ipoh 88 Speedmart","Ipoh","Perak"
2271,"C2271","Adilah binti Fauzi","N","Non-Member",,,"2024-12-16",561,1,25.12,0,25.12,25.12,25.12,1,1,1,"Hibernating","Churned","Dairy Products","Cheras 88 Speedmart","Cheras","Kuala Lumpur"
2272,"C2272","Siti binti Salleh","N","Non-Member",,,"2023-12-14",929,2,239.09,0,239.09,239.09,119.55,1,1,3,"Lost","Churned","Premium Items","Ampang 88 Speedmart","Ampang","Selangor"
2273,"C2273","Hana binti Hassan","N","Normal Member","2025-02-05",510,"2026-03-18",104,2,34.9,0,34.9,34.9,17.45,2,1,1,"Hibernating","Medium Risk","Cooking Essentials","Seremban 88 Speedmart","Seremban","Negeri Sembilan"
2274,"C2274","Low Ai Ling","N","VIP Member","2025-04-29",427,"2026-02-03",147,4,159.97,0,159.97,159.97,39.99,2,2,2,"Hibernating","Medium Risk","Rice and Grains","Klang 88 Speedmart","Klang","Selangor"
2275,"C2275","Maisarah binti Omar","N","Normal Member","2023-12-30",913,"2025-06-15",380,4,133.66,0,133.66,133.66,33.42,1,2,2,"Hibernating","Churned","Personal Care","Ampang 88 Speedmart","Ampang","Selangor"
2276,"C2276","Nadia binti Jamal","N","Non-Member",,,"2024-12-13",564,3,31.37,0,31.37,31.37,10.46,1,2,1,"Hibernating","Churned","Household Cleaning","Johor Bahru 88 Speedmart","Johor Bahru","Johor"
2277,"C2277","Ahmad bin Azman","N","Non-Member",,,"2026-02-01",149,4,36.44,0,36.44,36.44,9.11,2,2,1,"Hibernating","Medium Risk","Household Cleaning","Johor Bahru 88 Speedmart","Johor Bahru","Johor"
2278,"C2278","Nabil bin Kamal","N","Normal Member","2024-04-06",815,"2025-03-18",469,4,117.63,5.29,112.34,112.34,28.09,1,2,2,"Hibernating","Churned","Rice and Grains","Ampang 88 Speedmart","Ampang","Selangor"
2279,"C2279","Hana binti Daud","N","Normal Member","2023-11-05",968,"2026-02-13",137,5,140.77,0,140.77,140.77,28.15,2,2,2,"Hibernating","Medium Risk","Rice and Grains","Melaka 88 Speedmart","Melaka","Melaka"
2280,"C2280","Nurul binti Basri","N","Non-Member",,,"2026-03-07",115,3,53.09,0,53.09,53.09,17.7,2,2,1,"Hibernating","Medium Risk","Alcoholic Beverages","Ampang 88 Speedmart","Ampang","Selangor"
2281,"C2281","Raymond Mawan","N","Normal Member","2023-10-23",981,"2026-04-18",73,3,93.14,0,93.14,93.14,31.05,3,2,2,"Need Attention","Low Risk","Canned and Packaged Food","Cheras 88 Speedmart","Cheras","Kuala Lumpur"
2282,"C2282","Deepa a/p Raman","N","Non-Member",,,"2026-01-03",178,2,38.91,0,38.91,38.91,19.46,2,1,1,"Hibernating","Medium Risk","Dairy Products","Petaling Jaya 88 Speedmart","Petaling Jaya","Selangor"
2283,"C2283","Rahul a/l Krishnan","N","Normal Member","2024-06-14",746,"2025-09-10",293,10,233.22,0,233.22,233.22,23.32,1,4,3,"At Risk","High Risk","Cooking Essentials","Klang 88 Speedmart","Klang","Selangor"
2284,"C2284","Syahirah binti Zainal","N","VIP Member","2024-12-15",562,"2025-04-20",436,5,178.26,10.01,168.25,168.25,33.65,1,2,2,"Hibernating","Churned","Rice and Grains","Petaling Jaya 88 Speedmart","Petaling Jaya","Selangor"
2285,"C2285","Adrian a/l Gopal","N","Non-Member",,,"2026-04-22",69,3,52.34,1.04,51.3,51.3,17.1,3,2,1,"Need Attention","Low Risk","Rice and Grains","Kota Kinabalu 88 Speedmart","Kota Kinabalu","Sabah"
2286,"C2286","Clarissa Tinggi","N","VIP Member","2024-07-24",706,"2025-05-11",415,8,298.41,0,298.41,298.41,37.3,1,3,3,"At Risk","Churned","Snacks and Confectionery","Klang 88 Speedmart","Klang","Selangor"
2287,"C2287","Koh Ming Jie","N","Non-Member",,,"2026-06-30",0,7,555.21,0,555.21,555.21,79.32,5,3,4,"Potential Loyal","Low Risk","Canned and Packaged Food","Seremban 88 Speedmart","Seremban","Negeri Sembilan"
2288,"C2288","Farah binti Fauzi","N","Normal Member","2023-11-06",967,"2024-01-30",882,2,139.75,0,139.75,139.75,69.88,1,1,2,"Hibernating","Churned","Household Cleaning","Kota Kinabalu 88 Speedmart","Kota Kinabalu","Sabah"
2289,"C2289","Harish a/l Nair","N","Normal Member","2024-02-05",876,"2026-06-18",12,3,86.01,0,86.01,86.01,28.67,5,2,1,"New Customers","Low Risk","Dairy Products","Ampang 88 Speedmart","Ampang","Selangor"
2290,"C2290","Yeoh Cheng Wei","N","VIP Member","2024-06-03",757,"2026-02-20",130,4,103.64,0,103.64,103.64,25.91,2,2,2,"Hibernating","Medium Risk","Baby Products","Seremban 88 Speedmart","Seremban","Negeri Sembilan"
2291,"C2291","Darren Rantai","N","Non-Member",,,"2026-06-15",15,11,328.57,0,328.57,328.57,29.87,5,4,3,"Loyal Customers","Low Risk","Beverages","Johor Bahru 88 Speedmart","Johor Bahru","Johor"
2292,"C2292","Marcus a/l Saminathan","N","Non-Member",,,"2026-02-06",144,5,214.67,0,214.67,214.67,42.93,2,2,3,"At Risk","Medium Risk","Frozen Food","Shah Alam 88 Speedmart","Shah Alam","Selangor"
2293,"C2293","Shalini a/p Pillai","N","Non-Member",,,"2025-05-23",403,3,117.57,0,117.57,117.57,39.19,1,2,2,"Hibernating","Churned","Personal Care","Cheras 88 Speedmart","Cheras","Kuala Lumpur"
2294,"C2294","Adilah binti Kamal","N","Normal Member","2025-09-05",298,"2026-03-20",102,7,345.18,1.65,343.53,343.53,49.08,2,3,3,"At Risk","Medium Risk","Rice and Grains","Klang 88 Speedmart","Klang","Selangor"
2295,"C2295","Nadia binti Hamid","N","Normal Member","2024-12-09",568,"2025-12-11",201,3,91.05,0,91.05,91.05,30.35,1,2,2,"Hibernating","High Risk","Stationery and Daily Needs","Klang 88 Speedmart","Klang","Selangor"
2296,"C2296","Nabil bin Nasir","N","Normal Member","2024-05-20",771,"2026-01-25",156,13,493.69,0,493.69,493.69,37.98,2,4,4,"At Risk","Medium Risk","Cooking Essentials","Ipoh 88 Speedmart","Ipoh","Perak"
2297,"C2297","Danish bin Omar","N","Non-Member",,,"2026-05-28",33,3,22.19,0,22.19,22.19,7.4,4,2,1,"New Customers","Low Risk","Instant Food","Ampang 88 Speedmart","Ampang","Selangor"
2298,"C2298","Chia Kin Hoong","N","Non-Member",,,"2026-06-03",27,2,29.66,0,29.66,29.66,14.83,5,1,1,"New Customers","Low Risk","Household Cleaning","Johor Bahru 88 Speedmart","Johor Bahru","Johor"
2299,"C2299","Wong Wai Keong","N","Normal Member","2024-11-10",597,"2026-04-08",83,21,741.02,1.47,739.55,739.55,35.22,3,5,5,"Loyal Customers","Low Risk","Household Cleaning","Klang 88 Speedmart","Klang","Selangor"
2300,"C2300","Nasir bin Hamid","N","Normal Member","2024-11-24",583,"2024-10-18",620,4,84.25,0,84.25,84.25,21.06,1,2,1,"Hibernating","Churned","Dairy Products","Cheras 88 Speedmart","Cheras","Kuala Lumpur"
2301,"C2301","Chin Ming Jie","N","Non-Member",,,"2025-07-11",354,5,265.33,1.8,263.53,263.53,52.71,1,2,3,"Lost","High Risk","Rice and Grains","Shah Alam 88 Speedmart","Shah Alam","Selangor"
2302,"C2302","Farah binti Azman","N","Normal Member","2024-01-30",882,"2026-06-09",21,4,208.15,0,208.15,208.15,52.04,5,2,3,"Potential Loyal","Low Risk","Frozen Food","Melaka 88 Speedmart","Melaka","Melaka"
2303,"C2303","Zahir bin Nasir","N","Non-Member",,,"2024-10-02",636,3,119.42,0,119.42,119.42,39.81,1,2,2,"Hibernating","Churned","Rice and Grains","Petaling Jaya 88 Speedmart","Petaling Jaya","Selangor"
2304,"C2304","Goh Kai Xin","N","Normal Member","2025-03-09",478,"2026-03-19",103,9,326.51,0,326.51,326.51,36.28,2,4,3,"At Risk","Medium Risk","Frozen Food","Kota Kinabalu 88 Speedmart","Kota Kinabalu","Sabah"
2305,"C2305","Raymond Mawan","N","VIP Member","2024-02-10",871,"2026-03-14",108,3,214.28,0,214.28,214.28,71.43,2,2,3,"At Risk","Medium Risk","Beverages","Ampang 88 Speedmart","Ampang","Selangor"
2306,"C2306","Chan Xin Yi","N","Normal Member","2024-08-06",693,,,0,0,0,0,0,,0,0,0,"Prospect","Prospect",,,,
2307,"C2307","Goh Li Xuan","N","VIP Member","2024-02-17",864,"2025-11-14",228,2,30.58,0,30.58,30.58,15.29,1,1,1,"Hibernating","High Risk","Beverages","Johor Bahru 88 Speedmart","Johor Bahru","Johor"
2308,"C2308","Yeoh Hui Min","N","Normal Member","2025-03-18",469,"2026-03-09",113,1,18.76,0,18.76,18.76,18.76,2,1,1,"Hibernating","Medium Risk","Canned and Packaged Food","George Town 88 Speedmart","George Town","Penang"
2309,"C2309","Khadijah binti Azman","N","Normal Member","2024-02-04",877,"2025-12-11",201,12,443.3,1.36,441.94,441.94,36.83,1,4,4,"At Risk","High Risk","Rice and Grains","Ampang 88 Speedmart","Ampang","Selangor"
2310,"C2310","Ong Jia Wei","N","Non-Member",,,"2026-03-26",96,5,136.27,1.82,134.45,134.45,26.89,2,2,2,"Hibernating","Medium Risk","Cooking Essentials","Cheras 88 Speedmart","Cheras","Kuala Lumpur"
2311,"C2311","Lee Kin Hoong","N","Non-Member",,,"2026-02-08",142,1,10.33,0,10.33,10.33,10.33,2,1,1,"Hibernating","Medium Risk","Instant Food","Shah Alam 88 Speedmart","Shah Alam","Selangor"
2312,"C2312","Zahir bin Yusof","Y","Non-Member",,,"2026-06-03",27,24,1015.5,0,1015.5,1015.5,42.31,5,5,5,"Champions","Low Risk","Dairy Products","Melaka 88 Speedmart","Melaka","Melaka"
2313,"C2313","Liyana binti Nasir","N","VIP Member","2025-04-23",433,"2026-06-14",16,11,369.55,0,369.55,369.55,33.6,5,4,4,"Champions","Low Risk","Canned and Packaged Food","Cheras 88 Speedmart","Cheras","Kuala Lumpur"
2314,"C2314","Farhan bin Ishak","N","VIP Member","2025-05-04",422,"2025-11-14",228,12,409.84,0,409.84,409.84,34.15,1,4,4,"At Risk","High Risk","Dairy Products","Johor Bahru 88 Speedmart","Johor Bahru","Johor"
2315,"C2315","Farah binti Nasir","N","Normal Member","2024-10-28",610,"2026-05-26",35,2,48.21,0,48.21,48.21,24.11,4,1,1,"New Customers","Low Risk","Frozen Food","Seremban 88 Speedmart","Seremban","Negeri Sembilan"
2316,"C2316","Chin Li Xuan","N","Non-Member",,,"2025-12-24",188,10,608.29,0,608.29,608.29,60.83,1,4,5,"At Risk","High Risk","Beverages","Shah Alam 88 Speedmart","Shah Alam","Selangor"
2317,"C2317","Ishaan a/l Suresh","Y","Normal Member","2025-07-20",345,"2026-06-14",16,17,622.12,0,622.12,622.12,36.6,5,5,5,"Champions","Low Risk","Beverages","Klang 88 Speedmart","Klang","Selangor"
2318,"C2318","Felix Jalong","N","Normal Member","2024-11-09",598,"2024-12-22",555,1,18.77,0,18.77,18.77,18.77,1,1,1,"Hibernating","Churned","Household Cleaning","George Town 88 Speedmart","George Town","Penang"
2319,"C2319","Farhan bin Hassan","N","Non-Member",,,"2025-10-01",272,6,226.74,0,226.74,226.74,37.79,1,3,3,"At Risk","High Risk","Baby Products","Seremban 88 Speedmart","Seremban","Negeri Sembilan"
2320,"C2320","Lee Li Xuan","N","Non-Member",,,"2026-04-18",73,12,403.44,0,403.44,403.44,33.62,3,4,4,"Loyal Customers","Low Risk","Cooking Essentials","Ampang 88 Speedmart","Ampang","Selangor"
2321,"C2321","Nasir bin Nasir","N","VIP Member","2025-08-11",323,"2025-07-04",361,5,69.51,0,69.51,69.51,13.9,1,2,1,"Hibernating","High Risk","Personal Care","Petaling Jaya 88 Speedmart","Petaling Jaya","Selangor"
2322,"C2322","Chow Hui Min","N","Normal Member","2024-05-06",785,"2026-02-05",145,13,529.42,0,529.42,529.42,40.72,2,4,4,"At Risk","Medium Risk","Cooking Essentials","Johor Bahru 88 Speedmart","Johor Bahru","Johor"
2323,"C2323","Victor Sagang","N","VIP Member","2024-01-27",885,"2026-05-14",47,5,142.34,0,142.34,142.34,28.47,4,2,2,"Potential Loyal","Low Risk","Instant Food","Shah Alam 88 Speedmart","Shah Alam","Selangor"
2324,"C2324","Chew Hong Sheng","N","VIP Member","2025-04-20",436,"2025-10-21",252,5,127.93,0,127.93,127.93,25.59,1,2,2,"Hibernating","High Risk","Personal Care","Petaling Jaya 88 Speedmart","Petaling Jaya","Selangor"
2325,"C2325","Khalid bin Basri","N","Normal Member","2024-10-18",620,"2026-03-27",95,4,141.66,0,141.66,141.66,35.42,2,2,2,"Hibernating","Medium Risk","Household Cleaning","Ampang 88 Speedmart","Ampang","Selangor"
2326,"C2326","Raymond a/l Gopal","N","Normal Member","2024-05-18",773,"2025-09-14",289,1,66.83,0,66.83,66.83,66.83,1,1,1,"Hibernating","High Risk","Frozen Food","Melaka 88 Speedmart","Melaka","Melaka"
2327,"C2327","Low Wan Ting","N","Non-Member",,,"2026-02-08",142,7,256.93,0,256.93,256.93,36.7,2,3,3,"At Risk","Medium Risk","Instant Food","Petaling Jaya 88 Speedmart","Petaling Jaya","Selangor"
2328,"C2328","Danish bin Ibrahim","N","Non-Member",,,"2025-05-22",404,4,282.15,0,282.15,282.15,70.54,1,2,3,"Lost","Churned","Imported Goods","Seremban 88 Speedmart","Seremban","Negeri Sembilan"
2329,"C2329","Rafiq bin Jamal","N","Normal Member","2024-03-05",847,"2025-07-10",355,3,99.94,0,99.94,99.94,33.31,1,2,2,"Hibernating","High Risk","Rice and Grains","Klang 88 Speedmart","Klang","Selangor"
2330,"C2330","Koh Kai Jie","N","Non-Member",,,"2025-11-20",222,4,87.17,0,87.17,87.17,21.79,1,2,1,"Hibernating","High Risk","Instant Food","Kota Kinabalu 88 Speedmart","Kota Kinabalu","Sabah"
2331,"C2331","Nadia binti Hassan","N","VIP Member","2024-05-07",784,"2026-04-18",73,2,133.68,0,133.68,133.68,66.84,3,1,2,"Need Attention","Low Risk","Alcoholic Beverages","Ipoh 88 Speedmart","Ipoh","Perak"
2332,"C2332","Loh Shi Hao","Y","Normal Member","2024-10-06",632,"2026-06-10",20,21,605.83,2.08,603.75,603.75,28.75,5,5,5,"Champions","Low Risk","Cooking Essentials","Seremban 88 Speedmart","Seremban","Negeri Sembilan"
2333,"C2333","Sonia Janting","N","Normal Member","2025-04-27",429,"2025-10-17",256,6,346.97,0,346.97,346.97,57.83,1,3,3,"At Risk","High Risk","Snacks and Confectionery","Kota Kinabalu 88 Speedmart","Kota Kinabalu","Sabah"
2334,"C2334","Clarissa Tinggi","N","Non-Member",,,"2024-11-12",595,1,27.91,0,27.91,27.91,27.91,1,1,1,"Hibernating","Churned","Household Cleaning","Melaka 88 Speedmart","Melaka","Melaka"
2335,"C2335","Naveen a/l Vijayan","N","VIP Member","2024-11-01",606,"2024-08-13",686,1,12.9,0,12.9,12.9,12.9,1,1,1,"Hibernating","Churned","Beverages","Seremban 88 Speedmart","Seremban","Negeri Sembilan"
2336,"C2336","Lim Kai Xin","N","Normal Member","2024-05-14",777,"2026-01-10",171,4,218.71,0,218.71,218.71,54.68,2,2,3,"At Risk","Medium Risk","Organic Foods","Kota Kinabalu 88 Speedmart","Kota Kinabalu","Sabah"
2337,"C2337","Sabrina binti Nasir","N","Non-Member",,,"2025-06-06",389,4,290.23,0,290.23,290.23,72.56,1,2,3,"Lost","Churned","Frozen Food","Shah Alam 88 Speedmart","Shah Alam","Selangor"
2338,"C2338","Teoh Wai Keong","N","Non-Member",,,"2025-04-13",443,3,142.47,0,142.47,142.47,47.49,1,2,2,"Hibernating","Churned","Baby Products","George Town 88 Speedmart","George Town","Penang"
2339,"C2339","Nabil bin Ishak","N","Normal Member","2024-02-05",876,"2025-10-23",250,2,91.11,0,91.11,91.11,45.56,1,1,2,"Hibernating","High Risk","Rice and Grains","Cheras 88 Speedmart","Cheras","Kuala Lumpur"
2340,"C2340","Lee Jia Wei","N","Non-Member",,,"2026-04-12",79,6,213,4.85,208.15,208.15,34.69,3,3,3,"Need Attention","Low Risk","Cooking Essentials","Cheras 88 Speedmart","Cheras","Kuala Lumpur"
2341,"C2341","Alvin Laja","N","VIP Member","2024-10-22",616,"2025-11-07",235,3,71.81,0,71.81,71.81,23.94,1,2,1,"Hibernating","High Risk","Instant Food","Petaling Jaya 88 Speedmart","Petaling Jaya","Selangor"
2342,"C2342","Harish a/l Kumar","N","VIP Member","2025-07-03",362,"2025-10-25",248,8,317.3,0,317.3,317.3,39.66,1,3,3,"At Risk","High Risk","Rice and Grains","Johor Bahru 88 Speedmart","Johor Bahru","Johor"
2343,"C2343","Loh Hui Ying","N","VIP Member","2024-05-24",767,"2024-11-03",604,4,165.83,0,165.83,165.83,41.46,1,2,2,"Hibernating","Churned","Canned and Packaged Food","Ampang 88 Speedmart","Ampang","Selangor"
2344,"C2344","Nabilah binti Ishak","N","Normal Member","2024-09-29",639,"2025-12-13",199,10,222.62,6.85,215.77,215.77,21.58,1,4,3,"At Risk","High Risk","Cooking Essentials","Cheras 88 Speedmart","Cheras","Kuala Lumpur"
2345,"C2345","Luqman bin Fauzi","N","VIP Member","2024-11-16",591,"2026-03-05",117,4,75.98,0,75.98,75.98,19,2,2,1,"Hibernating","Medium Risk","Beverages","Klang 88 Speedmart","Klang","Selangor"
2346,"C2346","Sabrina binti Basri","Y","Non-Member",,,"2026-03-06",116,17,467.15,0,467.15,467.15,27.48,2,5,4,"At Risk","Medium Risk","Dairy Products","Kota Kinabalu 88 Speedmart","Kota Kinabalu","Sabah"
2347,"C2347","Saraswathy a/p Subramaniam","N","Normal Member","2024-06-02",758,"2026-03-08",114,8,245.41,0,245.41,245.41,30.68,2,3,3,"At Risk","Medium Risk","Snacks and Confectionery","Ipoh 88 Speedmart","Ipoh","Perak"
2348,"C2348","Alvin Laja","N","Normal Member","2025-07-21",344,"2025-11-26",216,14,462.26,6.5,455.76,455.76,32.55,1,4,4,"At Risk","High Risk","Personal Care","Kota Kinabalu 88 Speedmart","Kota Kinabalu","Sabah"
2349,"C2349","Ho Cheng Wei","N","Non-Member",,,"2026-06-12",18,2,104.9,0,104.9,104.9,52.45,5,1,2,"New Customers","Low Risk","Frozen Food","Melaka 88 Speedmart","Melaka","Melaka"
2350,"C2350","Sabrina binti Jamal","N","Normal Member","2024-01-30",882,"2026-06-06",24,4,127.5,0,127.5,127.5,31.88,5,2,2,"Potential Loyal","Low Risk","Alcoholic Beverages","Shah Alam 88 Speedmart","Shah Alam","Selangor"
2351,"C2351","Tan Mei Ling","N","VIP Member","2025-07-25",340,"2026-01-20",161,3,52.23,0,52.23,52.23,17.41,2,2,1,"Hibernating","Medium Risk","Frozen Food","Cheras 88 Speedmart","Cheras","Kuala Lumpur"
2352,"C2352","Loh Wei Lun","N","Non-Member",,,"2026-06-23",7,4,255.97,0,255.97,255.97,63.99,5,2,3,"Potential Loyal","Low Risk","Organic Foods","Ipoh 88 Speedmart","Ipoh","Perak"
2353,"C2353","Syahirah binti Abdullah","N","VIP Member","2025-09-16",287,"2025-06-10",385,3,87.3,0,87.3,87.3,29.1,1,2,1,"Hibernating","Churned","Personal Care","Ipoh 88 Speedmart","Ipoh","Perak"
2354,"C2354","Marcus a/l Balakrishnan","Y","VIP Member","2025-07-09",356,"2026-05-05",56,15,408.06,12.11,395.95,395.95,26.4,4,5,4,"Champions","Low Risk","Rice and Grains","Seremban 88 Speedmart","Seremban","Negeri Sembilan"
2355,"C2355","Chew Kai Jie","N","Normal Member","2024-04-16",805,"2025-02-03",512,4,179.83,0,179.83,179.83,44.96,1,2,2,"Hibernating","Churned","Frozen Food","George Town 88 Speedmart","George Town","Penang"
2356,"C2356","Ishaan bin Jamal","N","Non-Member",,,"2025-09-19",284,11,476.78,0,476.78,476.78,43.34,1,4,4,"At Risk","High Risk","Instant Food","Klang 88 Speedmart","Klang","Selangor"
2357,"C2357","Fatin binti Abdullah","N","Normal Member","2024-06-05",755,"2026-04-28",63,11,361.97,0,361.97,361.97,32.91,3,4,4,"Loyal Customers","Low Risk","Beverages","Kota Kinabalu 88 Speedmart","Kota Kinabalu","Sabah"
2358,"C2358","Koh Yoke Leng","N","Non-Member",,,"2026-02-19",131,7,249.25,0,249.25,249.25,35.61,2,3,3,"At Risk","Medium Risk","Personal Care","Seremban 88 Speedmart","Seremban","Negeri Sembilan"
2359,"C2359","Mardhiah binti Ahmad","N","VIP Member","2024-10-23",615,"2026-04-08",83,7,255.42,0,255.42,255.42,36.49,3,3,3,"Need Attention","Low Risk","Canned and Packaged Food","Shah Alam 88 Speedmart","Shah Alam","Selangor"
2360,"C2360","Chow Cheng Wei","Y","Normal Member","2025-05-24",402,"2026-04-05",86,18,569.85,1.21,568.64,568.64,31.59,3,5,4,"Loyal Customers","Low Risk","Rice and Grains","Shah Alam 88 Speedmart","Shah Alam","Selangor"
2361,"C2361","Tan Ching Yee","N","Normal Member","2024-05-30",761,"2026-02-16",134,8,151.48,0,151.48,151.48,18.94,2,3,2,"At Risk","Medium Risk","Canned and Packaged Food","Kuching 88 Speedmart","Kuching","Sarawak"
2362,"C2362","Koh Zhi Qing","N","Normal Member","2024-09-17",651,"2026-05-10",51,1,44.47,0,44.47,44.47,44.47,4,1,1,"New Customers","Low Risk","Dairy Products","Shah Alam 88 Speedmart","Shah Alam","Selangor"
2363,"C2363","Yeoh Chui Shan","N","Normal Member","2025-08-06",328,"2025-10-05",268,4,140.68,0,140.68,140.68,35.17,1,2,2,"Hibernating","High Risk","Baby Products","Kuching 88 Speedmart","Kuching","Sarawak"
2364,"C2364","Mardhiah binti Mahmud","N","Normal Member","2025-01-20",526,"2025-06-21",374,10,227.43,0,227.43,227.43,22.74,1,4,3,"At Risk","Churned","Dairy Products","Shah Alam 88 Speedmart","Shah Alam","Selangor"
2365,"C2365","Lee Yi Wen","N","VIP Member","2023-12-24",919,"2025-12-01",211,1,13.74,0,13.74,13.74,13.74,1,1,1,"Hibernating","High Risk","Personal Care","Seremban 88 Speedmart","Seremban","Negeri Sembilan"
2366,"C2366","Fong Kai Jie","N","Normal Member","2024-02-19",862,"2025-12-03",209,2,50,0,50,50,25,1,1,1,"Hibernating","High Risk","Baby Products","Petaling Jaya 88 Speedmart","Petaling Jaya","Selangor"
2367,"C2367","Irfan bin Ibrahim","N","Normal Member","2025-09-12",291,"2026-02-26",124,14,317.2,0,317.2,317.2,22.66,2,4,3,"At Risk","Medium Risk","Cooking Essentials","Johor Bahru 88 Speedmart","Johor Bahru","Johor"
2368,"C2368","Irfan bin Fauzi","N","Non-Member",,,"2026-04-09",82,2,26.96,0,26.96,26.96,13.48,3,1,1,"Need Attention","Low Risk","Dairy Products","Cheras 88 Speedmart","Cheras","Kuala Lumpur"
2369,"C2369","Chia Seng Huat","N","VIP Member","2025-01-22",524,"2024-04-17",804,1,32.33,0,32.33,32.33,32.33,1,1,1,"Hibernating","Churned","Rice and Grains","Petaling Jaya 88 Speedmart","Petaling Jaya","Selangor"
2370,"C2370","Wong Kai Xin","N","Non-Member",,,"2026-05-02",59,2,45.04,0,45.04,45.04,22.52,4,1,1,"New Customers","Low Risk","Beverages","Ipoh 88 Speedmart","Ipoh","Perak"
2371,"C2371","Darren a/l Kumar","N","Normal Member","2024-07-29",701,"2025-08-14",320,4,130.7,1.57,129.13,129.13,32.28,1,2,2,"Hibernating","High Risk","Dairy Products","Klang 88 Speedmart","Klang","Selangor"
2372,"C2372","Saraswathy a/p Letchumy","N","Non-Member",,,"2026-01-23",158,2,68.17,0,68.17,68.17,34.09,2,1,1,"Hibernating","Medium Risk","Household Cleaning","Seremban 88 Speedmart","Seremban","Negeri Sembilan"
2373,"C2373","Aiman bin Mahmud","N","Non-Member",,,"2024-10-25",613,2,45.15,0,45.15,45.15,22.58,1,1,1,"Hibernating","Churned","Personal Care","Ampang 88 Speedmart","Ampang","Selangor"
2374,"C2374","Chow Mei Ling","N","Normal Member","2025-02-09",506,"2025-07-30",335,5,165.13,0,165.13,165.13,33.03,1,2,2,"Hibernating","High Risk","Snacks and Confectionery","Ampang 88 Speedmart","Ampang","Selangor"
2375,"C2375","Meera a/p Maniam","N","Non-Member",,,"2026-01-09",172,13,621.07,0,621.07,621.07,47.77,2,4,5,"At Risk","Medium Risk","Rice and Grains","Petaling Jaya 88 Speedmart","Petaling Jaya","Selangor"
2376,"C2376","Hana binti Nasir","N","Normal Member","2025-04-06",450,"2025-01-25",521,7,280.94,0,280.94,280.94,40.13,1,3,3,"At Risk","Churned","Rice and Grains","Seremban 88 Speedmart","Seremban","Negeri Sembilan"
2377,"C2377","Ivan a/l Balakrishnan","N","Normal Member","2024-07-05",725,"2025-12-26",186,2,134.54,0,134.54,134.54,67.27,1,1,2,"Hibernating","High Risk","Snacks and Confectionery","George Town 88 Speedmart","George Town","Penang"
2378,"C2378","Fong Siew Chin","N","Non-Member",,,"2025-12-08",204,1,19.63,0,19.63,19.63,19.63,1,1,1,"Hibernating","High Risk","Snacks and Confectionery","Klang 88 Speedmart","Klang","Selangor"
2379,"C2379","Felix Jalong","N","Normal Member","2025-01-23",523,"2025-08-08",326,2,73.34,0,73.34,73.34,36.67,1,1,1,"Hibernating","High Risk","Baby Products","Kuching 88 Speedmart","Kuching","Sarawak"
2380,"C2380","Meera a/p Kaur","N","Normal Member","2025-04-21",435,"2026-04-04",87,17,1068.21,3.4,1064.81,1064.81,62.64,3,5,5,"Loyal Customers","Low Risk","Rice and Grains","George Town 88 Speedmart","George Town","Penang"
2381,"C2381","Kavitha a/p Anand","N","Non-Member",,,"2026-01-13",168,3,167.35,0,167.35,167.35,55.78,2,2,2,"Hibernating","Medium Risk","Organic Foods","Ampang 88 Speedmart","Ampang","Selangor"
2382,"C2382","Kevin Kedit","N","VIP Member","2024-10-29",609,"2025-01-13",533,2,78.31,0,78.31,78.31,39.16,1,1,1,"Hibernating","Churned","Beverages","George Town 88 Speedmart","George Town","Penang"
2383,"C2383","Fong Kin Hoong","Y","VIP Member","2024-09-15",653,"2026-06-13",17,18,630.22,0,630.22,630.22,35.01,5,5,5,"Champions","Low Risk","Dairy Products","Klang 88 Speedmart","Klang","Selangor"
2384,"C2384","Hana binti Zainal","N","Non-Member",,,"2025-12-20",192,16,556.11,0,556.11,556.11,34.76,1,5,4,"At Risk","High Risk","Instant Food","Petaling Jaya 88 Speedmart","Petaling Jaya","Selangor"
2385,"C2385","Dev a/l Raj","N","Normal Member","2025-09-07",296,"2026-05-17",44,2,83.41,0,83.41,83.41,41.71,4,1,1,"New Customers","Low Risk","Personal Care","Ampang 88 Speedmart","Ampang","Selangor"
2386,"C2386","Ishaan bin Salleh","N","Non-Member",,,"2025-06-12",383,4,78.87,0,78.87,78.87,19.72,1,2,1,"Hibernating","Churned","Rice and Grains","Cheras 88 Speedmart","Cheras","Kuala Lumpur"
2387,"C2387","Farhan bin Basri","Y","Non-Member",,,"2026-06-08",22,25,554.72,0,554.72,554.72,22.19,5,5,4,"Champions","Low Risk","Instant Food","Ampang 88 Speedmart","Ampang","Selangor"
2388,"C2388","Nurul binti Omar","N","Normal Member","2025-10-20",253,"2026-02-02",148,14,465.1,4.07,461.03,461.03,32.93,2,4,4,"At Risk","Medium Risk","Baby Products","Ampang 88 Speedmart","Ampang","Selangor"
2389,"C2389","Nurul binti Basri","N","VIP Member","2024-02-17",864,"2026-01-29",152,3,47.65,2.26,45.39,45.39,15.13,2,2,1,"Hibernating","Medium Risk","Dairy Products","Ampang 88 Speedmart","Ampang","Selangor"
2390,"C2390","Arif bin Daud","N","Non-Member",,,"2025-01-28",518,3,75.77,0,75.77,75.77,25.26,1,2,1,"Hibernating","Churned","Personal Care","Kuching 88 Speedmart","Kuching","Sarawak"
2391,"C2391","Low Shi Hao","N","VIP Member","2025-07-10",355,"2025-02-09",506,3,68.54,0,68.54,68.54,22.85,1,2,1,"Hibernating","Churned","Rice and Grains","George Town 88 Speedmart","George Town","Penang"
2392,"C2392","Goh Hong Sheng","N","Normal Member","2025-06-01",394,"2025-08-29",305,3,115.48,0,115.48,115.48,38.49,1,2,2,"Hibernating","High Risk","Cooking Essentials","Kuching 88 Speedmart","Kuching","Sarawak"
2393,"C2393","Intan binti Ismail","Y","Non-Member",,,"2026-06-07",23,23,839.12,7.5,831.62,831.62,36.16,5,5,5,"Champions","Low Risk","Cooking Essentials","Ampang 88 Speedmart","Ampang","Selangor"
2394,"C2394","Nabil bin Ishak","N","VIP Member","2024-10-21",617,"2025-12-11",201,7,235.1,0,235.1,235.1,33.59,1,3,3,"At Risk","High Risk","Rice and Grains","Klang 88 Speedmart","Klang","Selangor"
2395,"C2395","Intan binti Mahmud","N","VIP Member","2025-07-02",363,,,0,0,0,0,0,,0,0,0,"Prospect","Prospect",,,,
2396,"C2396","Alvin Laja","N","Non-Member",,,"2025-09-13",290,3,54.46,0,54.46,54.46,18.15,1,2,1,"Hibernating","High Risk","Frozen Food","Melaka 88 Speedmart","Melaka","Melaka"
2397,"C2397","Chan Shu Fen","N","VIP Member","2024-02-15",866,"2026-04-12",79,7,115.15,0,115.15,115.15,16.45,3,3,2,"Need Attention","Low Risk","Cooking Essentials","Johor Bahru 88 Speedmart","Johor Bahru","Johor"
2398,"C2398","Qistina binti Hassan","N","Non-Member",,,"2026-06-19",11,4,119.1,0,119.1,119.1,29.78,5,2,2,"Potential Loyal","Low Risk","Household Cleaning","Melaka 88 Speedmart","Melaka","Melaka"
2399,"C2399","Yeoh Cheng Wei","N","Non-Member",,,"2026-04-11",80,5,124.71,0,124.71,124.71,24.94,3,2,2,"Need Attention","Low Risk","Beverages","Klang 88 Speedmart","Klang","Selangor"
2400,"C2400","Devi a/p Anand","N","Non-Member",,,"2025-05-26",400,6,132.43,0,132.43,132.43,22.07,1,3,2,"At Risk","Churned","Canned and Packaged Food","George Town 88 Speedmart","George Town","Penang"
2401,"C2401","Loh Cheng Wei","N","Normal Member","2024-05-13",778,"2026-06-20",10,10,174.27,0,174.27,174.27,17.43,5,4,2,"Potential Loyal","Low Risk","Snacks and Confectionery","George Town 88 Speedmart","George Town","Penang"
2402,"C2402","Faris bin Basri","N","Non-Member",,,"2026-04-13",78,3,121.15,0,121.15,121.15,40.38,3,2,2,"Need Attention","Low Risk","Beverages","George Town 88 Speedmart","George Town","Penang"
2403,"C2403","Irfan bin Hamid","N","Non-Member",,,"2025-04-14",442,8,348.57,1.85,346.72,346.72,43.34,1,3,3,"At Risk","Churned","Baby Products","Petaling Jaya 88 Speedmart","Petaling Jaya","Selangor"
2404,"C2404","Syahirah binti Ahmad","N","Non-Member",,,"2024-12-23",554,7,309.42,0,309.42,309.42,44.2,1,3,3,"At Risk","Churned","Dairy Products","Ampang 88 Speedmart","Ampang","Selangor"
2405,"C2405","Ishaan bin Jamal","N","Non-Member",,,"2026-03-10",112,14,365.81,0,365.81,365.81,26.13,2,4,4,"At Risk","Medium Risk","Cooking Essentials","Seremban 88 Speedmart","Seremban","Negeri Sembilan"
2406,"C2406","Darren a/l Raj","N","Normal Member","2024-12-09",568,"2025-05-31",395,2,134.35,0,134.35,134.35,67.18,1,1,2,"Hibernating","Churned","Frozen Food","Kota Kinabalu 88 Speedmart","Kota Kinabalu","Sabah"
2407,"C2407","Zahir bin Ahmad","N","Non-Member",,,"2024-09-10",658,2,70.53,0,70.53,70.53,35.27,1,1,1,"Hibernating","Churned","Personal Care","Melaka 88 Speedmart","Melaka","Melaka"
2408,"C2408","Aisyah binti Yusof","N","Normal Member","2024-12-24",553,"2026-03-26",96,14,588.8,0,588.8,588.8,42.06,2,4,5,"At Risk","Medium Risk","Cooking Essentials","Petaling Jaya 88 Speedmart","Petaling Jaya","Selangor"
2409,"C2409","Wong Wei Lun","N","Normal Member","2024-07-15",715,"2024-11-20",587,2,97.38,0,97.38,97.38,48.69,1,1,2,"Hibernating","Churned","Premium Items","Shah Alam 88 Speedmart","Shah Alam","Selangor"
2410,"C2410","Arif bin Omar","N","Normal Member","2024-12-19",558,"2026-03-14",108,6,219.31,0,219.31,219.31,36.55,2,3,3,"At Risk","Medium Risk","Rice and Grains","Klang 88 Speedmart","Klang","Selangor"
2411,"C2411","Koh Yi Chen","N","Normal Member","2023-12-29",914,"2025-10-26",247,8,233.24,0,233.24,233.24,29.16,1,3,3,"At Risk","High Risk","Personal Care","Seremban 88 Speedmart","Seremban","Negeri Sembilan"
2412,"C2412","Ishaan a/l Pillai","N","VIP Member","2025-08-05",329,"2024-10-31",607,1,46.62,0,46.62,46.62,46.62,1,1,1,"Hibernating","Churned","Stationery and Daily Needs","Johor Bahru 88 Speedmart","Johor Bahru","Johor"
2413,"C2413","Lim Mei Ling","N","Normal Member","2025-05-07",419,"2025-12-27",185,8,253.11,0,253.11,253.11,31.64,1,3,3,"At Risk","High Risk","Personal Care","Ampang 88 Speedmart","Ampang","Selangor"
2414,"C2414","Sonia Janting","N","Normal Member","2024-12-03",574,"2024-11-03",604,1,12.98,0,12.98,12.98,12.98,1,1,1,"Hibernating","Churned","Snacks and Confectionery","Petaling Jaya 88 Speedmart","Petaling Jaya","Selangor"
2415,"C2415","Kavitha a/p Pillai","Y","Normal Member","2025-05-29",397,"2026-05-03",58,16,620.46,15.58,604.88,604.88,37.81,4,5,5,"Champions","Low Risk","Cooking Essentials","George Town 88 Speedmart","George Town","Penang"
2416,"C2416","Ishaan bin Yusof","N","VIP Member","2025-02-26",489,"2025-06-26",369,4,132.35,0,132.35,132.35,33.09,1,2,2,"Hibernating","Churned","Canned and Packaged Food","Johor Bahru 88 Speedmart","Johor Bahru","Johor"
2417,"C2417","Syahirah binti Ishak","N","Non-Member",,,"2025-05-28",398,4,177.86,3.31,174.55,174.55,43.64,1,2,2,"Hibernating","Churned","Cooking Essentials","Kuching 88 Speedmart","Kuching","Sarawak"
2418,"C2418","Dev a/l Subramaniam","N","Normal Member","2025-01-20",526,"2026-05-30",31,7,270.73,0,270.73,270.73,38.68,4,3,3,"Potential Loyal","Low Risk","Personal Care","Ipoh 88 Speedmart","Ipoh","Perak"
2419,"C2419","Farah binti Hassan","N","Normal Member","2025-11-15",227,"2026-04-01",90,4,96.09,0,96.09,96.09,24.02,3,2,2,"Need Attention","Low Risk","Rice and Grains","Kota Kinabalu 88 Speedmart","Kota Kinabalu","Sabah"
2420,"C2420","Marcus a/l Rao","N","Normal Member","2025-05-13",413,"2025-04-02",454,2,237.68,0,237.68,237.68,118.84,1,1,3,"Lost","Churned","Personal Care","Kota Kinabalu 88 Speedmart","Kota Kinabalu","Sabah"
2421,"C2421","Goh Li Xuan","N","Normal Member","2025-11-13",229,"2026-05-16",45,3,167.68,0,167.68,167.68,55.89,4,2,2,"Potential Loyal","Low Risk","Rice and Grains","Ampang 88 Speedmart","Ampang","Selangor"
2422,"C2422","Chew Ming Jie","N","VIP Member","2025-12-12",200,"2025-11-01",241,3,135.33,2.21,133.12,133.12,44.37,1,2,2,"Hibernating","High Risk","Household Cleaning","Ipoh 88 Speedmart","Ipoh","Perak"
2423,"C2423","Natalie Nanta","N","Normal Member","2025-02-15",500,"2026-06-12",18,17,569.71,3.71,566,566,33.29,5,5,4,"Champions","Low Risk","Frozen Food","Klang 88 Speedmart","Klang","Selangor"
2424,"C2424","Lee Chui Shan","N","Normal Member","2025-12-28",184,"2025-10-26",247,7,212.5,0,212.5,212.5,30.36,1,3,3,"At Risk","High Risk","Canned and Packaged Food","Cheras 88 Speedmart","Cheras","Kuala Lumpur"
2425,"C2425","Aqilah binti Fauzi","N","Normal Member","2024-06-14",746,"2025-05-24",402,5,198.06,0,198.06,198.06,39.61,1,2,2,"Hibernating","Churned","Dairy Products","Klang 88 Speedmart","Klang","Selangor"
2426,"C2426","Nabil bin Azman","N","Non-Member",,,"2025-04-19",437,3,87.63,0,87.63,87.63,29.21,1,2,2,"Hibernating","Churned","Cooking Essentials","Cheras 88 Speedmart","Cheras","Kuala Lumpur"
2427,"C2427","Ong Wei Lun","N","Normal Member","2024-08-24",675,"2025-11-06",236,2,122.38,0,122.38,122.38,61.19,1,1,2,"Hibernating","High Risk","Beverages","Cheras 88 Speedmart","Cheras","Kuala Lumpur"
2428,"C2428","Danish bin Azman","N","Normal Member","2024-05-13",778,"2026-01-25",156,3,158.2,0,158.2,158.2,52.73,2,2,2,"Hibernating","Medium Risk","Snacks and Confectionery","Ipoh 88 Speedmart","Ipoh","Perak"
2429,"C2429","Farhan bin Daud","N","VIP Member","2025-01-18",528,"2026-03-25",97,3,265.81,0,265.81,265.81,88.6,2,2,3,"At Risk","Medium Risk","Dairy Products","Cheras 88 Speedmart","Cheras","Kuala Lumpur"
2430,"C2430","Fong Kai Jie","N","Non-Member",,,"2025-12-21",191,6,378.17,0,378.17,378.17,63.03,1,3,4,"At Risk","High Risk","Dairy Products","Kota Kinabalu 88 Speedmart","Kota Kinabalu","Sabah"
2431,"C2431","Khadijah binti Zainal","N","Normal Member","2024-03-29",823,"2026-05-05",56,4,123.96,0,123.96,123.96,30.99,4,2,2,"Potential Loyal","Low Risk","Cooking Essentials","Ampang 88 Speedmart","Ampang","Selangor"
2432,"C2432","Aqilah binti Daud","N","Normal Member","2024-11-19",588,"2026-01-18",163,15,561.52,0,561.52,561.52,37.43,2,5,4,"At Risk","Medium Risk","Canned and Packaged Food","Cheras 88 Speedmart","Cheras","Kuala Lumpur"
2433,"C2433","Low Kin Hoong","Y","Normal Member","2025-12-14",198,"2026-02-22",128,15,425.3,1.85,423.45,423.45,28.23,2,5,4,"At Risk","Medium Risk","Canned and Packaged Food","Johor Bahru 88 Speedmart","Johor Bahru","Johor"
2434,"C2434","Saraswathy a/p Raman","N","Non-Member",,,"2026-06-22",8,3,99.61,0,99.61,99.61,33.2,5,2,2,"Potential Loyal","Low Risk","Dairy Products","Petaling Jaya 88 Speedmart","Petaling Jaya","Selangor"
2435,"C2435","Chin Xin Yi","N","Normal Member","2025-02-02",513,"2026-04-17",74,5,280.81,0,280.81,280.81,56.16,3,2,3,"Need Attention","Low Risk","Rice and Grains","Klang 88 Speedmart","Klang","Selangor"
2436,"C2436","Lakshmi a/p Chandran","N","Non-Member",,,"2026-02-19",131,17,648.19,0,648.19,648.19,38.13,2,5,5,"At Risk","Medium Risk","Frozen Food","Ipoh 88 Speedmart","Ipoh","Perak"
2437,"C2437","Raymond a/l Subramaniam","N","VIP Member","2025-09-18",285,"2026-04-29",62,4,163.07,0,163.07,163.07,40.77,3,2,2,"Need Attention","Low Risk","Organic Foods","Petaling Jaya 88 Speedmart","Petaling Jaya","Selangor"
2438,"C2438","Nasir bin Ishak","N","Normal Member","2024-04-21",800,"2025-08-23",311,1,17.49,1.7,15.79,15.79,15.79,1,1,1,"Hibernating","High Risk","Instant Food","Seremban 88 Speedmart","Seremban","Negeri Sembilan"
2439,"C2439","Khalid bin Omar","N","VIP Member","2025-11-05",237,"2026-01-31",150,3,176.47,3.1,173.37,173.37,57.79,2,2,2,"Hibernating","Medium Risk","Organic Foods","Johor Bahru 88 Speedmart","Johor Bahru","Johor"
2440,"C2440","Chow Shu Fen","N","Normal Member","2024-03-23",829,"2025-10-19",254,1,25.42,0,25.42,25.42,25.42,1,1,1,"Hibernating","High Risk","Cooking Essentials","Petaling Jaya 88 Speedmart","Petaling Jaya","Selangor"
2441,"C2441","Amir bin Mahmud","N","Normal Member","2024-07-20",710,"2025-05-28",398,1,4.86,0,4.86,4.86,4.86,1,1,1,"Hibernating","Churned","Cooking Essentials","Melaka 88 Speedmart","Melaka","Melaka"
2442,"C2442","Hafiz bin Nasir","N","Non-Member",,,"2025-06-25",370,2,27.52,0,27.52,27.52,13.76,1,1,1,"Hibernating","Churned","Personal Care","Cheras 88 Speedmart","Cheras","Kuala Lumpur"
2443,"C2443","Ong Shu Fen","N","Normal Member","2025-02-06",509,"2025-12-10",202,2,46,0,46,46,23,1,1,1,"Hibernating","High Risk","Stationery and Daily Needs","Klang 88 Speedmart","Klang","Selangor"
2444,"C2444","Danish bin Hamid","N","Normal Member","2025-09-11",292,,,0,0,0,0,0,,0,0,0,"Prospect","Prospect",,,,
2445,"C2445","Nurul binti Omar","N","Non-Member",,,"2026-01-22",159,2,38.68,0,38.68,38.68,19.34,2,1,1,"Hibernating","Medium Risk","Canned and Packaged Food","Johor Bahru 88 Speedmart","Johor Bahru","Johor"
2446,"C2446","Sabrina binti Daud","N","Normal Member","2024-05-20",771,,,0,0,0,0,0,,0,0,0,"Prospect","Prospect",,,,
2447,"C2447","Aqilah binti Hamid","N","Non-Member",,,"2026-01-28",153,10,252.92,0,252.92,252.92,25.29,2,4,3,"At Risk","Medium Risk","Stationery and Daily Needs","Cheras 88 Speedmart","Cheras","Kuala Lumpur"
2448,"C2448","Chia Zhi Qing","N","Normal Member","2024-09-24",644,"2026-06-25",5,6,234.2,0,234.2,234.2,39.03,5,3,3,"Potential Loyal","Low Risk","Rice and Grains","Cheras 88 Speedmart","Cheras","Kuala Lumpur"
2449,"C2449","Hakim bin Abdullah","N","Normal Member","2024-11-20",587,"2025-11-29",213,2,53.39,0,53.39,53.39,26.7,1,1,1,"Hibernating","High Risk","Snacks and Confectionery","Shah Alam 88 Speedmart","Shah Alam","Selangor"
2450,"C2450","Hafiz bin Jamal","N","Normal Member","2025-04-04",452,"2025-12-07",205,7,200.41,2.99,197.42,197.42,28.2,1,3,2,"At Risk","High Risk","Rice and Grains","Seremban 88 Speedmart","Seremban","Negeri Sembilan"
2451,"C2451","Muthu a/p Anand","Y","Non-Member",,,"2026-05-19",42,15,483.19,0,483.19,483.19,32.21,4,5,4,"Champions","Low Risk","Frozen Food","Cheras 88 Speedmart","Cheras","Kuala Lumpur"
2452,"C2452","Zahir bin Jamal","Y","Normal Member","2025-04-12",444,"2026-05-27",34,16,460.01,1.73,458.28,458.28,28.64,4,5,4,"Champions","Low Risk","Cooking Essentials","Melaka 88 Speedmart","Melaka","Melaka"
2453,"C2453","Tan Cheng Wei","N","Normal Member","2024-04-30",791,,,0,0,0,0,0,,0,0,0,"Prospect","Prospect",,,,
2454,"C2454","Hana binti Ismail","N","Non-Member",,,,,0,0,0,0,0,,0,0,0,"Prospect","Prospect",,,,
2455,"C2455","Darren Rantai","N","Normal Member","2024-08-12",687,,,0,0,0,0,0,,0,0,0,"Prospect","Prospect",,,,
2456,"C2456","Fatin binti Ishak","N","VIP Member","2024-01-19",893,"2025-05-29",397,5,122.15,0,122.15,122.15,24.43,1,2,2,"Hibernating","Churned","Dairy Products","Cheras 88 Speedmart","Cheras","Kuala Lumpur"
2457,"C2457","Chia Zi Xuan","N","Normal Member","2024-06-22",738,"2025-01-27",519,1,62.08,0,62.08,62.08,62.08,1,1,1,"Hibernating","Churned","Stationery and Daily Needs","Shah Alam 88 Speedmart","Shah Alam","Selangor"
2458,"C2458","Darren a/l Krishnan","N","Normal Member","2024-04-07",814,"2025-09-08",295,2,84.35,0,84.35,84.35,42.18,1,1,1,"Hibernating","High Risk","Rice and Grains","Petaling Jaya 88 Speedmart","Petaling Jaya","Selangor"
2459,"C2459","Felix a/l Subramaniam","Y","Normal Member","2024-06-30",730,"2026-06-23",7,10,399.46,0,399.46,399.46,39.95,5,4,4,"Champions","Low Risk","Snacks and Confectionery","Melaka 88 Speedmart","Melaka","Melaka"
2460,"C2460","Darren a/l Chandran","N","Normal Member","2024-09-01",667,"2025-10-21",252,3,102.57,0,102.57,102.57,34.19,1,2,2,"Hibernating","High Risk","Alcoholic Beverages","Johor Bahru 88 Speedmart","Johor Bahru","Johor"
2461,"C2461","Fong Poh Ling","N","Normal Member","2024-04-08",813,"2026-04-19",72,6,157.82,0,157.82,157.82,26.3,3,3,2,"Need Attention","Low Risk","Canned and Packaged Food","Seremban 88 Speedmart","Seremban","Negeri Sembilan"
2462,"C2462","Nabilah binti Ahmad","N","Non-Member",,,"2025-06-18",377,3,124.92,0,124.92,124.92,41.64,1,2,2,"Hibernating","Churned","Household Cleaning","Johor Bahru 88 Speedmart","Johor Bahru","Johor"
2463,"C2463","Chan Ching Yee","N","Normal Member","2024-03-22",830,"2025-07-13",352,2,89.66,0,89.66,89.66,44.83,1,1,2,"Hibernating","High Risk","Organic Foods","Ipoh 88 Speedmart","Ipoh","Perak"
2464,"C2464","Ravi a/l Subramaniam","N","Non-Member",,,"2025-12-23",189,22,733.1,0,733.1,733.1,33.32,1,5,5,"At Risk","High Risk","Canned and Packaged Food","Melaka 88 Speedmart","Melaka","Melaka"
2465,"C2465","Kevin Kedit","N","Normal Member","2024-12-01",576,"2026-01-22",159,14,604.95,0,604.95,604.95,43.21,2,4,5,"At Risk","Medium Risk","Frozen Food","Klang 88 Speedmart","Klang","Selangor"
2466,"C2466","Chow Boon Hui","N","VIP Member","2025-09-29",274,"2025-12-20",192,15,506.64,0,506.64,506.64,33.78,1,5,4,"At Risk","High Risk","Cooking Essentials","Shah Alam 88 Speedmart","Shah Alam","Selangor"
2467,"C2467","Hakim bin Mahmud","N","Normal Member","2025-08-12",322,"2024-09-18",650,1,43.81,0,43.81,43.81,43.81,1,1,1,"Hibernating","Churned","Organic Foods","Kuching 88 Speedmart","Kuching","Sarawak"
2468,"C2468","Luqman bin Salleh","N","Normal Member","2025-10-16",257,"2025-12-31",181,2,316.64,0,316.64,316.64,158.32,1,1,3,"Lost","High Risk","Canned and Packaged Food","Shah Alam 88 Speedmart","Shah Alam","Selangor"
2469,"C2469","Siti binti Fauzi","N","Non-Member",,,"2026-06-07",23,3,145.22,0,145.22,145.22,48.41,5,2,2,"Potential Loyal","Low Risk","Rice and Grains","Ampang 88 Speedmart","Ampang","Selangor"
2470,"C2470","Farhan bin Omar","N","VIP Member","2025-03-05",482,"2026-06-07",23,3,93.05,0,93.05,93.05,31.02,5,2,2,"Potential Loyal","Low Risk","Canned and Packaged Food","Ampang 88 Speedmart","Ampang","Selangor"
2471,"C2471","Aqilah binti Yusof","N","VIP Member","2024-07-14",716,"2025-12-20",192,5,482.1,0,482.1,482.1,96.42,1,2,4,"Lost","High Risk","Household Cleaning","George Town 88 Speedmart","George Town","Penang"
2472,"C2472","Amir bin Ibrahim","N","VIP Member","2024-02-04",877,"2026-04-06",85,5,193.85,0,193.85,193.85,38.77,3,2,2,"Need Attention","Low Risk","Canned and Packaged Food","Petaling Jaya 88 Speedmart","Petaling Jaya","Selangor"
2473,"C2473","Letchumy a/p Devi","N","Normal Member","2025-01-07",539,"2024-08-21",678,2,32.4,0,32.4,32.4,16.2,1,1,1,"Hibernating","Churned","Rice and Grains","Cheras 88 Speedmart","Cheras","Kuala Lumpur"
2474,"C2474","Chow Cheng Wei","N","Normal Member","2024-09-24",644,"2026-04-03",88,4,168.88,29.18,139.7,139.7,34.93,3,2,2,"Need Attention","Low Risk","Beverages","Cheras 88 Speedmart","Cheras","Kuala Lumpur"
2475,"C2475","Ho Jia En","N","Normal Member","2024-03-03",849,"2026-02-07",143,5,223.23,0,223.23,223.23,44.65,2,2,3,"At Risk","Medium Risk","Dairy Products","Seremban 88 Speedmart","Seremban","Negeri Sembilan"
2476,"C2476","Lim Kar Yee","N","Normal Member","2024-09-11",657,"2024-11-09",598,2,29.77,0,29.77,29.77,14.89,1,1,1,"Hibernating","Churned","Snacks and Confectionery","Kota Kinabalu 88 Speedmart","Kota Kinabalu","Sabah"
2477,"C2477","Joanne a/p Subramaniam","N","VIP Member","2026-01-16",165,"2025-11-03",239,8,256.16,0,256.16,256.16,32.02,1,3,3,"At Risk","High Risk","Cooking Essentials","Shah Alam 88 Speedmart","Shah Alam","Selangor"
2478,"C2478","Tan Pei Shan","Y","Normal Member","2025-10-19",254,"2026-06-02",28,17,903.06,0,903.06,903.06,53.12,5,5,5,"Champions","Low Risk","Beverages","Seremban 88 Speedmart","Seremban","Negeri Sembilan"
2479,"C2479","Siti binti Salleh","N","VIP Member","2024-07-27",703,"2026-04-19",72,4,102.2,0,102.2,102.2,25.55,3,2,2,"Need Attention","Low Risk","Rice and Grains","Ampang 88 Speedmart","Ampang","Selangor"
2480,"C2480","Ong Zhi Hao","N","Non-Member",,,"2025-05-31",395,3,168.46,0,168.46,168.46,56.15,1,2,2,"Hibernating","Churned","Alcoholic Beverages","Kuching 88 Speedmart","Kuching","Sarawak"
2481,"C2481","Fatin binti Abdullah","N","Normal Member","2026-01-24",157,"2025-11-29",213,2,67.52,0,67.52,67.52,33.76,1,1,1,"Hibernating","High Risk","Alcoholic Beverages","George Town 88 Speedmart","George Town","Penang"
2482,"C2482","Intan binti Zainal","N","Normal Member","2025-03-30",457,"2026-01-23",158,2,258.49,24.64,233.85,233.85,116.93,2,1,3,"At Risk","Medium Risk","Premium Items","Shah Alam 88 Speedmart","Shah Alam","Selangor"
2483,"C2483","Chan Wai Keong","N","VIP Member","2024-04-21",800,"2026-03-30",92,14,534.64,5.87,528.77,528.77,37.77,2,4,4,"At Risk","Medium Risk","Frozen Food","George Town 88 Speedmart","George Town","Penang"
2484,"C2484","Raymond Mawan","N","Non-Member",,,"2025-02-02",513,1,95.45,0,95.45,95.45,95.45,1,1,2,"Hibernating","Churned","Imported Goods","Ipoh 88 Speedmart","Ipoh","Perak"
2485,"C2485","Sabrina binti Daud","Y","Normal Member","2024-07-08",722,"2026-06-19",11,17,524.8,0,524.8,524.8,30.87,5,5,4,"Champions","Low Risk","Baby Products","Ipoh 88 Speedmart","Ipoh","Perak"
2486,"C2486","Maisarah binti Nasir","N","Normal Member","2024-11-03",604,"2025-08-06",328,4,119.94,0,119.94,119.94,29.99,1,2,2,"Hibernating","High Risk","Snacks and Confectionery","Shah Alam 88 Speedmart","Shah Alam","Selangor"
2487,"C2487","Felix Jalong","N","Non-Member",,,"2025-10-01",272,5,77.73,0,77.73,77.73,15.55,1,2,1,"Hibernating","High Risk","Frozen Food","Kota Kinabalu 88 Speedmart","Kota Kinabalu","Sabah"
2488,"C2488","Nabil bin Hamid","N","Non-Member",,,"2025-09-03",300,5,275.67,102.03,173.64,173.64,34.73,1,2,2,"Hibernating","High Risk","Instant Food","Cheras 88 Speedmart","Cheras","Kuala Lumpur"
2489,"C2489","Danish bin Hassan","N","VIP Member","2024-10-26",612,"2026-06-21",9,5,173.37,18.85,154.52,154.52,30.9,5,2,2,"Potential Loyal","Low Risk","Personal Care","Ampang 88 Speedmart","Ampang","Selangor"
2490,"C2490","Maisarah binti Zainal","N","Non-Member",,,"2026-02-12",138,12,374.79,1.76,373.03,373.03,31.09,2,4,4,"At Risk","Medium Risk","Personal Care","Cheras 88 Speedmart","Cheras","Kuala Lumpur"
2491,"C2491","Imran bin Ismail","N","Non-Member",,,"2026-06-11",19,8,321.39,0,321.39,321.39,40.17,5,3,3,"Potential Loyal","Low Risk","Snacks and Confectionery","Shah Alam 88 Speedmart","Shah Alam","Selangor"
2492,"C2492","Yeoh Kai Jie","N","Non-Member",,,"2026-01-28",153,12,345.72,0,345.72,345.72,28.81,2,4,3,"At Risk","Medium Risk","Household Cleaning","Melaka 88 Speedmart","Melaka","Melaka"
2493,"C2493","Adilah binti Ismail","N","Normal Member","2024-12-01",576,"2026-01-31",150,11,477.67,0,477.67,477.67,43.42,2,4,4,"At Risk","Medium Risk","Instant Food","Cheras 88 Speedmart","Cheras","Kuala Lumpur"
2494,"C2494","Lee Mei Ling","N","Non-Member",,,"2024-02-11",870,1,40.91,0,40.91,40.91,40.91,1,1,1,"Hibernating","Churned","Canned and Packaged Food","Seremban 88 Speedmart","Seremban","Negeri Sembilan"
2495,"C2495","Saraswathy a/p Letchumy","N","Normal Member","2025-03-21",466,"2026-06-27",3,1,64.56,0,64.56,64.56,64.56,5,1,1,"New Customers","Low Risk","Premium Items","Shah Alam 88 Speedmart","Shah Alam","Selangor"
2496,"C2496","Tan Ai Ling","N","Non-Member",,,"2024-12-17",560,2,91.69,0,91.69,91.69,45.85,1,1,2,"Hibernating","Churned","Stationery and Daily Needs","Petaling Jaya 88 Speedmart","Petaling Jaya","Selangor"
2497,"C2497","Alvin Laja","Y","VIP Member","2025-02-20",495,"2026-06-06",24,12,520.43,0,520.43,520.43,43.37,5,4,4,"Champions","Low Risk","Canned and Packaged Food","George Town 88 Speedmart","George Town","Penang"
2498,"C2498","Chew Chui Shan","Y","Non-Member",,,"2026-06-26",4,16,619.71,0,619.71,619.71,38.73,5,5,5,"Champions","Low Risk","Dairy Products","Petaling Jaya 88 Speedmart","Petaling Jaya","Selangor"
2499,"C2499","Qistina binti Zainal","N","Normal Member","2025-02-19",496,"2026-06-24",6,1,190.22,0,190.22,190.22,190.22,5,1,2,"New Customers","Low Risk","Baby Products","George Town 88 Speedmart","George Town","Penang"
2500,"C2500","Alvin a/l Saminathan","N","Normal Member","2024-09-02",666,"2025-10-25",248,8,405.62,0,405.62,405.62,50.7,1,3,4,"At Risk","High Risk","Stationery and Daily Needs","Johor Bahru 88 Speedmart","Johor Bahru","Johor"
2501,"C2501","Intan binti Salleh","N","Normal Member","2025-11-26",216,"2025-09-15",288,2,76.86,0,76.86,76.86,38.43,1,1,1,"Hibernating","High Risk","Stationery and Daily Needs","Seremban 88 Speedmart","Seremban","Negeri Sembilan"
2502,"C2502","Adilah binti Ahmad","N","Non-Member",,,"2026-05-15",46,19,757.36,0,757.36,757.36,39.86,4,5,5,"Champions","Low Risk","Canned and Packaged Food","Petaling Jaya 88 Speedmart","Petaling Jaya","Selangor"
2503,"C2503","Yeoh Li Xuan","N","VIP Member","2024-06-27",733,"2026-05-02",59,4,129.96,0,129.96,129.96,32.49,4,2,2,"Potential Loyal","Low Risk","Canned and Packaged Food","Shah Alam 88 Speedmart","Shah Alam","Selangor"
2504,"C2504","Lim Siew Hong","Y","Normal Member","2024-10-12",626,"2026-06-28",2,17,483.65,0,483.65,483.65,28.45,5,5,4,"Champions","Low Risk","Canned and Packaged Food","Ipoh 88 Speedmart","Ipoh","Perak"
2505,"C2505","Adilah binti Basri","N","Normal Member","2025-10-08",265,"2026-05-11",50,2,82.37,0,82.37,82.37,41.19,4,1,1,"New Customers","Low Risk","Cooking Essentials","Kota Kinabalu 88 Speedmart","Kota Kinabalu","Sabah"
2506,"C2506","Chan Kar Yee","N","Non-Member",,,"2024-10-16",622,2,99.98,0,99.98,99.98,49.99,1,1,2,"Hibernating","Churned","Household Cleaning","Melaka 88 Speedmart","Melaka","Melaka"
2507,"C2507","Chow Pei Shan","N","Non-Member",,,"2025-11-26",216,5,138.2,0,138.2,138.2,27.64,1,2,2,"Hibernating","High Risk","Rice and Grains","Seremban 88 Speedmart","Seremban","Negeri Sembilan"
2508,"C2508","Ong Kai Xin","N","Normal Member","2025-08-30",304,"2026-05-10",51,8,212.16,0,212.16,212.16,26.52,4,3,3,"Potential Loyal","Low Risk","Cooking Essentials","Seremban 88 Speedmart","Seremban","Negeri Sembilan"
2509,"C2509","Syafiq bin Azman","N","Normal Member","2024-08-01",698,"2025-11-05",237,2,23.26,0,23.26,23.26,11.63,1,1,1,"Hibernating","High Risk","Stationery and Daily Needs","Klang 88 Speedmart","Klang","Selangor"
2510,"C2510","Teoh Jia Wei","Y","Normal Member","2025-07-03",362,"2026-03-25",97,18,832.92,0,832.92,832.92,46.27,2,5,5,"At Risk","Medium Risk","Frozen Food","Kota Kinabalu 88 Speedmart","Kota Kinabalu","Sabah"
2511,"C2511","Arif bin Hamid","N","Normal Member","2025-07-15",350,"2025-09-30",273,1,123.16,0,123.16,123.16,123.16,1,1,2,"Hibernating","High Risk","Baby Products","Klang 88 Speedmart","Klang","Selangor"
2512,"C2512","Liyana binti Ahmad","N","Non-Member",,,,,0,0,0,0,0,,0,0,0,"Prospect","Prospect",,,,
2513,"C2513","Nabil bin Yusof","N","VIP Member","2024-05-22",769,"2026-06-25",5,11,607.41,0,607.41,607.41,55.22,5,4,5,"Champions","Low Risk","Rice and Grains","Kota Kinabalu 88 Speedmart","Kota Kinabalu","Sabah"
2514,"C2514","Lim Boon Hui","N","VIP Member","2025-02-24",491,"2025-12-16",196,2,54.74,0,54.74,54.74,27.37,1,1,1,"Hibernating","High Risk","Rice and Grains","Cheras 88 Speedmart","Cheras","Kuala Lumpur"
2515,"C2515","Intan binti Azman","N","Non-Member",,,"2025-08-23",311,3,68.87,0,68.87,68.87,22.96,1,2,1,"Hibernating","High Risk","Canned and Packaged Food","George Town 88 Speedmart","George Town","Penang"
2516,"C2516","Qistina binti Jamal","N","Normal Member","2025-05-19",407,"2024-10-20",618,2,103.35,0,103.35,103.35,51.68,1,1,2,"Hibernating","Churned","Alcoholic Beverages","Klang 88 Speedmart","Klang","Selangor"
2517,"C2517","Rafiq bin Hassan","N","Normal Member","2025-10-24",249,"2024-06-05",755,1,16.26,0,16.26,16.26,16.26,1,1,1,"Hibernating","Churned","Canned and Packaged Food","George Town 88 Speedmart","George Town","Penang"
2518,"C2518","Adilah binti Fauzi","Y","VIP Member","2024-04-16",805,"2026-06-09",21,17,355.85,0,355.85,355.85,20.93,5,5,4,"Champions","Low Risk","Personal Care","Petaling Jaya 88 Speedmart","Petaling Jaya","Selangor"
2519,"C2519","Syafiq bin Basri","N","Non-Member",,,"2025-06-04",391,3,197.91,0,197.91,197.91,65.97,1,2,2,"Hibernating","Churned","Stationery and Daily Needs","Ampang 88 Speedmart","Ampang","Selangor"
2520,"C2520","Irfan bin Hassan","N","Normal Member","2025-12-26",186,"2025-12-04",208,3,150.09,0,150.09,150.09,50.03,1,2,2,"Hibernating","High Risk","Canned and Packaged Food","Seremban 88 Speedmart","Seremban","Negeri Sembilan"
2521,"C2521","Chia Shu Fen","N","Normal Member","2025-07-16",349,"2026-02-05",145,4,138.2,0,138.2,138.2,34.55,2,2,2,"Hibernating","Medium Risk","Rice and Grains","Klang 88 Speedmart","Klang","Selangor"
2522,"C2522","Chong Chun Wai","N","Normal Member","2025-06-05",390,"2025-04-14",442,5,103.25,0,103.25,103.25,20.65,1,2,2,"Hibernating","Churned","Cooking Essentials","Seremban 88 Speedmart","Seremban","Negeri Sembilan"
2523,"C2523","Khadijah binti Ahmad","N","Normal Member","2025-08-17",317,"2025-08-31",303,2,153.41,0,153.41,153.41,76.71,1,1,2,"Hibernating","High Risk","Household Cleaning","Johor Bahru 88 Speedmart","Johor Bahru","Johor"
2524,"C2524","Zahir bin Azman","N","Normal Member","2024-09-20",648,"2025-12-07",205,7,139.5,1.91,137.59,137.59,19.66,1,3,2,"At Risk","High Risk","Stationery and Daily Needs","Petaling Jaya 88 Speedmart","Petaling Jaya","Selangor"
2525,"C2525","Nabil bin Mahmud","N","Normal Member","2024-08-09",690,"2025-12-23",189,2,89.36,0,89.36,89.36,44.68,1,1,2,"Hibernating","High Risk","Alcoholic Beverages","Klang 88 Speedmart","Klang","Selangor"
2526,"C2526","Hafiz bin Razak","N","Normal Member","2025-02-24",491,"2025-03-08",479,4,147.8,0,147.8,147.8,36.95,1,2,2,"Hibernating","Churned","Dairy Products","Ipoh 88 Speedmart","Ipoh","Perak"
2527,"C2527","Nadia binti Yusof","N","Non-Member",,,"2025-08-12",322,7,469.94,15.17,454.77,454.77,64.97,1,3,4,"At Risk","High Risk","Instant Food","Ipoh 88 Speedmart","Ipoh","Perak"
2528,"C2528","Imran bin Ismail","N","Normal Member","2025-06-12",383,"2026-06-20",10,4,211.31,0,211.31,211.31,52.83,5,2,3,"Potential Loyal","Low Risk","Canned and Packaged Food","Ampang 88 Speedmart","Ampang","Selangor"
2529,"C2529","Siti binti Abdullah","N","Normal Member","2024-09-08",660,"2026-03-10",112,10,285.2,0,285.2,285.2,28.52,2,4,3,"At Risk","Medium Risk","Dairy Products","Ipoh 88 Speedmart","Ipoh","Perak"
2530,"C2530","Maisarah binti Omar","N","Normal Member","2024-06-17",743,"2026-06-08",22,3,97.11,0,97.11,97.11,32.37,5,2,2,"Potential Loyal","Low Risk","Dairy Products","Shah Alam 88 Speedmart","Shah Alam","Selangor"
2531,"C2531","Nadia binti Jamal","N","Normal Member","2025-10-05",268,"2026-05-29",32,3,121.92,0,121.92,121.92,40.64,4,2,2,"Potential Loyal","Low Risk","Cooking Essentials","Shah Alam 88 Speedmart","Shah Alam","Selangor"
2532,"C2532","Deepa a/p Gopal","N","Normal Member","2024-07-29",701,"2025-09-02",301,3,143.38,0,143.38,143.38,47.79,1,2,2,"Hibernating","High Risk","Rice and Grains","Petaling Jaya 88 Speedmart","Petaling Jaya","Selangor"
2533,"C2533","Natalie a/p Krishnan","Y","Normal Member","2025-07-12",353,"2026-04-10",81,10,458.25,6.36,451.89,451.89,45.19,3,4,4,"Loyal Customers","Low Risk","Instant Food","Melaka 88 Speedmart","Melaka","Melaka"
2534,"C2534","Marcus Bansa","N","Non-Member",,,"2026-03-10",112,4,156.8,2.8,154,154,38.5,2,2,2,"Hibernating","Medium Risk","Rice and Grains","Melaka 88 Speedmart","Melaka","Melaka"
2535,"C2535","Fong Kai Jie","N","Normal Member","2024-10-23",615,"2024-12-28",549,1,55.24,0,55.24,55.24,55.24,1,1,1,"Hibernating","Churned","Alcoholic Beverages","Kuching 88 Speedmart","Kuching","Sarawak"
2536,"C2536","Low Siew Hong","Y","Non-Member",,,"2026-03-18",104,9,259.19,0,259.19,259.19,28.8,2,4,3,"At Risk","Medium Risk","Dairy Products","Johor Bahru 88 Speedmart","Johor Bahru","Johor"
2537,"C2537","Aisyah binti Abdullah","N","Normal Member","2026-02-17",133,"2025-03-22",465,9,461.78,121.91,339.87,339.87,37.76,1,4,3,"At Risk","Churned","Cooking Essentials","Ipoh 88 Speedmart","Ipoh","Perak"
2538,"C2538","Kiran a/l Pillai","Y","Normal Member","2025-12-22",190,"2026-03-24",98,9,421.68,1.64,420.04,420.04,46.67,2,4,4,"At Risk","Medium Risk","Rice and Grains","Shah Alam 88 Speedmart","Shah Alam","Selangor"
2539,"C2539","Nabilah binti Hamid","N","Normal Member","2024-12-02",575,"2025-11-16",226,2,62.68,0,62.68,62.68,31.34,1,1,1,"Hibernating","High Risk","Rice and Grains","Melaka 88 Speedmart","Melaka","Melaka"
2540,"C2540","Kevin a/l Vijayan","N","Normal Member","2025-04-28",428,"2026-04-09",82,1,14.82,0,14.82,14.82,14.82,3,1,1,"Need Attention","Low Risk","Stationery and Daily Needs","Shah Alam 88 Speedmart","Shah Alam","Selangor"
2541,"C2541","Lee Jun Hao","N","VIP Member","2024-05-30",761,"2026-06-04",26,5,188.62,0,188.62,188.62,37.72,5,2,2,"Potential Loyal","Low Risk","Frozen Food","Ampang 88 Speedmart","Ampang","Selangor"
2542,"C2542","Kevin a/l Singh","N","Non-Member",,,"2026-06-16",14,10,334.48,0,334.48,334.48,33.45,5,4,3,"Loyal Customers","Low Risk","Snacks and Confectionery","Petaling Jaya 88 Speedmart","Petaling Jaya","Selangor"
2543,"C2543","Kevin a/l Balakrishnan","N","VIP Member","2024-05-01",790,"2026-04-08",83,3,132.87,0,132.87,132.87,44.29,3,2,2,"Need Attention","Low Risk","Alcoholic Beverages","Shah Alam 88 Speedmart","Shah Alam","Selangor"
2544,"C2544","Intan binti Razak","N","Non-Member",,,"2025-07-12",353,2,20.86,0,20.86,20.86,10.43,1,1,1,"Hibernating","High Risk","Cooking Essentials","Ampang 88 Speedmart","Ampang","Selangor"
2545,"C2545","Sabrina binti Ibrahim","N","Normal Member","2024-07-13",717,"2025-06-29",366,3,278.76,0,278.76,278.76,92.92,1,2,3,"Lost","Churned","Rice and Grains","Johor Bahru 88 Speedmart","Johor Bahru","Johor"
2546,"C2546","Hakim bin Jamal","Y","Normal Member","2025-07-01",364,"2026-05-11",50,20,1038.74,1.68,1037.06,1037.06,51.85,4,5,5,"Champions","Low Risk","Frozen Food","Johor Bahru 88 Speedmart","Johor Bahru","Johor"
2547,"C2547","Lee Chui Shan","N","Normal Member","2024-05-10",781,"2024-04-08",813,1,9.58,0,9.58,9.58,9.58,1,1,1,"Hibernating","Churned","Beverages","Johor Bahru 88 Speedmart","Johor Bahru","Johor"
2548,"C2548","Sonia Janting","N","VIP Member","2024-10-28",610,"2026-06-27",3,2,54.77,0,54.77,54.77,27.39,5,1,1,"New Customers","Low Risk","Alcoholic Beverages","Seremban 88 Speedmart","Seremban","Negeri Sembilan"
2549,"C2549","Jannah binti Jamal","Y","Normal Member","2026-02-21",129,"2026-06-14",16,16,755.4,0,755.4,755.4,47.21,5,5,5,"Champions","Low Risk","Dairy Products","Shah Alam 88 Speedmart","Shah Alam","Selangor"
2550,"C2550","Chew Siew Hong","N","Normal Member","2024-07-05",725,"2024-06-11",749,1,93.03,0,93.03,93.03,93.03,1,1,2,"Hibernating","Churned","Alcoholic Beverages","Johor Bahru 88 Speedmart","Johor Bahru","Johor"
2551,"C2551","Nasir bin Ibrahim","N","Normal Member","2025-12-21",191,"2026-02-15",135,4,82.21,0,82.21,82.21,20.55,2,2,1,"Hibernating","Medium Risk","Dairy Products","Kota Kinabalu 88 Speedmart","Kota Kinabalu","Sabah"
2552,"C2552","Dev a/l Anand","N","Normal Member","2024-11-23",584,"2026-06-28",2,5,82.47,0,82.47,82.47,16.49,5,2,1,"New Customers","Low Risk","Beverages","Ampang 88 Speedmart","Ampang","Selangor"
2553,"C2553","Fong Pei Shan","N","Normal Member","2024-09-27",641,"2026-05-21",40,3,196.02,0,196.02,196.02,65.34,4,2,2,"Potential Loyal","Low Risk","Baby Products","Kota Kinabalu 88 Speedmart","Kota Kinabalu","Sabah"
2554,"C2554","Wong Zhi Hao","N","VIP Member","2024-08-10",689,"2025-11-14",228,2,76.52,0,76.52,76.52,38.26,1,1,1,"Hibernating","High Risk","Instant Food","Klang 88 Speedmart","Klang","Selangor"
2555,"C2555","Ahmad bin Ishak","N","Non-Member",,,"2026-04-18",73,2,37.64,0,37.64,37.64,18.82,3,1,1,"Need Attention","Low Risk","Personal Care","Melaka 88 Speedmart","Melaka","Melaka"
2556,"C2556","Loh Li Xuan","N","Normal Member","2025-07-17",348,"2026-06-29",1,4,120.65,0,120.65,120.65,30.16,5,2,2,"Potential Loyal","Low Risk","Baby Products","Ampang 88 Speedmart","Ampang","Selangor"
2557,"C2557","Zahir bin Ismail","N","VIP Member","2024-06-24",736,"2025-01-08",538,3,71.24,0,71.24,71.24,23.75,1,2,1,"Hibernating","Churned","Instant Food","Cheras 88 Speedmart","Cheras","Kuala Lumpur"
2558,"C2558","Akmal bin Daud","N","Non-Member",,,"2024-03-10",842,1,28.81,0,28.81,28.81,28.81,1,1,1,"Hibernating","Churned","Rice and Grains","Melaka 88 Speedmart","Melaka","Melaka"
2559,"C2559","Farhan bin Mahmud","Y","VIP Member","2024-12-07",570,"2026-05-06",55,16,473.48,4.27,469.21,469.21,29.33,4,5,4,"Champions","Low Risk","Canned and Packaged Food","Seremban 88 Speedmart","Seremban","Negeri Sembilan"
2560,"C2560","Syafiq bin Jamal","N","Non-Member",,,"2026-02-16",134,4,60.35,0,60.35,60.35,15.09,2,2,1,"Hibernating","Medium Risk","Baby Products","Ampang 88 Speedmart","Ampang","Selangor"
2561,"C2561","Zara binti Omar","N","Normal Member","2025-09-03",300,"2026-05-11",50,2,97.43,0,97.43,97.43,48.72,4,1,2,"New Customers","Low Risk","Rice and Grains","Johor Bahru 88 Speedmart","Johor Bahru","Johor"
2562,"C2562","Goh Chee Keong","N","Normal Member","2024-07-11",719,"2026-06-05",25,8,132.44,0,132.44,132.44,16.56,5,3,2,"Potential Loyal","Low Risk","Rice and Grains","Klang 88 Speedmart","Klang","Selangor"
2563,"C2563","Aqilah binti Azman","N","Normal Member","2024-06-01",759,"2025-02-01",514,2,40.79,0,40.79,40.79,20.4,1,1,1,"Hibernating","Churned","Frozen Food","Johor Bahru 88 Speedmart","Johor Bahru","Johor"
2564,"C2564","Nadia binti Abdullah","N","Normal Member","2024-12-02",575,"2025-11-19",223,4,336.7,0,336.7,336.7,84.18,1,2,3,"Lost","High Risk","Household Cleaning","Klang 88 Speedmart","Klang","Selangor"
2565,"C2565","Farhan bin Nasir","N","Normal Member","2025-08-04",330,"2026-06-25",5,3,171.4,2.11,169.29,169.29,56.43,5,2,2,"Potential Loyal","Low Risk","Canned and Packaged Food","Kota Kinabalu 88 Speedmart","Kota Kinabalu","Sabah"
2566,"C2566","Loh Yoke Leng","N","Normal Member","2025-11-27",215,"2026-03-14",108,3,109.58,0,109.58,109.58,36.53,2,2,2,"Hibernating","Medium Risk","Stationery and Daily Needs","Shah Alam 88 Speedmart","Shah Alam","Selangor"
2567,"C2567","Syafiq bin Ishak","Y","VIP Member","2025-06-04",391,"2026-05-28",33,15,348.76,0,348.76,348.76,23.25,4,5,3,"Loyal Customers","Low Risk","Cooking Essentials","Petaling Jaya 88 Speedmart","Petaling Jaya","Selangor"
2568,"C2568","Tan Poh Ling","N","Normal Member","2024-11-19",588,"2025-09-10",293,4,160.88,0,160.88,160.88,40.22,1,2,2,"Hibernating","High Risk","Baby Products","Johor Bahru 88 Speedmart","Johor Bahru","Johor"
2569,"C2569","Chong Wei Lun","N","Non-Member",,,"2024-06-22",738,1,21.5,0,21.5,21.5,21.5,1,1,1,"Hibernating","Churned","Cooking Essentials","Kuching 88 Speedmart","Kuching","Sarawak"
2570,"C2570","Ananya a/p Raman","N","Normal Member","2024-05-04",787,"2025-09-17",286,4,321.12,0,321.12,321.12,80.28,1,2,3,"Lost","High Risk","Personal Care","Klang 88 Speedmart","Klang","Selangor"
2571,"C2571","Faris bin Nasir","N","VIP Member","2025-03-17",470,"2026-03-23",99,2,37.36,0,37.36,37.36,18.68,2,1,1,"Hibernating","Medium Risk","Household Cleaning","Johor Bahru 88 Speedmart","Johor Bahru","Johor"
2572,"C2572","Adrian a/l Raj","N","Normal Member","2025-03-17",470,"2026-06-27",3,6,219.81,0,219.81,219.81,36.64,5,3,3,"Potential Loyal","Low Risk","Rice and Grains","Kota Kinabalu 88 Speedmart","Kota Kinabalu","Sabah"
2573,"C2573","Farah binti Nasir","N","Normal Member","2024-06-25",735,"2026-06-17",13,4,100.45,1.52,98.93,98.93,24.73,5,2,2,"Potential Loyal","Low Risk","Instant Food","Seremban 88 Speedmart","Seremban","Negeri Sembilan"
2574,"C2574","Chan Mei Qi","N","Normal Member","2025-01-06",540,"2025-08-27",307,11,358.96,0,358.96,358.96,32.63,1,4,4,"At Risk","High Risk","Stationery and Daily Needs","Kuching 88 Speedmart","Kuching","Sarawak"
2575,"C2575","Lim Kar Yee","N","VIP Member","2025-07-27",338,"2025-11-27",215,14,352.02,1.23,350.79,350.79,25.06,1,4,4,"At Risk","High Risk","Cooking Essentials","Seremban 88 Speedmart","Seremban","Negeri Sembilan"
2576,"C2576","Alvin a/l Raman","N","VIP Member","2025-04-09",447,"2025-06-27",368,3,137.98,0,137.98,137.98,45.99,1,2,2,"Hibernating","Churned","Canned and Packaged Food","Melaka 88 Speedmart","Melaka","Melaka"
2577,"C2577","Khalid bin Yusof","N","Non-Member",,,"2024-12-21",556,7,246.83,0,246.83,246.83,35.26,1,3,3,"At Risk","Churned","Canned and Packaged Food","Shah Alam 88 Speedmart","Shah Alam","Selangor"
2578,"C2578","Chin Yi Wen","N","Normal Member","2024-05-18",773,"2026-03-26",96,14,637.53,0,637.53,637.53,45.54,2,4,5,"At Risk","Medium Risk","Frozen Food","Cheras 88 Speedmart","Cheras","Kuala Lumpur"
2579,"C2579","Arif bin Nasir","N","Non-Member",,,"2025-06-18",377,1,114.01,0,114.01,114.01,114.01,1,1,2,"Hibernating","Churned","Baby Products","Cheras 88 Speedmart","Cheras","Kuala Lumpur"
2580,"C2580","Saraswathy a/p Chandran","N","Normal Member","2024-05-19",772,"2026-05-16",45,4,65.42,0,65.42,65.42,16.36,4,2,1,"New Customers","Low Risk","Canned and Packaged Food","Ipoh 88 Speedmart","Ipoh","Perak"
2581,"C2581","Muthu a/p Saraswathy","N","Normal Member","2025-04-24",432,"2026-06-23",7,13,627.02,0,627.02,627.02,48.23,5,4,5,"Champions","Low Risk","Personal Care","George Town 88 Speedmart","George Town","Penang"
2582,"C2582","Syahirah binti Omar","N","Normal Member","2025-08-28",306,"2026-01-11",170,16,899.97,0,899.97,899.97,56.25,2,5,5,"At Risk","Medium Risk","Cooking Essentials","Melaka 88 Speedmart","Melaka","Melaka"
2583,"C2583","Victor Sagang","N","Normal Member","2024-09-04",664,"2026-05-30",31,5,263.94,0,263.94,263.94,52.79,4,2,3,"Potential Loyal","Low Risk","Rice and Grains","Kota Kinabalu 88 Speedmart","Kota Kinabalu","Sabah"
2584,"C2584","Ahmad bin Jamal","N","Non-Member",,,"2025-03-22",465,1,49.52,0,49.52,49.52,49.52,1,1,1,"Hibernating","Churned","Dairy Products","Seremban 88 Speedmart","Seremban","Negeri Sembilan"
2585,"C2585","Lee Hong Sheng","N","Normal Member","2024-10-24",614,"2026-03-06",116,13,431.64,0,431.64,431.64,33.2,2,4,4,"At Risk","Medium Risk","Rice and Grains","Cheras 88 Speedmart","Cheras","Kuala Lumpur"
2586,"C2586","Ng Jun Hao","N","Normal Member","2024-06-24",736,"2025-04-27",429,3,116.44,0,116.44,116.44,38.81,1,2,2,"Hibernating","Churned","Baby Products","Cheras 88 Speedmart","Cheras","Kuala Lumpur"
2587,"C2587","Dev a/l Murugan","N","VIP Member","2025-11-16",226,"2026-06-27",3,15,388.72,9.53,379.19,379.19,25.28,5,5,4,"Champions","Low Risk","Dairy Products","Cheras 88 Speedmart","Cheras","Kuala Lumpur"
2588,"C2588","Chong Zi Xuan","Y","Non-Member",,,"2026-05-14",47,20,606.13,0,606.13,606.13,30.31,4,5,5,"Champions","Low Risk","Cooking Essentials","Kota Kinabalu 88 Speedmart","Kota Kinabalu","Sabah"
2589,"C2589","Devi a/p Kaur","N","Normal Member","2025-02-20",495,"2026-06-05",25,4,301.11,0,301.11,301.11,75.28,5,2,3,"Potential Loyal","Low Risk","Rice and Grains","George Town 88 Speedmart","George Town","Penang"
2590,"C2590","Siti binti Yusof","N","Non-Member",,,"2026-02-09",141,1,39.39,0,39.39,39.39,39.39,2,1,1,"Hibernating","Medium Risk","Frozen Food","Melaka 88 Speedmart","Melaka","Melaka"
2591,"C2591","Intan binti Yusof","N","Normal Member","2024-08-03",696,"2025-10-13",260,14,465.3,0,465.3,465.3,33.24,1,4,4,"At Risk","High Risk","Dairy Products","Ipoh 88 Speedmart","Ipoh","Perak"
2592,"C2592","Nabil bin Abdullah","N","Non-Member",,,"2025-12-04",208,3,222.87,0,222.87,222.87,74.29,1,2,3,"Lost","High Risk","Alcoholic Beverages","Seremban 88 Speedmart","Seremban","Negeri Sembilan"
2593,"C2593","Arif bin Yusof","N","VIP Member","2026-02-23",127,"2025-08-30",304,4,157.18,0,157.18,157.18,39.3,1,2,2,"Hibernating","High Risk","Baby Products","Petaling Jaya 88 Speedmart","Petaling Jaya","Selangor"
2594,"C2594","Chew Wei Lun","N","Normal Member","2025-10-16",257,"2025-07-16",349,3,174.89,0,174.89,174.89,58.3,1,2,2,"Hibernating","High Risk","Beverages","Melaka 88 Speedmart","Melaka","Melaka"
2595,"C2595","Ho Cheng Wei","N","Normal Member","2026-03-05",117,"2026-06-25",5,5,193.43,0,193.43,193.43,38.69,5,2,2,"Potential Loyal","Low Risk","Beverages","Melaka 88 Speedmart","Melaka","Melaka"
2596,"C2596","Amir bin Mahmud","N","Normal Member","2024-12-14",563,"2026-03-28",94,13,410.56,0,410.56,410.56,31.58,2,4,4,"At Risk","Medium Risk","Cooking Essentials","Cheras 88 Speedmart","Cheras","Kuala Lumpur"
2597,"C2597","Sabrina binti Omar","N","Non-Member",,,"2025-02-02",513,2,25.97,0,25.97,25.97,12.99,1,1,1,"Hibernating","Churned","Stationery and Daily Needs","Klang 88 Speedmart","Klang","Selangor"
2598,"C2598","Farah binti Azman","N","Normal Member","2024-05-11",780,"2025-08-04",330,5,149.34,0,149.34,149.34,29.87,1,2,2,"Hibernating","High Risk","Instant Food","Klang 88 Speedmart","Klang","Selangor"
2599,"C2599","Mardhiah binti Fauzi","N","Non-Member",,,"2025-11-10",232,3,30.37,0,30.37,30.37,10.12,1,2,1,"Hibernating","High Risk","Rice and Grains","Cheras 88 Speedmart","Cheras","Kuala Lumpur"
2600,"C2600","Nasir bin Salleh","N","Normal Member","2025-10-11",262,"2026-05-03",58,19,860.15,6.48,853.67,853.67,44.93,4,5,5,"Champions","Low Risk","Dairy Products","Johor Bahru 88 Speedmart","Johor Bahru","Johor"
2601,"C2601","Goh Hui Min","N","Normal Member","2025-08-23",311,"2025-05-21",405,5,282.08,0,282.08,282.08,56.42,1,2,3,"Lost","Churned","Snacks and Confectionery","Johor Bahru 88 Speedmart","Johor Bahru","Johor"
2602,"C2602","Zara binti Razak","N","Non-Member",,,"2026-06-06",24,4,146.93,0,146.93,146.93,36.73,5,2,2,"Potential Loyal","Low Risk","Cooking Essentials","Seremban 88 Speedmart","Seremban","Negeri Sembilan"
2603,"C2603","Nabil bin Omar","N","Normal Member","2025-07-04",361,"2024-07-16",714,1,44.28,0,44.28,44.28,44.28,1,1,1,"Hibernating","Churned","Organic Foods","Seremban 88 Speedmart","Seremban","Negeri Sembilan"
2604,"C2604","Chow Yi Chen","N","Normal Member","2025-06-12",383,"2026-04-01",90,2,165.54,0,165.54,165.54,82.77,3,1,2,"Need Attention","Low Risk","Snacks and Confectionery","Cheras 88 Speedmart","Cheras","Kuala Lumpur"
2605,"C2605","Sonia Janting","N","Non-Member",,,"2025-09-12",291,5,333.5,0,333.5,333.5,66.7,1,2,3,"Lost","High Risk","Dairy Products","George Town 88 Speedmart","George Town","Penang"
2606,"C2606","Akmal bin Yusof","N","VIP Member","2024-04-19",802,"2026-02-04",146,3,120.5,0,120.5,120.5,40.17,2,2,2,"Hibernating","Medium Risk","Household Cleaning","Johor Bahru 88 Speedmart","Johor Bahru","Johor"
2607,"C2607","Qistina binti Ahmad","N","Non-Member",,,"2024-05-01",790,1,43.9,0,43.9,43.9,43.9,1,1,1,"Hibernating","Churned","Canned and Packaged Food","Kuching 88 Speedmart","Kuching","Sarawak"
2608,"C2608","Vikram a/l Tharmalingam","N","Non-Member",,,"2026-01-01",180,5,242.28,0,242.28,242.28,48.46,2,2,3,"At Risk","Medium Risk","Dairy Products","Melaka 88 Speedmart","Melaka","Melaka"
2609,"C2609","Lee Jia En","N","Normal Member","2024-08-16",683,"2024-12-12",565,1,19.73,0,19.73,19.73,19.73,1,1,1,"Hibernating","Churned","Rice and Grains","Kota Kinabalu 88 Speedmart","Kota Kinabalu","Sabah"
2610,"C2610","Hakim bin Ismail","N","Non-Member",,,"2026-03-16",106,12,409.38,0,409.38,409.38,34.12,2,4,4,"At Risk","Medium Risk","Dairy Products","Kota Kinabalu 88 Speedmart","Kota Kinabalu","Sabah"
2611,"C2611","Ishaan bin Zainal","N","Normal Member","2025-05-12",414,"2025-04-06",450,4,74.4,8.44,65.96,65.96,16.49,1,2,1,"Hibernating","Churned","Beverages","Johor Bahru 88 Speedmart","Johor Bahru","Johor"
2612,"C2612","Koh Yi Chen","N","Normal Member","2026-03-26",96,"2025-08-01",333,1,15.13,0,15.13,15.13,15.13,1,1,1,"Hibernating","High Risk","Stationery and Daily Needs","Kota Kinabalu 88 Speedmart","Kota Kinabalu","Sabah"
2613,"C2613","Khalid bin Jamal","N","Normal Member","2024-09-17",651,"2026-05-20",41,9,268.38,0,268.38,268.38,29.82,4,4,3,"Loyal Customers","Low Risk","Beverages","Ipoh 88 Speedmart","Ipoh","Perak"
2614,"C2614","Rahul a/l Raj","N","VIP Member","2025-04-14",442,"2024-11-17",590,1,42.41,0,42.41,42.41,42.41,1,1,1,"Hibernating","Churned","Cooking Essentials","Johor Bahru 88 Speedmart","Johor Bahru","Johor"
2615,"C2615","Tan Poh Ling","N","Normal Member","2025-04-06",450,"2025-11-02",240,2,93.34,0,93.34,93.34,46.67,1,1,2,"Hibernating","High Risk","Personal Care","Ipoh 88 Speedmart","Ipoh","Perak"
2616,"C2616","Clarissa a/p Saraswathy","N","Normal Member","2025-06-29",366,"2026-04-12",79,17,935.89,3.71,932.18,932.18,54.83,3,5,5,"Loyal Customers","Low Risk","Rice and Grains","Ipoh 88 Speedmart","Ipoh","Perak"
2617,"C2617","Joanne a/p Devi","N","VIP Member","2025-03-13",474,"2024-09-30",638,4,52.76,0,52.76,52.76,13.19,1,2,1,"Hibernating","Churned","Snacks and Confectionery","Shah Alam 88 Speedmart","Shah Alam","Selangor"
2618,"C2618","Yeoh Ching Yee","N","Normal Member","2024-07-16",714,"2024-12-29",548,3,216.52,0,216.52,216.52,72.17,1,2,3,"Lost","Churned","Dairy Products","Seremban 88 Speedmart","Seremban","Negeri Sembilan"
2619,"C2619","Khadijah binti Razak","N","Normal Member","2024-11-19",588,"2026-06-21",9,3,41.59,0,41.59,41.59,13.86,5,2,1,"New Customers","Low Risk","Household Cleaning","Shah Alam 88 Speedmart","Shah Alam","Selangor"
2620,"C2620","Imran bin Razak","N","Normal Member","2025-04-07",449,"2026-04-05",86,14,338.3,4.59,333.71,333.71,23.84,3,4,3,"Loyal Customers","Low Risk","Snacks and Confectionery","George Town 88 Speedmart","George Town","Penang"
2621,"C2621","Victor Sagang","N","Non-Member",,,"2026-03-17",105,5,474.71,1.99,472.72,472.72,94.54,2,2,4,"At Risk","Medium Risk","Baby Products","Shah Alam 88 Speedmart","Shah Alam","Selangor"
2622,"C2622","Marcus a/l Chandran","N","Normal Member","2025-04-02",454,"2025-12-02",210,14,309.1,0,309.1,309.1,22.08,1,4,3,"At Risk","High Risk","Instant Food","Kuching 88 Speedmart","Kuching","Sarawak"
2623,"C2623","Chong Kin Hoong","N","VIP Member","2025-10-06",267,"2025-11-22",220,10,151.77,0,151.77,151.77,15.18,1,4,2,"At Risk","High Risk","Canned and Packaged Food","Melaka 88 Speedmart","Melaka","Melaka"
2624,"C2624","Nabil bin Zainal","Y","VIP Member","2024-08-04",695,"2026-05-23",38,18,923.39,3.69,919.7,919.7,51.09,4,5,5,"Champions","Low Risk","Rice and Grains","Johor Bahru 88 Speedmart","Johor Bahru","Johor"
2625,"C2625","Nabilah binti Kamal","N","Normal Member","2025-12-18",194,"2024-09-30",638,1,34.01,0,34.01,34.01,34.01,1,1,1,"Hibernating","Churned","Frozen Food","Klang 88 Speedmart","Klang","Selangor"
2626,"C2626","Aiman bin Basri","N","VIP Member","2026-03-11",111,"2026-06-01",29,8,162.16,0,162.16,162.16,20.27,5,3,2,"Potential Loyal","Low Risk","Canned and Packaged Food","George Town 88 Speedmart","George Town","Penang"
2627,"C2627","Jannah binti Hassan","N","Normal Member","2025-08-30",304,"2025-03-16",471,6,254.96,0,254.96,254.96,42.49,1,3,3,"At Risk","Churned","Personal Care","Kuching 88 Speedmart","Kuching","Sarawak"
2628,"C2628","Teoh Siew Hong","N","Normal Member","2025-12-15",197,"2025-08-25",309,9,240.8,0,240.8,240.8,26.76,1,4,3,"At Risk","High Risk","Dairy Products","George Town 88 Speedmart","George Town","Penang"
2629,"C2629","Nadia binti Omar","N","Normal Member","2025-06-26",369,"2026-02-28",122,15,383.62,0,383.62,383.62,25.57,2,5,4,"At Risk","Medium Risk","Rice and Grains","Seremban 88 Speedmart","Seremban","Negeri Sembilan"
2630,"C2630","Low Wai Keong","N","Normal Member","2026-04-02",89,"2026-03-15",107,14,377.93,0,377.93,377.93,27,2,4,4,"At Risk","Medium Risk","Rice and Grains","George Town 88 Speedmart","George Town","Penang"
2631,"C2631","Zara binti Azman","N","Non-Member",,,"2025-12-13",199,2,45.22,0,45.22,45.22,22.61,1,1,1,"Hibernating","High Risk","Baby Products","Shah Alam 88 Speedmart","Shah Alam","Selangor"
2632,"C2632","Amir bin Fauzi","N","Normal Member","2024-12-26",551,,,0,0,0,0,0,,0,0,0,"Prospect","Prospect",,,,
2633,"C2633","Clarissa a/p Raman","Y","Non-Member",,,"2026-06-19",11,20,875.84,0,875.84,875.84,43.79,5,5,5,"Champions","Low Risk","Beverages","Melaka 88 Speedmart","Melaka","Melaka"
2634,"C2634","Zara binti Ismail","N","Normal Member","2026-01-08",173,"2025-06-19",376,3,64.59,0,64.59,64.59,21.53,1,2,1,"Hibernating","Churned","Snacks and Confectionery","Seremban 88 Speedmart","Seremban","Negeri Sembilan"
2635,"C2635","Amir bin Hamid","N","VIP Member","2026-01-22",159,"2026-06-08",22,6,347.55,0,347.55,347.55,57.93,5,3,3,"Potential Loyal","Low Risk","Household Cleaning","Klang 88 Speedmart","Klang","Selangor"
2636,"C2636","Ananya a/p Raman","N","Normal Member","2025-03-10",477,"2026-05-15",46,5,153.64,0,153.64,153.64,30.73,4,2,2,"Potential Loyal","Low Risk","Stationery and Daily Needs","Ampang 88 Speedmart","Ampang","Selangor"
2637,"C2637","Wong Cheng Wei","N","Normal Member","2024-10-30",608,"2025-10-29",244,2,65.24,0,65.24,65.24,32.62,1,1,1,"Hibernating","High Risk","Stationery and Daily Needs","Cheras 88 Speedmart","Cheras","Kuala Lumpur"
2638,"C2638","Fatin binti Omar","N","Non-Member",,,"2026-05-30",31,2,78.8,0,78.8,78.8,39.4,4,1,1,"New Customers","Low Risk","Premium Items","Klang 88 Speedmart","Klang","Selangor"
2639,"C2639","Raymond a/l Rao","N","VIP Member","2024-08-11",688,"2025-11-23",219,3,113.09,0,113.09,113.09,37.7,1,2,2,"Hibernating","High Risk","Alcoholic Beverages","Cheras 88 Speedmart","Cheras","Kuala Lumpur"
2640,"C2640","Muthu a/p Murugan","N","Non-Member",,,"2026-04-10",81,7,323.32,0,323.32,323.32,46.19,3,3,3,"Need Attention","Low Risk","Canned and Packaged Food","Cheras 88 Speedmart","Cheras","Kuala Lumpur"
2641,"C2641","Chin Hui Min","N","Non-Member",,,"2026-01-19",162,3,54.69,0,54.69,54.69,18.23,2,2,1,"Hibernating","Medium Risk","Personal Care","Ipoh 88 Speedmart","Ipoh","Perak"
2642,"C2642","Imran bin Omar","N","Normal Member","2025-01-17",529,"2026-05-31",30,3,74.28,0,74.28,74.28,24.76,5,2,1,"New Customers","Low Risk","Rice and Grains","Melaka 88 Speedmart","Melaka","Melaka"
2643,"C2643","Zahir bin Nasir","N","Normal Member","2025-11-21",221,"2025-12-03",209,2,38.67,0,38.67,38.67,19.34,1,1,1,"Hibernating","High Risk","Instant Food","Petaling Jaya 88 Speedmart","Petaling Jaya","Selangor"
2644,"C2644","Chan Li Xuan","N","Non-Member",,,"2026-06-13",17,2,47.32,0,47.32,47.32,23.66,5,1,1,"New Customers","Low Risk","Baby Products","Ipoh 88 Speedmart","Ipoh","Perak"
2645,"C2645","Rafiq bin Fauzi","N","Non-Member",,,"2026-02-08",142,2,107.85,0,107.85,107.85,53.93,2,1,2,"Hibernating","Medium Risk","Baby Products","Melaka 88 Speedmart","Melaka","Melaka"
2646,"C2646","Intan binti Basri","N","Normal Member","2024-12-26",551,"2026-01-16",165,1,33.55,0,33.55,33.55,33.55,2,1,1,"Hibernating","Medium Risk","Organic Foods","Petaling Jaya 88 Speedmart","Petaling Jaya","Selangor"
2647,"C2647","Chin Cheng Wei","N","Non-Member",,,"2026-02-03",147,1,62.39,0,62.39,62.39,62.39,2,1,1,"Hibernating","Medium Risk","Imported Goods","Johor Bahru 88 Speedmart","Johor Bahru","Johor"
2648,"C2648","Nabil bin Ahmad","N","Non-Member",,,"2026-05-27",34,7,372.75,0,372.75,372.75,53.25,4,3,4,"Potential Loyal","Low Risk","Baby Products","Shah Alam 88 Speedmart","Shah Alam","Selangor"
2649,"C2649","Hana binti Mahmud","N","Non-Member",,,"2025-08-19",315,2,37.53,0,37.53,37.53,18.77,1,1,1,"Hibernating","High Risk","Stationery and Daily Needs","Cheras 88 Speedmart","Cheras","Kuala Lumpur"
2650,"C2650","Naveen a/l Chandran","N","Non-Member",,,"2025-07-27",338,2,22.79,0,22.79,22.79,11.4,1,1,1,"Hibernating","High Risk","Cooking Essentials","George Town 88 Speedmart","George Town","Penang"
2651,"C2651","Chin Ai Ling","N","Normal Member","2025-02-22",493,"2024-12-19",558,2,90.67,0,90.67,90.67,45.34,1,1,2,"Hibernating","Churned","Dairy Products","Melaka 88 Speedmart","Melaka","Melaka"
2652,"C2652","Zahir bin Fauzi","N","Non-Member",,,,,0,0,0,0,0,,0,0,0,"Prospect","Prospect",,,,
2653,"C2653","Victor Sagang","Y","Normal Member","2024-08-24",675,"2026-06-29",1,18,671.77,5.11,666.66,666.66,37.04,5,5,5,"Champions","Low Risk","Rice and Grains","Petaling Jaya 88 Speedmart","Petaling Jaya","Selangor"
2654,"C2654","Natalie Nanta","N","VIP Member","2024-11-10",597,"2026-02-04",146,12,623.49,0,623.49,623.49,51.96,2,4,5,"At Risk","Medium Risk","Frozen Food","Petaling Jaya 88 Speedmart","Petaling Jaya","Selangor"
2655,"C2655","Kevin Kedit","N","VIP Member","2025-05-17",409,"2026-05-05",56,13,713.44,7.91,705.53,705.53,54.27,4,4,5,"Champions","Low Risk","Dairy Products","Shah Alam 88 Speedmart","Shah Alam","Selangor"
2656,"C2656","Danish bin Yusof","N","VIP Member","2025-11-07",235,"2026-04-09",82,13,253.39,0,253.39,253.39,19.49,3,4,3,"Loyal Customers","Low Risk","Personal Care","Seremban 88 Speedmart","Seremban","Negeri Sembilan"
2657,"C2657","Loh Ai Ling","Y","Non-Member",,,"2026-06-24",6,18,537.32,4.48,532.84,532.84,29.6,5,5,4,"Champions","Low Risk","Cooking Essentials","Shah Alam 88 Speedmart","Shah Alam","Selangor"
2658,"C2658","Aisyah binti Razak","N","VIP Member","2025-02-08",507,"2025-10-19",254,2,24.31,0,24.31,24.31,12.16,1,1,1,"Hibernating","High Risk","Beverages","Ampang 88 Speedmart","Ampang","Selangor"
2659,"C2659","Ishaan bin Ahmad","N","Normal Member","2024-11-22",585,"2026-01-24",157,3,184.65,0,184.65,184.65,61.55,2,2,2,"Hibernating","Medium Risk","Cooking Essentials","Melaka 88 Speedmart","Melaka","Melaka"
2660,"C2660","Jannah binti Omar","N","VIP Member","2024-08-10",689,"2025-06-08",387,4,88.42,0,88.42,88.42,22.11,1,2,2,"Hibernating","Churned","Snacks and Confectionery","Johor Bahru 88 Speedmart","Johor Bahru","Johor"
2661,"C2661","Farah binti Azman","N","Normal Member","2026-03-11",111,"2025-12-16",196,4,339.8,0,339.8,339.8,84.95,1,2,3,"Lost","High Risk","Rice and Grains","Petaling Jaya 88 Speedmart","Petaling Jaya","Selangor"
2662,"C2662","Liyana binti Hassan","Y","Non-Member",,,"2026-06-14",16,12,737.65,8.95,728.7,728.7,60.73,5,4,5,"Champions","Low Risk","Dairy Products","Shah Alam 88 Speedmart","Shah Alam","Selangor"
2663,"C2663","Ong Wei Lun","N","VIP Member","2025-04-27",429,"2026-03-12",110,11,320.81,0,320.81,320.81,29.16,2,4,3,"At Risk","Medium Risk","Household Cleaning","Shah Alam 88 Speedmart","Shah Alam","Selangor"
2664,"C2664","Teoh Xin Yi","Y","VIP Member","2025-08-09",325,"2026-06-24",6,12,342.36,0,342.36,342.36,28.53,5,4,3,"Loyal Customers","Low Risk","Canned and Packaged Food","Cheras 88 Speedmart","Cheras","Kuala Lumpur"
2665,"C2665","Imran bin Yusof","Y","Normal Member","2025-07-29",336,"2026-06-01",29,13,700.19,3.71,696.48,696.48,53.58,5,4,5,"Champions","Low Risk","Instant Food","Seremban 88 Speedmart","Seremban","Negeri Sembilan"
2666,"C2666","Faris bin Azman","N","Non-Member",,,"2026-04-16",75,2,148.17,0,148.17,148.17,74.09,3,1,2,"Need Attention","Low Risk","Baby Products","Ipoh 88 Speedmart","Ipoh","Perak"
2667,"C2667","Ivan Giman","N","Non-Member",,,"2024-07-09",721,2,60.22,0,60.22,60.22,30.11,1,1,1,"Hibernating","Churned","Rice and Grains","Ipoh 88 Speedmart","Ipoh","Perak"
2668,"C2668","Amir bin Abdullah","N","Non-Member",,,"2025-12-31",181,7,252.88,1.16,251.72,251.72,35.96,1,3,3,"At Risk","High Risk","Rice and Grains","Shah Alam 88 Speedmart","Shah Alam","Selangor"
2669,"C2669","Aditi a/p Krishnan","N","Non-Member",,,"2026-04-05",86,3,161.67,0,161.67,161.67,53.89,3,2,2,"Need Attention","Low Risk","Instant Food","Johor Bahru 88 Speedmart","Johor Bahru","Johor"
2670,"C2670","Danish bin Omar","N","Normal Member","2024-12-17",560,"2026-02-10",140,4,62.33,0,62.33,62.33,15.58,2,2,1,"Hibernating","Medium Risk","Baby Products","Petaling Jaya 88 Speedmart","Petaling Jaya","Selangor"
2671,"C2671","Loh Hong Sheng","N","Normal Member","2025-09-08",295,"2026-06-11",19,20,899.79,0,899.79,899.79,44.99,5,5,5,"Champions","Low Risk","Cooking Essentials","Seremban 88 Speedmart","Seremban","Negeri Sembilan"
2672,"C2672","Aiman bin Basri","N","Non-Member",,,"2026-03-08",114,2,79.74,0,79.74,79.74,39.87,2,1,1,"Hibernating","Medium Risk","Dairy Products","Klang 88 Speedmart","Klang","Selangor"
2673,"C2673","Lee Hui Min","N","Normal Member","2025-08-22",312,"2026-04-12",79,5,141.27,2.04,139.23,139.23,27.85,3,2,2,"Need Attention","Low Risk","Canned and Packaged Food","Johor Bahru 88 Speedmart","Johor Bahru","Johor"
2674,"C2674","Grace a/p Rao","N","Normal Member","2024-05-21",770,"2026-02-17",133,3,85.92,0,85.92,85.92,28.64,2,2,1,"Hibernating","Medium Risk","Personal Care","Johor Bahru 88 Speedmart","Johor Bahru","Johor"
2675,"C2675","Fatin binti Salleh","N","Normal Member","2025-03-09",478,"2026-06-28",2,12,706.38,2.51,703.87,703.87,58.66,5,4,5,"Champions","Low Risk","Beverages","George Town 88 Speedmart","George Town","Penang"
2676,"C2676","Sonia a/p Suresh","N","VIP Member","2025-03-18",469,,,0,0,0,0,0,,0,0,0,"Prospect","Prospect",,,,
2677,"C2677","Low Zhi Qing","N","Normal Member","2024-08-16",683,"2024-07-16",714,1,47.46,0,47.46,47.46,47.46,1,1,1,"Hibernating","Churned","Frozen Food","Shah Alam 88 Speedmart","Shah Alam","Selangor"
2678,"C2678","Koh Kai Jie","N","Non-Member",,,"2025-08-14",320,3,121.2,5.46,115.74,115.74,38.58,1,2,2,"Hibernating","High Risk","Stationery and Daily Needs","Ipoh 88 Speedmart","Ipoh","Perak"
2679,"C2679","Khalid bin Azman","N","Normal Member","2025-03-26",461,"2026-06-29",1,2,106.03,0,106.03,106.03,53.02,5,1,2,"New Customers","Low Risk","Canned and Packaged Food","Seremban 88 Speedmart","Seremban","Negeri Sembilan"
2680,"C2680","Chin Jia En","N","Non-Member",,,"2026-04-26",65,3,147.46,0,147.46,147.46,49.15,3,2,2,"Need Attention","Low Risk","Baby Products","Kota Kinabalu 88 Speedmart","Kota Kinabalu","Sabah"
2681,"C2681","Clarissa a/p Anand","Y","Normal Member","2026-02-09",141,"2026-06-04",26,18,946.6,0,946.6,946.6,52.59,5,5,5,"Champions","Low Risk","Rice and Grains","Seremban 88 Speedmart","Seremban","Negeri Sembilan"
2682,"C2682","Clarissa a/p Kaur","N","Non-Member",,,"2026-04-02",89,12,314.41,0,314.41,314.41,26.2,3,4,3,"Loyal Customers","Low Risk","Baby Products","Shah Alam 88 Speedmart","Shah Alam","Selangor"
2683,"C2683","Fong Shi Hao","N","Non-Member",,,"2025-04-17",439,5,292.57,0,292.57,292.57,58.51,1,2,3,"Lost","Churned","Dairy Products","Klang 88 Speedmart","Klang","Selangor"
2684,"C2684","Hafiz bin Hassan","N","Non-Member",,,"2025-05-25",401,3,291.48,0,291.48,291.48,97.16,1,2,3,"Lost","Churned","Frozen Food","Petaling Jaya 88 Speedmart","Petaling Jaya","Selangor"
2685,"C2685","Ananya a/p Krishnan","N","Non-Member",,,"2025-08-10",324,3,97.24,0,97.24,97.24,32.41,1,2,2,"Hibernating","High Risk","Stationery and Daily Needs","Seremban 88 Speedmart","Seremban","Negeri Sembilan"
2686,"C2686","Lee Siew Hong","N","Normal Member","2024-11-09",598,"2026-01-13",168,3,147.19,0,147.19,147.19,49.06,2,2,2,"Hibernating","Medium Risk","Rice and Grains","Cheras 88 Speedmart","Cheras","Kuala Lumpur"
2687,"C2687","Qistina binti Fauzi","N","Normal Member","2026-04-04",87,"2026-06-12",18,1,57.29,0,57.29,57.29,57.29,5,1,1,"New Customers","Low Risk","Alcoholic Beverages","Seremban 88 Speedmart","Seremban","Negeri Sembilan"
2688,"C2688","Fong Kar Yee","N","Non-Member",,,"2026-06-15",15,5,309.26,0,309.26,309.26,61.85,5,2,3,"Potential Loyal","Low Risk","Rice and Grains","Klang 88 Speedmart","Klang","Selangor"
2689,"C2689","Ho Shu Fen","N","Normal Member","2024-09-20",648,"2025-04-27",429,3,102.61,0,102.61,102.61,34.2,1,2,2,"Hibernating","Churned","Rice and Grains","Kota Kinabalu 88 Speedmart","Kota Kinabalu","Sabah"
2690,"C2690","Ishaan a/l Krishnan","N","Non-Member",,,"2026-06-10",20,4,128.61,0,128.61,128.61,32.15,5,2,2,"Potential Loyal","Low Risk","Baby Products","Johor Bahru 88 Speedmart","Johor Bahru","Johor"
2691,"C2691","Aiman bin Azman","N","Non-Member",,,"2025-12-02",210,3,120.01,0,120.01,120.01,40,1,2,2,"Hibernating","High Risk","Frozen Food","Cheras 88 Speedmart","Cheras","Kuala Lumpur"
2692,"C2692","Koh Jun Hao","N","Non-Member",,,"2026-03-10",112,3,80.94,0,80.94,80.94,26.98,2,2,1,"Hibernating","Medium Risk","Cooking Essentials","Kota Kinabalu 88 Speedmart","Kota Kinabalu","Sabah"
2693,"C2693","Imran bin Nasir","N","Normal Member","2025-07-10",355,"2025-01-18",528,6,211.76,0,211.76,211.76,35.29,1,3,3,"At Risk","Churned","Instant Food","Kuching 88 Speedmart","Kuching","Sarawak"
2694,"C2694","Ng Wai Keong","N","Normal Member","2025-09-04",299,"2025-07-07",358,2,160.57,0,160.57,160.57,80.29,1,1,2,"Hibernating","High Risk","Baby Products","Cheras 88 Speedmart","Cheras","Kuala Lumpur"
2695,"C2695","Rafiq bin Ishak","N","Non-Member",,,"2025-06-01",394,1,73.03,0,73.03,73.03,73.03,1,1,1,"Hibernating","Churned","Premium Items","George Town 88 Speedmart","George Town","Penang"
2696,"C2696","Fatin binti Fauzi","N","Normal Member","2026-04-10",81,"2025-12-16",196,1,40.4,0,40.4,40.4,40.4,1,1,1,"Hibernating","High Risk","Dairy Products","Kota Kinabalu 88 Speedmart","Kota Kinabalu","Sabah"
2697,"C2697","Lee Kar Yee","Y","VIP Member","2025-09-10",293,"2025-11-09",233,10,351.56,0,351.56,351.56,35.16,1,4,4,"At Risk","High Risk","Rice and Grains","Klang 88 Speedmart","Klang","Selangor"
2698,"C2698","Khadijah binti Nasir","N","VIP Member","2025-11-29",213,"2025-12-24",188,3,73.26,0,73.26,73.26,24.42,1,2,1,"Hibernating","High Risk","Cooking Essentials","Petaling Jaya 88 Speedmart","Petaling Jaya","Selangor"
2699,"C2699","Imran bin Hamid","N","Non-Member",,,"2026-06-09",21,10,355.18,33.45,321.73,321.73,32.17,5,4,3,"Loyal Customers","Low Risk","Dairy Products","Ipoh 88 Speedmart","Ipoh","Perak"
2700,"C2700","Aisyah binti Omar","Y","Non-Member",,,"2026-06-22",8,12,359.39,0,359.39,359.39,29.95,5,4,4,"Champions","Low Risk","Cooking Essentials","Johor Bahru 88 Speedmart","Johor Bahru","Johor"
2701,"C2701","Akmal bin Yusof","N","VIP Member","2024-12-02",575,"2026-04-01",90,2,119.48,0,119.48,119.48,59.74,3,1,2,"Need Attention","Low Risk","Alcoholic Beverages","Klang 88 Speedmart","Klang","Selangor"
2702,"C2702","Ananya a/p Letchumy","N","Non-Member",,,"2025-12-02",210,3,94.46,4.27,90.19,90.19,30.06,1,2,2,"Hibernating","High Risk","Household Cleaning","Shah Alam 88 Speedmart","Shah Alam","Selangor"
2703,"C2703","Low Chee Keong","N","Non-Member",,,"2025-12-15",197,4,212.76,0,212.76,212.76,53.19,1,2,3,"Lost","High Risk","Instant Food","Kota Kinabalu 88 Speedmart","Kota Kinabalu","Sabah"
2704,"C2704","Khadijah binti Hassan","N","Normal Member","2025-07-18",347,,,0,0,0,0,0,,0,0,0,"Prospect","Prospect",,,,
2705,"C2705","Amir bin Zainal","N","VIP Member","2025-02-15",500,"2025-08-18",316,3,186.24,0,186.24,186.24,62.08,1,2,2,"Hibernating","High Risk","Baby Products","Shah Alam 88 Speedmart","Shah Alam","Selangor"
2706,"C2706","Irfan bin Razak","N","Normal Member","2024-10-03",635,"2024-06-04",756,1,17.16,0,17.16,17.16,17.16,1,1,1,"Hibernating","Churned","Instant Food","Ampang 88 Speedmart","Ampang","Selangor"
2707,"C2707","Adrian a/l Kumar","N","Non-Member",,,"2024-12-07",570,1,7.65,0,7.65,7.65,7.65,1,1,1,"Hibernating","Churned","Canned and Packaged Food","Kota Kinabalu 88 Speedmart","Kota Kinabalu","Sabah"
2708,"C2708","Imran bin Abdullah","N","Normal Member","2025-05-29",397,"2025-06-11",384,1,55.47,0,55.47,55.47,55.47,1,1,1,"Hibernating","Churned","Premium Items","Petaling Jaya 88 Speedmart","Petaling Jaya","Selangor"
2709,"C2709","Chong Hui Ying","N","VIP Member","2025-03-30",457,"2025-03-02",485,1,23.76,0,23.76,23.76,23.76,1,1,1,"Hibernating","Churned","Rice and Grains","Cheras 88 Speedmart","Cheras","Kuala Lumpur"
2710,"C2710","Meera a/p Nair","N","Normal Member","2026-01-17",164,"2025-12-27",185,4,100.35,0,100.35,100.35,25.09,1,2,2,"Hibernating","High Risk","Rice and Grains","Cheras 88 Speedmart","Cheras","Kuala Lumpur"
2711,"C2711","Farhan bin Salleh","N","Normal Member","2024-08-10",689,"2026-06-13",17,4,157.55,0,157.55,157.55,39.39,5,2,2,"Potential Loyal","Low Risk","Frozen Food","Shah Alam 88 Speedmart","Shah Alam","Selangor"
2712,"C2712","Goh Shu Fen","N","Normal Member","2024-08-17",682,"2026-02-13",137,3,55.49,0,55.49,55.49,18.5,2,2,1,"Hibernating","Medium Risk","Alcoholic Beverages","Petaling Jaya 88 Speedmart","Petaling Jaya","Selangor"
2713,"C2713","Fong Mei Ling","N","VIP Member","2024-06-14",746,"2025-12-09",203,4,231.35,0,231.35,231.35,57.84,1,2,3,"Lost","High Risk","Stationery and Daily Needs","Ipoh 88 Speedmart","Ipoh","Perak"
2714,"C2714","Luqman bin Hassan","N","VIP Member","2024-11-02",605,"2025-12-04",208,2,97,0,97,97,48.5,1,1,2,"Hibernating","High Risk","Personal Care","Kota Kinabalu 88 Speedmart","Kota Kinabalu","Sabah"
2715,"C2715","Farah binti Ibrahim","N","VIP Member","2026-04-28",63,"2025-07-01",364,2,93.65,0,93.65,93.65,46.83,1,1,2,"Hibernating","High Risk","Cooking Essentials","Ampang 88 Speedmart","Ampang","Selangor"
2716,"C2716","Chan Kai Jie","N","Non-Member",,,"2026-06-05",25,5,206.96,2.41,204.55,204.55,40.91,5,3,3,"Potential Loyal","Low Risk","Canned and Packaged Food","Cheras 88 Speedmart","Cheras","Kuala Lumpur"
2717,"C2717","Siti binti Azman","N","Normal Member","2026-03-18",104,"2026-02-11",139,1,66.17,0,66.17,66.17,66.17,2,1,1,"Hibernating","Medium Risk","Organic Foods","Cheras 88 Speedmart","Cheras","Kuala Lumpur"
2718,"C2718","Elena Agan","N","Non-Member",,,"2026-02-05",145,4,142.56,0,142.56,142.56,35.64,2,2,2,"Hibernating","Medium Risk","Alcoholic Beverages","Shah Alam 88 Speedmart","Shah Alam","Selangor"
2719,"C2719","Koh Hui Ying","N","Normal Member","2025-04-03",453,"2025-12-19",193,2,55.41,0,55.41,55.41,27.71,1,1,1,"Hibernating","High Risk","Personal Care","Petaling Jaya 88 Speedmart","Petaling Jaya","Selangor"
2720,"C2720","Lim Yoke Leng","N","Non-Member",,,"2026-05-03",58,5,368.63,0,368.63,368.63,73.73,4,3,4,"Potential Loyal","Low Risk","Premium Items","Ampang 88 Speedmart","Ampang","Selangor"
2721,"C2721","Arif bin Ismail","N","VIP Member","2026-02-24",126,"2026-04-05",86,2,40.34,0,40.34,40.34,20.17,3,1,1,"Need Attention","Low Risk","Canned and Packaged Food","George Town 88 Speedmart","George Town","Penang"
2722,"C2722","Aiman bin Basri","N","Normal Member","2024-08-29",670,"2026-05-27",34,3,84.62,0,84.62,84.62,28.21,4,2,1,"New Customers","Low Risk","Cooking Essentials","Shah Alam 88 Speedmart","Shah Alam","Selangor"
2723,"C2723","Sabrina binti Yusof","N","Non-Member",,,"2025-06-19",376,1,45.23,0,45.23,45.23,45.23,1,1,1,"Hibernating","Churned","Organic Foods","Petaling Jaya 88 Speedmart","Petaling Jaya","Selangor"
2724,"C2724","Chia Ai Ling","Y","Normal Member","2025-03-09",478,"2026-05-27",34,9,278.93,0,278.93,278.93,30.99,4,4,3,"Loyal Customers","Low Risk","Cooking Essentials","Ipoh 88 Speedmart","Ipoh","Perak"
2725,"C2725","Hafiz bin Ishak","N","Normal Member","2024-08-21",678,"2026-06-25",5,26,675.72,1.76,673.96,673.96,25.92,5,5,5,"Champions","Low Risk","Dairy Products","Johor Bahru 88 Speedmart","Johor Bahru","Johor"
2726,"C2726","Aiman bin Omar","N","Non-Member",,,"2026-06-30",0,4,76,0,76,76,19,5,2,1,"New Customers","Low Risk","Alcoholic Beverages","Ampang 88 Speedmart","Ampang","Selangor"
2727,"C2727","Adilah binti Omar","N","Normal Member","2024-11-13",594,"2026-05-23",38,20,501.57,0,501.57,501.57,25.08,4,5,4,"Champions","Low Risk","Cooking Essentials","Seremban 88 Speedmart","Seremban","Negeri Sembilan"
2728,"C2728","Low Wan Ting","N","Normal Member","2025-04-02",454,"2025-03-20",467,1,39.22,0,39.22,39.22,39.22,1,1,1,"Hibernating","Churned","Alcoholic Beverages","Kota Kinabalu 88 Speedmart","Kota Kinabalu","Sabah"
2729,"C2729","Mardhiah binti Nasir","N","Normal Member","2024-12-14",563,"2025-07-29",336,2,90.38,36.5,53.88,53.88,26.94,1,1,1,"Hibernating","High Risk","Premium Items","Seremban 88 Speedmart","Seremban","Negeri Sembilan"
2730,"C2730","Harish a/l Gopal","N","VIP Member","2024-11-17",590,,,0,0,0,0,0,,0,0,0,"Prospect","Prospect",,,,
2731,"C2731","Low Seng Huat","N","Normal Member","2025-10-10",263,"2025-04-30",426,2,42.49,0,42.49,42.49,21.25,1,1,1,"Hibernating","Churned","Canned and Packaged Food","George Town 88 Speedmart","George Town","Penang"
2732,"C2732","Zahir bin Abdullah","N","VIP Member","2026-04-19",72,"2025-08-28",306,4,268.9,0,268.9,268.9,67.23,1,2,3,"Lost","High Risk","Canned and Packaged Food","Klang 88 Speedmart","Klang","Selangor"
2733,"C2733","Divya a/p Krishnan","N","Normal Member","2025-05-10",416,,,0,0,0,0,0,,0,0,0,"Prospect","Prospect",,,,
2734,"C2734","Hana binti Abdullah","N","Normal Member","2025-03-08",479,"2026-04-24",67,4,57.8,0,57.8,57.8,14.45,3,2,1,"Need Attention","Low Risk","Cooking Essentials","Kuching 88 Speedmart","Kuching","Sarawak"
2735,"C2735","Liyana binti Omar","N","Normal Member","2024-10-12",626,"2025-12-31",181,24,944.82,7.94,936.88,936.88,39.04,1,5,5,"At Risk","High Risk","Cooking Essentials","Johor Bahru 88 Speedmart","Johor Bahru","Johor"
2736,"C2736","Khadijah binti Omar","N","Normal Member","2025-09-10",293,"2025-09-17",286,2,48.62,0,48.62,48.62,24.31,1,1,1,"Hibernating","High Risk","Rice and Grains","George Town 88 Speedmart","George Town","Penang"
2737,"C2737","Syafiq bin Salleh","Y","Normal Member","2024-10-29",609,"2026-06-29",1,19,573.72,0,573.72,573.72,30.2,5,5,5,"Champions","Low Risk","Dairy Products","Ipoh 88 Speedmart","Ipoh","Perak"
2738,"C2738","Hafiz bin Razak","N","Normal Member","2025-08-04",330,"2026-06-30",0,4,150.01,0,150.01,150.01,37.5,5,2,2,"Potential Loyal","Low Risk","Rice and Grains","Ampang 88 Speedmart","Ampang","Selangor"
2739,"C2739","Syafiq bin Daud","N","Normal Member","2025-12-15",197,"2024-12-27",550,1,30.78,0,30.78,30.78,30.78,1,1,1,"Hibernating","Churned","Cooking Essentials","George Town 88 Speedmart","George Town","Penang"
2740,"C2740","Irfan bin Daud","N","Normal Member","2025-11-17",225,"2025-08-01",333,2,25.62,0,25.62,25.62,12.81,1,1,1,"Hibernating","High Risk","Canned and Packaged Food","Johor Bahru 88 Speedmart","Johor Bahru","Johor"
2741,"C2741","Arjun a/l Suresh","N","Non-Member",,,"2025-08-10",324,11,314.21,1.12,313.09,313.09,28.46,1,4,3,"At Risk","High Risk","Cooking Essentials","Kota Kinabalu 88 Speedmart","Kota Kinabalu","Sabah"
2742,"C2742","Lee Boon Hui","N","Non-Member",,,"2025-08-17",317,2,19.45,0,19.45,19.45,9.73,1,1,1,"Hibernating","High Risk","Rice and Grains","Petaling Jaya 88 Speedmart","Petaling Jaya","Selangor"
2743,"C2743","Nurul binti Jamal","N","Normal Member","2024-10-27",611,"2025-10-08",265,9,370.84,0,370.84,370.84,41.2,1,4,4,"At Risk","High Risk","Household Cleaning","Johor Bahru 88 Speedmart","Johor Bahru","Johor"
2744,"C2744","Faris bin Hassan","N","Non-Member",,,"2025-11-02",240,1,67.15,0,67.15,67.15,67.15,1,1,1,"Hibernating","High Risk","Imported Goods","Cheras 88 Speedmart","Cheras","Kuala Lumpur"
2745,"C2745","Luqman bin Fauzi","N","Normal Member","2024-12-18",559,"2025-06-09",386,8,272.05,0,272.05,272.05,34.01,1,3,3,"At Risk","Churned","Frozen Food","Ampang 88 Speedmart","Ampang","Selangor"
2746,"C2746","Marcus Bansa","N","Normal Member","2025-09-16",287,"2026-05-27",34,2,11.24,0,11.24,11.24,5.62,4,1,1,"New Customers","Low Risk","Instant Food","Petaling Jaya 88 Speedmart","Petaling Jaya","Selangor"
2747,"C2747","Low Zhi Qing","Y","VIP Member","2025-06-10",385,"2026-06-15",15,15,694.6,9.58,685.02,685.02,45.67,5,5,5,"Champions","Low Risk","Frozen Food","Petaling Jaya 88 Speedmart","Petaling Jaya","Selangor"
2748,"C2748","Loh Hui Ying","N","Normal Member","2025-09-16",287,"2025-01-03",543,2,219.27,0,219.27,219.27,109.64,1,1,3,"Lost","Churned","Dairy Products","Cheras 88 Speedmart","Cheras","Kuala Lumpur"
2749,"C2749","Chin Mei Qi","N","Non-Member",,,"2024-11-16",591,1,32.21,0,32.21,32.21,32.21,1,1,1,"Hibernating","Churned","Personal Care","Kuching 88 Speedmart","Kuching","Sarawak"
2750,"C2750","Chan Ai Ling","N","Normal Member","2025-05-08",418,"2026-06-07",23,5,238.74,8.3,230.44,230.44,46.09,5,3,3,"Potential Loyal","Low Risk","Cooking Essentials","Cheras 88 Speedmart","Cheras","Kuala Lumpur"
2751,"C2751","Siti binti Nasir","N","VIP Member","2024-10-31",607,"2026-05-10",51,2,102.39,0,102.39,102.39,51.2,4,1,2,"New Customers","Low Risk","Snacks and Confectionery","Ipoh 88 Speedmart","Ipoh","Perak"
2752,"C2752","Adilah binti Fauzi","Y","Normal Member","2025-05-19",407,"2026-06-20",10,9,227.36,0,227.36,227.36,25.26,5,4,3,"Loyal Customers","Low Risk","Canned and Packaged Food","Cheras 88 Speedmart","Cheras","Kuala Lumpur"
2753,"C2753","Kiran a/l Raj","N","VIP Member","2024-11-22",585,"2025-04-07",449,7,220.7,3.2,217.5,217.5,31.07,1,3,3,"At Risk","Churned","Personal Care","Petaling Jaya 88 Speedmart","Petaling Jaya","Selangor"
2754,"C2754","Alvin Laja","N","Normal Member","2026-01-10",171,"2024-07-08",722,2,73.23,0,73.23,73.23,36.62,1,1,1,"Hibernating","Churned","Rice and Grains","Klang 88 Speedmart","Klang","Selangor"
2755,"C2755","Sonia a/p Raj","N","Normal Member","2025-08-31",303,"2026-04-28",63,2,18.22,0,18.22,18.22,9.11,3,1,1,"Need Attention","Low Risk","Canned and Packaged Food","Cheras 88 Speedmart","Cheras","Kuala Lumpur"
2756,"C2756","Akmal bin Mahmud","N","VIP Member","2024-07-31",699,"2025-06-11",384,4,200.55,0,200.55,200.55,50.14,1,2,2,"Hibernating","Churned","Alcoholic Beverages","Petaling Jaya 88 Speedmart","Petaling Jaya","Selangor"
2757,"C2757","Goh Mei Qi","N","Normal Member","2025-12-31",181,"2026-03-23",99,3,53.88,0,53.88,53.88,17.96,2,2,1,"Hibernating","Medium Risk","Dairy Products","Melaka 88 Speedmart","Melaka","Melaka"
2758,"C2758","Kaur a/p Devi","N","Non-Member",,,"2026-05-18",43,1,63.06,0,63.06,63.06,63.06,4,1,1,"New Customers","Low Risk","Rice and Grains","Cheras 88 Speedmart","Cheras","Kuala Lumpur"
2759,"C2759","Fong Boon Hui","N","Non-Member",,,"2026-05-09",52,13,388.17,0,388.17,388.17,29.86,4,4,4,"Champions","Low Risk","Canned and Packaged Food","Johor Bahru 88 Speedmart","Johor Bahru","Johor"
2760,"C2760","Nadia binti Ahmad","N","Non-Member",,,"2025-12-03",209,1,69.8,0,69.8,69.8,69.8,1,1,1,"Hibernating","High Risk","Frozen Food","Shah Alam 88 Speedmart","Shah Alam","Selangor"
2761,"C2761","Siti binti Hamid","Y","Non-Member",,,"2026-04-04",87,13,434.82,0,434.82,434.82,33.45,3,4,4,"Loyal Customers","Low Risk","Rice and Grains","Kota Kinabalu 88 Speedmart","Kota Kinabalu","Sabah"
2762,"C2762","Letchumy a/p Raman","N","Normal Member","2025-12-08",204,"2025-03-16",471,4,174.03,3.65,170.38,170.38,42.6,1,2,2,"Hibernating","Churned","Baby Products","Johor Bahru 88 Speedmart","Johor Bahru","Johor"
2763,"C2763","Lim Chee Keong","Y","Non-Member",,,"2026-05-13",48,15,432.07,2.91,429.16,429.16,28.61,4,5,4,"Champions","Low Risk","Cooking Essentials","Seremban 88 Speedmart","Seremban","Negeri Sembilan"
2764,"C2764","Ong Jia En","N","Non-Member",,,"2025-04-18",438,4,69.53,0,69.53,69.53,17.38,1,2,1,"Hibernating","Churned","Instant Food","Kuching 88 Speedmart","Kuching","Sarawak"
2765,"C2765","Akmal bin Daud","N","Normal Member","2025-08-29",305,,,0,0,0,0,0,,0,0,0,"Prospect","Prospect",,,,
2766,"C2766","Liyana binti Salleh","N","Normal Member","2025-09-20",283,"2024-08-08",691,1,50.25,0,50.25,50.25,50.25,1,1,1,"Hibernating","Churned","Alcoholic Beverages","Kota Kinabalu 88 Speedmart","Kota Kinabalu","Sabah"
2767,"C2767","Harish a/l Vijayan","N","Normal Member","2025-11-16",226,,,0,0,0,0,0,,0,0,0,"Prospect","Prospect",,,,
2768,"C2768","Mardhiah binti Kamal","N","Normal Member","2024-12-31",546,"2024-09-11",657,1,22.94,0,22.94,22.94,22.94,1,1,1,"Hibernating","Churned","Frozen Food","Cheras 88 Speedmart","Cheras","Kuala Lumpur"
2769,"C2769","Chan Seng Huat","N","Normal Member","2025-08-05",329,"2026-05-17",44,4,110.05,0,110.05,110.05,27.51,4,2,2,"Potential Loyal","Low Risk","Canned and Packaged Food","Petaling Jaya 88 Speedmart","Petaling Jaya","Selangor"
2770,"C2770","Chow Jia En","N","Non-Member",,,"2026-06-14",16,4,299.25,0,299.25,299.25,74.81,5,2,3,"Potential Loyal","Low Risk","Canned and Packaged Food","Melaka 88 Speedmart","Melaka","Melaka"
2771,"C2771","Fatin binti Mahmud","N","Normal Member","2025-12-27",185,"2026-05-09",52,3,224.55,0,224.55,224.55,74.85,4,2,3,"Potential Loyal","Low Risk","Organic Foods","Kota Kinabalu 88 Speedmart","Kota Kinabalu","Sabah"
2772,"C2772","Arif bin Salleh","N","Normal Member","2024-11-05",602,"2026-05-30",31,3,76.5,3.97,72.53,72.53,24.18,4,2,1,"New Customers","Low Risk","Rice and Grains","Klang 88 Speedmart","Klang","Selangor"
2773,"C2773","Liyana binti Fauzi","N","Normal Member","2024-08-10",689,"2025-03-22",465,2,201.31,0,201.31,201.31,100.66,1,1,2,"Hibernating","Churned","Rice and Grains","Klang 88 Speedmart","Klang","Selangor"
2774,"C2774","Chow Shi Hao","N","Normal Member","2025-12-10",202,"2026-06-08",22,6,193.13,0,193.13,193.13,32.19,5,3,2,"Potential Loyal","Low Risk","Frozen Food","Johor Bahru 88 Speedmart","Johor Bahru","Johor"
2775,"C2775","Mardhiah binti Ibrahim","N","Normal Member","2024-11-06",601,"2025-05-09",417,2,78.33,0,78.33,78.33,39.17,1,1,1,"Hibernating","Churned","Stationery and Daily Needs","Johor Bahru 88 Speedmart","Johor Bahru","Johor"
2776,"C2776","Chia Li Xuan","N","Non-Member",,,"2025-11-11",231,1,22.89,0,22.89,22.89,22.89,1,1,1,"Hibernating","High Risk","Household Cleaning","Petaling Jaya 88 Speedmart","Petaling Jaya","Selangor"
2777,"C2777","Irfan bin Ismail","N","Normal Member","2025-10-24",249,"2026-06-24",6,16,507.15,.95,506.2,506.2,31.64,5,5,4,"Champions","Low Risk","Rice and Grains","Petaling Jaya 88 Speedmart","Petaling Jaya","Selangor"
2778,"C2778","Danish bin Basri","N","Normal Member","2025-11-26",216,"2025-11-22",220,1,50.01,0,50.01,50.01,50.01,1,1,1,"Hibernating","High Risk","Frozen Food","Johor Bahru 88 Speedmart","Johor Bahru","Johor"
2779,"C2779","Meera a/p Saraswathy","N","Normal Member","2026-06-18",12,"2025-11-26",216,2,151.56,0,151.56,151.56,75.78,1,1,2,"Hibernating","High Risk","Premium Items","George Town 88 Speedmart","George Town","Penang"
2780,"C2780","Luqman bin Nasir","N","Non-Member",,,"2026-06-28",2,11,317.19,2.21,314.98,314.98,28.63,5,4,3,"Loyal Customers","Low Risk","Personal Care","Cheras 88 Speedmart","Cheras","Kuala Lumpur"
2781,"C2781","Jannah binti Ishak","N","VIP Member","2026-06-23",7,"2026-05-01",60,3,50.59,0,50.59,50.59,16.86,4,2,1,"New Customers","Low Risk","Rice and Grains","Melaka 88 Speedmart","Melaka","Melaka"
2782,"C2782","Ishaan bin Yusof","Y","Normal Member","2025-03-19",468,"2026-03-29",93,11,406.69,0,406.69,406.69,36.97,2,4,4,"At Risk","Medium Risk","Rice and Grains","Cheras 88 Speedmart","Cheras","Kuala Lumpur"
2783,"C2783","Hakim bin Yusof","N","Non-Member",,,"2025-09-06",297,1,31.21,0,31.21,31.21,31.21,1,1,1,"Hibernating","High Risk","Canned and Packaged Food","Ipoh 88 Speedmart","Ipoh","Perak"
2784,"C2784","Adilah binti Ahmad","N","Normal Member","2024-08-23",676,,,0,0,0,0,0,,0,0,0,"Prospect","Prospect",,,,
2785,"C2785","Adilah binti Basri","N","Normal Member","2024-10-27",611,"2026-05-19",42,2,187.47,0,187.47,187.47,93.74,4,1,2,"New Customers","Low Risk","Instant Food","Melaka 88 Speedmart","Melaka","Melaka"
2786,"C2786","Sabrina binti Ismail","N","Non-Member",,,"2025-06-09",386,2,53.79,0,53.79,53.79,26.9,1,1,1,"Hibernating","Churned","Stationery and Daily Needs","Kota Kinabalu 88 Speedmart","Kota Kinabalu","Sabah"
2787,"C2787","Nadia binti Razak","N","Normal Member","2026-01-26",155,"2025-09-18",285,1,3.88,0,3.88,3.88,3.88,1,1,1,"Hibernating","High Risk","Instant Food","Klang 88 Speedmart","Klang","Selangor"
2788,"C2788","Fatin binti Mahmud","N","VIP Member","2025-03-15",472,"2025-08-04",330,7,340.02,0,340.02,340.02,48.57,1,3,3,"At Risk","High Risk","Instant Food","George Town 88 Speedmart","George Town","Penang"
2789,"C2789","Chow Xin Yi","N","VIP Member","2026-06-19",11,,,0,0,0,0,0,,0,0,0,"Prospect","Prospect",,,,
2790,"C2790","Faris bin Basri","Y","Non-Member",,,"2026-04-11",80,14,798.77,0,798.77,798.77,57.06,3,4,5,"Loyal Customers","Low Risk","Personal Care","Cheras 88 Speedmart","Cheras","Kuala Lumpur"
2791,"C2791","Aarav a/l Rajan","Y","Normal Member","2026-04-27",64,"2026-05-03",58,14,799.3,1.44,797.86,797.86,56.99,4,4,5,"Champions","Low Risk","Rice and Grains","Melaka 88 Speedmart","Melaka","Melaka"
2792,"C2792","Zahir bin Omar","N","Normal Member","2025-04-11",445,"2025-11-03",239,1,30.03,0,30.03,30.03,30.03,1,1,1,"Hibernating","High Risk","Alcoholic Beverages","Klang 88 Speedmart","Klang","Selangor"
2793,"C2793","Chia Xin Yi","Y","Normal Member","2025-06-14",381,"2026-03-06",116,9,250.31,0,250.31,250.31,27.81,2,4,3,"At Risk","Medium Risk","Dairy Products","Ampang 88 Speedmart","Ampang","Selangor"
2794,"C2794","Deepa a/p Raman","N","VIP Member","2024-09-18",650,"2025-07-30",335,2,43.78,0,43.78,43.78,21.89,1,1,1,"Hibernating","High Risk","Rice and Grains","Cheras 88 Speedmart","Cheras","Kuala Lumpur"
2795,"C2795","Farah binti Hassan","N","Non-Member",,,"2026-02-22",128,2,73.8,0,73.8,73.8,36.9,2,1,1,"Hibernating","Medium Risk","Imported Goods","Melaka 88 Speedmart","Melaka","Melaka"
2796,"C2796","Syahirah binti Zainal","Y","VIP Member","2026-05-27",34,"2026-01-29",152,19,678.42,0,678.42,678.42,35.71,2,5,5,"At Risk","Medium Risk","Cooking Essentials","Johor Bahru 88 Speedmart","Johor Bahru","Johor"
2797,"C2797","Ivan Giman","N","Normal Member","2025-02-23",492,,,0,0,0,0,0,,0,0,0,"Prospect","Prospect",,,,
2798,"C2798","Chew Kar Yee","N","Normal Member","2024-10-04",634,"2024-12-01",576,1,9.6,0,9.6,9.6,9.6,1,1,1,"Hibernating","Churned","Dairy Products","Kuching 88 Speedmart","Kuching","Sarawak"
2799,"C2799","Low Jia En","N","Non-Member",,,"2026-05-10",51,15,545.57,13.31,532.26,532.26,35.48,4,5,4,"Champions","Low Risk","Snacks and Confectionery","Seremban 88 Speedmart","Seremban","Negeri Sembilan"
2800,"C2800","Khadijah binti Ismail","Y","VIP Member","2025-09-14",289,"2026-05-30",31,17,390.14,0,390.14,390.14,22.95,4,5,4,"Champions","Low Risk","Dairy Products","Melaka 88 Speedmart","Melaka","Melaka"
2801,"C2801","Nabil bin Fauzi","N","Non-Member",,,"2025-12-10",202,2,76.24,0,76.24,76.24,38.12,1,1,1,"Hibernating","High Risk","Dairy Products","Johor Bahru 88 Speedmart","Johor Bahru","Johor"
2802,"C2802","Sabrina binti Zainal","N","Non-Member",,,"2025-12-07",205,3,196.83,0,196.83,196.83,65.61,1,2,2,"Hibernating","High Risk","Household Cleaning","Petaling Jaya 88 Speedmart","Petaling Jaya","Selangor"
2803,"C2803","Chew Zi Xuan","N","Non-Member",,,"2026-02-18",132,1,11.35,0,11.35,11.35,11.35,2,1,1,"Hibernating","Medium Risk","Canned and Packaged Food","Seremban 88 Speedmart","Seremban","Negeri Sembilan"
2804,"C2804","Nadia binti Mahmud","N","Non-Member",,,"2025-07-15",350,3,74.06,0,74.06,74.06,24.69,1,2,1,"Hibernating","High Risk","Cooking Essentials","George Town 88 Speedmart","George Town","Penang"
2805,"C2805","Natalie Nanta","N","Normal Member","2025-12-08",204,"2026-05-12",49,3,32.63,0,32.63,32.63,10.88,4,2,1,"New Customers","Low Risk","Household Cleaning","Klang 88 Speedmart","Klang","Selangor"
2806,"C2806","Amir bin Salleh","N","VIP Member","2026-03-13",109,"2024-12-31",546,1,13.04,0,13.04,13.04,13.04,1,1,1,"Hibernating","Churned","Personal Care","Johor Bahru 88 Speedmart","Johor Bahru","Johor"
2807,"C2807","Wong Hui Ying","N","Normal Member","2026-06-21",9,"2025-08-17",317,7,148.61,1.65,146.96,146.96,20.99,1,3,2,"At Risk","High Risk","Instant Food","Kota Kinabalu 88 Speedmart","Kota Kinabalu","Sabah"
2808,"C2808","Adilah binti Yusof","N","Non-Member",,,"2026-04-27",64,1,113.03,0,113.03,113.03,113.03,3,1,2,"Need Attention","Low Risk","Premium Items","Petaling Jaya 88 Speedmart","Petaling Jaya","Selangor"
2809,"C2809","Ravi a/l Maniam","N","Non-Member",,,"2025-09-07",296,2,146.07,0,146.07,146.07,73.04,1,1,2,"Hibernating","High Risk","Stationery and Daily Needs","Ampang 88 Speedmart","Ampang","Selangor"
2810,"C2810","Lee Ming Jie","N","Normal Member","2026-02-17",133,"2026-03-03",119,5,189.37,0,189.37,189.37,37.87,2,3,2,"At Risk","Medium Risk","Stationery and Daily Needs","Ampang 88 Speedmart","Ampang","Selangor"
2811,"C2811","Imran bin Basri","N","Normal Member","2026-01-31",150,"2025-07-11",354,3,79.92,0,79.92,79.92,26.64,1,2,1,"Hibernating","High Risk","Baby Products","George Town 88 Speedmart","George Town","Penang"
2812,"C2812","Syahirah binti Yusof","N","Normal Member","2026-04-02",89,"2026-06-15",15,6,514.89,0,514.89,514.89,85.82,5,3,4,"Potential Loyal","Low Risk","Rice and Grains","Johor Bahru 88 Speedmart","Johor Bahru","Johor"
2813,"C2813","Ng Kai Xin","N","Non-Member",,,"2025-01-30",516,2,36.68,0,36.68,36.68,18.34,1,1,1,"Hibernating","Churned","Dairy Products","Cheras 88 Speedmart","Cheras","Kuala Lumpur"
2814,"C2814","Syafiq bin Razak","Y","Non-Member",,,"2026-06-04",26,17,516.05,0,516.05,516.05,30.36,5,5,4,"Champions","Low Risk","Instant Food","Melaka 88 Speedmart","Melaka","Melaka"
2815,"C2815","Chan Boon Hui","N","Non-Member",,,"2025-08-02",332,3,59.19,0,59.19,59.19,19.73,1,2,1,"Hibernating","High Risk","Baby Products","Cheras 88 Speedmart","Cheras","Kuala Lumpur"
2816,"C2816","Mardhiah binti Ibrahim","N","Normal Member","2025-02-10",505,"2025-08-01",333,1,83.7,0,83.7,83.7,83.7,1,1,1,"Hibernating","High Risk","Rice and Grains","Klang 88 Speedmart","Klang","Selangor"
2817,"C2817","Qistina binti Razak","N","Normal Member","2024-11-18",589,"2025-11-11",231,3,176.02,0,176.02,176.02,58.67,1,2,2,"Hibernating","High Risk","Personal Care","Kuching 88 Speedmart","Kuching","Sarawak"
2818,"C2818","Marcus Bansa","N","Normal Member","2026-05-26",35,"2026-01-17",164,3,135.86,0,135.86,135.86,45.29,2,2,2,"Hibernating","Medium Risk","Household Cleaning","Cheras 88 Speedmart","Cheras","Kuala Lumpur"
2819,"C2819","Low Chun Wai","N","Normal Member","2025-03-20",467,"2025-12-31",181,3,200.96,3.4,197.56,197.56,65.85,1,2,2,"Hibernating","High Risk","Snacks and Confectionery","Melaka 88 Speedmart","Melaka","Melaka"
2820,"C2820","Jannah binti Salleh","N","VIP Member","2026-04-23",68,"2025-04-16",440,2,74.97,0,74.97,74.97,37.49,1,1,1,"Hibernating","Churned","Snacks and Confectionery","Shah Alam 88 Speedmart","Shah Alam","Selangor"
2821,"C2821","Aiman bin Daud","N","Normal Member","2025-12-28",184,"2026-03-12",110,4,151.91,0,151.91,151.91,37.98,2,2,2,"Hibernating","Medium Risk","Personal Care","Klang 88 Speedmart","Klang","Selangor"
2822,"C2822","Fong Zhi Hao","N","Normal Member","2024-12-21",556,"2025-09-01",302,8,288.67,0,288.67,288.67,36.08,1,3,3,"At Risk","High Risk","Alcoholic Beverages","Petaling Jaya 88 Speedmart","Petaling Jaya","Selangor"
2823,"C2823","Chong Chun Wai","N","Non-Member",,,"2026-03-08",114,2,19.76,0,19.76,19.76,9.88,2,1,1,"Hibernating","Medium Risk","Dairy Products","Cheras 88 Speedmart","Cheras","Kuala Lumpur"
2824,"C2824","Akmal bin Hassan","Y","Normal Member","2024-10-23",615,"2026-05-29",32,13,597.91,0,597.91,597.91,45.99,4,4,5,"Champions","Low Risk","Household Cleaning","Seremban 88 Speedmart","Seremban","Negeri Sembilan"
2825,"C2825","Yeoh Chee Keong","N","Normal Member","2025-04-13",443,,,0,0,0,0,0,,0,0,0,"Prospect","Prospect",,,,
2826,"C2826","Natalie Nanta","N","VIP Member","2025-01-24",522,"2026-05-22",39,4,113.89,0,113.89,113.89,28.47,4,2,2,"Potential Loyal","Low Risk","Rice and Grains","Ipoh 88 Speedmart","Ipoh","Perak"
2827,"C2827","Hana binti Razak","Y","Normal Member","2025-12-26",186,"2026-05-05",56,12,392.41,0,392.41,392.41,32.7,4,4,4,"Champions","Low Risk","Cooking Essentials","Seremban 88 Speedmart","Seremban","Negeri Sembilan"
2828,"C2828","Hana binti Razak","N","Normal Member","2025-12-18",194,"2026-05-03",58,2,138.92,0,138.92,138.92,69.46,4,1,2,"New Customers","Low Risk","Premium Items","Klang 88 Speedmart","Klang","Selangor"
2829,"C2829","Joanne a/p Anand","N","VIP Member","2024-11-03",604,"2026-05-29",32,4,303.47,0,303.47,303.47,75.87,4,2,3,"Potential Loyal","Low Risk","Household Cleaning","Ipoh 88 Speedmart","Ipoh","Perak"
2830,"C2830","Raymond a/l Nair","Y","VIP Member","2025-08-30",304,"2025-10-29",244,9,303.49,0,303.49,303.49,33.72,1,4,3,"At Risk","High Risk","Canned and Packaged Food","Klang 88 Speedmart","Klang","Selangor"
2831,"C2831","Kevin a/l Subramaniam","N","Non-Member",,,"2024-09-05",663,1,35.03,0,35.03,35.03,35.03,1,1,1,"Hibernating","Churned","Canned and Packaged Food","Ipoh 88 Speedmart","Ipoh","Perak"
2832,"C2832","Chow Pei Shan","N","Non-Member",,,"2026-04-27",64,3,82.58,2.35,80.23,80.23,26.74,3,2,1,"Need Attention","Low Risk","Instant Food","Ipoh 88 Speedmart","Ipoh","Perak"
2833,"C2833","Chong Siew Hong","N","Normal Member","2026-06-23",7,"2025-08-02",332,1,83.33,0,83.33,83.33,83.33,1,1,1,"Hibernating","High Risk","Organic Foods","Klang 88 Speedmart","Klang","Selangor"
2834,"C2834","Aditi a/p Suresh","N","Non-Member",,,"2026-02-04",146,7,140.22,1.4,138.82,138.82,19.83,2,3,2,"At Risk","Medium Risk","Snacks and Confectionery","Petaling Jaya 88 Speedmart","Petaling Jaya","Selangor"
2835,"C2835","Loh Chui Shan","N","Normal Member","2025-01-22",524,"2026-03-18",104,6,555.75,0,555.75,555.75,92.63,2,3,4,"At Risk","Medium Risk","Cooking Essentials","Melaka 88 Speedmart","Melaka","Melaka"
2836,"C2836","Lakshmi a/p Rao","N","Non-Member",,,"2025-10-20",253,3,138.64,0,138.64,138.64,46.21,1,2,2,"Hibernating","High Risk","Rice and Grains","George Town 88 Speedmart","George Town","Penang"
2837,"C2837","Clarissa a/p Chandran","N","Normal Member","2026-05-16",45,"2025-09-07",296,11,451.21,0,451.21,451.21,41.02,1,4,4,"At Risk","High Risk","Cooking Essentials","Kota Kinabalu 88 Speedmart","Kota Kinabalu","Sabah"
2838,"C2838","Siti binti Yusof","N","Non-Member",,,"2025-04-08",448,2,33.84,0,33.84,33.84,16.92,1,1,1,"Hibernating","Churned","Stationery and Daily Needs","Kuching 88 Speedmart","Kuching","Sarawak"
2839,"C2839","Priya a/p Murugan","N","Non-Member",,,,,0,0,0,0,0,,0,0,0,"Prospect","Prospect",,,,
2840,"C2840","Chia Wan Ting","N","Non-Member",,,"2026-02-15",135,3,52.2,0,52.2,52.2,17.4,2,2,1,"Hibernating","Medium Risk","Dairy Products","Seremban 88 Speedmart","Seremban","Negeri Sembilan"
2841,"C2841","Khadijah binti Ismail","N","Normal Member","2025-08-13",321,"2026-01-11",170,2,82.63,0,82.63,82.63,41.32,2,1,1,"Hibernating","Medium Risk","Stationery and Daily Needs","Klang 88 Speedmart","Klang","Selangor"
2842,"C2842","Hafiz bin Ishak","N","Normal Member","2025-03-18",469,"2025-06-27",368,1,21.45,0,21.45,21.45,21.45,1,1,1,"Hibernating","Churned","Dairy Products","George Town 88 Speedmart","George Town","Penang"
2843,"C2843","Mardhiah binti Razak","Y","Non-Member",,,"2026-06-13",17,12,409.25,6.42,402.83,402.83,33.57,5,4,4,"Champions","Low Risk","Baby Products","George Town 88 Speedmart","George Town","Penang"
2844,"C2844","Chin Jia Wei","N","Normal Member","2026-01-18",163,"2026-03-27",95,11,540.67,0,540.67,540.67,49.15,2,4,4,"At Risk","Medium Risk","Household Cleaning","Seremban 88 Speedmart","Seremban","Negeri Sembilan"
2845,"C2845","Aisyah binti Ahmad","N","Normal Member","2026-01-29",152,"2026-05-04",57,3,227.13,0,227.13,227.13,75.71,4,2,3,"Potential Loyal","Low Risk","Baby Products","Klang 88 Speedmart","Klang","Selangor"
2846,"C2846","Amir bin Jamal","N","Normal Member","2025-10-18",255,,,0,0,0,0,0,,0,0,0,"Prospect","Prospect",,,,
2847,"C2847","Ho Chun Wai","N","Non-Member",,,"2026-01-24",157,4,48.38,0,48.38,48.38,12.1,2,2,1,"Hibernating","Medium Risk","Rice and Grains","George Town 88 Speedmart","George Town","Penang"
2848,"C2848","Victor a/l Maniam","N","Non-Member",,,"2025-11-14",228,1,4.89,0,4.89,4.89,4.89,1,1,1,"Hibernating","High Risk","Rice and Grains","Cheras 88 Speedmart","Cheras","Kuala Lumpur"
2849,"C2849","Raymond a/l Maniam","N","Normal Member","2025-01-19",527,"2025-09-09",294,4,104.61,0,104.61,104.61,26.15,1,2,2,"Hibernating","High Risk","Rice and Grains","Kota Kinabalu 88 Speedmart","Kota Kinabalu","Sabah"
2850,"C2850","Luqman bin Omar","N","Normal Member","2025-12-23",189,"2025-07-30",335,2,63.99,0,63.99,63.99,32,1,1,1,"Hibernating","High Risk","Dairy Products","Ipoh 88 Speedmart","Ipoh","Perak"
2851,"C2851","Ong Jia En","N","VIP Member","2025-04-29",427,"2025-05-03",423,4,363.03,0,363.03,363.03,90.76,1,2,4,"Lost","Churned","Rice and Grains","Melaka 88 Speedmart","Melaka","Melaka"
2852,"C2852","Akmal bin Hamid","Y","Non-Member",,,"2026-06-05",25,13,655.56,0,655.56,655.56,50.43,5,4,5,"Champions","Low Risk","Rice and Grains","Seremban 88 Speedmart","Seremban","Negeri Sembilan"
2853,"C2853","Chia Ching Yee","N","Normal Member","2024-11-06",601,"2026-03-02",120,4,214.97,1.84,213.13,213.13,53.28,2,2,3,"At Risk","Medium Risk","Household Cleaning","Cheras 88 Speedmart","Cheras","Kuala Lumpur"
2854,"C2854","Maisarah binti Zainal","Y","Non-Member",,,"2026-05-17",44,10,493.71,10.42,483.29,483.29,48.33,4,4,4,"Champions","Low Risk","Cooking Essentials","George Town 88 Speedmart","George Town","Penang"
2855,"C2855","Arif bin Ahmad","Y","Normal Member","2024-10-05",633,"2026-02-16",134,11,374.18,30.94,343.24,343.24,31.2,2,4,3,"At Risk","Medium Risk","Personal Care","Seremban 88 Speedmart","Seremban","Negeri Sembilan"
2856,"C2856","Hana binti Fauzi","N","Normal Member","2025-12-16",196,"2025-03-30",457,3,165.05,0,165.05,165.05,55.02,1,2,2,"Hibernating","Churned","Rice and Grains","Ampang 88 Speedmart","Ampang","Selangor"
2857,"C2857","Chia Ching Yee","N","Non-Member",,,"2026-02-04",146,2,43.83,0,43.83,43.83,21.92,2,1,1,"Hibernating","Medium Risk","Alcoholic Beverages","Ampang 88 Speedmart","Ampang","Selangor"
2858,"C2858","Chin Chee Keong","Y","VIP Member","2025-06-05",390,"2026-06-02",28,12,326.31,0,326.31,326.31,27.19,5,4,3,"Loyal Customers","Low Risk","Household Cleaning","Petaling Jaya 88 Speedmart","Petaling Jaya","Selangor"
2859,"C2859","Imran bin Zainal","N","Normal Member","2025-12-10",202,"2025-06-04",391,2,130.08,0,130.08,130.08,65.04,1,1,2,"Hibernating","Churned","Premium Items","Seremban 88 Speedmart","Seremban","Negeri Sembilan"
2860,"C2860","Nabilah binti Abdullah","N","Non-Member",,,"2026-02-11",139,4,203.25,0,203.25,203.25,50.81,2,2,3,"At Risk","Medium Risk","Canned and Packaged Food","Petaling Jaya 88 Speedmart","Petaling Jaya","Selangor"
2861,"C2861","Farah binti Ahmad","N","Normal Member","2025-06-17",378,"2026-04-29",62,1,27.17,0,27.17,27.17,27.17,3,1,1,"Need Attention","Low Risk","Canned and Packaged Food","Cheras 88 Speedmart","Cheras","Kuala Lumpur"
2862,"C2862","Khadijah binti Omar","N","VIP Member","2024-10-11",627,"2026-06-16",14,2,109.84,0,109.84,109.84,54.92,5,1,2,"New Customers","Low Risk","Imported Goods","Petaling Jaya 88 Speedmart","Petaling Jaya","Selangor"
2863,"C2863","Yeoh Ming Jie","N","VIP Member","2025-11-10",232,"2025-10-17",256,6,217.9,0,217.9,217.9,36.32,1,3,3,"At Risk","High Risk","Alcoholic Beverages","Melaka 88 Speedmart","Melaka","Melaka"
2864,"C2864","Lee Kin Hoong","N","Normal Member","2025-10-20",253,"2025-12-08",204,3,143.57,0,143.57,143.57,47.86,1,2,2,"Hibernating","High Risk","Beverages","Shah Alam 88 Speedmart","Shah Alam","Selangor"
2865,"C2865","Chong Mei Ling","N","Non-Member",,,"2026-01-10",171,4,88.72,0,88.72,88.72,22.18,2,2,2,"Hibernating","Medium Risk","Dairy Products","Cheras 88 Speedmart","Cheras","Kuala Lumpur"
2866,"C2866","Akmal bin Hamid","N","Non-Member",,,"2025-03-19",468,2,168.07,0,168.07,168.07,84.04,1,1,2,"Hibernating","Churned","Instant Food","Kuching 88 Speedmart","Kuching","Sarawak"
2867,"C2867","Low Li Xuan","N","Normal Member","2025-12-03",209,"2026-01-25",156,1,88.76,0,88.76,88.76,88.76,2,1,2,"Hibernating","Medium Risk","Organic Foods","Klang 88 Speedmart","Klang","Selangor"
2868,"C2868","Farhan bin Omar","Y","Normal Member","2025-04-20",436,"2026-06-29",1,13,601.23,0,601.23,601.23,46.25,5,4,5,"Champions","Low Risk","Rice and Grains","Ampang 88 Speedmart","Ampang","Selangor"
2869,"C2869","Liyana binti Mahmud","N","Non-Member",,,"2026-02-22",128,3,193.27,0,193.27,193.27,64.42,2,2,2,"Hibernating","Medium Risk","Alcoholic Beverages","Ipoh 88 Speedmart","Ipoh","Perak"
2870,"C2870","Chong Jia Wei","N","Normal Member","2026-01-20",161,"2025-06-12",383,1,35.01,0,35.01,35.01,35.01,1,1,1,"Hibernating","Churned","Stationery and Daily Needs","Cheras 88 Speedmart","Cheras","Kuala Lumpur"
2871,"C2871","Chan Li Xuan","N","Normal Member","2024-12-29",548,"2025-05-18",408,1,110.44,0,110.44,110.44,110.44,1,1,2,"Hibernating","Churned","Alcoholic Beverages","Ipoh 88 Speedmart","Ipoh","Perak"
2872,"C2872","Deepa a/p Selvam","N","VIP Member","2025-09-21",282,"2026-05-18",43,1,53.22,0,53.22,53.22,53.22,4,1,1,"New Customers","Low Risk","Stationery and Daily Needs","Johor Bahru 88 Speedmart","Johor Bahru","Johor"
2873,"C2873","Khadijah binti Ibrahim","N","Normal Member","2024-11-13",594,,,0,0,0,0,0,,0,0,0,"Prospect","Prospect",,,,
2874,"C2874","Chia Pei Shan","N","Non-Member",,,"2025-01-31",515,1,17.95,0,17.95,17.95,17.95,1,1,1,"Hibernating","Churned","Rice and Grains","Kota Kinabalu 88 Speedmart","Kota Kinabalu","Sabah"
2875,"C2875","Adilah binti Zainal","N","Normal Member","2025-09-06",297,"2025-10-02",271,3,57.42,0,57.42,57.42,19.14,1,2,1,"Hibernating","High Risk","Rice and Grains","Petaling Jaya 88 Speedmart","Petaling Jaya","Selangor"
2876,"C2876","Rahul a/l Krishnan","N","Non-Member",,,"2026-03-10",112,10,382.49,0,382.49,382.49,38.25,2,4,4,"At Risk","Medium Risk","Beverages","Cheras 88 Speedmart","Cheras","Kuala Lumpur"
2877,"C2877","Amir bin Ahmad","Y","Non-Member",,,"2026-06-23",7,16,689.4,0,689.4,689.4,43.09,5,5,5,"Champions","Low Risk","Rice and Grains","Petaling Jaya 88 Speedmart","Petaling Jaya","Selangor"
2878,"C2878","Fong Wan Ting","N","Non-Member",,,"2025-11-04",238,7,457.78,0,457.78,457.78,65.4,1,3,4,"At Risk","High Risk","Cooking Essentials","Kota Kinabalu 88 Speedmart","Kota Kinabalu","Sabah"
2879,"C2879","Muthu a/p Maniam","N","Non-Member",,,"2026-02-09",141,1,38.94,0,38.94,38.94,38.94,2,1,1,"Hibernating","Medium Risk","Stationery and Daily Needs","Ampang 88 Speedmart","Ampang","Selangor"
2880,"C2880","Hana binti Fauzi","N","Normal Member","2026-03-21",101,"2025-12-05",207,3,56.99,0,56.99,56.99,19,1,2,1,"Hibernating","High Risk","Rice and Grains","Ampang 88 Speedmart","Ampang","Selangor"
2881,"C2881","Sabrina binti Ibrahim","N","Normal Member","2026-04-15",76,"2026-06-02",28,1,19.74,0,19.74,19.74,19.74,5,1,1,"New Customers","Low Risk","Baby Products","Ipoh 88 Speedmart","Ipoh","Perak"
2882,"C2882","Felix Jalong","N","Normal Member","2025-04-28",428,"2026-06-04",26,16,573.74,6.48,567.26,567.26,35.45,5,5,4,"Champions","Low Risk","Instant Food","Ampang 88 Speedmart","Ampang","Selangor"
2883,"C2883","Liyana binti Daud","N","Non-Member",,,"2025-08-28",306,3,83.81,6.4,77.41,77.41,25.8,1,2,1,"Hibernating","High Risk","Cooking Essentials","George Town 88 Speedmart","George Town","Penang"
2884,"C2884","Farhan bin Ibrahim","N","VIP Member","2025-11-22",220,"2025-11-25",217,3,67.86,0,67.86,67.86,22.62,1,2,1,"Hibernating","High Risk","Canned and Packaged Food","Shah Alam 88 Speedmart","Shah Alam","Selangor"
2885,"C2885","Vikram a/l Maniam","Y","VIP Member","2025-08-30",304,"2026-04-15",76,9,250.23,0,250.23,250.23,27.8,3,4,3,"Loyal Customers","Low Risk","Rice and Grains","Kota Kinabalu 88 Speedmart","Kota Kinabalu","Sabah"
2886,"C2886","Chia Hong Sheng","N","Normal Member","2025-07-22",343,"2026-04-27",64,11,494.03,6.79,487.24,487.24,44.29,3,4,4,"Loyal Customers","Low Risk","Stationery and Daily Needs","Petaling Jaya 88 Speedmart","Petaling Jaya","Selangor"
2887,"C2887","Siti binti Omar","N","VIP Member","2024-12-21",556,"2026-03-26",96,2,66.21,0,66.21,66.21,33.11,2,1,1,"Hibernating","Medium Risk","Baby Products","Kota Kinabalu 88 Speedmart","Kota Kinabalu","Sabah"
2888,"C2888","Ng Mei Ling","N","VIP Member","2026-04-22",69,"2025-01-08",538,1,24.13,0,24.13,24.13,24.13,1,1,1,"Hibernating","Churned","Alcoholic Beverages","Klang 88 Speedmart","Klang","Selangor"
2889,"C2889","Aisyah binti Zainal","N","Normal Member","2026-02-24",126,"2026-03-08",114,1,15.8,0,15.8,15.8,15.8,2,1,1,"Hibernating","Medium Risk","Canned and Packaged Food","Seremban 88 Speedmart","Seremban","Negeri Sembilan"
2890,"C2890","Intan binti Ismail","N","Non-Member",,,"2025-12-21",191,4,354.55,0,354.55,354.55,88.64,1,2,4,"Lost","High Risk","Premium Items","Seremban 88 Speedmart","Seremban","Negeri Sembilan"
2891,"C2891","Aisyah binti Yusof","N","Normal Member","2026-02-15",135,"2025-08-30",304,2,51.07,0,51.07,51.07,25.54,1,1,1,"Hibernating","High Risk","Premium Items","Klang 88 Speedmart","Klang","Selangor"
2892,"C2892","Naveen a/l Anand","Y","Non-Member",,,"2026-05-08",53,17,584.7,0,584.7,584.7,34.39,4,5,5,"Champions","Low Risk","Personal Care","Klang 88 Speedmart","Klang","Selangor"
2893,"C2893","Nurul binti Ibrahim","N","VIP Member","2026-04-22",69,"2026-05-23",38,6,252.71,0,252.71,252.71,42.12,4,3,3,"Potential Loyal","Low Risk","Rice and Grains","Kota Kinabalu 88 Speedmart","Kota Kinabalu","Sabah"
2894,"C2894","Khadijah binti Fauzi","N","Normal Member","2025-05-28",398,"2026-05-01",60,10,246.68,5.13,241.55,241.55,24.16,4,4,3,"Loyal Customers","Low Risk","Canned and Packaged Food","Melaka 88 Speedmart","Melaka","Melaka"
2895,"C2895","Danish bin Ismail","Y","Normal Member","2024-12-28",549,"2026-06-20",10,18,498.01,0,498.01,498.01,27.67,5,5,4,"Champions","Low Risk","Beverages","Kota Kinabalu 88 Speedmart","Kota Kinabalu","Sabah"
2896,"C2896","Syafiq bin Hassan","N","Normal Member","2025-10-11",262,"2026-04-13",78,2,32.32,0,32.32,32.32,16.16,3,1,1,"Need Attention","Low Risk","Snacks and Confectionery","George Town 88 Speedmart","George Town","Penang"
2897,"C2897","Qistina binti Razak","N","Normal Member","2025-09-12",291,"2026-04-06",85,1,17.76,0,17.76,17.76,17.76,3,1,1,"Need Attention","Low Risk","Canned and Packaged Food","George Town 88 Speedmart","George Town","Penang"
2898,"C2898","Nabilah binti Ibrahim","N","Non-Member",,,"2025-06-29",366,1,28.64,0,28.64,28.64,28.64,1,1,1,"Hibernating","Churned","Snacks and Confectionery","George Town 88 Speedmart","George Town","Penang"
2899,"C2899","Ong Yi Wen","N","Non-Member",,,"2026-02-19",131,2,62.05,0,62.05,62.05,31.03,2,1,1,"Hibernating","Medium Risk","Canned and Packaged Food","Kota Kinabalu 88 Speedmart","Kota Kinabalu","Sabah"
2900,"C2900","Ahmad bin Hassan","N","Non-Member",,,"2025-04-26",430,2,34.66,0,34.66,34.66,17.33,1,1,1,"Hibernating","Churned","Canned and Packaged Food","Seremban 88 Speedmart","Seremban","Negeri Sembilan"
2901,"C2901","Sonia Janting","N","Normal Member","2025-06-22",373,"2025-02-20",495,1,10.08,0,10.08,10.08,10.08,1,1,1,"Hibernating","Churned","Rice and Grains","George Town 88 Speedmart","George Town","Penang"
2902,"C2902","Ong Seng Huat","N","VIP Member","2024-11-12",595,"2025-12-10",202,3,183.91,0,183.91,183.91,61.3,1,2,2,"Hibernating","High Risk","Cooking Essentials","Petaling Jaya 88 Speedmart","Petaling Jaya","Selangor"
2903,"C2903","Zara binti Mahmud","N","Normal Member","2025-05-03",423,"2026-06-02",28,1,27.62,0,27.62,27.62,27.62,5,1,1,"New Customers","Low Risk","Baby Products","George Town 88 Speedmart","George Town","Penang"
2904,"C2904","Rahul a/l Murugan","N","Normal Member","2024-11-18",589,"2025-09-17",286,1,70.29,0,70.29,70.29,70.29,1,1,1,"Hibernating","High Risk","Organic Foods","Kota Kinabalu 88 Speedmart","Kota Kinabalu","Sabah"
2905,"C2905","Luqman bin Jamal","N","VIP Member","2026-01-24",157,"2026-03-23",99,3,101.91,0,101.91,101.91,33.97,2,2,2,"Hibernating","Medium Risk","Rice and Grains","Shah Alam 88 Speedmart","Shah Alam","Selangor"
2906,"C2906","Tan Shi Hao","N","Normal Member","2024-10-29",609,"2025-10-19",254,4,136.42,0,136.42,136.42,34.11,1,2,2,"Hibernating","High Risk","Cooking Essentials","George Town 88 Speedmart","George Town","Penang"
2907,"C2907","Elena Agan","Y","Normal Member","2025-11-21",221,"2026-06-14",16,10,290.63,0,290.63,290.63,29.06,5,4,3,"Loyal Customers","Low Risk","Canned and Packaged Food","George Town 88 Speedmart","George Town","Penang"
2908,"C2908","Goh Zi Xuan","Y","Normal Member","2025-01-19",527,"2026-05-26",35,10,546.69,0,546.69,546.69,54.67,4,4,4,"Champions","Low Risk","Baby Products","Kota Kinabalu 88 Speedmart","Kota Kinabalu","Sabah"
2909,"C2909","Grace a/p Krishnan","N","Normal Member","2026-03-15",107,"2026-02-17",133,3,103.6,0,103.6,103.6,34.53,2,2,2,"Hibernating","Medium Risk","Canned and Packaged Food","Melaka 88 Speedmart","Melaka","Melaka"
2910,"C2910","Chow Ming Jie","N","VIP Member","2025-02-23",492,"2025-06-25",370,1,254.43,0,254.43,254.43,254.43,1,1,3,"Lost","Churned","Organic Foods","Cheras 88 Speedmart","Cheras","Kuala Lumpur"
2911,"C2911","Darren a/l Gopal","N","Non-Member",,,,,0,0,0,0,0,,0,0,0,"Prospect","Prospect",,,,
2912,"C2912","Akmal bin Ibrahim","N","Non-Member",,,"2025-09-01",302,1,17.16,0,17.16,17.16,17.16,1,1,1,"Hibernating","High Risk","Stationery and Daily Needs","Seremban 88 Speedmart","Seremban","Negeri Sembilan"
2913,"C2913","Chia Cheng Wei","N","Normal Member","2025-03-30",457,"2025-11-27",215,10,447.59,0,447.59,447.59,44.76,1,4,4,"At Risk","High Risk","Household Cleaning","Melaka 88 Speedmart","Melaka","Melaka"
2914,"C2914","Raymond Mawan","N","VIP Member","2025-08-01",333,"2025-05-09",417,1,14.6,0,14.6,14.6,14.6,1,1,1,"Hibernating","Churned","Alcoholic Beverages","Ampang 88 Speedmart","Ampang","Selangor"
2915,"C2915","Aisyah binti Yusof","Y","Non-Member",,,"2026-06-29",1,9,297.41,12.34,285.07,285.07,31.67,5,4,3,"Loyal Customers","Low Risk","Beverages","Seremban 88 Speedmart","Seremban","Negeri Sembilan"
2916,"C2916","Khalid bin Razak","N","Normal Member","2025-09-20",283,"2025-04-03",453,1,40.28,0,40.28,40.28,40.28,1,1,1,"Hibernating","Churned","Canned and Packaged Food","Shah Alam 88 Speedmart","Shah Alam","Selangor"
2917,"C2917","Siti binti Salleh","N","Normal Member","2025-04-17",439,"2026-01-04",177,3,136.25,0,136.25,136.25,45.42,2,2,2,"Hibernating","Medium Risk","Canned and Packaged Food","Melaka 88 Speedmart","Melaka","Melaka"
2918,"C2918","Natalie a/p Pillai","N","VIP Member","2025-04-03",453,"2026-06-26",4,4,143.85,0,143.85,143.85,35.96,5,2,2,"Potential Loyal","Low Risk","Instant Food","Ampang 88 Speedmart","Ampang","Selangor"
2919,"C2919","Devi a/p Maniam","N","VIP Member","2026-05-18",43,"2025-12-12",200,3,62.19,0,62.19,62.19,20.73,1,2,1,"Hibernating","High Risk","Household Cleaning","Cheras 88 Speedmart","Cheras","Kuala Lumpur"
2920,"C2920","Low Mei Ling","N","Normal Member","2025-12-17",195,"2025-06-16",379,1,29.71,0,29.71,29.71,29.71,1,1,1,"Hibernating","Churned","Instant Food","Ampang 88 Speedmart","Ampang","Selangor"
2921,"C2921","Lim Jia En","N","Normal Member","2026-04-12",79,,,0,0,0,0,0,,0,0,0,"Prospect","Prospect",,,,
2922,"C2922","Aiman bin Ismail","N","VIP Member","2024-11-25",582,"2026-06-11",19,5,165.44,0,165.44,165.44,33.09,5,3,2,"Potential Loyal","Low Risk","Dairy Products","Seremban 88 Speedmart","Seremban","Negeri Sembilan"
2923,"C2923","Arif bin Ahmad","N","VIP Member","2026-01-01",180,"2026-02-19",131,3,90.3,0,90.3,90.3,30.1,2,2,2,"Hibernating","Medium Risk","Canned and Packaged Food","Ampang 88 Speedmart","Ampang","Selangor"
2924,"C2924","Hana binti Nasir","N","Normal Member","2025-02-09",506,"2026-01-15",166,2,131.48,0,131.48,131.48,65.74,2,1,2,"Hibernating","Medium Risk","Baby Products","Klang 88 Speedmart","Klang","Selangor"
2925,"C2925","Siti binti Nasir","N","Non-Member",,,"2025-12-27",185,1,6.39,0,6.39,6.39,6.39,1,1,1,"Hibernating","High Risk","Instant Food","Melaka 88 Speedmart","Melaka","Melaka"
2926,"C2926","Nasir bin Hamid","N","Non-Member",,,"2026-04-11",80,4,203.68,0,203.68,203.68,50.92,3,2,3,"Need Attention","Low Risk","Cooking Essentials","Melaka 88 Speedmart","Melaka","Melaka"
2927,"C2927","Chow Hui Min","N","Non-Member",,,"2025-05-26",400,2,121.6,0,121.6,121.6,60.8,1,1,2,"Hibernating","Churned","Personal Care","Petaling Jaya 88 Speedmart","Petaling Jaya","Selangor"
2928,"C2928","Akmal bin Ahmad","N","Normal Member","2026-05-09",52,"2025-12-26",186,1,87.94,0,87.94,87.94,87.94,1,1,2,"Hibernating","High Risk","Imported Goods","Shah Alam 88 Speedmart","Shah Alam","Selangor"
2929,"C2929","Teoh Yi Chen","N","Normal Member","2026-03-25",97,"2026-06-13",17,2,72.86,3.71,69.15,69.15,34.58,5,1,1,"New Customers","Low Risk","Frozen Food","Johor Bahru 88 Speedmart","Johor Bahru","Johor"
2930,"C2930","Teoh Kin Hoong","N","Normal Member","2025-02-10",505,"2025-12-29",183,3,99.16,0,99.16,99.16,33.05,1,2,2,"Hibernating","High Risk","Canned and Packaged Food","Melaka 88 Speedmart","Melaka","Melaka"
2931,"C2931","Ahmad bin Ahmad","Y","Non-Member",,,"2026-05-22",39,14,261.7,3.2,258.5,258.5,18.46,4,4,3,"Loyal Customers","Low Risk","Cooking Essentials","Klang 88 Speedmart","Klang","Selangor"
2932,"C2932","Khadijah binti Zainal","N","Normal Member","2025-08-15",319,"2025-12-31",181,2,22.02,0,22.02,22.02,11.01,1,1,1,"Hibernating","High Risk","Snacks and Confectionery","Ampang 88 Speedmart","Ampang","Selangor"
2933,"C2933","Chew Yoke Leng","Y","Non-Member",,,"2026-01-31",150,12,639.32,0,639.32,639.32,53.28,2,4,5,"At Risk","Medium Risk","Baby Products","Ampang 88 Speedmart","Ampang","Selangor"
2934,"C2934","Nabil bin Azman","N","Normal Member","2025-04-30",426,"2026-04-11",80,4,82.01,0,82.01,82.01,20.5,3,2,1,"Need Attention","Low Risk","Beverages","Ampang 88 Speedmart","Ampang","Selangor"
2935,"C2935","Koh Wan Ting","N","VIP Member","2026-04-28",63,"2026-02-03",147,2,32.89,0,32.89,32.89,16.45,2,1,1,"Hibernating","Medium Risk","Canned and Packaged Food","Klang 88 Speedmart","Klang","Selangor"
2936,"C2936","Felix Jalong","Y","Normal Member","2025-06-30",365,"2026-05-03",58,14,350.7,0,350.7,350.7,25.05,4,4,4,"Champions","Low Risk","Cooking Essentials","Shah Alam 88 Speedmart","Shah Alam","Selangor"
2937,"C2937","Fatin binti Hamid","N","Normal Member","2024-12-25",552,"2025-04-17",439,2,65.83,0,65.83,65.83,32.92,1,1,1,"Hibernating","Churned","Frozen Food","Kota Kinabalu 88 Speedmart","Kota Kinabalu","Sabah"
2938,"C2938","Kaur a/p Raman","N","Normal Member","2025-01-28",518,,,0,0,0,0,0,,0,0,0,"Prospect","Prospect",,,,
2939,"C2939","Chow Mei Ling","N","Normal Member","2025-07-27",338,"2025-11-23",219,6,146.51,0,146.51,146.51,24.42,1,3,2,"At Risk","High Risk","Frozen Food","Ipoh 88 Speedmart","Ipoh","Perak"
2940,"C2940","Qistina binti Ismail","N","Non-Member",,,"2025-12-30",182,2,56.72,0,56.72,56.72,28.36,1,1,1,"Hibernating","High Risk","Cooking Essentials","Petaling Jaya 88 Speedmart","Petaling Jaya","Selangor"
2941,"C2941","Farhan bin Ishak","N","Normal Member","2025-01-01",545,"2026-02-04",146,7,232.94,0,232.94,232.94,33.28,2,3,3,"At Risk","Medium Risk","Baby Products","Johor Bahru 88 Speedmart","Johor Bahru","Johor"
2942,"C2942","Danish bin Basri","N","Normal Member","2026-03-02",120,"2025-12-28",184,4,148.22,0,148.22,148.22,37.06,1,2,2,"Hibernating","High Risk","Beverages","Ipoh 88 Speedmart","Ipoh","Perak"
2943,"C2943","Meera a/p Selvam","N","Normal Member","2025-12-07",205,"2026-02-06",144,3,99.83,0,99.83,99.83,33.28,2,2,2,"Hibernating","Medium Risk","Rice and Grains","Ampang 88 Speedmart","Ampang","Selangor"
2944,"C2944","Nabil bin Ibrahim","N","Normal Member","2025-01-26",520,"2025-05-14",412,1,19.39,0,19.39,19.39,19.39,1,1,1,"Hibernating","Churned","Canned and Packaged Food","Ipoh 88 Speedmart","Ipoh","Perak"
2945,"C2945","Intan binti Basri","N","Normal Member","2024-12-31",546,"2026-02-15",135,3,118.47,0,118.47,118.47,39.49,2,2,2,"Hibernating","Medium Risk","Alcoholic Beverages","Cheras 88 Speedmart","Cheras","Kuala Lumpur"
2946,"C2946","Yeoh Ai Ling","N","Non-Member",,,"2026-05-19",42,2,74.23,0,74.23,74.23,37.12,4,1,1,"New Customers","Low Risk","Baby Products","Kota Kinabalu 88 Speedmart","Kota Kinabalu","Sabah"
2947,"C2947","Priya a/p Letchumy","N","Non-Member",,,"2026-01-07",174,5,133.88,0,133.88,133.88,26.78,2,3,2,"At Risk","Medium Risk","Baby Products","Shah Alam 88 Speedmart","Shah Alam","Selangor"
2948,"C2948","Amir bin Ahmad","N","Normal Member","2024-12-22",555,"2025-12-19",193,1,33.45,0,33.45,33.45,33.45,1,1,1,"Hibernating","High Risk","Frozen Food","Melaka 88 Speedmart","Melaka","Melaka"
2949,"C2949","Aqilah binti Ismail","Y","Non-Member",,,"2026-06-26",4,12,479.53,15,464.53,464.53,38.71,5,4,4,"Champions","Low Risk","Rice and Grains","Shah Alam 88 Speedmart","Shah Alam","Selangor"
2950,"C2950","Loh Jun Hao","Y","Non-Member",,,"2026-06-29",1,17,484.5,0,484.5,484.5,28.5,5,5,4,"Champions","Low Risk","Frozen Food","Kota Kinabalu 88 Speedmart","Kota Kinabalu","Sabah"
2951,"C2951","Qistina binti Mahmud","N","Normal Member","2026-06-26",4,"2025-09-22",281,2,68.56,0,68.56,68.56,34.28,1,1,1,"Hibernating","High Risk","Rice and Grains","Ampang 88 Speedmart","Ampang","Selangor"
2952,"C2952","Nadia binti Nasir","N","Normal Member","2026-03-05",117,"2025-10-19",254,6,130.9,0,130.9,130.9,21.82,1,3,2,"At Risk","High Risk","Beverages","Johor Bahru 88 Speedmart","Johor Bahru","Johor"
2953,"C2953","Syahirah binti Abdullah","N","Normal Member","2025-12-17",195,"2026-06-27",3,4,91.87,0,91.87,91.87,22.97,5,2,2,"Potential Loyal","Low Risk","Cooking Essentials","Melaka 88 Speedmart","Melaka","Melaka"
2954,"C2954","Aqilah binti Hassan","Y","VIP Member","2025-09-14",289,"2026-05-25",36,8,281.33,0,281.33,281.33,35.17,4,3,3,"Potential Loyal","Low Risk","Instant Food","Ampang 88 Speedmart","Ampang","Selangor"
2955,"C2955","Koh Kar Yee","N","Non-Member",,,"2024-12-20",557,2,60.46,0,60.46,60.46,30.23,1,1,1,"Hibernating","Churned","Stationery and Daily Needs","George Town 88 Speedmart","George Town","Penang"
2956,"C2956","Raymond a/l Singh","N","Normal Member","2024-11-24",583,"2026-06-29",1,3,218.28,0,218.28,218.28,72.76,5,2,3,"Potential Loyal","Low Risk","Dairy Products","Seremban 88 Speedmart","Seremban","Negeri Sembilan"
2957,"C2957","Chan Yi Chen","N","Normal Member","2025-06-07",388,"2025-07-21",344,1,10.26,0,10.26,10.26,10.26,1,1,1,"Hibernating","High Risk","Household Cleaning","Johor Bahru 88 Speedmart","Johor Bahru","Johor"
2958,"C2958","Chew Wei Lun","N","Normal Member","2026-02-04",146,"2025-11-22",220,10,462.77,0,462.77,462.77,46.28,1,4,4,"At Risk","High Risk","Rice and Grains","Seremban 88 Speedmart","Seremban","Negeri Sembilan"
2959,"C2959","Aiman bin Kamal","Y","Normal Member","2026-01-19",162,"2025-11-19",223,11,280.87,0,280.87,280.87,25.53,1,4,3,"At Risk","High Risk","Beverages","Melaka 88 Speedmart","Melaka","Melaka"
2960,"C2960","Chong Jia Wei","N","Normal Member","2026-01-17",164,"2026-03-13",109,2,28.97,0,28.97,28.97,14.49,2,1,1,"Hibernating","Medium Risk","Personal Care","Shah Alam 88 Speedmart","Shah Alam","Selangor"
2961,"C2961","Hafiz bin Nasir","Y","Non-Member",,,"2026-06-29",1,12,240.85,0,240.85,240.85,20.07,5,4,3,"Loyal Customers","Low Risk","Rice and Grains","Petaling Jaya 88 Speedmart","Petaling Jaya","Selangor"
2962,"C2962","Jannah binti Kamal","N","Normal Member","2025-06-18",377,"2025-12-16",196,16,522.74,5.8,516.94,516.94,32.31,1,5,4,"At Risk","High Risk","Dairy Products","Ampang 88 Speedmart","Ampang","Selangor"
2963,"C2963","Letchumy a/p Muthu","N","VIP Member","2025-06-15",380,"2026-06-17",13,3,84.95,0,84.95,84.95,28.32,5,2,1,"New Customers","Low Risk","Household Cleaning","Klang 88 Speedmart","Klang","Selangor"
2964,"C2964","Hana binti Fauzi","N","Non-Member",,,"2026-06-26",4,13,398.25,0,398.25,398.25,30.63,5,4,4,"Champions","Low Risk","Rice and Grains","Klang 88 Speedmart","Klang","Selangor"
2965,"C2965","Qistina binti Ismail","N","VIP Member","2025-12-21",191,"2026-05-09",52,4,275.1,0,275.1,275.1,68.78,4,2,3,"Potential Loyal","Low Risk","Dairy Products","Cheras 88 Speedmart","Cheras","Kuala Lumpur"
2966,"C2966","Ho Seng Huat","N","Normal Member","2025-05-09",417,"2026-01-05",176,14,433.76,0,433.76,433.76,30.98,2,4,4,"At Risk","Medium Risk","Canned and Packaged Food","Cheras 88 Speedmart","Cheras","Kuala Lumpur"
2967,"C2967","Danish bin Nasir","Y","VIP Member","2026-06-29",1,"2026-06-04",26,12,231.89,6.41,225.48,225.48,18.79,5,4,3,"Loyal Customers","Low Risk","Cooking Essentials","Kota Kinabalu 88 Speedmart","Kota Kinabalu","Sabah"
2968,"C2968","Farah binti Daud","N","Normal Member","2025-01-06",540,"2025-11-23",219,2,34.22,0,34.22,34.22,17.11,1,1,1,"Hibernating","High Risk","Frozen Food","Ipoh 88 Speedmart","Ipoh","Perak"
2969,"C2969","Sabrina binti Fauzi","Y","Normal Member","2024-12-28",549,"2026-05-03",58,10,435.61,0,435.61,435.61,43.56,4,4,4,"Champions","Low Risk","Cooking Essentials","George Town 88 Speedmart","George Town","Penang"
2970,"C2970","Jannah binti Daud","N","VIP Member","2026-01-11",170,,,0,0,0,0,0,,0,0,0,"Prospect","Prospect",,,,
2971,"C2971","Muthu a/p Subramaniam","N","Normal Member","2025-08-21",313,"2026-05-18",43,5,176.77,0,176.77,176.77,35.35,4,3,2,"Potential Loyal","Low Risk","Baby Products","Kota Kinabalu 88 Speedmart","Kota Kinabalu","Sabah"
2972,"C2972","Syafiq bin Hassan","N","Non-Member",,,,,0,0,0,0,0,,0,0,0,"Prospect","Prospect",,,,
2973,"C2973","Low Boon Hui","Y","Normal Member","2026-03-02",120,"2026-06-07",23,4,189.32,0,189.32,189.32,47.33,5,2,2,"Potential Loyal","Low Risk","Stationery and Daily Needs","George Town 88 Speedmart","George Town","Penang"
2974,"C2974","Aiman bin Razak","Y","VIP Member","2026-01-27",154,"2026-06-03",27,17,669.58,9.03,660.55,660.55,38.86,5,5,5,"Champions","Low Risk","Household Cleaning","Kota Kinabalu 88 Speedmart","Kota Kinabalu","Sabah"
2975,"C2975","Zahir bin Ishak","N","Normal Member","2026-05-22",39,"2025-04-10",446,2,53.06,0,53.06,53.06,26.53,1,1,1,"Hibernating","Churned","Personal Care","George Town 88 Speedmart","George Town","Penang"
2976,"C2976","Adilah binti Fauzi","Y","Normal Member","2025-07-28",337,"2026-06-26",4,11,376.75,0,376.75,376.75,34.25,5,4,4,"Champions","Low Risk","Rice and Grains","Melaka 88 Speedmart","Melaka","Melaka"
2977,"C2977","Qistina binti Razak","Y","VIP Member","2025-04-19",437,"2026-06-02",28,5,103.18,0,103.18,103.18,20.64,5,3,2,"Potential Loyal","Low Risk","Cooking Essentials","Cheras 88 Speedmart","Cheras","Kuala Lumpur"
2978,"C2978","Chong Shu Fen","N","VIP Member","2025-10-14",259,"2025-06-30",365,2,33.57,0,33.57,33.57,16.79,1,1,1,"Hibernating","High Risk","Dairy Products","Seremban 88 Speedmart","Seremban","Negeri Sembilan"
2979,"C2979","Devi a/p Murugan","N","Non-Member",,,"2026-01-31",150,3,106.73,0,106.73,106.73,35.58,2,2,2,"Hibernating","Medium Risk","Instant Food","Cheras 88 Speedmart","Cheras","Kuala Lumpur"
2980,"C2980","Kiran a/l Krishnan","N","VIP Member","2026-03-10",112,"2025-11-30",212,2,25.48,0,25.48,25.48,12.74,1,1,1,"Hibernating","High Risk","Canned and Packaged Food","Kota Kinabalu 88 Speedmart","Kota Kinabalu","Sabah"
2981,"C2981","Aiman bin Abdullah","N","Non-Member",,,"2026-06-17",13,2,62.1,3.81,58.29,58.29,29.15,5,1,1,"New Customers","Low Risk","Dairy Products","Shah Alam 88 Speedmart","Shah Alam","Selangor"
2982,"C2982","Aqilah binti Jamal","N","Normal Member","2026-01-28",153,"2025-01-11",535,3,121.46,0,121.46,121.46,40.49,1,2,2,"Hibernating","Churned","Rice and Grains","Klang 88 Speedmart","Klang","Selangor"
2983,"C2983","Chong Boon Hui","N","VIP Member","2026-03-14",108,"2025-10-26",247,3,56.14,0,56.14,56.14,18.71,1,2,1,"Hibernating","High Risk","Canned and Packaged Food","Ipoh 88 Speedmart","Ipoh","Perak"
2984,"C2984","Ng Hui Min","Y","Normal Member","2024-11-27",580,"2026-03-06",116,11,697,0,697,697,63.36,2,4,5,"At Risk","Medium Risk","Rice and Grains","Cheras 88 Speedmart","Cheras","Kuala Lumpur"
2985,"C2985","Arif bin Razak","N","Normal Member","2026-05-05",56,,,0,0,0,0,0,,0,0,0,"Prospect","Prospect",,,,
2986,"C2986","Irfan bin Hamid","N","Normal Member","2025-04-09",447,"2025-12-24",188,9,169.23,0,169.23,169.23,18.8,1,4,2,"At Risk","High Risk","Household Cleaning","Cheras 88 Speedmart","Cheras","Kuala Lumpur"
2987,"C2987","Lim Ching Yee","Y","Non-Member",,,"2026-06-11",19,13,306.74,1.77,304.97,304.97,23.46,5,4,3,"Loyal Customers","Low Risk","Dairy Products","Petaling Jaya 88 Speedmart","Petaling Jaya","Selangor"
2988,"C2988","Chow Jun Hao","Y","VIP Member","2026-01-14",167,"2026-06-26",4,9,382.02,0,382.02,382.02,42.45,5,4,4,"Champions","Low Risk","Rice and Grains","Johor Bahru 88 Speedmart","Johor Bahru","Johor"
2989,"C2989","Nadia binti Ahmad","Y","Normal Member","2026-05-18",43,"2026-06-07",23,9,440.3,4.88,435.42,435.42,48.38,5,4,4,"Champions","Low Risk","Instant Food","Shah Alam 88 Speedmart","Shah Alam","Selangor"
2990,"C2990","Imran bin Ismail","N","Normal Member","2026-01-23",158,"2025-04-17",439,1,13.11,0,13.11,13.11,13.11,1,1,1,"Hibernating","Churned","Canned and Packaged Food","Ipoh 88 Speedmart","Ipoh","Perak"
2991,"C2991","Tan Hui Ying","N","Normal Member","2025-06-17",378,,,0,0,0,0,0,,0,0,0,"Prospect","Prospect",,,,
2992,"C2992","Khadijah binti Kamal","N","Normal Member","2026-05-08",53,"2026-04-17",74,3,329.53,0,329.53,329.53,109.84,3,2,3,"Need Attention","Low Risk","Dairy Products","Ampang 88 Speedmart","Ampang","Selangor"
2993,"C2993","Nabilah binti Jamal","N","Normal Member","2025-11-07",235,"2026-06-24",6,2,63.93,0,63.93,63.93,31.97,5,1,1,"New Customers","Low Risk","Instant Food","Ampang 88 Speedmart","Ampang","Selangor"
2994,"C2994","Harish a/l Raj","Y","Non-Member",,,"2026-06-09",21,11,416.67,12.86,403.81,403.81,36.71,5,4,4,"Champions","Low Risk","Baby Products","Ampang 88 Speedmart","Ampang","Selangor"
2995,"C2995","Ahmad bin Ibrahim","Y","Non-Member",,,"2026-02-14",136,10,478.75,0,478.75,478.75,47.88,2,4,4,"At Risk","Medium Risk","Household Cleaning","Petaling Jaya 88 Speedmart","Petaling Jaya","Selangor"
2996,"C2996","Farhan bin Salleh","N","Normal Member","2026-05-30",31,"2025-12-19",193,2,135.58,6.63,128.95,128.95,64.48,1,1,2,"Hibernating","High Risk","Frozen Food","Melaka 88 Speedmart","Melaka","Melaka"
2997,"C2997","Farhan bin Mahmud","N","Normal Member","2025-09-05",298,"2026-01-23",158,2,61.9,0,61.9,61.9,30.95,2,1,1,"Hibernating","Medium Risk","Household Cleaning","George Town 88 Speedmart","George Town","Penang"
2998,"C2998","Qistina binti Abdullah","N","VIP Member","2026-04-22",69,,,0,0,0,0,0,,0,0,0,"Prospect","Prospect",,,,
2999,"C2999","Akmal bin Zainal","N","Normal Member","2026-05-11",50,"2026-02-06",144,4,115.69,0,115.69,115.69,28.92,2,2,2,"Hibernating","Medium Risk","Household Cleaning","Kota Kinabalu 88 Speedmart","Kota Kinabalu","Sabah"
3000,"C3000","Loh Ching Yee","Y","Normal Member","2025-05-13",413,"2026-01-02",179,9,323.56,3.37,320.19,320.19,35.58,2,4,3,"At Risk","Medium Risk","Frozen Food","Ampang 88 Speedmart","Ampang","Selangor"
3001,"C3001","Ng Pei Shan","N","Normal Member","2026-06-02",28,"2025-08-27",307,1,12.19,0,12.19,12.19,12.19,1,1,1,"Hibernating","High Risk","Instant Food","Ipoh 88 Speedmart","Ipoh","Perak"
3002,"C3002","Hana binti Ismail","N","Normal Member","2026-06-05",25,"2026-06-23",7,4,137.21,0,137.21,137.21,34.3,5,2,2,"Potential Loyal","Low Risk","Instant Food","Ipoh 88 Speedmart","Ipoh","Perak"
3003,"C3003","Ahmad bin Omar","N","Non-Member",,,,,0,0,0,0,0,,0,0,0,"Prospect","Prospect",,,,
3004,"C3004","Luqman bin Ishak","N","Non-Member",,,"2025-02-04",511,2,91.05,0,91.05,91.05,45.53,1,1,2,"Hibernating","Churned","Baby Products","Melaka 88 Speedmart","Melaka","Melaka"
3005,"C3005","Lakshmi a/p Maniam","N","Non-Member",,,"2026-02-14",136,1,20.26,0,20.26,20.26,20.26,2,1,1,"Hibernating","Medium Risk","Rice and Grains","Ampang 88 Speedmart","Ampang","Selangor"
3006,"C3006","Faris bin Daud","Y","Normal Member","2025-11-14",228,"2026-06-25",5,9,414.71,3,411.71,411.71,45.75,5,4,4,"Champions","Low Risk","Rice and Grains","Seremban 88 Speedmart","Seremban","Negeri Sembilan"
3007,"C3007","Imran bin Basri","Y","Non-Member",,,"2026-05-04",57,10,296.36,0,296.36,296.36,29.64,4,4,3,"Loyal Customers","Low Risk","Cooking Essentials","Kota Kinabalu 88 Speedmart","Kota Kinabalu","Sabah"
3008,"C3008","Tan Ching Yee","N","Normal Member","2026-01-13",168,"2026-04-26",65,2,123.57,0,123.57,123.57,61.79,3,1,2,"Need Attention","Low Risk","Organic Foods","Melaka 88 Speedmart","Melaka","Melaka"
3009,"C3009","Sanjay a/l Maniam","Y","Normal Member","2026-06-12",18,"2026-05-15",46,12,594.58,0,594.58,594.58,49.55,4,4,5,"Champions","Low Risk","Frozen Food","Cheras 88 Speedmart","Cheras","Kuala Lumpur"
3010,"C3010","Goh Wei Lun","N","Normal Member","2025-11-23",219,"2025-12-31",181,1,7.84,0,7.84,7.84,7.84,1,1,1,"Hibernating","High Risk","Snacks and Confectionery","Shah Alam 88 Speedmart","Shah Alam","Selangor"
3011,"C3011","Lee Jia En","Y","Non-Member",,,"2026-04-12",79,13,669.8,0,669.8,669.8,51.52,3,4,5,"Loyal Customers","Low Risk","Cooking Essentials","Ipoh 88 Speedmart","Ipoh","Perak"
3012,"C3012","Hakim bin Azman","N","VIP Member","2025-10-25",248,"2025-05-03",423,1,15.08,0,15.08,15.08,15.08,1,1,1,"Hibernating","Churned","Dairy Products","George Town 88 Speedmart","George Town","Penang"
3013,"C3013","Tan Siew Hong","N","Non-Member",,,"2025-12-21",191,6,464.84,0,464.84,464.84,77.47,1,3,4,"At Risk","High Risk","Baby Products","Melaka 88 Speedmart","Melaka","Melaka"
3014,"C3014","Meera a/p Raj","N","Normal Member","2025-01-24",522,"2026-04-12",79,1,9.88,0,9.88,9.88,9.88,3,1,1,"Need Attention","Low Risk","Cooking Essentials","Ipoh 88 Speedmart","Ipoh","Perak"
3015,"C3015","Ivan a/l Gopal","Y","VIP Member","2026-05-29",32,"2026-03-19",103,7,453.17,0,453.17,453.17,64.74,2,3,4,"At Risk","Medium Risk","Instant Food","Cheras 88 Speedmart","Cheras","Kuala Lumpur"
3016,"C3016","Raymond Mawan","N","Normal Member","2025-05-05",421,"2026-03-29",93,2,27.53,0,27.53,27.53,13.77,2,1,1,"Hibernating","Medium Risk","Baby Products","Seremban 88 Speedmart","Seremban","Negeri Sembilan"
3017,"C3017","Hana binti Hassan","N","Normal Member","2025-12-08",204,"2025-06-12",383,1,61.28,0,61.28,61.28,61.28,1,1,1,"Hibernating","Churned","Premium Items","Ipoh 88 Speedmart","Ipoh","Perak"
3018,"C3018","Sanjay a/l Singh","N","Normal Member","2025-09-09",294,"2025-12-13",199,3,82.75,4.57,78.18,78.18,26.06,1,2,1,"Hibernating","High Risk","Instant Food","Johor Bahru 88 Speedmart","Johor Bahru","Johor"
3019,"C3019","Imran bin Fauzi","N","Normal Member","2025-03-28",459,"2025-02-20",495,1,26.51,0,26.51,26.51,26.51,1,1,1,"Hibernating","Churned","Dairy Products","Petaling Jaya 88 Speedmart","Petaling Jaya","Selangor"
3020,"C3020","Darren a/l Chandran","Y","Non-Member",,,"2026-05-25",36,11,167.26,0,167.26,167.26,15.21,4,4,2,"Potential Loyal","Low Risk","Baby Products","Klang 88 Speedmart","Klang","Selangor"
3021,"C3021","Liyana binti Nasir","N","Normal Member","2025-12-28",184,,,0,0,0,0,0,,0,0,0,"Prospect","Prospect",,,,
3022,"C3022","Aisyah binti Jamal","N","Non-Member",,,"2026-02-10",140,1,18.71,0,18.71,18.71,18.71,2,1,1,"Hibernating","Medium Risk","Alcoholic Beverages","Melaka 88 Speedmart","Melaka","Melaka"
3023,"C3023","Aisyah binti Mahmud","N","Normal Member","2026-03-20",102,"2026-06-18",12,1,226.53,0,226.53,226.53,226.53,5,1,3,"Potential Loyal","Low Risk","Baby Products","Cheras 88 Speedmart","Cheras","Kuala Lumpur"
3024,"C3024","Fatin binti Ismail","N","Normal Member","2026-06-10",20,"2026-06-16",14,2,54.17,0,54.17,54.17,27.09,5,1,1,"New Customers","Low Risk","Cooking Essentials","Shah Alam 88 Speedmart","Shah Alam","Selangor"
3025,"C3025","Koh Ai Ling","N","VIP Member","2026-04-20",71,"2026-01-07",174,1,74.5,0,74.5,74.5,74.5,2,1,1,"Hibernating","Medium Risk","Dairy Products","George Town 88 Speedmart","George Town","Penang"
3026,"C3026","Zahir bin Ishak","N","Normal Member","2025-06-07",388,"2026-03-15",107,3,84.13,0,84.13,84.13,28.04,2,2,1,"Hibernating","Medium Risk","Frozen Food","Ampang 88 Speedmart","Ampang","Selangor"
3027,"C3027","Chia Yi Wen","Y","Normal Member","2026-03-20",102,"2026-06-22",8,14,723.79,0,723.79,723.79,51.7,5,4,5,"Champions","Low Risk","Rice and Grains","Petaling Jaya 88 Speedmart","Petaling Jaya","Selangor"
3028,"C3028","Ishaan bin Yusof","N","Non-Member",,,"2025-12-20",192,2,186.29,0,186.29,186.29,93.15,1,1,2,"Hibernating","High Risk","Cooking Essentials","Kota Kinabalu 88 Speedmart","Kota Kinabalu","Sabah"
3029,"C3029","Low Jia Wei","N","Normal Member","2025-04-08",448,,,0,0,0,0,0,,0,0,0,"Prospect","Prospect",,,,
3030,"C3030","Fatin binti Mahmud","Y","Non-Member",,,"2026-06-06",24,10,453.79,1.56,452.23,452.23,45.22,5,4,4,"Champions","Low Risk","Beverages","Kota Kinabalu 88 Speedmart","Kota Kinabalu","Sabah"
3031,"C3031","Dev a/l Raj","N","Normal Member","2025-08-25",309,"2026-06-13",17,2,44.44,2.46,41.98,41.98,20.99,5,1,1,"New Customers","Low Risk","Dairy Products","Johor Bahru 88 Speedmart","Johor Bahru","Johor"
3032,"C3032","Loh Ai Ling","N","Normal Member","2026-01-22",159,"2026-03-23",99,2,57.63,0,57.63,57.63,28.82,2,1,1,"Hibernating","Medium Risk","Frozen Food","Petaling Jaya 88 Speedmart","Petaling Jaya","Selangor"
3033,"C3033","Ishaan bin Abdullah","N","Non-Member",,,"2026-01-07",174,5,223.89,0,223.89,223.89,44.78,2,3,3,"At Risk","Medium Risk","Frozen Food","Ampang 88 Speedmart","Ampang","Selangor"
3034,"C3034","Maisarah binti Hassan","Y","Non-Member",,,"2026-02-06",144,10,282.77,0,282.77,282.77,28.28,2,4,3,"At Risk","Medium Risk","Household Cleaning","Ampang 88 Speedmart","Ampang","Selangor"
3035,"C3035","Chew Li Xuan","N","Normal Member","2025-03-31",456,"2024-12-26",551,1,41.47,0,41.47,41.47,41.47,1,1,1,"Hibernating","Churned","Baby Products","Shah Alam 88 Speedmart","Shah Alam","Selangor"
3036,"C3036","Chong Jun Hao","Y","Normal Member","2025-07-17",348,"2026-05-15",46,19,713.1,12.08,701.02,701.02,36.9,4,5,5,"Champions","Low Risk","Baby Products","Kota Kinabalu 88 Speedmart","Kota Kinabalu","Sabah"
3037,"C3037","Alvin a/l Vijayan","N","Normal Member","2026-02-05",145,"2026-01-20",161,4,262.65,0,262.65,262.65,65.66,2,2,3,"At Risk","Medium Risk","Dairy Products","Ipoh 88 Speedmart","Ipoh","Perak"
3038,"C3038","Low Zhi Hao","N","Non-Member",,,,,0,0,0,0,0,,0,0,0,"Prospect","Prospect",,,,
3039,"C3039","Aditi a/p Suresh","N","Normal Member","2025-09-05",298,"2026-06-20",10,3,35.21,0,35.21,35.21,11.74,5,2,1,"New Customers","Low Risk","Cooking Essentials","Johor Bahru 88 Speedmart","Johor Bahru","Johor"
3040,"C3040","Ong Mei Qi","N","Non-Member",,,"2025-07-25",340,1,20.9,0,20.9,20.9,20.9,1,1,1,"Hibernating","High Risk","Cooking Essentials","Kota Kinabalu 88 Speedmart","Kota Kinabalu","Sabah"
3041,"C3041","Saraswathy a/p Krishnan","N","Normal Member","2025-05-28",398,"2026-06-05",25,3,46.51,2.23,44.28,44.28,14.76,5,2,1,"New Customers","Low Risk","Rice and Grains","Melaka 88 Speedmart","Melaka","Melaka"
3042,"C3042","Elena a/p Devi","N","Non-Member",,,"2024-12-28",549,1,43.41,0,43.41,43.41,43.41,1,1,1,"Hibernating","Churned","Baby Products","Petaling Jaya 88 Speedmart","Petaling Jaya","Selangor"
3043,"C3043","Akmal bin Zainal","N","Normal Member","2026-03-03",119,"2025-12-15",197,1,12.3,0,12.3,12.3,12.3,1,1,1,"Hibernating","High Risk","Snacks and Confectionery","George Town 88 Speedmart","George Town","Penang"
3044,"C3044","Ananya a/p Saraswathy","N","Normal Member","2025-11-01",241,"2026-01-17",164,1,30.04,0,30.04,30.04,30.04,2,1,1,"Hibernating","Medium Risk","Cooking Essentials","Ipoh 88 Speedmart","Ipoh","Perak"
3045,"C3045","Nurul binti Kamal","N","Non-Member",,,"2025-11-28",214,1,21.57,0,21.57,21.57,21.57,1,1,1,"Hibernating","High Risk","Frozen Food","Ampang 88 Speedmart","Ampang","Selangor"
3046,"C3046","Nadia binti Daud","N","Non-Member",,,,,0,0,0,0,0,,0,0,0,"Prospect","Prospect",,,,
3047,"C3047","Ahmad bin Razak","N","Normal Member","2026-03-29",93,"2025-11-13",229,2,51.62,0,51.62,51.62,25.81,1,1,1,"Hibernating","High Risk","Baby Products","Klang 88 Speedmart","Klang","Selangor"
3048,"C3048","Arjun a/l Rajan","N","Normal Member","2025-09-18",285,"2026-06-04",26,2,56.47,0,56.47,56.47,28.24,5,1,1,"New Customers","Low Risk","Canned and Packaged Food","Kota Kinabalu 88 Speedmart","Kota Kinabalu","Sabah"
3049,"C3049","Lee Jun Hao","N","Normal Member","2026-06-09",21,"2026-03-13",109,1,101.5,0,101.5,101.5,101.5,2,1,2,"Hibernating","Medium Risk","Imported Goods","Klang 88 Speedmart","Klang","Selangor"
3050,"C3050","Danish bin Basri","N","Normal Member","2026-03-26",96,"2025-08-29",305,1,26.3,0,26.3,26.3,26.3,1,1,1,"Hibernating","High Risk","Stationery and Daily Needs","Ipoh 88 Speedmart","Ipoh","Perak"
3051,"C3051","Aditi a/p Anand","N","Non-Member",,,,,0,0,0,0,0,,0,0,0,"Prospect","Prospect",,,,
3052,"C3052","Tan Wan Ting","Y","Normal Member","2025-12-18",194,"2026-03-18",104,9,290.44,0,290.44,290.44,32.27,2,4,3,"At Risk","Medium Risk","Baby Products","Klang 88 Speedmart","Klang","Selangor"
3053,"C3053","Victor a/l Singh","N","Non-Member",,,"2025-08-27",307,1,21.95,0,21.95,21.95,21.95,1,1,1,"Hibernating","High Risk","Canned and Packaged Food","Kota Kinabalu 88 Speedmart","Kota Kinabalu","Sabah"
3054,"C3054","Deepa a/p Selvam","Y","VIP Member","2025-07-21",344,"2026-05-27",34,10,297.59,0,297.59,297.59,29.76,4,4,3,"Loyal Customers","Low Risk","Rice and Grains","Petaling Jaya 88 Speedmart","Petaling Jaya","Selangor"
3055,"C3055","Ng Chee Keong","Y","Normal Member","2026-06-24",6,"2026-03-27",95,13,693.46,0,693.46,693.46,53.34,2,4,5,"At Risk","Medium Risk","Personal Care","Klang 88 Speedmart","Klang","Selangor"
3056,"C3056","Ong Shu Fen","N","VIP Member","2025-11-30",212,"2025-08-07",327,2,61.7,0,61.7,61.7,30.85,1,1,1,"Hibernating","High Risk","Baby Products","Melaka 88 Speedmart","Melaka","Melaka"
3057,"C3057","Naveen a/l Raj","N","Non-Member",,,"2026-02-10",140,3,99.29,0,99.29,99.29,33.1,2,2,2,"Hibernating","Medium Risk","Cooking Essentials","Klang 88 Speedmart","Klang","Selangor"
3058,"C3058","Nadia binti Azman","N","Non-Member",,,"2026-06-30",0,3,144.92,0,144.92,144.92,48.31,5,2,2,"Potential Loyal","Low Risk","Dairy Products","Ipoh 88 Speedmart","Ipoh","Perak"
3059,"C3059","Natalie a/p Chandran","N","Normal Member","2026-05-11",50,"2025-08-06",328,9,393.09,0,393.09,393.09,43.68,1,4,4,"At Risk","High Risk","Imported Goods","Johor Bahru 88 Speedmart","Johor Bahru","Johor"
3060,"C3060","Qistina binti Fauzi","N","Normal Member","2026-01-28",153,"2026-05-05",56,2,23.68,0,23.68,23.68,11.84,4,1,1,"New Customers","Low Risk","Stationery and Daily Needs","Shah Alam 88 Speedmart","Shah Alam","Selangor"
3061,"C3061","Akmal bin Hamid","N","Non-Member",,,"2025-06-20",375,5,86.75,0,86.75,86.75,17.35,1,3,1,"At Risk","Churned","Dairy Products","Melaka 88 Speedmart","Melaka","Melaka"
3062,"C3062","Zara binti Kamal","N","Normal Member","2025-01-09",537,"2025-12-08",204,1,4.43,0,4.43,4.43,4.43,1,1,1,"Hibernating","High Risk","Household Cleaning","Ampang 88 Speedmart","Ampang","Selangor"
3063,"C3063","Farah binti Mahmud","N","Non-Member",,,"2025-12-21",191,3,42.8,0,42.8,42.8,14.27,1,2,1,"Hibernating","High Risk","Canned and Packaged Food","Johor Bahru 88 Speedmart","Johor Bahru","Johor"
3064,"C3064","Darren a/l Rao","N","Normal Member","2025-04-23",433,"2025-04-15",441,1,26.68,0,26.68,26.68,26.68,1,1,1,"Hibernating","Churned","Dairy Products","Seremban 88 Speedmart","Seremban","Negeri Sembilan"
3065,"C3065","Irfan bin Salleh","N","Normal Member","2025-08-10",324,"2026-02-26",124,5,143.53,0,143.53,143.53,28.71,2,3,2,"At Risk","Medium Risk","Cooking Essentials","Ampang 88 Speedmart","Ampang","Selangor"
3066,"C3066","Dev a/l Raj","N","VIP Member","2025-09-11",292,,,0,0,0,0,0,,0,0,0,"Prospect","Prospect",,,,
3067,"C3067","Syahirah binti Hamid","N","Normal Member","2025-06-06",389,"2026-03-16",106,2,31.67,0,31.67,31.67,15.84,2,1,1,"Hibernating","Medium Risk","Frozen Food","Cheras 88 Speedmart","Cheras","Kuala Lumpur"
3068,"C3068","Koh Shi Hao","Y","VIP Member","2025-07-12",353,"2026-06-03",27,13,246.04,0,246.04,246.04,18.93,5,4,3,"Loyal Customers","Low Risk","Cooking Essentials","Kota Kinabalu 88 Speedmart","Kota Kinabalu","Sabah"
3069,"C3069","Syafiq bin Salleh","N","Non-Member",,,,,0,0,0,0,0,,0,0,0,"Prospect","Prospect",,,,
3070,"C3070","Aarav a/l Rao","Y","Normal Member","2026-06-09",21,"2026-06-26",4,8,234.72,19.65,215.07,215.07,26.88,5,3,3,"Potential Loyal","Low Risk","Instant Food","Klang 88 Speedmart","Klang","Selangor"
3071,"C3071","Hakim bin Azman","N","Normal Member","2025-11-04",238,"2026-06-08",22,2,88.09,3.72,84.37,84.37,42.19,5,1,1,"New Customers","Low Risk","Alcoholic Beverages","Johor Bahru 88 Speedmart","Johor Bahru","Johor"
3072,"C3072","Mardhiah binti Nasir","N","Normal Member","2025-12-23",189,,,0,0,0,0,0,,0,0,0,"Prospect","Prospect",,,,
3073,"C3073","Intan binti Mahmud","N","VIP Member","2025-10-25",248,,,0,0,0,0,0,,0,0,0,"Prospect","Prospect",,,,
3074,"C3074","Kaur a/p Gopal","N","Non-Member",,,"2025-09-05",298,3,125.02,0,125.02,125.02,41.67,1,2,2,"Hibernating","High Risk","Canned and Packaged Food","Kota Kinabalu 88 Speedmart","Kota Kinabalu","Sabah"
3075,"C3075","Marcus Bansa","N","Normal Member","2026-04-24",67,,,0,0,0,0,0,,0,0,0,"Prospect","Prospect",,,,
3076,"C3076","Loh Yi Chen","N","Non-Member",,,"2025-09-03",300,1,65.16,0,65.16,65.16,65.16,1,1,1,"Hibernating","High Risk","Rice and Grains","Johor Bahru 88 Speedmart","Johor Bahru","Johor"
3077,"C3077","Alvin Laja","Y","Normal Member","2026-04-24",67,"2026-05-02",59,9,210.18,0,210.18,210.18,23.35,4,4,3,"Loyal Customers","Low Risk","Rice and Grains","Klang 88 Speedmart","Klang","Selangor"
3078,"C3078","Lee Kai Xin","N","Non-Member",,,"2026-04-08",83,9,371.38,0,371.38,371.38,41.26,3,4,4,"Loyal Customers","Low Risk","Rice and Grains","Kota Kinabalu 88 Speedmart","Kota Kinabalu","Sabah"
3079,"C3079","Siti binti Yusof","N","Normal Member","2026-02-12",138,"2025-08-24",310,2,82.46,0,82.46,82.46,41.23,1,1,1,"Hibernating","High Risk","Rice and Grains","George Town 88 Speedmart","George Town","Penang"
3080,"C3080","Aisyah binti Jamal","N","Non-Member",,,"2026-01-13",168,4,87.34,0,87.34,87.34,21.84,2,2,1,"Hibernating","Medium Risk","Beverages","Shah Alam 88 Speedmart","Shah Alam","Selangor"
3081,"C3081","Syahirah binti Ahmad","N","VIP Member","2025-09-01",302,"2026-01-15",166,6,231.49,0,231.49,231.49,38.58,2,3,3,"At Risk","Medium Risk","Household Cleaning","Klang 88 Speedmart","Klang","Selangor"
3082,"C3082","Farah binti Hassan","N","Non-Member",,,,,0,0,0,0,0,,0,0,0,"Prospect","Prospect",,,,
3083,"C3083","Mardhiah binti Razak","N","Normal Member","2026-04-30",61,"2025-03-02",485,1,37.76,0,37.76,37.76,37.76,1,1,1,"Hibernating","Churned","Snacks and Confectionery","Kota Kinabalu 88 Speedmart","Kota Kinabalu","Sabah"
3084,"C3084","Natalie a/p Raman","N","Normal Member","2025-04-10",446,"2026-01-10",171,1,39.33,0,39.33,39.33,39.33,2,1,1,"Hibernating","Medium Risk","Dairy Products","Johor Bahru 88 Speedmart","Johor Bahru","Johor"
3085,"C3085","Imran bin Salleh","N","Non-Member",,,,,0,0,0,0,0,,0,0,0,"Prospect","Prospect",,,,
3086,"C3086","Jannah binti Zainal","N","VIP Member","2026-01-05",176,"2025-11-27",215,1,62.26,0,62.26,62.26,62.26,1,1,1,"Hibernating","High Risk","Imported Goods","Ampang 88 Speedmart","Ampang","Selangor"
3087,"C3087","Lakshmi a/p Subramaniam","Y","Normal Member","2025-09-29",274,"2026-03-10",112,7,145.98,0,145.98,145.98,20.85,2,3,2,"At Risk","Medium Risk","Instant Food","Ampang 88 Speedmart","Ampang","Selangor"
3088,"C3088","Ahmad bin Fauzi","Y","VIP Member","2026-06-13",17,"2026-05-14",47,7,140.5,0,140.5,140.5,20.07,4,3,2,"Potential Loyal","Low Risk","Alcoholic Beverages","Kota Kinabalu 88 Speedmart","Kota Kinabalu","Sabah"
3089,"C3089","Rafiq bin Basri","Y","VIP Member","2025-12-18",194,"2026-06-03",27,6,175.88,0,175.88,175.88,29.31,5,3,2,"Potential Loyal","Low Risk","Stationery and Daily Needs","Seremban 88 Speedmart","Seremban","Negeri Sembilan"
3090,"C3090","Fatin binti Hamid","N","Non-Member",,,"2026-03-16",106,5,162.71,0,162.71,162.71,32.54,2,3,2,"At Risk","Medium Risk","Frozen Food","Melaka 88 Speedmart","Melaka","Melaka"
3091,"C3091","Vikram a/l Suresh","N","Non-Member",,,"2026-01-31",150,1,8.87,0,8.87,8.87,8.87,2,1,1,"Hibernating","Medium Risk","Beverages","Kota Kinabalu 88 Speedmart","Kota Kinabalu","Sabah"
3092,"C3092","Adrian a/l Saminathan","N","Normal Member","2026-06-13",17,"2025-12-09",203,4,89.6,0,89.6,89.6,22.4,1,2,2,"Hibernating","High Risk","Instant Food","George Town 88 Speedmart","George Town","Penang"
3093,"C3093","Kavitha a/p Krishnan","N","Normal Member","2025-07-13",352,"2026-03-06",116,7,207.35,0,207.35,207.35,29.62,2,3,3,"At Risk","Medium Risk","Rice and Grains","George Town 88 Speedmart","George Town","Penang"
3094,"C3094","Hana binti Hamid","N","Normal Member","2025-08-31",303,"2025-10-13",260,2,62.74,0,62.74,62.74,31.37,1,1,1,"Hibernating","High Risk","Dairy Products","Kota Kinabalu 88 Speedmart","Kota Kinabalu","Sabah"
3095,"C3095","Goh Boon Hui","Y","Normal Member","2026-03-17",105,"2026-06-04",26,12,312.43,0,312.43,312.43,26.04,5,4,3,"Loyal Customers","Low Risk","Rice and Grains","Johor Bahru 88 Speedmart","Johor Bahru","Johor"
3096,"C3096","Dev a/l Gopal","N","Normal Member","2025-10-17",256,,,0,0,0,0,0,,0,0,0,"Prospect","Prospect",,,,
3097,"C3097","Darren a/l Balakrishnan","Y","Normal Member","2025-09-17",286,"2026-04-13",78,13,345.99,1.86,344.13,344.13,26.47,3,4,3,"Loyal Customers","Low Risk","Baby Products","Kota Kinabalu 88 Speedmart","Kota Kinabalu","Sabah"
3098,"C3098","Hana binti Hassan","N","Non-Member",,,,,0,0,0,0,0,,0,0,0,"Prospect","Prospect",,,,
3099,"C3099","Khadijah binti Zainal","N","VIP Member","2026-04-18",73,"2026-03-12",110,3,108.16,0,108.16,108.16,36.05,2,2,2,"Hibernating","Medium Risk","Stationery and Daily Needs","Johor Bahru 88 Speedmart","Johor Bahru","Johor"
3100,"C3100","Adilah binti Hassan","N","VIP Member","2025-02-25",490,"2026-02-06",144,3,135.78,0,135.78,135.78,45.26,2,2,2,"Hibernating","Medium Risk","Rice and Grains","George Town 88 Speedmart","George Town","Penang"
3101,"C3101","Rahul a/l Subramaniam","N","Normal Member","2025-10-20",253,"2026-04-09",82,2,71.21,0,71.21,71.21,35.61,3,1,1,"Need Attention","Low Risk","Personal Care","Cheras 88 Speedmart","Cheras","Kuala Lumpur"
3102,"C3102","Farah binti Daud","N","Normal Member","2025-05-05",421,"2026-06-27",3,2,63.42,0,63.42,63.42,31.71,5,1,1,"New Customers","Low Risk","Personal Care","George Town 88 Speedmart","George Town","Penang"
3103,"C3103","Hana binti Razak","N","Normal Member","2025-10-06",267,"2025-11-15",227,4,75.58,0,75.58,75.58,18.9,1,2,1,"Hibernating","High Risk","Cooking Essentials","George Town 88 Speedmart","George Town","Penang"
3104,"C3104","Danish bin Salleh","N","Non-Member",,,"2025-10-19",254,3,79.6,11.34,68.26,68.26,22.75,1,2,1,"Hibernating","High Risk","Frozen Food","George Town 88 Speedmart","George Town","Penang"
3105,"C3105","Khadijah binti Fauzi","N","Normal Member","2025-12-27",185,"2026-03-02",120,1,162.57,0,162.57,162.57,162.57,2,1,2,"Hibernating","Medium Risk","Premium Items","Seremban 88 Speedmart","Seremban","Negeri Sembilan"
3106,"C3106","Clarissa a/p Gopal","N","Normal Member","2025-04-11",445,,,0,0,0,0,0,,0,0,0,"Prospect","Prospect",,,,
3107,"C3107","Nabil bin Daud","N","Normal Member","2025-04-25",431,,,0,0,0,0,0,,0,0,0,"Prospect","Prospect",,,,
3108,"C3108","Khadijah binti Yusof","N","Non-Member",,,"2026-02-02",148,2,92.3,0,92.3,92.3,46.15,2,1,2,"Hibernating","Medium Risk","Cooking Essentials","Melaka 88 Speedmart","Melaka","Melaka"
3109,"C3109","Loh Siew Hong","N","Normal Member","2025-10-15",258,,,0,0,0,0,0,,0,0,0,"Prospect","Prospect",,,,
3110,"C3110","Akmal bin Fauzi","N","Normal Member","2026-02-20",130,"2026-02-17",133,1,39.47,1.09,38.38,38.38,38.38,2,1,1,"Hibernating","Medium Risk","Rice and Grains","Petaling Jaya 88 Speedmart","Petaling Jaya","Selangor"
3111,"C3111","Aqilah binti Salleh","Y","Normal Member","2026-06-13",17,"2026-04-05",86,5,164.03,0,164.03,164.03,32.81,3,3,2,"Need Attention","Low Risk","Canned and Packaged Food","Ipoh 88 Speedmart","Ipoh","Perak"
3112,"C3112","Aisyah binti Hamid","N","VIP Member","2025-02-21",494,,,0,0,0,0,0,,0,0,0,"Prospect","Prospect",,,,
3113,"C3113","Rahul a/l Anand","Y","VIP Member","2026-01-28",153,"2026-06-06",24,15,513.07,31.41,481.66,481.66,32.11,5,5,4,"Champions","Low Risk","Cooking Essentials","Kota Kinabalu 88 Speedmart","Kota Kinabalu","Sabah"
3114,"C3114","Tan Kai Jie","N","Non-Member",,,,,0,0,0,0,0,,0,0,0,"Prospect","Prospect",,,,
3115,"C3115","Ivan a/l Rajan","Y","Non-Member",,,"2026-03-15",107,10,310.6,0,310.6,310.6,31.06,2,4,3,"At Risk","Medium Risk","Dairy Products","Petaling Jaya 88 Speedmart","Petaling Jaya","Selangor"
3116,"C3116","Akmal bin Zainal","N","Normal Member","2025-07-22",343,"2025-08-23",311,2,61.58,1.46,60.12,60.12,30.06,1,1,1,"Hibernating","High Risk","Dairy Products","Shah Alam 88 Speedmart","Shah Alam","Selangor"
3117,"C3117","Liyana binti Yusof","N","VIP Member","2025-12-03",209,"2026-05-16",45,2,50.28,0,50.28,50.28,25.14,4,1,1,"New Customers","Low Risk","Stationery and Daily Needs","George Town 88 Speedmart","George Town","Penang"
3118,"C3118","Joanne a/p Krishnan","N","Non-Member",,,"2025-11-02",240,1,3.4,0,3.4,3.4,3.4,1,1,1,"Hibernating","High Risk","Personal Care","Melaka 88 Speedmart","Melaka","Melaka"
3119,"C3119","Lim Zhi Qing","N","VIP Member","2025-06-05",390,,,0,0,0,0,0,,0,0,0,"Prospect","Prospect",,,,
3120,"C3120","Nadia binti Basri","N","Normal Member","2026-01-11",170,"2026-02-08",142,1,27.12,0,27.12,27.12,27.12,2,1,1,"Hibernating","Medium Risk","Household Cleaning","Melaka 88 Speedmart","Melaka","Melaka"
3121,"C3121","Sonia Janting","N","Non-Member",,,"2026-03-12",110,6,202.13,0,202.13,202.13,33.69,2,3,3,"At Risk","Medium Risk","Baby Products","Seremban 88 Speedmart","Seremban","Negeri Sembilan"
3122,"C3122","Maisarah binti Fauzi","N","Non-Member",,,,,0,0,0,0,0,,0,0,0,"Prospect","Prospect",,,,
3123,"C3123","Adrian a/l Nair","N","Normal Member","2025-05-31",395,"2026-06-20",10,2,85.77,4.14,81.63,81.63,40.82,5,1,1,"New Customers","Low Risk","Dairy Products","Klang 88 Speedmart","Klang","Selangor"
3124,"C3124","Fatin binti Fauzi","Y","Non-Member",,,"2026-06-27",3,8,278.13,0,278.13,278.13,34.77,5,3,3,"Potential Loyal","Low Risk","Snacks and Confectionery","Ampang 88 Speedmart","Ampang","Selangor"
3125,"C3125","Khalid bin Razak","Y","Normal Member","2025-10-06",267,"2026-06-03",27,7,252.58,6.4,246.18,246.18,35.17,5,3,3,"Potential Loyal","Low Risk","Baby Products","Seremban 88 Speedmart","Seremban","Negeri Sembilan"
3126,"C3126","Low Xin Yi","N","Normal Member","2026-06-22",8,"2025-11-01",241,1,34.59,0,34.59,34.59,34.59,1,1,1,"Hibernating","High Risk","Rice and Grains","Shah Alam 88 Speedmart","Shah Alam","Selangor"
3127,"C3127","Aiman bin Daud","N","Normal Member","2025-10-14",259,"2025-07-21",344,3,139.67,0,139.67,139.67,46.56,1,2,2,"Hibernating","High Risk","Instant Food","Petaling Jaya 88 Speedmart","Petaling Jaya","Selangor"
3128,"C3128","Irfan bin Ismail","N","Normal Member","2026-06-03",27,"2025-05-23",403,1,71.06,0,71.06,71.06,71.06,1,1,1,"Hibernating","Churned","Imported Goods","Cheras 88 Speedmart","Cheras","Kuala Lumpur"
3129,"C3129","Naveen a/l Raj","N","Normal Member","2026-01-15",166,"2026-02-12",138,2,44.71,0,44.71,44.71,22.36,2,1,1,"Hibernating","Medium Risk","Household Cleaning","George Town 88 Speedmart","George Town","Penang"
3130,"C3130","Meera a/p Selvam","N","VIP Member","2026-06-23",7,"2026-02-13",137,6,329.62,0,329.62,329.62,54.94,2,3,3,"At Risk","Medium Risk","Beverages","Petaling Jaya 88 Speedmart","Petaling Jaya","Selangor"
3131,"C3131","Intan binti Basri","N","Normal Member","2026-01-30",151,"2025-10-27",246,1,39.12,0,39.12,39.12,39.12,1,1,1,"Hibernating","High Risk","Rice and Grains","George Town 88 Speedmart","George Town","Penang"
3132,"C3132","Liyana binti Daud","N","Non-Member",,,"2025-09-29",274,1,33.42,0,33.42,33.42,33.42,1,1,1,"Hibernating","High Risk","Snacks and Confectionery","Klang 88 Speedmart","Klang","Selangor"
3133,"C3133","Intan binti Ibrahim","N","Normal Member","2026-01-13",168,"2025-09-16",287,1,22.43,0,22.43,22.43,22.43,1,1,1,"Hibernating","High Risk","Stationery and Daily Needs","Johor Bahru 88 Speedmart","Johor Bahru","Johor"
3134,"C3134","Adilah binti Kamal","N","Non-Member",,,"2025-12-22",190,2,41.52,0,41.52,41.52,20.76,1,1,1,"Hibernating","High Risk","Cooking Essentials","George Town 88 Speedmart","George Town","Penang"
3135,"C3135","Ng Jia En","N","Normal Member","2026-02-27",123,"2026-02-05",145,1,28.59,0,28.59,28.59,28.59,2,1,1,"Hibernating","Medium Risk","Organic Foods","Seremban 88 Speedmart","Seremban","Negeri Sembilan"
3136,"C3136","Arif bin Ishak","N","Normal Member","2026-06-04",26,"2025-09-17",286,2,212.86,0,212.86,212.86,106.43,1,1,3,"Lost","High Risk","Organic Foods","Melaka 88 Speedmart","Melaka","Melaka"
3137,"C3137","Victor a/l Anand","N","Normal Member","2026-01-25",156,"2026-02-05",145,5,85.47,0,85.47,85.47,17.09,2,3,1,"At Risk","Medium Risk","Cooking Essentials","Johor Bahru 88 Speedmart","Johor Bahru","Johor"
3138,"C3138","Aqilah binti Omar","N","Non-Member",,,"2026-02-14",136,2,48.22,0,48.22,48.22,24.11,2,1,1,"Hibernating","Medium Risk","Snacks and Confectionery","George Town 88 Speedmart","George Town","Penang"
3139,"C3139","Maisarah binti Abdullah","Y","Normal Member","2026-02-02",148,"2026-05-16",45,6,85.27,0,85.27,85.27,14.21,4,3,1,"Potential Loyal","Low Risk","Snacks and Confectionery","Cheras 88 Speedmart","Cheras","Kuala Lumpur"
3140,"C3140","Aiman bin Yusof","N","VIP Member","2025-10-15",258,"2025-12-08",204,1,4.93,0,4.93,4.93,4.93,1,1,1,"Hibernating","High Risk","Personal Care","Ampang 88 Speedmart","Ampang","Selangor"
3141,"C3141","Harish a/l Gopal","N","Non-Member",,,"2026-02-16",134,2,40.34,0,40.34,40.34,20.17,2,1,1,"Hibernating","Medium Risk","Personal Care","Johor Bahru 88 Speedmart","Johor Bahru","Johor"
3142,"C3142","Farhan bin Ahmad","N","Non-Member",,,"2026-04-24",67,2,76.7,0,76.7,76.7,38.35,3,1,1,"Need Attention","Low Risk","Stationery and Daily Needs","Melaka 88 Speedmart","Melaka","Melaka"
3143,"C3143","Kavitha a/p Subramaniam","N","Normal Member","2025-04-09",447,"2025-08-29",305,1,24.43,0,24.43,24.43,24.43,1,1,1,"Hibernating","High Risk","Rice and Grains","Ipoh 88 Speedmart","Ipoh","Perak"
3144,"C3144","Fong Poh Ling","Y","Non-Member",,,"2026-06-25",5,9,374.87,0,374.87,374.87,41.65,5,4,4,"Champions","Low Risk","Personal Care","Shah Alam 88 Speedmart","Shah Alam","Selangor"
3145,"C3145","Khalid bin Ibrahim","N","VIP Member","2026-01-13",168,,,0,0,0,0,0,,0,0,0,"Prospect","Prospect",,,,
3146,"C3146","Loh Hui Min","N","Normal Member","2025-04-29",427,"2025-05-10",416,1,109.56,0,109.56,109.56,109.56,1,1,2,"Hibernating","Churned","Baby Products","Petaling Jaya 88 Speedmart","Petaling Jaya","Selangor"
3147,"C3147","Hafiz bin Ismail","Y","Normal Member","2025-07-18",347,"2026-06-04",26,8,296.8,32.76,264.04,264.04,33.01,5,3,3,"Potential Loyal","Low Risk","Rice and Grains","George Town 88 Speedmart","George Town","Penang"
3148,"C3148","Imran bin Hamid","N","VIP Member","2025-10-10",263,"2026-03-04",118,2,40.93,0,40.93,40.93,20.47,2,1,1,"Hibernating","Medium Risk","Alcoholic Beverages","Kota Kinabalu 88 Speedmart","Kota Kinabalu","Sabah"
3149,"C3149","Fatin binti Ibrahim","N","Normal Member","2026-03-14",108,"2025-03-20",467,1,19.79,0,19.79,19.79,19.79,1,1,1,"Hibernating","Churned","Canned and Packaged Food","Melaka 88 Speedmart","Melaka","Melaka"
3150,"C3150","Chew Kai Jie","N","Normal Member","2025-10-02",271,"2026-01-17",164,2,56.02,0,56.02,56.02,28.01,2,1,1,"Hibernating","Medium Risk","Baby Products","Johor Bahru 88 Speedmart","Johor Bahru","Johor"
3151,"C3151","Intan binti Basri","N","Normal Member","2025-03-26",461,,,0,0,0,0,0,,0,0,0,"Prospect","Prospect",,,,
3152,"C3152","Nabil bin Hamid","Y","Normal Member","2026-01-14",167,"2026-06-14",16,13,655.13,0,655.13,655.13,50.39,5,4,5,"Champions","Low Risk","Baby Products","Ampang 88 Speedmart","Ampang","Selangor"
3153,"C3153","Grace a/p Saraswathy","Y","VIP Member","2025-02-22",493,"2025-11-24",218,4,162.16,0,162.16,162.16,40.54,1,2,2,"Hibernating","High Risk","Snacks and Confectionery","George Town 88 Speedmart","George Town","Penang"
3154,"C3154","Khalid bin Ishak","Y","Normal Member","2026-04-04",87,"2026-04-26",65,6,153.88,1.41,152.47,152.47,25.41,3,3,2,"Need Attention","Low Risk","Rice and Grains","Shah Alam 88 Speedmart","Shah Alam","Selangor"
3155,"C3155","Naveen a/l Chandran","N","Normal Member","2025-09-01",302,"2026-02-16",134,1,3.94,0,3.94,3.94,3.94,2,1,1,"Hibernating","Medium Risk","Household Cleaning","Kota Kinabalu 88 Speedmart","Kota Kinabalu","Sabah"
3156,"C3156","Farhan bin Nasir","N","Normal Member","2025-11-07",235,,,0,0,0,0,0,,0,0,0,"Prospect","Prospect",,,,
3157,"C3157","Nadia binti Nasir","N","VIP Member","2025-05-20",406,"2026-01-28",153,2,21.63,0,21.63,21.63,10.82,2,1,1,"Hibernating","Medium Risk","Personal Care","Johor Bahru 88 Speedmart","Johor Bahru","Johor"
3158,"C3158","Intan binti Kamal","N","Non-Member",,,"2026-02-07",143,6,225.4,0,225.4,225.4,37.57,2,3,3,"At Risk","Medium Risk","Stationery and Daily Needs","George Town 88 Speedmart","George Town","Penang"
3159,"C3159","Nadia binti Jamal","N","Normal Member","2025-04-04",452,"2025-12-11",201,2,124.32,0,124.32,124.32,62.16,1,1,2,"Hibernating","High Risk","Premium Items","Johor Bahru 88 Speedmart","Johor Bahru","Johor"
3160,"C3160","Chia Kai Jie","N","Non-Member",,,,,0,0,0,0,0,,0,0,0,"Prospect","Prospect",,,,
3161,"C3161","Jannah binti Abdullah","Y","VIP Member","2025-10-30",243,"2026-03-15",107,10,343.93,3.13,340.8,340.8,34.08,2,4,3,"At Risk","Medium Risk","Canned and Packaged Food","Johor Bahru 88 Speedmart","Johor Bahru","Johor"
3162,"C3162","Felix a/l Tharmalingam","Y","Normal Member","2025-03-04",483,"2026-05-21",40,6,163.74,0,163.74,163.74,27.29,4,3,2,"Potential Loyal","Low Risk","Cooking Essentials","Johor Bahru 88 Speedmart","Johor Bahru","Johor"
3163,"C3163","Imran bin Azman","N","VIP Member","2025-05-08",418,"2026-03-01",121,4,272,0,272,272,68,2,2,3,"At Risk","Medium Risk","Cooking Essentials","Ipoh 88 Speedmart","Ipoh","Perak"
3164,"C3164","Mardhiah binti Hassan","N","VIP Member","2025-07-05",360,,,0,0,0,0,0,,0,0,0,"Prospect","Prospect",,,,
3165,"C3165","Khadijah binti Razak","N","Normal Member","2026-04-03",88,,,0,0,0,0,0,,0,0,0,"Prospect","Prospect",,,,
3166,"C3166","Deepa a/p Raj","Y","Normal Member","2026-03-28",94,"2026-06-26",4,5,145.99,0,145.99,145.99,29.2,5,3,2,"Potential Loyal","Low Risk","Dairy Products","Shah Alam 88 Speedmart","Shah Alam","Selangor"
3167,"C3167","Chow Li Xuan","N","Non-Member",,,"2025-07-27",338,1,49.71,0,49.71,49.71,49.71,1,1,1,"Hibernating","High Risk","Household Cleaning","Kota Kinabalu 88 Speedmart","Kota Kinabalu","Sabah"
3168,"C3168","Low Jia Wei","N","Normal Member","2026-01-28",153,"2026-05-31",30,1,50.85,0,50.85,50.85,50.85,5,1,1,"New Customers","Low Risk","Household Cleaning","George Town 88 Speedmart","George Town","Penang"
3169,"C3169","Chia Jia Wei","Y","Normal Member","2025-11-13",229,"2026-06-18",12,10,400.15,0,400.15,400.15,40.02,5,4,4,"Champions","Low Risk","Dairy Products","Ampang 88 Speedmart","Ampang","Selangor"
3170,"C3170","Teoh Ching Yee","N","Normal Member","2025-04-29",427,"2026-03-19",103,9,134.64,4.99,129.65,129.65,14.41,2,4,2,"At Risk","Medium Risk","Baby Products","Cheras 88 Speedmart","Cheras","Kuala Lumpur"
3171,"C3171","Rafiq bin Abdullah","N","Normal Member","2025-07-18",347,,,0,0,0,0,0,,0,0,0,"Prospect","Prospect",,,,
3172,"C3172","Yeoh Siew Hong","N","Non-Member",,,,,0,0,0,0,0,,0,0,0,"Prospect","Prospect",,,,
3173,"C3173","Syahirah binti Ishak","N","Normal Member","2025-12-25",187,,,0,0,0,0,0,,0,0,0,"Prospect","Prospect",,,,
3174,"C3174","Khadijah binti Omar","N","Non-Member",,,"2025-12-25",187,1,7.4,0,7.4,7.4,7.4,1,1,1,"Hibernating","High Risk","Beverages","Kota Kinabalu 88 Speedmart","Kota Kinabalu","Sabah"
3175,"C3175","Zahir bin Hamid","N","Normal Member","2026-02-21",129,"2025-06-10",385,1,1.95,0,1.95,1.95,1.95,1,1,1,"Hibernating","Churned","Beverages","Ipoh 88 Speedmart","Ipoh","Perak"
3176,"C3176","Sabrina binti Nasir","N","VIP Member","2025-04-21",435,"2026-05-02",59,8,238.39,0,238.39,238.39,29.8,4,3,3,"Potential Loyal","Low Risk","Rice and Grains","Petaling Jaya 88 Speedmart","Petaling Jaya","Selangor"
3177,"C3177","Lim Hui Min","N","Normal Member","2025-11-05",237,"2026-04-02",89,2,134.98,0,134.98,134.98,67.49,3,1,2,"Need Attention","Low Risk","Instant Food","Seremban 88 Speedmart","Seremban","Negeri Sembilan"
3178,"C3178","Faris bin Razak","Y","Normal Member","2025-10-15",258,"2026-06-03",27,12,637.46,0,637.46,637.46,53.12,5,4,5,"Champions","Low Risk","Household Cleaning","Klang 88 Speedmart","Klang","Selangor"
3179,"C3179","Adrian a/l Raj","N","Normal Member","2025-05-24",402,"2026-06-14",16,3,86.84,0,86.84,86.84,28.95,5,2,1,"New Customers","Low Risk","Personal Care","Petaling Jaya 88 Speedmart","Petaling Jaya","Selangor"
3180,"C3180","Lim Hong Sheng","N","Normal Member","2025-09-22",281,"2026-05-07",54,1,37.4,0,37.4,37.4,37.4,4,1,1,"New Customers","Low Risk","Rice and Grains","Seremban 88 Speedmart","Seremban","Negeri Sembilan"
3181,"C3181","Wong Shu Fen","Y","Normal Member","2026-01-02",179,"2026-05-26",35,6,159.45,0,159.45,159.45,26.58,4,3,2,"Potential Loyal","Low Risk","Rice and Grains","Petaling Jaya 88 Speedmart","Petaling Jaya","Selangor"
3182,"C3182","Zahir bin Ishak","N","VIP Member","2026-03-08",114,"2026-03-13",109,2,74.3,0,74.3,74.3,37.15,2,1,1,"Hibernating","Medium Risk","Baby Products","Klang 88 Speedmart","Klang","Selangor"
3183,"C3183","Goh Siew Chin","N","Non-Member",,,,,0,0,0,0,0,,0,0,0,"Prospect","Prospect",,,,
3184,"C3184","Loh Jia Wei","Y","VIP Member","2025-07-28",337,"2026-06-29",1,9,256.99,0,256.99,256.99,28.55,5,4,3,"Loyal Customers","Low Risk","Dairy Products","Cheras 88 Speedmart","Cheras","Kuala Lumpur"
3185,"C3185","Syafiq bin Omar","N","Normal Member","2025-10-02",271,"2026-06-15",15,16,644.15,3.2,640.95,640.95,40.06,5,5,5,"Champions","Low Risk","Baby Products","Cheras 88 Speedmart","Cheras","Kuala Lumpur"
3186,"C3186","Hafiz bin Azman","N","Non-Member",,,"2025-11-08",234,1,73.68,0,73.68,73.68,73.68,1,1,1,"Hibernating","High Risk","Rice and Grains","Cheras 88 Speedmart","Cheras","Kuala Lumpur"
3187,"C3187","Ivan a/l Rao","N","Non-Member",,,,,0,0,0,0,0,,0,0,0,"Prospect","Prospect",,,,
3188,"C3188","Ivan a/l Raman","N","Non-Member",,,"2026-06-24",6,12,620.5,0,620.5,620.5,51.71,5,4,5,"Champions","Low Risk","Personal Care","Melaka 88 Speedmart","Melaka","Melaka"
3189,"C3189","Khadijah binti Ibrahim","Y","Normal Member","2026-02-13",137,"2026-06-18",12,11,338.65,0,338.65,338.65,30.79,5,4,3,"Loyal Customers","Low Risk","Cooking Essentials","Melaka 88 Speedmart","Melaka","Melaka"
3190,"C3190","Chong Seng Huat","N","Non-Member",,,,,0,0,0,0,0,,0,0,0,"Prospect","Prospect",,,,
3191,"C3191","Amir bin Ismail","N","Normal Member","2025-08-26",308,"2026-06-11",19,1,18.7,0,18.7,18.7,18.7,5,1,1,"New Customers","Low Risk","Alcoholic Beverages","Petaling Jaya 88 Speedmart","Petaling Jaya","Selangor"
3192,"C3192","Ong Shi Hao","N","Normal Member","2025-06-05",390,"2025-05-02",424,1,57,0,57,57,57,1,1,1,"Hibernating","Churned","Premium Items","Johor Bahru 88 Speedmart","Johor Bahru","Johor"
3193,"C3193","Zahir bin Fauzi","N","Normal Member","2025-10-13",260,"2025-10-04",269,2,120.54,0,120.54,120.54,60.27,1,1,2,"Hibernating","High Risk","Baby Products","Cheras 88 Speedmart","Cheras","Kuala Lumpur"
3194,"C3194","Faris bin Kamal","Y","VIP Member","2025-10-14",259,"2026-06-26",4,4,233.78,0,233.78,233.78,58.45,5,2,3,"Potential Loyal","Low Risk","Cooking Essentials","Shah Alam 88 Speedmart","Shah Alam","Selangor"
3195,"C3195","Intan binti Nasir","N","Normal Member","2025-06-27",368,,,0,0,0,0,0,,0,0,0,"Prospect","Prospect",,,,
3196,"C3196","Ishaan bin Omar","Y","Normal Member","2026-04-09",82,"2026-04-25",66,11,472.69,0,472.69,472.69,42.97,3,4,4,"Loyal Customers","Low Risk","Baby Products","Seremban 88 Speedmart","Seremban","Negeri Sembilan"
3197,"C3197","Loh Wan Ting","Y","Non-Member",,,"2026-04-12",79,6,200.88,0,200.88,200.88,33.48,3,3,2,"Need Attention","Low Risk","Stationery and Daily Needs","Cheras 88 Speedmart","Cheras","Kuala Lumpur"
3198,"C3198","Amir bin Omar","N","Normal Member","2025-11-25",217,"2026-02-22",128,2,102.7,0,102.7,102.7,51.35,2,1,2,"Hibernating","Medium Risk","Baby Products","Ipoh 88 Speedmart","Ipoh","Perak"
3199,"C3199","Felix Jalong","N","Non-Member",,,"2025-05-14",412,1,23.32,1.13,22.19,22.19,22.19,1,1,1,"Hibernating","Churned","Stationery and Daily Needs","Johor Bahru 88 Speedmart","Johor Bahru","Johor"
3200,"C3200","Wong Zhi Qing","N","VIP Member","2026-05-06",55,"2026-02-14",136,3,154.16,0,154.16,154.16,51.39,2,2,2,"Hibernating","Medium Risk","Premium Items","Seremban 88 Speedmart","Seremban","Negeri Sembilan"
3201,"C3201","Wong Siew Chin","Y","Normal Member","2025-08-20",314,"2026-02-04",146,4,319.07,0,319.07,319.07,79.77,2,2,3,"At Risk","Medium Risk","Household Cleaning","Ampang 88 Speedmart","Ampang","Selangor"
3202,"C3202","Raymond Mawan","N","Normal Member","2026-01-14",167,"2025-06-29",366,1,17.01,0,17.01,17.01,17.01,1,1,1,"Hibernating","Churned","Rice and Grains","Ampang 88 Speedmart","Ampang","Selangor"
3203,"C3203","Hakim bin Hamid","N","Non-Member",,,"2026-02-01",149,1,79.04,0,79.04,79.04,79.04,2,1,1,"Hibernating","Medium Risk","Alcoholic Beverages","George Town 88 Speedmart","George Town","Penang"
3204,"C3204","Raymond Mawan","N","VIP Member","2025-09-28",275,,,0,0,0,0,0,,0,0,0,"Prospect","Prospect",,,,
3205,"C3205","Ivan Giman","N","Normal Member","2025-12-31",181,"2026-06-26",4,2,60.57,0,60.57,60.57,30.29,5,1,1,"New Customers","Low Risk","Baby Products","George Town 88 Speedmart","George Town","Penang"
3206,"C3206","Chow Yi Chen","N","Normal Member","2025-07-04",361,"2025-12-13",199,1,31.94,0,31.94,31.94,31.94,1,1,1,"Hibernating","High Risk","Alcoholic Beverages","Kota Kinabalu 88 Speedmart","Kota Kinabalu","Sabah"
3207,"C3207","Shalini a/p Pillai","Y","Normal Member","2025-06-07",388,"2026-05-01",60,9,230.56,0,230.56,230.56,25.62,4,4,3,"Loyal Customers","Low Risk","Baby Products","Shah Alam 88 Speedmart","Shah Alam","Selangor"
3208,"C3208","Chow Mei Qi","N","Normal Member","2025-06-15",380,"2026-02-16",134,4,61.88,0,61.88,61.88,15.47,2,2,1,"Hibernating","Medium Risk","Instant Food","Klang 88 Speedmart","Klang","Selangor"
3209,"C3209","Aisyah binti Razak","N","Normal Member","2025-08-10",324,,,0,0,0,0,0,,0,0,0,"Prospect","Prospect",,,,
3210,"C3210","Sonia a/p Krishnan","N","Normal Member","2026-02-28",122,"2026-02-03",147,2,33.46,0,33.46,33.46,16.73,2,1,1,"Hibernating","Medium Risk","Canned and Packaged Food","Melaka 88 Speedmart","Melaka","Melaka"
3211,"C3211","Ravi a/l Raman","N","Normal Member","2025-09-14",289,"2026-04-18",73,1,31.57,0,31.57,31.57,31.57,3,1,1,"Need Attention","Low Risk","Dairy Products","Johor Bahru 88 Speedmart","Johor Bahru","Johor"
3212,"C3212","Fatin binti Mahmud","N","Normal Member","2026-01-20",161,"2025-06-07",388,1,23.34,0,23.34,23.34,23.34,1,1,1,"Hibernating","Churned","Canned and Packaged Food","Klang 88 Speedmart","Klang","Selangor"
3213,"C3213","Fatin binti Mahmud","N","Non-Member",,,"2026-05-05",56,2,47.3,0,47.3,47.3,23.65,4,1,1,"New Customers","Low Risk","Cooking Essentials","Johor Bahru 88 Speedmart","Johor Bahru","Johor"
3214,"C3214","Harish a/l Chandran","Y","VIP Member","2025-11-09",233,"2026-05-25",36,12,370.24,0,370.24,370.24,30.85,4,4,4,"Champions","Low Risk","Canned and Packaged Food","Ampang 88 Speedmart","Ampang","Selangor"
3215,"C3215","Hafiz bin Ishak","N","VIP Member","2026-04-19",72,"2026-01-14",167,3,116.35,0,116.35,116.35,38.78,2,2,2,"Hibernating","Medium Risk","Frozen Food","Cheras 88 Speedmart","Cheras","Kuala Lumpur"
3216,"C3216","Aiman bin Kamal","N","VIP Member","2025-08-20",314,"2026-06-10",20,8,342.92,0,342.92,342.92,42.87,5,3,3,"Potential Loyal","Low Risk","Frozen Food","Johor Bahru 88 Speedmart","Johor Bahru","Johor"
3217,"C3217","Yeoh Li Xuan","N","Normal Member","2026-04-08",83,"2025-04-30",426,1,26.68,0,26.68,26.68,26.68,1,1,1,"Hibernating","Churned","Baby Products","Petaling Jaya 88 Speedmart","Petaling Jaya","Selangor"
3218,"C3218","Kiran a/l Pillai","N","Normal Member","2026-03-20",102,"2025-04-25",431,2,54.63,0,54.63,54.63,27.32,1,1,1,"Hibernating","Churned","Snacks and Confectionery","Johor Bahru 88 Speedmart","Johor Bahru","Johor"
3219,"C3219","Hakim bin Salleh","N","Normal Member","2026-03-22",100,"2025-06-21",374,4,57.99,0,57.99,57.99,14.5,1,2,1,"Hibernating","Churned","Dairy Products","Ampang 88 Speedmart","Ampang","Selangor"
3220,"C3220","Syafiq bin Hassan","N","Normal Member","2025-10-26",247,,,0,0,0,0,0,,0,0,0,"Prospect","Prospect",,,,
3221,"C3221","Khalid bin Abdullah","N","Normal Member","2025-07-09",356,"2025-07-10",355,1,5.35,0,5.35,5.35,5.35,1,1,1,"Hibernating","High Risk","Canned and Packaged Food","Johor Bahru 88 Speedmart","Johor Bahru","Johor"
3222,"C3222","Nasir bin Azman","N","Normal Member","2025-12-02",210,"2026-03-31",91,1,39.48,0,39.48,39.48,39.48,2,1,1,"Hibernating","Medium Risk","Dairy Products","Cheras 88 Speedmart","Cheras","Kuala Lumpur"
3223,"C3223","Devi a/p Devi","Y","VIP Member","2025-11-16",226,"2026-06-05",25,8,186.48,0,186.48,186.48,23.31,5,3,2,"Potential Loyal","Low Risk","Household Cleaning","Klang 88 Speedmart","Klang","Selangor"
3224,"C3224","Farhan bin Nasir","N","Non-Member",,,"2025-07-19",346,2,80.89,5.33,75.56,75.56,37.78,1,1,1,"Hibernating","High Risk","Rice and Grains","Kuching 88 Speedmart","Kuching","Sarawak"
3225,"C3225","Raymond a/l Subramaniam","N","Normal Member","2025-09-20",283,"2025-12-06",206,2,50.02,0,50.02,50.02,25.01,1,1,1,"Hibernating","High Risk","Canned and Packaged Food","Seremban 88 Speedmart","Seremban","Negeri Sembilan"
3226,"C3226","Vikram a/l Singh","N","VIP Member","2026-05-20",41,"2025-09-09",294,1,48.59,0,48.59,48.59,48.59,1,1,1,"Hibernating","High Risk","Frozen Food","Klang 88 Speedmart","Klang","Selangor"
3227,"C3227","Yeoh Mei Ling","N","Normal Member","2025-08-14",320,"2026-01-26",155,2,69.55,0,69.55,69.55,34.78,2,1,1,"Hibernating","Medium Risk","Beverages","Kota Kinabalu 88 Speedmart","Kota Kinabalu","Sabah"
3228,"C3228","Aisyah binti Azman","N","Non-Member",,,"2025-08-28",306,2,74.58,0,74.58,74.58,37.29,1,1,1,"Hibernating","High Risk","Canned and Packaged Food","Klang 88 Speedmart","Klang","Selangor"
3229,"C3229","Fong Zhi Hao","N","VIP Member","2025-04-27",429,,,0,0,0,0,0,,0,0,0,"Prospect","Prospect",,,,
3230,"C3230","Koh Jia En","N","VIP Member","2026-01-05",176,"2026-06-11",19,1,42.26,0,42.26,42.26,42.26,5,1,1,"New Customers","Low Risk","Imported Goods","Seremban 88 Speedmart","Seremban","Negeri Sembilan"
3231,"C3231","Lee Zhi Qing","N","Normal Member","2026-02-16",134,"2025-10-09",264,1,31.76,0,31.76,31.76,31.76,1,1,1,"Hibernating","High Risk","Stationery and Daily Needs","George Town 88 Speedmart","George Town","Penang"
3232,"C3232","Lim Zi Xuan","N","VIP Member","2025-10-07",266,"2025-09-14",289,1,27.27,0,27.27,27.27,27.27,1,1,1,"Hibernating","High Risk","Cooking Essentials","Petaling Jaya 88 Speedmart","Petaling Jaya","Selangor"
3233,"C3233","Siti binti Basri","N","Normal Member","2026-01-14",167,"2026-03-23",99,2,93.29,0,93.29,93.29,46.65,2,1,2,"Hibernating","Medium Risk","Alcoholic Beverages","Johor Bahru 88 Speedmart","Johor Bahru","Johor"
3234,"C3234","Chia Zhi Hao","N","Normal Member","2026-06-22",8,,,0,0,0,0,0,,0,0,0,"Prospect","Prospect",,,,
3235,"C3235","Faris bin Jamal","N","Normal Member","2025-12-10",202,,,0,0,0,0,0,,0,0,0,"Prospect","Prospect",,,,
3236,"C3236","Arif bin Hassan","N","Normal Member","2026-01-09",172,,,0,0,0,0,0,,0,0,0,"Prospect","Prospect",,,,
3237,"C3237","Nabil bin Basri","N","Normal Member","2025-12-11",201,,,0,0,0,0,0,,0,0,0,"Prospect","Prospect",,,,
3238,"C3238","Sabrina binti Omar","N","VIP Member","2025-05-15",411,"2026-05-25",36,2,27.83,0,27.83,27.83,13.92,4,1,1,"New Customers","Low Risk","Canned and Packaged Food","Klang 88 Speedmart","Klang","Selangor"
3239,"C3239","Intan binti Fauzi","N","Non-Member",,,"2026-06-24",6,1,93.79,0,93.79,93.79,93.79,5,1,2,"New Customers","Low Risk","Organic Foods","Klang 88 Speedmart","Klang","Selangor"
3240,"C3240","Ng Kai Jie","Y","Normal Member","2025-06-05",390,"2026-01-29",152,9,522.87,0,522.87,522.87,58.1,2,4,4,"At Risk","Medium Risk","Cooking Essentials","Shah Alam 88 Speedmart","Shah Alam","Selangor"
3241,"C3241","Adilah binti Ibrahim","N","Non-Member",,,,,0,0,0,0,0,,0,0,0,"Prospect","Prospect",,,,
3242,"C3242","Hafiz bin Abdullah","N","Normal Member","2025-06-28",367,"2026-06-17",13,3,193.29,0,193.29,193.29,64.43,5,2,2,"Potential Loyal","Low Risk","Organic Foods","Klang 88 Speedmart","Klang","Selangor"
3243,"C3243","Chan Poh Ling","Y","Normal Member","2025-09-20",283,"2026-06-14",16,9,276.02,0,276.02,276.02,30.67,5,4,3,"Loyal Customers","Low Risk","Frozen Food","Klang 88 Speedmart","Klang","Selangor"
3244,"C3244","Darren a/l Kumar","N","VIP Member","2025-12-07",205,"2026-05-23",38,1,16.72,0,16.72,16.72,16.72,4,1,1,"New Customers","Low Risk","Frozen Food","Ampang 88 Speedmart","Ampang","Selangor"
3245,"C3245","Chong Ching Yee","Y","Normal Member","2026-03-14",108,"2026-03-24",98,5,174.87,0,174.87,174.87,34.97,2,3,2,"At Risk","Medium Risk","Canned and Packaged Food","Shah Alam 88 Speedmart","Shah Alam","Selangor"
3246,"C3246","Chew Li Xuan","N","Non-Member",,,"2026-04-24",67,5,250.06,0,250.06,250.06,50.01,3,3,3,"Need Attention","Low Risk","Rice and Grains","Johor Bahru 88 Speedmart","Johor Bahru","Johor"
3247,"C3247","Danish bin Omar","N","Normal Member","2025-10-31",242,,,0,0,0,0,0,,0,0,0,"Prospect","Prospect",,,,
3248,"C3248","Lakshmi a/p Murugan","N","VIP Member","2025-11-20",222,"2026-02-06",144,3,221.85,0,221.85,221.85,73.95,2,2,3,"At Risk","Medium Risk","Rice and Grains","Cheras 88 Speedmart","Cheras","Kuala Lumpur"
3249,"C3249","Deepa a/p Raj","N","Normal Member","2025-06-02",393,"2026-01-04",177,4,100.63,0,100.63,100.63,25.16,2,2,2,"Hibernating","Medium Risk","Beverages","Klang 88 Speedmart","Klang","Selangor"
3250,"C3250","Ishaan bin Ahmad","N","Non-Member",,,"2025-12-06",206,1,17.22,0,17.22,17.22,17.22,1,1,1,"Hibernating","High Risk","Frozen Food","Ampang 88 Speedmart","Ampang","Selangor"
3251,"C3251","Teoh Seng Huat","N","Normal Member","2025-12-14",198,"2026-04-12",79,1,57.62,0,57.62,57.62,57.62,3,1,1,"Need Attention","Low Risk","Canned and Packaged Food","Cheras 88 Speedmart","Cheras","Kuala Lumpur"
3252,"C3252","Harish a/l Subramaniam","N","Normal Member","2025-12-18",194,"2026-02-17",133,9,238.69,0,238.69,238.69,26.52,2,4,3,"At Risk","Medium Risk","Rice and Grains","Kota Kinabalu 88 Speedmart","Kota Kinabalu","Sabah"
3253,"C3253","Ahmad bin Mahmud","Y","Normal Member","2026-05-16",45,"2026-06-01",29,6,321.38,0,321.38,321.38,53.56,5,3,3,"Potential Loyal","Low Risk","Baby Products","Shah Alam 88 Speedmart","Shah Alam","Selangor"
3254,"C3254","Irfan bin Hamid","N","Non-Member",,,"2026-05-28",33,3,90.63,0,90.63,90.63,30.21,4,2,2,"Potential Loyal","Low Risk","Cooking Essentials","Seremban 88 Speedmart","Seremban","Negeri Sembilan"
3255,"C3255","Ivan Giman","Y","Normal Member","2025-11-12",230,"2026-06-16",14,8,190.18,0,190.18,190.18,23.77,5,3,2,"Potential Loyal","Low Risk","Rice and Grains","Seremban 88 Speedmart","Seremban","Negeri Sembilan"
3256,"C3256","Nasir bin Razak","N","Normal Member","2025-09-09",294,"2026-02-10",140,1,2.47,0,2.47,2.47,2.47,2,1,1,"Hibernating","Medium Risk","Dairy Products","Petaling Jaya 88 Speedmart","Petaling Jaya","Selangor"
3257,"C3257","Danish bin Abdullah","N","Non-Member",,,"2026-03-12",110,2,130.73,0,130.73,130.73,65.37,2,1,2,"Hibernating","Medium Risk","Baby Products","Shah Alam 88 Speedmart","Shah Alam","Selangor"
3258,"C3258","Harish a/l Vijayan","Y","Non-Member",,,"2026-03-30",92,7,203.5,0,203.5,203.5,29.07,2,3,3,"At Risk","Medium Risk","Rice and Grains","Klang 88 Speedmart","Klang","Selangor"
3259,"C3259","Mardhiah binti Hamid","Y","Normal Member","2025-07-19",346,"2026-03-30",92,10,235.96,3.48,232.48,232.48,23.25,2,4,3,"At Risk","Medium Risk","Rice and Grains","Kota Kinabalu 88 Speedmart","Kota Kinabalu","Sabah"
3260,"C3260","Ravi a/l Rajan","N","VIP Member","2025-12-17",195,"2025-11-02",240,2,58.99,0,58.99,58.99,29.5,1,1,1,"Hibernating","High Risk","Rice and Grains","Johor Bahru 88 Speedmart","Johor Bahru","Johor"
3261,"C3261","Ng Yi Wen","Y","Normal Member","2025-08-29",305,"2026-06-12",18,9,305.53,0,305.53,305.53,33.95,5,4,3,"Loyal Customers","Low Risk","Household Cleaning","Johor Bahru 88 Speedmart","Johor Bahru","Johor"
3262,"C3262","Victor Sagang","N","Non-Member",,,"2026-04-12",79,2,40.66,0,40.66,40.66,20.33,3,1,1,"Need Attention","Low Risk","Canned and Packaged Food","Seremban 88 Speedmart","Seremban","Negeri Sembilan"
3263,"C3263","Ho Ching Yee","N","Non-Member",,,"2025-12-18",194,1,96.55,0,96.55,96.55,96.55,1,1,2,"Hibernating","High Risk","Rice and Grains","Johor Bahru 88 Speedmart","Johor Bahru","Johor"
3264,"C3264","Fong Li Xuan","Y","Normal Member","2025-12-12",200,"2026-05-06",55,10,273.43,0,273.43,273.43,27.34,4,4,3,"Loyal Customers","Low Risk","Cooking Essentials","Klang 88 Speedmart","Klang","Selangor"
3265,"C3265","Chin Hui Min","Y","Non-Member",,,"2026-04-13",78,6,246.1,0,246.1,246.1,41.02,3,3,3,"Need Attention","Low Risk","Premium Items","Klang 88 Speedmart","Klang","Selangor"
3266,"C3266","Chong Hong Sheng","Y","VIP Member","2025-05-27",399,"2026-06-16",14,5,190.61,0,190.61,190.61,38.12,5,3,2,"Potential Loyal","Low Risk","Instant Food","Petaling Jaya 88 Speedmart","Petaling Jaya","Selangor"
3267,"C3267","Darren Rantai","Y","Non-Member",,,"2026-03-30",92,5,206.1,0,206.1,206.1,41.22,2,3,3,"At Risk","Medium Risk","Baby Products","Petaling Jaya 88 Speedmart","Petaling Jaya","Selangor"
3268,"C3268","Loh Wan Ting","N","Non-Member",,,"2025-08-27",307,1,65.65,0,65.65,65.65,65.65,1,1,1,"Hibernating","High Risk","Rice and Grains","Kuching 88 Speedmart","Kuching","Sarawak"
3269,"C3269","Syafiq bin Omar","N","Normal Member","2025-08-09",325,,,0,0,0,0,0,,0,0,0,"Prospect","Prospect",,,,
3270,"C3270","Low Hui Ying","Y","Normal Member","2026-05-16",45,"2026-04-07",84,10,466.49,0,466.49,466.49,46.65,3,4,4,"Loyal Customers","Low Risk","Canned and Packaged Food","Ampang 88 Speedmart","Ampang","Selangor"
3271,"C3271","Liyana binti Fauzi","N","Normal Member","2026-06-20",10,"2025-12-17",195,1,23.68,0,23.68,23.68,23.68,1,1,1,"Hibernating","High Risk","Dairy Products","Klang 88 Speedmart","Klang","Selangor"
3272,"C3272","Victor Sagang","N","Non-Member",,,"2026-05-05",56,3,69.47,0,69.47,69.47,23.16,4,2,1,"New Customers","Low Risk","Rice and Grains","Seremban 88 Speedmart","Seremban","Negeri Sembilan"
3273,"C3273","Arif bin Ismail","N","Normal Member","2026-03-15",107,"2025-12-08",204,2,110.33,0,110.33,110.33,55.17,1,1,2,"Hibernating","High Risk","Snacks and Confectionery","Cheras 88 Speedmart","Cheras","Kuala Lumpur"
3274,"C3274","Fong Wei Lun","N","Non-Member",,,"2025-12-23",189,1,18.64,0,18.64,18.64,18.64,1,1,1,"Hibernating","High Risk","Canned and Packaged Food","Cheras 88 Speedmart","Cheras","Kuala Lumpur"
3275,"C3275","Clarissa a/p Maniam","N","Normal Member","2025-05-18",408,"2026-05-15",46,4,126.94,0,126.94,126.94,31.74,4,2,2,"Potential Loyal","Low Risk","Instant Food","Shah Alam 88 Speedmart","Shah Alam","Selangor"
3276,"C3276","Fong Jia En","Y","Normal Member","2026-02-09",141,"2026-06-30",0,5,98.38,0,98.38,98.38,19.68,5,3,2,"Potential Loyal","Low Risk","Household Cleaning","Melaka 88 Speedmart","Melaka","Melaka"
3277,"C3277","Elena Agan","N","Normal Member","2025-08-18",316,"2026-01-06",175,1,251.05,0,251.05,251.05,251.05,2,1,3,"At Risk","Medium Risk","Premium Items","Ipoh 88 Speedmart","Ipoh","Perak"
3278,"C3278","Grace a/p Letchumy","N","VIP Member","2026-05-31",30,"2025-05-15",411,1,7.73,0,7.73,7.73,7.73,1,1,1,"Hibernating","Churned","Frozen Food","Melaka 88 Speedmart","Melaka","Melaka"
3279,"C3279","Chan Yi Chen","N","Normal Member","2025-11-24",218,,,0,0,0,0,0,,0,0,0,"Prospect","Prospect",,,,
3280,"C3280","Fatin binti Mahmud","N","Normal Member","2025-06-12",383,,,0,0,0,0,0,,0,0,0,"Prospect","Prospect",,,,
3281,"C3281","Amir bin Razak","N","Normal Member","2026-01-05",176,"2026-03-16",106,1,49.28,0,49.28,49.28,49.28,2,1,1,"Hibernating","Medium Risk","Dairy Products","Ampang 88 Speedmart","Ampang","Selangor"
3282,"C3282","Jannah binti Basri","N","Normal Member","2026-01-03",178,"2026-03-08",114,8,159.4,0,159.4,159.4,19.93,2,3,2,"At Risk","Medium Risk","Cooking Essentials","Petaling Jaya 88 Speedmart","Petaling Jaya","Selangor"
3283,"C3283","Ishaan a/l Kumar","N","Non-Member",,,,,0,0,0,0,0,,0,0,0,"Prospect","Prospect",,,,
3284,"C3284","Farhan bin Salleh","N","Normal Member","2025-08-04",330,"2026-03-07",115,1,21.76,1.63,20.13,20.13,20.13,2,1,1,"Hibernating","Medium Risk","Stationery and Daily Needs","Petaling Jaya 88 Speedmart","Petaling Jaya","Selangor"
3285,"C3285","Koh Wei Lun","N","Normal Member","2025-11-25",217,,,0,0,0,0,0,,0,0,0,"Prospect","Prospect",,,,
3286,"C3286","Dev a/l Vijayan","N","Normal Member","2026-02-22",128,"2026-06-29",1,1,54.96,0,54.96,54.96,54.96,5,1,1,"New Customers","Low Risk","Stationery and Daily Needs","Shah Alam 88 Speedmart","Shah Alam","Selangor"
3287,"C3287","Mardhiah binti Azman","N","Normal Member","2026-03-24",98,"2026-04-07",84,1,11.34,0,11.34,11.34,11.34,3,1,1,"Need Attention","Low Risk","Cooking Essentials","Klang 88 Speedmart","Klang","Selangor"
3288,"C3288","Arjun a/l Nair","Y","VIP Member","2025-05-28",398,"2026-06-03",27,11,377.4,0,377.4,377.4,34.31,5,4,4,"Champions","Low Risk","Stationery and Daily Needs","Petaling Jaya 88 Speedmart","Petaling Jaya","Selangor"
3289,"C3289","Tan Kai Jie","N","Normal Member","2026-06-16",14,"2026-05-06",55,1,22.12,0,22.12,22.12,22.12,4,1,1,"New Customers","Low Risk","Canned and Packaged Food","Petaling Jaya 88 Speedmart","Petaling Jaya","Selangor"
3290,"C3290","Lee Cheng Wei","N","Normal Member","2025-09-10",293,"2025-06-02",393,1,35.75,0,35.75,35.75,35.75,1,1,1,"Hibernating","Churned","Stationery and Daily Needs","George Town 88 Speedmart","George Town","Penang"
3291,"C3291","Ng Chun Wai","N","Normal Member","2025-06-05",390,,,0,0,0,0,0,,0,0,0,"Prospect","Prospect",,,,
3292,"C3292","Fatin binti Hamid","N","Normal Member","2025-07-06",359,,,0,0,0,0,0,,0,0,0,"Prospect","Prospect",,,,
3293,"C3293","Natalie Nanta","N","Normal Member","2025-12-07",205,"2025-11-17",225,1,23.5,0,23.5,23.5,23.5,1,1,1,"Hibernating","High Risk","Dairy Products","Cheras 88 Speedmart","Cheras","Kuala Lumpur"
3294,"C3294","Syafiq bin Nasir","N","Normal Member","2026-04-19",72,,,0,0,0,0,0,,0,0,0,"Prospect","Prospect",,,,
3295,"C3295","Nabilah binti Daud","N","Normal Member","2025-11-22",220,"2026-06-04",26,2,36,0,36,36,18,5,1,1,"New Customers","Low Risk","Stationery and Daily Needs","Shah Alam 88 Speedmart","Shah Alam","Selangor"
3296,"C3296","Aqilah binti Kamal","Y","Non-Member",,,"2026-06-18",12,8,193.03,0,193.03,193.03,24.13,5,3,2,"Potential Loyal","Low Risk","Cooking Essentials","Cheras 88 Speedmart","Cheras","Kuala Lumpur"
3297,"C3297","Mardhiah binti Nasir","Y","Normal Member","2026-02-24",126,"2026-05-27",34,5,101.64,0,101.64,101.64,20.33,4,3,2,"Potential Loyal","Low Risk","Alcoholic Beverages","Klang 88 Speedmart","Klang","Selangor"
3298,"C3298","Hafiz bin Abdullah","N","Normal Member","2025-12-20",192,,,0,0,0,0,0,,0,0,0,"Prospect","Prospect",,,,
3299,"C3299","Khadijah binti Ismail","N","Non-Member",,,"2025-07-08",357,1,66.58,0,66.58,66.58,66.58,1,1,1,"Hibernating","High Risk","Premium Items","Ipoh 88 Speedmart","Ipoh","Perak"
3300,"C3300","Akmal bin Daud","N","Normal Member","2026-06-16",14,,,0,0,0,0,0,,0,0,0,"Prospect","Prospect",,,,
3301,"C3301","Lee Shi Hao","N","Normal Member","2025-12-25",187,,,0,0,0,0,0,,0,0,0,"Prospect","Prospect",,,,
3302,"C3302","Adilah binti Salleh","N","Normal Member","2025-09-26",277,,,0,0,0,0,0,,0,0,0,"Prospect","Prospect",,,,
3303,"C3303","Khadijah binti Fauzi","Y","Non-Member",,,"2026-04-02",89,8,175.55,0,175.55,175.55,21.94,3,3,2,"Need Attention","Low Risk","Dairy Products","George Town 88 Speedmart","George Town","Penang"
3304,"C3304","Teoh Seng Huat","N","Non-Member",,,,,0,0,0,0,0,,0,0,0,"Prospect","Prospect",,,,
3305,"C3305","Low Zhi Hao","N","Normal Member","2026-01-24",157,"2026-06-30",0,2,35.94,0,35.94,35.94,17.97,5,1,1,"New Customers","Low Risk","Beverages","George Town 88 Speedmart","George Town","Penang"
3306,"C3306","Chow Seng Huat","N","Normal Member","2025-11-28",214,,,0,0,0,0,0,,0,0,0,"Prospect","Prospect",,,,
3307,"C3307","Ong Hui Ying","N","Normal Member","2025-07-05",360,"2025-06-01",394,1,138.9,0,138.9,138.9,138.9,1,1,2,"Hibernating","Churned","Alcoholic Beverages","Kota Kinabalu 88 Speedmart","Kota Kinabalu","Sabah"
3308,"C3308","Lee Ching Yee","N","Normal Member","2025-12-07",205,"2025-12-24",188,1,166.26,0,166.26,166.26,166.26,1,1,2,"Hibernating","High Risk","Organic Foods","Cheras 88 Speedmart","Cheras","Kuala Lumpur"
3309,"C3309","Ahmad bin Yusof","N","Non-Member",,,"2025-11-27",215,3,94.96,0,94.96,94.96,31.65,1,2,2,"Hibernating","High Risk","Stationery and Daily Needs","Kota Kinabalu 88 Speedmart","Kota Kinabalu","Sabah"
3310,"C3310","Aditi a/p Saraswathy","N","Normal Member","2026-04-22",69,"2025-06-23",372,1,4.86,0,4.86,4.86,4.86,1,1,1,"Hibernating","Churned","Rice and Grains","Ipoh 88 Speedmart","Ipoh","Perak"
3311,"C3311","Arif bin Nasir","N","VIP Member","2026-03-18",104,"2025-07-12",353,1,70.67,0,70.67,70.67,70.67,1,1,1,"Hibernating","High Risk","Dairy Products","Kota Kinabalu 88 Speedmart","Kota Kinabalu","Sabah"
3312,"C3312","Intan binti Hamid","Y","Normal Member","2025-10-01",272,"2026-02-18",132,5,134.45,0,134.45,134.45,26.89,2,3,2,"At Risk","Medium Risk","Household Cleaning","George Town 88 Speedmart","George Town","Penang"
3313,"C3313","Deepa a/p Saraswathy","Y","Normal Member","2026-01-24",157,"2026-06-12",18,6,232.67,0,232.67,232.67,38.78,5,3,3,"Potential Loyal","Low Risk","Snacks and Confectionery","Petaling Jaya 88 Speedmart","Petaling Jaya","Selangor"
3314,"C3314","Ahmad bin Kamal","N","Normal Member","2025-11-23",219,,,0,0,0,0,0,,0,0,0,"Prospect","Prospect",,,,
3315,"C3315","Letchumy a/p Chandran","N","VIP Member","2025-06-16",379,"2026-02-08",142,2,406.03,0,406.03,406.03,203.02,2,1,4,"At Risk","Medium Risk","Cooking Essentials","Seremban 88 Speedmart","Seremban","Negeri Sembilan"
3316,"C3316","Syafiq bin Jamal","N","Non-Member",,,"2026-04-17",74,1,103.8,0,103.8,103.8,103.8,3,1,2,"Need Attention","Low Risk","Baby Products","Klang 88 Speedmart","Klang","Selangor"
3317,"C3317","Yeoh Li Xuan","Y","Non-Member",,,"2026-06-01",29,7,488.11,43.15,444.96,444.96,63.57,5,3,4,"Potential Loyal","Low Risk","Instant Food","Kota Kinabalu 88 Speedmart","Kota Kinabalu","Sabah"
3318,"C3318","Khadijah binti Jamal","N","VIP Member","2026-01-04",177,,,0,0,0,0,0,,0,0,0,"Prospect","Prospect",,,,
3319,"C3319","Natalie a/p Devi","Y","Normal Member","2025-12-18",194,"2026-06-27",3,11,605.19,0,605.19,605.19,55.02,5,4,5,"Champions","Low Risk","Instant Food","George Town 88 Speedmart","George Town","Penang"
3320,"C3320","Marcus a/l Pillai","N","Normal Member","2026-04-21",70,"2026-06-01",29,1,3.94,0,3.94,3.94,3.94,5,1,1,"New Customers","Low Risk","Beverages","Cheras 88 Speedmart","Cheras","Kuala Lumpur"
3321,"C3321","Nabilah binti Zainal","N","Non-Member",,,"2025-06-19",376,1,12.69,0,12.69,12.69,12.69,1,1,1,"Hibernating","Churned","Canned and Packaged Food","Ampang 88 Speedmart","Ampang","Selangor"
3322,"C3322","Khadijah binti Omar","N","Normal Member","2025-06-23",372,,,0,0,0,0,0,,0,0,0,"Prospect","Prospect",,,,
3323,"C3323","Aisyah binti Daud","N","Normal Member","2025-08-24",310,"2025-12-08",204,3,48.85,0,48.85,48.85,16.28,1,2,1,"Hibernating","High Risk","Cooking Essentials","Ipoh 88 Speedmart","Ipoh","Perak"
3324,"C3324","Nabil bin Ibrahim","N","Normal Member","2026-06-02",28,"2026-04-18",73,1,21.22,0,21.22,21.22,21.22,3,1,1,"Need Attention","Low Risk","Personal Care","Ipoh 88 Speedmart","Ipoh","Perak"
3325,"C3325","Alvin Laja","N","Normal Member","2026-05-02",59,,,0,0,0,0,0,,0,0,0,"Prospect","Prospect",,,,
3326,"C3326","Goh Poh Ling","N","Normal Member","2026-05-26",35,,,0,0,0,0,0,,0,0,0,"Prospect","Prospect",,,,
3327,"C3327","Devi a/p Krishnan","N","VIP Member","2025-10-24",249,"2026-05-17",44,4,75.05,0,75.05,75.05,18.76,4,2,1,"New Customers","Low Risk","Instant Food","Kota Kinabalu 88 Speedmart","Kota Kinabalu","Sabah"
3328,"C3328","Arif bin Fauzi","N","Non-Member",,,"2026-03-07",115,3,236.6,0,236.6,236.6,78.87,2,2,3,"At Risk","Medium Risk","Dairy Products","Ampang 88 Speedmart","Ampang","Selangor"
3329,"C3329","Devi a/p Raman","N","Normal Member","2025-06-19",376,"2026-04-25",66,3,72.75,0,72.75,72.75,24.25,3,2,1,"Need Attention","Low Risk","Baby Products","Kota Kinabalu 88 Speedmart","Kota Kinabalu","Sabah"
3330,"C3330","Lim Kai Xin","N","Non-Member",,,"2025-06-05",390,1,5.35,0,5.35,5.35,5.35,1,1,1,"Hibernating","Churned","Personal Care","Kuching 88 Speedmart","Kuching","Sarawak"
3331,"C3331","Yeoh Boon Hui","Y","Non-Member",,,"2026-05-31",30,2,25.64,0,25.64,25.64,12.82,5,1,1,"New Customers","Low Risk","Canned and Packaged Food","Klang 88 Speedmart","Klang","Selangor"
3332,"C3332","Kevin Kedit","N","Normal Member","2026-02-20",130,"2026-06-04",26,3,60.85,0,60.85,60.85,20.28,5,2,1,"New Customers","Low Risk","Beverages","Shah Alam 88 Speedmart","Shah Alam","Selangor"
3333,"C3333","Khalid bin Mahmud","Y","Normal Member","2026-01-28",153,"2026-06-27",3,14,282.31,0,282.31,282.31,20.17,5,4,3,"Loyal Customers","Low Risk","Dairy Products","Ipoh 88 Speedmart","Ipoh","Perak"
3334,"C3334","Nasir bin Basri","N","VIP Member","2025-09-09",294,,,0,0,0,0,0,,0,0,0,"Prospect","Prospect",,,,
3335,"C3335","Low Kai Jie","Y","Normal Member","2026-01-16",165,"2026-06-27",3,7,249.62,0,249.62,249.62,35.66,5,3,3,"Potential Loyal","Low Risk","Frozen Food","Klang 88 Speedmart","Klang","Selangor"
3336,"C3336","Kevin Kedit","N","Non-Member",,,,,0,0,0,0,0,,0,0,0,"Prospect","Prospect",,,,
3337,"C3337","Imran bin Omar","N","Normal Member","2025-09-08",295,"2025-08-28",306,1,12.17,0,12.17,12.17,12.17,1,1,1,"Hibernating","High Risk","Household Cleaning","Petaling Jaya 88 Speedmart","Petaling Jaya","Selangor"
3338,"C3338","Priya a/p Kaur","Y","Non-Member",,,"2026-04-09",82,6,148.47,0,148.47,148.47,24.75,3,3,2,"Need Attention","Low Risk","Rice and Grains","Kota Kinabalu 88 Speedmart","Kota Kinabalu","Sabah"
3339,"C3339","Irfan bin Mahmud","N","Normal Member","2025-06-03",392,"2026-06-23",7,2,48.35,0,48.35,48.35,24.18,5,1,1,"New Customers","Low Risk","Household Cleaning","Cheras 88 Speedmart","Cheras","Kuala Lumpur"
3340,"C3340","Clarissa Tinggi","N","VIP Member","2026-02-15",135,"2025-11-06",236,1,14.21,0,14.21,14.21,14.21,1,1,1,"Hibernating","High Risk","Canned and Packaged Food","Seremban 88 Speedmart","Seremban","Negeri Sembilan"
3341,"C3341","Fatin binti Ibrahim","N","Non-Member",,,"2026-02-19",131,3,100.3,0,100.3,100.3,33.43,2,2,2,"Hibernating","Medium Risk","Rice and Grains","Johor Bahru 88 Speedmart","Johor Bahru","Johor"
3342,"C3342","Khalid bin Ishak","Y","Non-Member",,,"2026-03-07",115,10,366.91,3.8,363.11,363.11,36.31,2,4,4,"At Risk","Medium Risk","Instant Food","Shah Alam 88 Speedmart","Shah Alam","Selangor"
3343,"C3343","Teoh Mei Ling","Y","Normal Member","2026-03-11",111,"2026-06-08",22,8,271.86,5.98,265.88,265.88,33.24,5,3,3,"Potential Loyal","Low Risk","Canned and Packaged Food","Johor Bahru 88 Speedmart","Johor Bahru","Johor"
3344,"C3344","Ng Chee Keong","N","Normal Member","2026-06-19",11,,,0,0,0,0,0,,0,0,0,"Prospect","Prospect",,,,
3345,"C3345","Aisyah binti Nasir","N","Normal Member","2025-12-22",190,,,0,0,0,0,0,,0,0,0,"Prospect","Prospect",,,,
3346,"C3346","Chong Zhi Qing","N","Normal Member","2026-06-18",12,"2026-04-26",65,2,301.21,0,301.21,301.21,150.61,3,1,3,"Need Attention","Low Risk","Premium Items","George Town 88 Speedmart","George Town","Penang"
3347,"C3347","Kavitha a/p Suresh","Y","Non-Member",,,"2026-02-17",133,7,312.84,0,312.84,312.84,44.69,2,3,3,"At Risk","Medium Risk","Canned and Packaged Food","Melaka 88 Speedmart","Melaka","Melaka"
3348,"C3348","Rahul a/l Raj","N","Non-Member",,,"2026-06-18",12,2,46.86,0,46.86,46.86,23.43,5,1,1,"New Customers","Low Risk","Alcoholic Beverages","Seremban 88 Speedmart","Seremban","Negeri Sembilan"
3349,"C3349","Goh Wai Keong","N","Normal Member","2025-12-27",185,"2025-10-05",268,1,35.63,0,35.63,35.63,35.63,1,1,1,"Hibernating","High Risk","Alcoholic Beverages","Kota Kinabalu 88 Speedmart","Kota Kinabalu","Sabah"
3350,"C3350","Chia Mei Qi","N","Non-Member",,,"2025-12-28",184,1,36.3,0,36.3,36.3,36.3,1,1,1,"Hibernating","High Risk","Snacks and Confectionery","Seremban 88 Speedmart","Seremban","Negeri Sembilan"
3351,"C3351","Chong Yi Wen","N","Normal Member","2026-02-21",129,"2026-06-06",24,2,136.13,0,136.13,136.13,68.07,5,1,2,"New Customers","Low Risk","Imported Goods","Shah Alam 88 Speedmart","Shah Alam","Selangor"
3352,"C3352","Arjun a/l Anand","N","Normal Member","2025-06-09",386,,,0,0,0,0,0,,0,0,0,"Prospect","Prospect",,,,
3353,"C3353","Lim Jun Hao","Y","Normal Member","2025-07-12",353,"2026-05-31",30,8,203.33,0,203.33,203.33,25.42,5,3,3,"Potential Loyal","Low Risk","Dairy Products","Ampang 88 Speedmart","Ampang","Selangor"
3354,"C3354","Ong Jun Hao","N","Normal Member","2025-08-31",303,"2025-12-02",210,1,12.26,0,12.26,12.26,12.26,1,1,1,"Hibernating","High Risk","Rice and Grains","Seremban 88 Speedmart","Seremban","Negeri Sembilan"
3355,"C3355","Amir bin Zainal","N","Non-Member",,,"2025-12-05",207,1,14.27,0,14.27,14.27,14.27,1,1,1,"Hibernating","High Risk","Stationery and Daily Needs","Shah Alam 88 Speedmart","Shah Alam","Selangor"
3356,"C3356","Liyana binti Salleh","N","VIP Member","2026-02-14",136,"2025-12-25",187,1,68.73,0,68.73,68.73,68.73,1,1,1,"Hibernating","High Risk","Alcoholic Beverages","Shah Alam 88 Speedmart","Shah Alam","Selangor"
3357,"C3357","Teoh Mei Ling","N","Non-Member",,,"2026-03-10",112,1,64.42,0,64.42,64.42,64.42,2,1,1,"Hibernating","Medium Risk","Alcoholic Beverages","George Town 88 Speedmart","George Town","Penang"
3358,"C3358","Danish bin Hamid","N","Normal Member","2026-04-22",69,"2025-08-11",323,1,51.83,0,51.83,51.83,51.83,1,1,1,"Hibernating","High Risk","Household Cleaning","George Town 88 Speedmart","George Town","Penang"
3359,"C3359","Adilah binti Ibrahim","N","Non-Member",,,"2026-03-18",104,2,101.92,0,101.92,101.92,50.96,2,1,2,"Hibernating","Medium Risk","Stationery and Daily Needs","Cheras 88 Speedmart","Cheras","Kuala Lumpur"
3360,"C3360","Ong Yoke Leng","N","Normal Member","2026-03-14",108,,,0,0,0,0,0,,0,0,0,"Prospect","Prospect",,,,
3361,"C3361","Adilah binti Basri","N","VIP Member","2026-02-22",128,,,0,0,0,0,0,,0,0,0,"Prospect","Prospect",,,,
3362,"C3362","Arjun a/l Maniam","N","Normal Member","2025-12-15",197,,,0,0,0,0,0,,0,0,0,"Prospect","Prospect",,,,
3363,"C3363","Grace a/p Subramaniam","Y","Non-Member",,,"2026-06-26",4,11,429.95,0,429.95,429.95,39.09,5,4,4,"Champions","Low Risk","Canned and Packaged Food","Shah Alam 88 Speedmart","Shah Alam","Selangor"
3364,"C3364","Yeoh Li Xuan","N","Non-Member",,,"2026-01-01",180,1,12.31,0,12.31,12.31,12.31,2,1,1,"Hibernating","Medium Risk","Beverages","Melaka 88 Speedmart","Melaka","Melaka"
3365,"C3365","Nasir bin Ismail","N","Normal Member","2025-11-13",229,"2026-03-14",108,1,50.24,0,50.24,50.24,50.24,2,1,1,"Hibernating","Medium Risk","Imported Goods","Johor Bahru 88 Speedmart","Johor Bahru","Johor"
3366,"C3366","Fong Kar Yee","N","Non-Member",,,"2026-05-19",42,4,134.25,3.68,130.57,130.57,32.64,4,2,2,"Potential Loyal","Low Risk","Rice and Grains","Petaling Jaya 88 Speedmart","Petaling Jaya","Selangor"
3367,"C3367","Chia Wan Ting","Y","Normal Member","2026-04-29",62,"2026-04-03",88,3,105.78,0,105.78,105.78,35.26,3,2,2,"Need Attention","Low Risk","Cooking Essentials","Klang 88 Speedmart","Klang","Selangor"
3368,"C3368","Qistina binti Yusof","N","Non-Member",,,"2026-06-02",28,1,199.99,0,199.99,199.99,199.99,5,1,2,"New Customers","Low Risk","Organic Foods","Seremban 88 Speedmart","Seremban","Negeri Sembilan"
3369,"C3369","Khalid bin Abdullah","N","Normal Member","2026-04-28",63,"2026-06-15",15,3,75.96,0,75.96,75.96,25.32,5,2,1,"New Customers","Low Risk","Alcoholic Beverages","Petaling Jaya 88 Speedmart","Petaling Jaya","Selangor"
3370,"C3370","Siti binti Ibrahim","N","Non-Member",,,"2026-05-05",56,1,27.16,0,27.16,27.16,27.16,4,1,1,"New Customers","Low Risk","Baby Products","Shah Alam 88 Speedmart","Shah Alam","Selangor"
3371,"C3371","Low Yi Wen","N","Normal Member","2025-07-21",344,,,0,0,0,0,0,,0,0,0,"Prospect","Prospect",,,,
3372,"C3372","Ong Xin Yi","Y","Normal Member","2026-03-18",104,"2026-06-08",22,7,191.47,0,191.47,191.47,27.35,5,3,2,"Potential Loyal","Low Risk","Instant Food","Johor Bahru 88 Speedmart","Johor Bahru","Johor"
3373,"C3373","Akmal bin Yusof","N","Non-Member",,,"2025-08-13",321,1,2.45,0,2.45,2.45,2.45,1,1,1,"Hibernating","High Risk","Cooking Essentials","Ipoh 88 Speedmart","Ipoh","Perak"
3374,"C3374","Zahir bin Razak","Y","Normal Member","2025-07-01",364,"2026-05-18",43,3,36.59,0,36.59,36.59,12.2,4,2,1,"New Customers","Low Risk","Cooking Essentials","Kota Kinabalu 88 Speedmart","Kota Kinabalu","Sabah"
3375,"C3375","Khadijah binti Omar","N","Normal Member","2026-06-16",14,"2026-01-22",159,2,210.23,0,210.23,210.23,105.12,2,1,3,"At Risk","Medium Risk","Alcoholic Beverages","Ampang 88 Speedmart","Ampang","Selangor"
3376,"C3376","Alvin a/l Chandran","N","Normal Member","2026-04-25",66,"2025-12-20",192,1,12.29,0,12.29,12.29,12.29,1,1,1,"Hibernating","High Risk","Rice and Grains","Cheras 88 Speedmart","Cheras","Kuala Lumpur"
3377,"C3377","Ho Hong Sheng","N","Normal Member","2025-08-06",328,"2026-03-27",95,1,7.38,0,7.38,7.38,7.38,2,1,1,"Hibernating","Medium Risk","Snacks and Confectionery","Johor Bahru 88 Speedmart","Johor Bahru","Johor"
3378,"C3378","Aiman bin Azman","N","Normal Member","2026-04-26",65,,,0,0,0,0,0,,0,0,0,"Prospect","Prospect",,,,
3379,"C3379","Goh Li Xuan","N","Normal Member","2025-07-16",349,"2026-05-02",59,1,12.35,0,12.35,12.35,12.35,4,1,1,"New Customers","Low Risk","Household Cleaning","Kota Kinabalu 88 Speedmart","Kota Kinabalu","Sabah"
3380,"C3380","Aiman bin Omar","N","Non-Member",,,,,0,0,0,0,0,,0,0,0,"Prospect","Prospect",,,,
3381,"C3381","Kevin Kedit","N","Normal Member","2025-12-12",200,,,0,0,0,0,0,,0,0,0,"Prospect","Prospect",,,,
3382,"C3382","Khalid bin Omar","N","Normal Member","2025-09-25",278,,,0,0,0,0,0,,0,0,0,"Prospect","Prospect",,,,
3383,"C3383","Farah binti Jamal","N","VIP Member","2025-08-06",328,"2026-05-29",32,2,49.98,0,49.98,49.98,24.99,4,1,1,"New Customers","Low Risk","Snacks and Confectionery","Petaling Jaya 88 Speedmart","Petaling Jaya","Selangor"
3384,"C3384","Fatin binti Kamal","N","Normal Member","2026-02-14",136,,,0,0,0,0,0,,0,0,0,"Prospect","Prospect",,,,
3385,"C3385","Hana binti Kamal","Y","Non-Member",,,"2026-05-05",56,7,141.63,0,141.63,141.63,20.23,4,3,2,"Potential Loyal","Low Risk","Canned and Packaged Food","George Town 88 Speedmart","George Town","Penang"
3386,"C3386","Fong Shi Hao","Y","Normal Member","2026-06-23",7,"2026-06-15",15,7,465.42,0,465.42,465.42,66.49,5,3,4,"Potential Loyal","Low Risk","Canned and Packaged Food","Seremban 88 Speedmart","Seremban","Negeri Sembilan"
3387,"C3387","Lee Cheng Wei","N","Normal Member","2026-03-14",108,"2026-04-14",77,2,104.09,0,104.09,104.09,52.05,3,1,2,"Need Attention","Low Risk","Beverages","Shah Alam 88 Speedmart","Shah Alam","Selangor"
3388,"C3388","Ho Siew Chin","Y","Non-Member",,,"2026-03-21",101,3,79.78,0,79.78,79.78,26.59,2,2,1,"Hibernating","Medium Risk","Dairy Products","George Town 88 Speedmart","George Town","Penang"
3389,"C3389","Sonia Janting","N","Normal Member","2026-03-05",117,,,0,0,0,0,0,,0,0,0,"Prospect","Prospect",,,,
3390,"C3390","Goh Ming Jie","N","Normal Member","2025-09-07",296,"2025-11-24",218,1,24.39,0,24.39,24.39,24.39,1,1,1,"Hibernating","High Risk","Stationery and Daily Needs","Shah Alam 88 Speedmart","Shah Alam","Selangor"
3391,"C3391","Amir bin Yusof","N","Normal Member","2026-05-11",50,"2025-12-31",181,1,19.67,0,19.67,19.67,19.67,1,1,1,"Hibernating","High Risk","Frozen Food","Johor Bahru 88 Speedmart","Johor Bahru","Johor"
3392,"C3392","Chew Boon Hui","N","Normal Member","2025-08-14",320,"2025-12-25",187,2,121.93,0,121.93,121.93,60.97,1,1,2,"Hibernating","High Risk","Stationery and Daily Needs","Seremban 88 Speedmart","Seremban","Negeri Sembilan"
3393,"C3393","Deepa a/p Krishnan","N","Non-Member",,,"2025-08-02",332,1,23.42,0,23.42,23.42,23.42,1,1,1,"Hibernating","High Risk","Household Cleaning","Ipoh 88 Speedmart","Ipoh","Perak"
3394,"C3394","Yeoh Boon Hui","Y","Non-Member",,,"2026-06-05",25,7,175.22,0,175.22,175.22,25.03,5,3,2,"Potential Loyal","Low Risk","Instant Food","Seremban 88 Speedmart","Seremban","Negeri Sembilan"
3395,"C3395","Zara binti Ismail","N","Non-Member",,,"2026-04-20",71,1,41.99,0,41.99,41.99,41.99,3,1,1,"Need Attention","Low Risk","Household Cleaning","Petaling Jaya 88 Speedmart","Petaling Jaya","Selangor"
3396,"C3396","Chin Zhi Hao","N","Normal Member","2026-02-24",126,"2025-10-06",267,1,81.97,0,81.97,81.97,81.97,1,1,1,"Hibernating","High Risk","Baby Products","Melaka 88 Speedmart","Melaka","Melaka"
3397,"C3397","Imran bin Basri","N","VIP Member","2026-05-16",45,"2025-12-30",182,1,17.65,0,17.65,17.65,17.65,1,1,1,"Hibernating","High Risk","Cooking Essentials","Klang 88 Speedmart","Klang","Selangor"
3398,"C3398","Chong Zi Xuan","N","Non-Member",,,"2026-06-17",13,3,105.1,0,105.1,105.1,35.03,5,2,2,"Potential Loyal","Low Risk","Canned and Packaged Food","Melaka 88 Speedmart","Melaka","Melaka"
3399,"C3399","Ishaan bin Ibrahim","N","VIP Member","2026-06-14",16,"2026-05-27",34,1,8.42,0,8.42,8.42,8.42,4,1,1,"New Customers","Low Risk","Stationery and Daily Needs","Seremban 88 Speedmart","Seremban","Negeri Sembilan"
3400,"C3400","Maisarah binti Ismail","N","Normal Member","2026-03-11",111,"2025-09-14",289,2,142.96,2.72,140.24,140.24,70.12,1,1,2,"Hibernating","High Risk","Dairy Products","George Town 88 Speedmart","George Town","Penang"
3401,"C3401","Danish bin Fauzi","Y","Normal Member","2026-05-23",38,"2026-06-11",19,7,225.06,0,225.06,225.06,32.15,5,3,3,"Potential Loyal","Low Risk","Baby Products","Ipoh 88 Speedmart","Ipoh","Perak"
3402,"C3402","Aarav a/l Raj","N","Normal Member","2026-06-25",5,"2026-03-02",120,1,171.56,0,171.56,171.56,171.56,2,1,2,"Hibernating","Medium Risk","Premium Items","Seremban 88 Speedmart","Seremban","Negeri Sembilan"
3403,"C3403","Nasir bin Razak","N","Non-Member",,,"2025-12-05",207,3,55.25,0,55.25,55.25,18.42,1,2,1,"Hibernating","High Risk","Personal Care","Melaka 88 Speedmart","Melaka","Melaka"
3404,"C3404","Aiman bin Yusof","Y","Non-Member",,,"2026-06-07",23,5,138.35,0,138.35,138.35,27.67,5,3,2,"Potential Loyal","Low Risk","Snacks and Confectionery","Ampang 88 Speedmart","Ampang","Selangor"
3405,"C3405","Danish bin Hamid","N","Non-Member",,,"2026-01-22",159,1,73.97,0,73.97,73.97,73.97,2,1,1,"Hibernating","Medium Risk","Alcoholic Beverages","Shah Alam 88 Speedmart","Shah Alam","Selangor"
3406,"C3406","Nasir bin Hamid","N","Normal Member","2025-08-08",326,"2026-06-05",25,4,131.89,0,131.89,131.89,32.97,5,2,2,"Potential Loyal","Low Risk","Dairy Products","Petaling Jaya 88 Speedmart","Petaling Jaya","Selangor"
3407,"C3407","Sabrina binti Omar","Y","Non-Member",,,"2026-06-27",3,7,115.05,0,115.05,115.05,16.44,5,3,2,"Potential Loyal","Low Risk","Canned and Packaged Food","Melaka 88 Speedmart","Melaka","Melaka"
3408,"C3408","Farah binti Hamid","N","VIP Member","2026-05-07",54,"2026-02-11",139,5,302.52,0,302.52,302.52,60.5,2,3,3,"At Risk","Medium Risk","Rice and Grains","Cheras 88 Speedmart","Cheras","Kuala Lumpur"
3409,"C3409","Hafiz bin Omar","N","Normal Member","2025-10-09",264,"2026-02-15",135,1,13.35,0,13.35,13.35,13.35,2,1,1,"Hibernating","Medium Risk","Dairy Products","Seremban 88 Speedmart","Seremban","Negeri Sembilan"
3410,"C3410","Nabilah binti Nasir","N","Non-Member",,,"2025-09-17",286,1,80.67,0,80.67,80.67,80.67,1,1,1,"Hibernating","High Risk","Alcoholic Beverages","Ampang 88 Speedmart","Ampang","Selangor"
3411,"C3411","Ong Chun Wai","N","Non-Member",,,"2026-02-04",146,2,49.4,0,49.4,49.4,24.7,2,1,1,"Hibernating","Medium Risk","Frozen Food","Cheras 88 Speedmart","Cheras","Kuala Lumpur"
3412,"C3412","Mardhiah binti Hassan","Y","Non-Member",,,"2026-04-02",89,4,106.1,0,106.1,106.1,26.53,3,2,2,"Need Attention","Low Risk","Personal Care","George Town 88 Speedmart","George Town","Penang"
3413,"C3413","Goh Jia En","Y","Normal Member","2025-10-16",257,"2026-06-30",0,12,618.42,0,618.42,618.42,51.54,5,4,5,"Champions","Low Risk","Frozen Food","Ampang 88 Speedmart","Ampang","Selangor"
3414,"C3414","Natalie a/p Subramaniam","N","Non-Member",,,"2026-01-10",171,2,257.06,0,257.06,257.06,128.53,2,1,3,"At Risk","Medium Risk","Beverages","Petaling Jaya 88 Speedmart","Petaling Jaya","Selangor"
3415,"C3415","Aiman bin Abdullah","N","Non-Member",,,"2026-01-07",174,2,216.94,0,216.94,216.94,108.47,2,1,3,"At Risk","Medium Risk","Instant Food","Seremban 88 Speedmart","Seremban","Negeri Sembilan"
3416,"C3416","Kevin Kedit","Y","Normal Member","2025-12-28",184,"2026-02-24",126,6,155.43,0,155.43,155.43,25.91,2,3,2,"At Risk","Medium Risk","Instant Food","Johor Bahru 88 Speedmart","Johor Bahru","Johor"
3417,"C3417","Nurul binti Azman","N","Normal Member","2025-10-20",253,"2025-12-15",197,3,118.1,0,118.1,118.1,39.37,1,2,2,"Hibernating","High Risk","Alcoholic Beverages","Cheras 88 Speedmart","Cheras","Kuala Lumpur"
3418,"C3418","Zahir bin Ahmad","N","Normal Member","2026-04-12",79,"2026-05-29",32,2,68.67,0,68.67,68.67,34.34,4,1,1,"New Customers","Low Risk","Stationery and Daily Needs","Petaling Jaya 88 Speedmart","Petaling Jaya","Selangor"
3419,"C3419","Clarissa a/p Devi","N","Non-Member",,,"2025-11-14",228,2,147.52,0,147.52,147.52,73.76,1,1,2,"Hibernating","High Risk","Premium Items","Ampang 88 Speedmart","Ampang","Selangor"
3420,"C3420","Yeoh Kai Xin","N","Non-Member",,,"2026-05-31",30,3,55.82,0,55.82,55.82,18.61,5,2,1,"New Customers","Low Risk","Dairy Products","Melaka 88 Speedmart","Melaka","Melaka"
3421,"C3421","Rafiq bin Omar","N","Normal Member","2026-03-19",103,"2026-03-01",121,1,42.75,0,42.75,42.75,42.75,2,1,1,"Hibernating","Medium Risk","Baby Products","Ipoh 88 Speedmart","Ipoh","Perak"
3422,"C3422","Felix Jalong","N","Normal Member","2025-08-18",316,,,0,0,0,0,0,,0,0,0,"Prospect","Prospect",,,,
3423,"C3423","Hakim bin Razak","N","Normal Member","2026-01-01",180,"2026-02-05",145,1,40.86,0,40.86,40.86,40.86,2,1,1,"Hibernating","Medium Risk","Stationery and Daily Needs","Seremban 88 Speedmart","Seremban","Negeri Sembilan"
3424,"C3424","Letchumy a/p Muthu","N","Normal Member","2025-12-14",198,"2025-12-30",182,2,107.24,0,107.24,107.24,53.62,1,1,2,"Hibernating","High Risk","Baby Products","Kota Kinabalu 88 Speedmart","Kota Kinabalu","Sabah"
3425,"C3425","Farah binti Ibrahim","N","Normal Member","2025-09-04",299,"2026-06-06",24,2,209.05,0,209.05,209.05,104.53,5,1,3,"Potential Loyal","Low Risk","Baby Products","Ampang 88 Speedmart","Ampang","Selangor"
3426,"C3426","Danish bin Ismail","N","Normal Member","2026-03-17",105,,,0,0,0,0,0,,0,0,0,"Prospect","Prospect",,,,
3427,"C3427","Divya a/p Pillai","N","Normal Member","2026-02-13",137,"2026-03-03",119,3,188,0,188,188,62.67,2,2,2,"Hibernating","Medium Risk","Rice and Grains","Johor Bahru 88 Speedmart","Johor Bahru","Johor"
3428,"C3428","Aqilah binti Razak","N","VIP Member","2025-12-22",190,"2026-03-20",102,3,30.12,0,30.12,30.12,10.04,2,2,1,"Hibernating","Medium Risk","Dairy Products","Petaling Jaya 88 Speedmart","Petaling Jaya","Selangor"
3429,"C3429","Nurul binti Fauzi","N","Non-Member",,,,,0,0,0,0,0,,0,0,0,"Prospect","Prospect",,,,
3430,"C3430","Wong Xin Yi","Y","Non-Member",,,"2026-06-29",1,7,175.74,0,175.74,175.74,25.11,5,3,2,"Potential Loyal","Low Risk","Beverages","George Town 88 Speedmart","George Town","Penang"
3431,"C3431","Kevin a/l Raman","N","Non-Member",,,,,0,0,0,0,0,,0,0,0,"Prospect","Prospect",,,,
3432,"C3432","Amir bin Hamid","N","Non-Member",,,"2026-02-18",132,2,65.74,0,65.74,65.74,32.87,2,1,1,"Hibernating","Medium Risk","Instant Food","Klang 88 Speedmart","Klang","Selangor"
3433,"C3433","Mardhiah binti Ishak","Y","Normal Member","2026-03-03",119,"2026-03-21",101,5,133.09,0,133.09,133.09,26.62,2,3,2,"At Risk","Medium Risk","Baby Products","Melaka 88 Speedmart","Melaka","Melaka"
3434,"C3434","Aiman bin Mahmud","Y","VIP Member","2026-05-28",33,"2026-06-14",16,6,191.84,2.67,189.17,189.17,31.53,5,3,2,"Potential Loyal","Low Risk","Rice and Grains","Ampang 88 Speedmart","Ampang","Selangor"
3435,"C3435","Kavitha a/p Letchumy","Y","Normal Member","2025-11-22",220,"2026-04-27",64,2,100.05,0,100.05,100.05,50.03,3,1,2,"Need Attention","Low Risk","Stationery and Daily Needs","George Town 88 Speedmart","George Town","Penang"
3436,"C3436","Sabrina binti Ahmad","Y","VIP Member","2026-02-19",131,"2026-03-03",119,5,194.63,0,194.63,194.63,38.93,2,3,2,"At Risk","Medium Risk","Baby Products","Cheras 88 Speedmart","Cheras","Kuala Lumpur"
3437,"C3437","Nadia binti Razak","N","Normal Member","2026-05-30",31,"2025-12-19",193,2,58.98,0,58.98,58.98,29.49,1,1,1,"Hibernating","High Risk","Household Cleaning","Petaling Jaya 88 Speedmart","Petaling Jaya","Selangor"
3438,"C3438","Zahir bin Ishak","Y","Normal Member","2025-12-02",210,"2026-06-04",26,3,99.22,2.22,97,97,32.33,5,2,2,"Potential Loyal","Low Risk","Canned and Packaged Food","George Town 88 Speedmart","George Town","Penang"
3439,"C3439","Goh Shu Fen","Y","Non-Member",,,"2026-03-23",99,2,187.63,0,187.63,187.63,93.82,2,1,2,"Hibernating","Medium Risk","Dairy Products","Melaka 88 Speedmart","Melaka","Melaka"
3440,"C3440","Qistina binti Omar","N","Normal Member","2026-02-17",133,"2026-04-27",64,2,91.61,2.08,89.53,89.53,44.77,3,1,2,"Need Attention","Low Risk","Snacks and Confectionery","Klang 88 Speedmart","Klang","Selangor"
3441,"C3441","Danish bin Ibrahim","N","Normal Member","2025-09-12",291,,,0,0,0,0,0,,0,0,0,"Prospect","Prospect",,,,
3442,"C3442","Syahirah binti Yusof","N","VIP Member","2026-01-24",157,"2026-06-18",12,2,29.47,0,29.47,29.47,14.74,5,1,1,"New Customers","Low Risk","Frozen Food","George Town 88 Speedmart","George Town","Penang"
3443,"C3443","Devi a/p Devi","N","Non-Member",,,,,0,0,0,0,0,,0,0,0,"Prospect","Prospect",,,,
3444,"C3444","Aiman bin Ahmad","Y","Non-Member",,,"2026-06-15",15,9,427.13,0,427.13,427.13,47.46,5,4,4,"Champions","Low Risk","Frozen Food","Ampang 88 Speedmart","Ampang","Selangor"
3445,"C3445","Jannah binti Ahmad","N","Normal Member","2025-10-26",247,"2025-10-30",243,1,41.8,0,41.8,41.8,41.8,1,1,1,"Hibernating","High Risk","Baby Products","Klang 88 Speedmart","Klang","Selangor"
3446,"C3446","Intan binti Abdullah","Y","VIP Member","2025-09-26",277,"2026-06-08",22,9,258.91,6.1,252.81,252.81,28.09,5,4,3,"Loyal Customers","Low Risk","Cooking Essentials","Kota Kinabalu 88 Speedmart","Kota Kinabalu","Sabah"
3447,"C3447","Sabrina binti Azman","Y","Normal Member","2026-05-24",37,"2026-02-14",136,4,71.9,0,71.9,71.9,17.98,2,2,1,"Hibernating","Medium Risk","Personal Care","Johor Bahru 88 Speedmart","Johor Bahru","Johor"
3448,"C3448","Ng Pei Shan","Y","Normal Member","2026-06-14",16,"2026-06-02",28,5,146.71,0,146.71,146.71,29.34,5,3,2,"Potential Loyal","Low Risk","Dairy Products","Klang 88 Speedmart","Klang","Selangor"
3449,"C3449","Marcus Bansa","N","Normal Member","2025-11-26",216,,,0,0,0,0,0,,0,0,0,"Prospect","Prospect",,,,
3450,"C3450","Sonia Janting","Y","Normal Member","2026-02-03",147,"2026-06-23",7,3,55.14,0,55.14,55.14,18.38,5,2,1,"New Customers","Low Risk","Beverages","George Town 88 Speedmart","George Town","Penang"
3451,"C3451","Chong Yi Chen","N","Normal Member","2025-09-30",273,,,0,0,0,0,0,,0,0,0,"Prospect","Prospect",,,,
3452,"C3452","Nabil bin Ismail","N","Non-Member",,,"2025-11-04",238,1,16.58,0,16.58,16.58,16.58,1,1,1,"Hibernating","High Risk","Stationery and Daily Needs","Kota Kinabalu 88 Speedmart","Kota Kinabalu","Sabah"
3453,"C3453","Loh Zi Xuan","N","VIP Member","2025-11-18",224,,,0,0,0,0,0,,0,0,0,"Prospect","Prospect",,,,
3454,"C3454","Siti binti Omar","N","Normal Member","2025-10-06",267,"2026-06-12",18,2,21.64,0,21.64,21.64,10.82,5,1,1,"New Customers","Low Risk","Dairy Products","Klang 88 Speedmart","Klang","Selangor"
3455,"C3455","Chin Jun Hao","N","Non-Member",,,"2026-05-21",40,2,112.99,0,112.99,112.99,56.5,4,1,2,"New Customers","Low Risk","Frozen Food","Melaka 88 Speedmart","Melaka","Melaka"
3456,"C3456","Zahir bin Yusof","N","Normal Member","2026-02-26",124,,,0,0,0,0,0,,0,0,0,"Prospect","Prospect",,,,
3457,"C3457","Naveen a/l Kumar","N","Normal Member","2026-05-03",58,,,0,0,0,0,0,,0,0,0,"Prospect","Prospect",,,,
3458,"C3458","Ong Kar Yee","N","Non-Member",,,"2026-03-18",104,2,101.91,0,101.91,101.91,50.96,2,1,2,"Hibernating","Medium Risk","Baby Products","Ampang 88 Speedmart","Ampang","Selangor"
3459,"C3459","Nadia binti Azman","Y","Normal Member","2025-12-01",211,"2026-02-24",126,3,66.63,0,66.63,66.63,22.21,2,2,1,"Hibernating","Medium Risk","Organic Foods","Cheras 88 Speedmart","Cheras","Kuala Lumpur"
3460,"C3460","Ahmad bin Ismail","Y","Normal Member","2025-12-09",203,"2026-06-06",24,3,95.7,0,95.7,95.7,31.9,5,2,2,"Potential Loyal","Low Risk","Rice and Grains","Johor Bahru 88 Speedmart","Johor Bahru","Johor"
3461,"C3461","Lee Jia Wei","N","Normal Member","2025-09-24",279,,,0,0,0,0,0,,0,0,0,"Prospect","Prospect",,,,
3462,"C3462","Alvin Laja","N","Non-Member",,,"2025-10-10",263,1,17.06,0,17.06,17.06,17.06,1,1,1,"Hibernating","High Risk","Instant Food","Seremban 88 Speedmart","Seremban","Negeri Sembilan"
3463,"C3463","Khalid bin Abdullah","Y","Non-Member",,,"2026-05-23",38,5,331.49,0,331.49,331.49,66.3,4,3,3,"Potential Loyal","Low Risk","Household Cleaning","Ampang 88 Speedmart","Ampang","Selangor"
3464,"C3464","Darren Rantai","Y","Normal Member","2026-05-27",34,"2026-06-01",29,8,210.13,2.4,207.73,207.73,25.97,5,3,3,"Potential Loyal","Low Risk","Dairy Products","Shah Alam 88 Speedmart","Shah Alam","Selangor"
3465,"C3465","Akmal bin Jamal","N","Normal Member","2026-02-22",128,"2025-12-27",185,1,67.32,0,67.32,67.32,67.32,1,1,1,"Hibernating","High Risk","Imported Goods","Shah Alam 88 Speedmart","Shah Alam","Selangor"
3466,"C3466","Letchumy a/p Chandran","N","Normal Member","2025-11-25",217,"2026-01-14",167,1,23.7,0,23.7,23.7,23.7,2,1,1,"Hibernating","Medium Risk","Cooking Essentials","George Town 88 Speedmart","George Town","Penang"
3467,"C3467","Tan Chee Keong","N","VIP Member","2025-10-31",242,,,0,0,0,0,0,,0,0,0,"Prospect","Prospect",,,,
3468,"C3468","Amir bin Daud","N","Normal Member","2026-01-13",168,,,0,0,0,0,0,,0,0,0,"Prospect","Prospect",,,,
3469,"C3469","Nabil bin Kamal","N","Normal Member","2025-11-13",229,,,0,0,0,0,0,,0,0,0,"Prospect","Prospect",,,,
3470,"C3470","Grace a/p Muthu","N","Normal Member","2025-12-17",195,,,0,0,0,0,0,,0,0,0,"Prospect","Prospect",,,,
3471,"C3471","Rafiq bin Hamid","N","Normal Member","2025-11-15",227,"2026-06-22",8,3,94.3,0,94.3,94.3,31.43,5,2,2,"Potential Loyal","Low Risk","Instant Food","Ipoh 88 Speedmart","Ipoh","Perak"
3472,"C3472","Ng Jia En","Y","VIP Member","2026-06-01",29,"2026-05-12",49,6,176.11,0,176.11,176.11,29.35,4,3,2,"Potential Loyal","Low Risk","Frozen Food","Johor Bahru 88 Speedmart","Johor Bahru","Johor"
3473,"C3473","Khalid bin Kamal","N","Normal Member","2026-02-24",126,,,0,0,0,0,0,,0,0,0,"Prospect","Prospect",,,,
3474,"C3474","Low Seng Huat","N","Normal Member","2026-01-19",162,,,0,0,0,0,0,,0,0,0,"Prospect","Prospect",,,,
3475,"C3475","Jannah binti Yusof","N","Non-Member",,,"2025-12-04",208,1,24.6,0,24.6,24.6,24.6,1,1,1,"Hibernating","High Risk","Alcoholic Beverages","Ipoh 88 Speedmart","Ipoh","Perak"
3476,"C3476","Aiman bin Mahmud","Y","Non-Member",,,"2026-05-20",41,4,77.27,0,77.27,77.27,19.32,4,2,1,"New Customers","Low Risk","Snacks and Confectionery","Seremban 88 Speedmart","Seremban","Negeri Sembilan"
3477,"C3477","Fatin binti Ismail","Y","Non-Member",,,"2026-06-10",20,5,102.73,0,102.73,102.73,20.55,5,3,2,"Potential Loyal","Low Risk","Stationery and Daily Needs","Klang 88 Speedmart","Klang","Selangor"
3478,"C3478","Lim Jia En","N","Non-Member",,,,,0,0,0,0,0,,0,0,0,"Prospect","Prospect",,,,
3479,"C3479","Ng Wai Keong","N","Normal Member","2026-05-09",52,"2025-11-17",225,2,47.51,0,47.51,47.51,23.76,1,1,1,"Hibernating","High Risk","Household Cleaning","Ipoh 88 Speedmart","Ipoh","Perak"
3480,"C3480","Ong Jia En","Y","Non-Member",,,"2026-06-11",19,10,346.25,0,346.25,346.25,34.63,5,4,3,"Loyal Customers","Low Risk","Cooking Essentials","Cheras 88 Speedmart","Cheras","Kuala Lumpur"
3481,"C3481","Lakshmi a/p Raj","N","Normal Member","2026-05-21",40,,,0,0,0,0,0,,0,0,0,"Prospect","Prospect",,,,
3482,"C3482","Nabilah binti Mahmud","N","Normal Member","2026-06-30",0,"2025-11-25",217,2,61.27,0,61.27,61.27,30.64,1,1,1,"Hibernating","High Risk","Canned and Packaged Food","Cheras 88 Speedmart","Cheras","Kuala Lumpur"
3483,"C3483","Imran bin Fauzi","Y","Normal Member","2025-11-28",214,"2025-12-24",188,2,27.99,0,27.99,27.99,14,1,1,1,"Hibernating","High Risk","Beverages","Shah Alam 88 Speedmart","Shah Alam","Selangor"
3484,"C3484","Low Jia Wei","N","Non-Member",,,"2026-06-08",22,1,146.2,0,146.2,146.2,146.2,5,1,2,"New Customers","Low Risk","Premium Items","Seremban 88 Speedmart","Seremban","Negeri Sembilan"
3485,"C3485","Low Yoke Leng","N","Normal Member","2025-12-07",205,"2026-04-10",81,2,119.29,2.12,117.17,117.17,58.59,3,1,2,"Need Attention","Low Risk","Stationery and Daily Needs","George Town 88 Speedmart","George Town","Penang"
3486,"C3486","Kaur a/p Nair","N","Normal Member","2026-03-17",105,"2026-03-27",95,1,2.96,0,2.96,2.96,2.96,2,1,1,"Hibernating","Medium Risk","Cooking Essentials","Johor Bahru 88 Speedmart","Johor Bahru","Johor"
3487,"C3487","Khalid bin Zainal","N","Normal Member","2025-12-13",199,"2026-02-11",139,1,82.26,0,82.26,82.26,82.26,2,1,1,"Hibernating","Medium Risk","Imported Goods","George Town 88 Speedmart","George Town","Penang"
3488,"C3488","Lee Kai Xin","N","Non-Member",,,"2025-12-05",207,1,54.45,0,54.45,54.45,54.45,1,1,1,"Hibernating","High Risk","Imported Goods","Johor Bahru 88 Speedmart","Johor Bahru","Johor"
3489,"C3489","Farhan bin Fauzi","Y","VIP Member","2026-03-28",94,"2026-03-22",100,2,66.99,0,66.99,66.99,33.5,2,1,1,"Hibernating","Medium Risk","Rice and Grains","George Town 88 Speedmart","George Town","Penang"
3490,"C3490","Adilah binti Daud","N","Normal Member","2026-01-14",167,"2026-01-10",171,2,203.41,3.82,199.59,199.59,99.8,2,1,2,"Hibernating","Medium Risk","Snacks and Confectionery","Cheras 88 Speedmart","Cheras","Kuala Lumpur"
3491,"C3491","Ahmad bin Mahmud","N","Non-Member",,,,,0,0,0,0,0,,0,0,0,"Prospect","Prospect",,,,
3492,"C3492","Akmal bin Salleh","Y","Normal Member","2026-02-05",145,"2026-06-21",9,6,243.89,0,243.89,243.89,40.65,5,3,3,"Potential Loyal","Low Risk","Frozen Food","Johor Bahru 88 Speedmart","Johor Bahru","Johor"
3493,"C3493","Farhan bin Hamid","Y","Normal Member","2026-04-24",67,"2026-04-30",61,6,221.08,0,221.08,221.08,36.85,3,3,3,"Need Attention","Low Risk","Frozen Food","Kota Kinabalu 88 Speedmart","Kota Kinabalu","Sabah"
3494,"C3494","Chia Siew Chin","N","Non-Member",,,,,0,0,0,0,0,,0,0,0,"Prospect","Prospect",,,,
3495,"C3495","Farhan bin Basri","Y","Normal Member","2026-04-07",84,"2026-06-02",28,5,57.85,0,57.85,57.85,11.57,5,3,1,"Potential Loyal","Low Risk","Instant Food","Ampang 88 Speedmart","Ampang","Selangor"
3496,"C3496","Darren Rantai","N","Non-Member",,,,,0,0,0,0,0,,0,0,0,"Prospect","Prospect",,,,
3497,"C3497","Lee Wan Ting","N","Normal Member","2025-12-13",199,"2025-12-02",210,1,34.88,0,34.88,34.88,34.88,1,1,1,"Hibernating","High Risk","Baby Products","Cheras 88 Speedmart","Cheras","Kuala Lumpur"
3498,"C3498","Rafiq bin Ismail","N","Normal Member","2025-11-09",233,,,0,0,0,0,0,,0,0,0,"Prospect","Prospect",,,,
3499,"C3499","Maisarah binti Basri","Y","Non-Member",,,"2026-06-20",10,8,315.34,0,315.34,315.34,39.42,5,3,3,"Potential Loyal","Low Risk","Rice and Grains","Ampang 88 Speedmart","Ampang","Selangor"
3500,"C3500","Jannah binti Azman","N","Normal Member","2026-02-17",133,,,0,0,0,0,0,,0,0,0,"Prospect","Prospect",,,,
3501,"C3501","Hakim bin Razak","N","Normal Member","2025-12-07",205,"2026-02-12",138,1,6.42,0,6.42,6.42,6.42,2,1,1,"Hibernating","Medium Risk","Cooking Essentials","Petaling Jaya 88 Speedmart","Petaling Jaya","Selangor"
3502,"C3502","Arjun a/l Anand","Y","Normal Member","2026-05-29",32,"2026-05-24",37,7,397.87,0,397.87,397.87,56.84,4,3,4,"Potential Loyal","Low Risk","Beverages","Ipoh 88 Speedmart","Ipoh","Perak"
3503,"C3503","Loh Yi Chen","Y","Normal Member","2026-05-15",46,"2026-06-19",11,3,76.87,0,76.87,76.87,25.62,5,2,1,"New Customers","Low Risk","Instant Food","Klang 88 Speedmart","Klang","Selangor"
3504,"C3504","Nurul binti Ishak","Y","VIP Member","2025-10-25",248,"2026-05-22",39,6,261.33,0,261.33,261.33,43.56,4,3,3,"Potential Loyal","Low Risk","Rice and Grains","Shah Alam 88 Speedmart","Shah Alam","Selangor"
3505,"C3505","Kiran a/l Raman","N","Non-Member",,,"2025-10-25",248,1,69.36,0,69.36,69.36,69.36,1,1,1,"Hibernating","High Risk","Rice and Grains","Kota Kinabalu 88 Speedmart","Kota Kinabalu","Sabah"
3506,"C3506","Felix a/l Saminathan","Y","Normal Member","2025-12-05",207,"2026-06-17",13,4,133.08,0,133.08,133.08,33.27,5,2,2,"Potential Loyal","Low Risk","Household Cleaning","Kota Kinabalu 88 Speedmart","Kota Kinabalu","Sabah"
3507,"C3507","Clarissa a/p Murugan","N","Non-Member",,,"2025-12-02",210,1,27.47,0,27.47,27.47,27.47,1,1,1,"Hibernating","High Risk","Alcoholic Beverages","Johor Bahru 88 Speedmart","Johor Bahru","Johor"
3508,"C3508","Grace a/p Devi","N","Non-Member",,,"2025-11-18",224,2,89.61,0,89.61,89.61,44.81,1,1,2,"Hibernating","High Risk","Canned and Packaged Food","Kota Kinabalu 88 Speedmart","Kota Kinabalu","Sabah"
3509,"C3509","Syahirah binti Nasir","N","VIP Member","2025-11-10",232,,,0,0,0,0,0,,0,0,0,"Prospect","Prospect",,,,
3510,"C3510","Zara binti Zainal","N","Normal Member","2025-11-22",220,"2026-06-02",28,2,43.33,5.91,37.42,37.42,18.71,5,1,1,"New Customers","Low Risk","Household Cleaning","Seremban 88 Speedmart","Seremban","Negeri Sembilan"
3511,"C3511","Chow Hui Min","N","Non-Member",,,"2026-02-03",147,1,80.37,0,80.37,80.37,80.37,2,1,1,"Hibernating","Medium Risk","Organic Foods","Ampang 88 Speedmart","Ampang","Selangor"
3512,"C3512","Ishaan bin Omar","N","Non-Member",,,,,0,0,0,0,0,,0,0,0,"Prospect","Prospect",,,,
3513,"C3513","Fatin binti Ishak","N","Non-Member",,,"2025-10-27",246,1,25.88,0,25.88,25.88,25.88,1,1,1,"Hibernating","High Risk","Instant Food","Petaling Jaya 88 Speedmart","Petaling Jaya","Selangor"
3514,"C3514","Ahmad bin Hamid","N","Non-Member",,,,,0,0,0,0,0,,0,0,0,"Prospect","Prospect",,,,
3515,"C3515","Priya a/p Anand","Y","Non-Member",,,"2026-05-27",34,10,329.07,0,329.07,329.07,32.91,4,4,3,"Loyal Customers","Low Risk","Frozen Food","Ampang 88 Speedmart","Ampang","Selangor"
3516,"C3516","Rafiq bin Zainal","N","Non-Member",,,"2025-12-18",194,2,45.17,0,45.17,45.17,22.59,1,1,1,"Hibernating","High Risk","Instant Food","Ipoh 88 Speedmart","Ipoh","Perak"
3517,"C3517","Hafiz bin Ahmad","N","VIP Member","2025-11-28",214,,,0,0,0,0,0,,0,0,0,"Prospect","Prospect",,,,
3518,"C3518","Liyana binti Jamal","Y","Normal Member","2026-02-25",125,"2026-05-11",50,2,66.48,0,66.48,66.48,33.24,4,1,1,"New Customers","Low Risk","Cooking Essentials","Ampang 88 Speedmart","Ampang","Selangor"
3519,"C3519","Koh Jun Hao","N","Normal Member","2025-12-17",195,"2026-06-14",16,2,68,0,68,68,34,5,1,1,"New Customers","Low Risk","Dairy Products","Ipoh 88 Speedmart","Ipoh","Perak"
3520,"C3520","Imran bin Fauzi","Y","Normal Member","2025-11-11",231,"2026-06-07",23,6,292.77,0,292.77,292.77,48.8,5,3,3,"Potential Loyal","Low Risk","Cooking Essentials","Klang 88 Speedmart","Klang","Selangor"
3521,"C3521","Nadia binti Nasir","N","Normal Member","2026-06-19",11,"2026-04-11",80,1,20.24,0,20.24,20.24,20.24,3,1,1,"Need Attention","Low Risk","Baby Products","Johor Bahru 88 Speedmart","Johor Bahru","Johor"
3522,"C3522","Ivan a/l Balakrishnan","Y","VIP Member","2026-06-03",27,"2026-04-03",88,3,62.23,0,62.23,62.23,20.74,3,2,1,"Need Attention","Low Risk","Baby Products","George Town 88 Speedmart","George Town","Penang"
3523,"C3523","Nabilah binti Ismail","Y","VIP Member","2026-03-06",116,"2026-04-15",76,3,23.95,0,23.95,23.95,7.98,3,2,1,"Need Attention","Low Risk","Rice and Grains","Shah Alam 88 Speedmart","Shah Alam","Selangor"
3524,"C3524","Zahir bin Hamid","Y","Normal Member","2025-12-23",189,"2026-03-11",111,6,204.73,0,204.73,204.73,34.12,2,3,3,"At Risk","Medium Risk","Rice and Grains","Kota Kinabalu 88 Speedmart","Kota Kinabalu","Sabah"
3525,"C3525","Aqilah binti Ahmad","N","Normal Member","2026-04-23",68,,,0,0,0,0,0,,0,0,0,"Prospect","Prospect",,,,
3526,"C3526","Felix Jalong","N","Normal Member","2026-04-16",75,"2025-12-26",186,2,129.9,2.23,127.67,127.67,63.84,1,1,2,"Hibernating","High Risk","Rice and Grains","Ampang 88 Speedmart","Ampang","Selangor"
3527,"C3527","Chow Yi Chen","N","Non-Member",,,,,0,0,0,0,0,,0,0,0,"Prospect","Prospect",,,,
3528,"C3528","Jannah binti Daud","N","VIP Member","2026-06-08",22,"2025-11-02",240,1,44.22,0,44.22,44.22,44.22,1,1,1,"Hibernating","High Risk","Imported Goods","Kota Kinabalu 88 Speedmart","Kota Kinabalu","Sabah"
3529,"C3529","Zahir bin Ismail","Y","Normal Member","2026-02-16",134,"2026-03-19",103,1,6.41,0,6.41,6.41,6.41,2,1,1,"Hibernating","Medium Risk","Beverages","George Town 88 Speedmart","George Town","Penang"
3530,"C3530","Elena Agan","N","Non-Member",,,"2025-12-10",202,1,57.18,0,57.18,57.18,57.18,1,1,1,"Hibernating","High Risk","Stationery and Daily Needs","Ampang 88 Speedmart","Ampang","Selangor"
3531,"C3531","Ng Jia En","N","Non-Member",,,"2026-05-18",43,2,32.09,0,32.09,32.09,16.05,4,1,1,"New Customers","Low Risk","Baby Products","Petaling Jaya 88 Speedmart","Petaling Jaya","Selangor"
3532,"C3532","Chia Chun Wai","N","Normal Member","2026-05-26",35,"2026-06-19",11,2,367.09,0,367.09,367.09,183.55,5,1,4,"Potential Loyal","Low Risk","Organic Foods","Ampang 88 Speedmart","Ampang","Selangor"
3533,"C3533","Hafiz bin Hassan","N","Normal Member","2026-05-13",48,"2026-01-29",152,2,51.37,0,51.37,51.37,25.69,2,1,1,"Hibernating","Medium Risk","Beverages","Ipoh 88 Speedmart","Ipoh","Perak"
3534,"C3534","Muthu a/p Kaur","N","Normal Member","2026-02-05",145,,,0,0,0,0,0,,0,0,0,"Prospect","Prospect",,,,
3535,"C3535","Amir bin Omar","N","Normal Member","2026-05-06",55,,,0,0,0,0,0,,0,0,0,"Prospect","Prospect",,,,
3536,"C3536","Arif bin Nasir","N","Normal Member","2026-06-02",28,,,0,0,0,0,0,,0,0,0,"Prospect","Prospect",,,,
3537,"C3537","Hana binti Nasir","N","Non-Member",,,,,0,0,0,0,0,,0,0,0,"Prospect","Prospect",,,,
3538,"C3538","Aiman bin Ishak","Y","Normal Member","2026-04-08",83,"2026-06-17",13,3,109.36,0,109.36,109.36,36.45,5,2,2,"Potential Loyal","Low Risk","Instant Food","Klang 88 Speedmart","Klang","Selangor"
3539,"C3539","Intan binti Daud","Y","Normal Member","2026-02-12",138,"2026-05-11",50,4,327.17,0,327.17,327.17,81.79,4,2,3,"Potential Loyal","Low Risk","Rice and Grains","Klang 88 Speedmart","Klang","Selangor"
3540,"C3540","Farhan bin Salleh","N","Normal Member","2025-12-04",208,,,0,0,0,0,0,,0,0,0,"Prospect","Prospect",,,,
3541,"C3541","Victor Sagang","N","Normal Member","2026-06-20",10,,,0,0,0,0,0,,0,0,0,"Prospect","Prospect",,,,
3542,"C3542","Koh Xin Yi","N","Normal Member","2026-04-20",71,,,0,0,0,0,0,,0,0,0,"Prospect","Prospect",,,,
3543,"C3543","Elena Agan","N","VIP Member","2026-02-01",149,,,0,0,0,0,0,,0,0,0,"Prospect","Prospect",,,,
3544,"C3544","Zahir bin Daud","Y","Non-Member",,,"2025-12-02",210,1,12.82,0,12.82,12.82,12.82,1,1,1,"Hibernating","High Risk","Cooking Essentials","Seremban 88 Speedmart","Seremban","Negeri Sembilan"
3545,"C3545","Liyana binti Hassan","N","Normal Member","2026-05-02",59,"2026-03-30",92,1,25.74,0,25.74,25.74,25.74,2,1,1,"Hibernating","Medium Risk","Household Cleaning","Petaling Jaya 88 Speedmart","Petaling Jaya","Selangor"
3546,"C3546","Nabil bin Kamal","N","Non-Member",,,,,0,0,0,0,0,,0,0,0,"Prospect","Prospect",,,,
3547,"C3547","Khalid bin Omar","N","VIP Member","2026-03-31",91,"2025-11-21",221,1,66.3,0,66.3,66.3,66.3,1,1,1,"Hibernating","High Risk","Alcoholic Beverages","Seremban 88 Speedmart","Seremban","Negeri Sembilan"
3548,"C3548","Syahirah binti Razak","N","Normal Member","2026-04-05",86,"2026-04-11",80,1,75.33,0,75.33,75.33,75.33,3,1,1,"Need Attention","Low Risk","Alcoholic Beverages","Petaling Jaya 88 Speedmart","Petaling Jaya","Selangor"
3549,"C3549","Fong Kai Xin","Y","Non-Member",,,"2026-04-05",86,1,69.72,0,69.72,69.72,69.72,3,1,1,"Need Attention","Low Risk","Stationery and Daily Needs","Shah Alam 88 Speedmart","Shah Alam","Selangor"
3550,"C3550","Khadijah binti Ishak","Y","Non-Member",,,"2026-05-30",31,8,217.48,0,217.48,217.48,27.19,4,3,3,"Potential Loyal","Low Risk","Stationery and Daily Needs","Klang 88 Speedmart","Klang","Selangor"
3551,"C3551","Raymond Mawan","Y","VIP Member","2026-06-20",10,"2025-12-10",202,2,281.93,0,281.93,281.93,140.97,1,1,3,"Lost","High Risk","Organic Foods","George Town 88 Speedmart","George Town","Penang"
3552,"C3552","Low Li Xuan","Y","VIP Member","2026-02-02",148,,,0,0,0,0,0,,0,0,0,"Prospect","Prospect",,,,
3553,"C3553","Chin Kar Yee","Y","Normal Member","2026-06-13",17,"2026-06-14",16,4,56.29,0,56.29,56.29,14.07,5,2,1,"New Customers","Low Risk","Baby Products","Petaling Jaya 88 Speedmart","Petaling Jaya","Selangor"
3554,"C3554","Raymond Mawan","Y","Non-Member",,,"2026-03-26",96,5,306.01,5.54,300.47,300.47,60.09,2,3,3,"At Risk","Medium Risk","Dairy Products","Klang 88 Speedmart","Klang","Selangor"
3555,"C3555","Farhan bin Razak","N","VIP Member","2026-01-02",179,"2025-12-23",189,1,143.56,0,143.56,143.56,143.56,1,1,2,"Hibernating","High Risk","Baby Products","George Town 88 Speedmart","George Town","Penang"
3556,"C3556","Dev a/l Raj","N","Normal Member","2026-02-13",137,,,0,0,0,0,0,,0,0,0,"Prospect","Prospect",,,,
3557,"C3557","Vikram a/l Kumar","Y","VIP Member","2026-03-20",102,"2026-06-02",28,6,108.98,0,108.98,108.98,18.16,5,3,2,"Potential Loyal","Low Risk","Canned and Packaged Food","Johor Bahru 88 Speedmart","Johor Bahru","Johor"
3558,"C3558","Chong Chui Shan","Y","Non-Member",,,"2026-06-12",18,4,72.31,0,72.31,72.31,18.08,5,2,1,"New Customers","Low Risk","Beverages","Kota Kinabalu 88 Speedmart","Kota Kinabalu","Sabah"
3559,"C3559","Nasir bin Ishak","N","Normal Member","2026-03-01",121,"2025-12-13",199,1,156.67,0,156.67,156.67,156.67,1,1,2,"Hibernating","High Risk","Premium Items","Johor Bahru 88 Speedmart","Johor Bahru","Johor"
3560,"C3560","Dev a/l Gopal","N","Normal Member","2026-06-23",7,,,0,0,0,0,0,,0,0,0,"Prospect","Prospect",,,,
3561,"C3561","Danish bin Ibrahim","N","Normal Member","2026-02-16",134,"2026-06-20",10,1,30.08,0,30.08,30.08,30.08,5,1,1,"New Customers","Low Risk","Organic Foods","Ampang 88 Speedmart","Ampang","Selangor"
3562,"C3562","Ivan Giman","N","Non-Member",,,"2026-03-03",119,1,82.68,0,82.68,82.68,82.68,2,1,1,"Hibernating","Medium Risk","Imported Goods","Klang 88 Speedmart","Klang","Selangor"
3563,"C3563","Hafiz bin Abdullah","N","Normal Member","2025-11-20",222,"2026-03-02",120,1,11.84,0,11.84,11.84,11.84,2,1,1,"Hibernating","Medium Risk","Instant Food","George Town 88 Speedmart","George Town","Penang"
3564,"C3564","Alvin Laja","Y","Non-Member",,,"2026-04-06",85,3,129.73,0,129.73,129.73,43.24,3,2,2,"Need Attention","Low Risk","Cooking Essentials","Johor Bahru 88 Speedmart","Johor Bahru","Johor"
3565,"C3565","Natalie a/p Anand","N","Normal Member","2025-12-19",193,"2026-06-25",5,1,125.53,0,125.53,125.53,125.53,5,1,2,"New Customers","Low Risk","Alcoholic Beverages","George Town 88 Speedmart","George Town","Penang"
3566,"C3566","Teoh Wei Lun","N","Non-Member",,,"2026-05-27",34,3,190.8,0,190.8,190.8,63.6,4,2,2,"Potential Loyal","Low Risk","Premium Items","Seremban 88 Speedmart","Seremban","Negeri Sembilan"
3567,"C3567","Syafiq bin Hamid","N","Normal Member","2025-11-22",220,,,0,0,0,0,0,,0,0,0,"Prospect","Prospect",,,,
3568,"C3568","Alvin a/l Saminathan","N","Normal Member","2026-02-23",127,,,0,0,0,0,0,,0,0,0,"Prospect","Prospect",,,,
3569,"C3569","Syafiq bin Ahmad","N","Non-Member",,,,,0,0,0,0,0,,0,0,0,"Prospect","Prospect",,,,
3570,"C3570","Danish bin Ishak","N","Normal Member","2026-04-01",90,,,0,0,0,0,0,,0,0,0,"Prospect","Prospect",,,,
3571,"C3571","Jannah binti Azman","Y","Non-Member",,,"2026-06-10",20,4,441.73,0,441.73,441.73,110.43,5,2,4,"Potential Loyal","Low Risk","Premium Items","Cheras 88 Speedmart","Cheras","Kuala Lumpur"
3572,"C3572","Imran bin Ishak","Y","Non-Member",,,"2026-06-17",13,4,86.1,0,86.1,86.1,21.53,5,2,1,"New Customers","Low Risk","Canned and Packaged Food","Ampang 88 Speedmart","Ampang","Selangor"
3573,"C3573","Sabrina binti Daud","Y","Non-Member",,,"2026-06-12",18,6,33.76,0,33.76,33.76,5.63,5,3,1,"Potential Loyal","Low Risk","Household Cleaning","Klang 88 Speedmart","Klang","Selangor"
3574,"C3574","Chow Chui Shan","N","Normal Member","2026-05-09",52,,,0,0,0,0,0,,0,0,0,"Prospect","Prospect",,,,
3575,"C3575","Naveen a/l Vijayan","N","Non-Member",,,"2025-12-30",182,1,36.37,0,36.37,36.37,36.37,1,1,1,"Hibernating","High Risk","Stationery and Daily Needs","Petaling Jaya 88 Speedmart","Petaling Jaya","Selangor"
3576,"C3576","Goh Shu Fen","Y","VIP Member","2026-06-17",13,"2026-04-28",63,3,69.33,0,69.33,69.33,23.11,3,2,1,"Need Attention","Low Risk","Cooking Essentials","Johor Bahru 88 Speedmart","Johor Bahru","Johor"
3577,"C3577","Intan binti Fauzi","N","Non-Member",,,"2026-06-20",10,1,35.52,0,35.52,35.52,35.52,5,1,1,"New Customers","Low Risk","Snacks and Confectionery","Cheras 88 Speedmart","Cheras","Kuala Lumpur"
3578,"C3578","Rahul a/l Krishnan","Y","Normal Member","2026-03-27",95,"2026-06-12",18,4,213.33,0,213.33,213.33,53.33,5,2,3,"Potential Loyal","Low Risk","Baby Products","Ipoh 88 Speedmart","Ipoh","Perak"
3579,"C3579","Low Pei Shan","N","Normal Member","2026-06-27",3,,,0,0,0,0,0,,0,0,0,"Prospect","Prospect",,,,
3580,"C3580","Sabrina binti Abdullah","N","Non-Member",,,,,0,0,0,0,0,,0,0,0,"Prospect","Prospect",,,,
3581,"C3581","Ahmad bin Ahmad","N","Normal Member","2026-04-09",82,,,0,0,0,0,0,,0,0,0,"Prospect","Prospect",,,,
3582,"C3582","Wong Chee Keong","N","Normal Member","2026-01-11",170,"2025-12-24",188,1,37.5,0,37.5,37.5,37.5,1,1,1,"Hibernating","High Risk","Stationery and Daily Needs","Johor Bahru 88 Speedmart","Johor Bahru","Johor"
3583,"C3583","Maisarah binti Hassan","Y","Normal Member","2026-03-18",104,"2026-06-30",0,3,64.01,0,64.01,64.01,21.34,5,2,1,"New Customers","Low Risk","Canned and Packaged Food","Kota Kinabalu 88 Speedmart","Kota Kinabalu","Sabah"
3584,"C3584","Chow Kai Jie","N","VIP Member","2026-03-02",120,,,0,0,0,0,0,,0,0,0,"Prospect","Prospect",,,,
3585,"C3585","Felix a/l Tharmalingam","N","VIP Member","2026-05-20",41,"2026-06-04",26,1,108.76,0,108.76,108.76,108.76,5,1,2,"New Customers","Low Risk","Alcoholic Beverages","Ipoh 88 Speedmart","Ipoh","Perak"
3586,"C3586","Fatin binti Daud","Y","Non-Member",,,"2026-04-27",64,1,27.82,0,27.82,27.82,27.82,3,1,1,"Need Attention","Low Risk","Frozen Food","George Town 88 Speedmart","George Town","Penang"
3587,"C3587","Felix a/l Singh","N","Non-Member",,,"2026-04-19",72,1,54.44,0,54.44,54.44,54.44,3,1,1,"Need Attention","Low Risk","Stationery and Daily Needs","George Town 88 Speedmart","George Town","Penang"
3588,"C3588","Chia Mei Qi","N","Normal Member","2025-12-25",187,"2026-03-19",103,2,42.93,0,42.93,42.93,21.47,2,1,1,"Hibernating","Medium Risk","Cooking Essentials","Ampang 88 Speedmart","Ampang","Selangor"
3589,"C3589","Danish bin Mahmud","N","Non-Member",,,,,0,0,0,0,0,,0,0,0,"Prospect","Prospect",,,,
3590,"C3590","Ananya a/p Kaur","Y","Normal Member","2026-05-25",36,"2026-06-20",10,4,224.97,0,224.97,224.97,56.24,5,2,3,"Potential Loyal","Low Risk","Baby Products","Melaka 88 Speedmart","Melaka","Melaka"
3591,"C3591","Siti binti Ibrahim","N","Non-Member",,,,,0,0,0,0,0,,0,0,0,"Prospect","Prospect",,,,
3592,"C3592","Hafiz bin Hassan","N","VIP Member","2026-05-01",60,,,0,0,0,0,0,,0,0,0,"Prospect","Prospect",,,,
3593,"C3593","Hafiz bin Basri","N","Normal Member","2026-02-26",124,,,0,0,0,0,0,,0,0,0,"Prospect","Prospect",,,,
3594,"C3594","Ivan Giman","Y","Normal Member","2026-05-29",32,"2026-06-18",12,4,186.53,0,186.53,186.53,46.63,5,2,2,"Potential Loyal","Low Risk","Cooking Essentials","Cheras 88 Speedmart","Cheras","Kuala Lumpur"
3595,"C3595","Zara binti Ismail","Y","Non-Member",,,"2026-04-04",87,3,79.11,2.12,76.99,76.99,25.66,3,2,1,"Need Attention","Low Risk","Baby Products","Petaling Jaya 88 Speedmart","Petaling Jaya","Selangor"
3596,"C3596","Tan Boon Hui","N","Non-Member",,,,,0,0,0,0,0,,0,0,0,"Prospect","Prospect",,,,
3597,"C3597","Imran bin Abdullah","N","Non-Member",,,,,0,0,0,0,0,,0,0,0,"Prospect","Prospect",,,,
3598,"C3598","Liyana binti Azman","Y","VIP Member","2026-01-09",172,"2026-06-16",14,3,107.5,0,107.5,107.5,35.83,5,2,2,"Potential Loyal","Low Risk","Stationery and Daily Needs","George Town 88 Speedmart","George Town","Penang"
3599,"C3599","Irfan bin Azman","N","Non-Member",,,,,0,0,0,0,0,,0,0,0,"Prospect","Prospect",,,,
3600,"C3600","Adilah binti Azman","Y","Normal Member","2025-12-23",189,"2026-04-25",66,1,5.9,0,5.9,5.9,5.9,3,1,1,"Need Attention","Low Risk","Canned and Packaged Food","Petaling Jaya 88 Speedmart","Petaling Jaya","Selangor"
3601,"C3601","Aiman bin Ismail","N","Normal Member","2026-06-23",7,,,0,0,0,0,0,,0,0,0,"Prospect","Prospect",,,,
3602,"C3602","Harish a/l Gopal","N","Non-Member",,,,,0,0,0,0,0,,0,0,0,"Prospect","Prospect",,,,
3603,"C3603","Teoh Kai Xin","N","VIP Member","2026-05-31",30,"2025-12-14",198,1,32.79,0,32.79,32.79,32.79,1,1,1,"Hibernating","High Risk","Household Cleaning","Ipoh 88 Speedmart","Ipoh","Perak"
3604,"C3604","Adilah binti Ismail","N","VIP Member","2026-01-30",151,,,0,0,0,0,0,,0,0,0,"Prospect","Prospect",,,,
3605,"C3605","Khadijah binti Ishak","N","Non-Member",,,"2026-01-01",180,1,2.46,0,2.46,2.46,2.46,2,1,1,"Hibernating","Medium Risk","Cooking Essentials","Klang 88 Speedmart","Klang","Selangor"
3606,"C3606","Nabil bin Ahmad","N","VIP Member","2026-05-04",57,,,0,0,0,0,0,,0,0,0,"Prospect","Prospect",,,,
3607,"C3607","Fong Hong Sheng","Y","Non-Member",,,"2026-05-14",47,3,157.27,.91,156.36,156.36,52.12,4,2,2,"Potential Loyal","Low Risk","Dairy Products","Klang 88 Speedmart","Klang","Selangor"
3608,"C3608","Letchumy a/p Saraswathy","Y","Non-Member",,,"2026-04-07",84,1,31.67,0,31.67,31.67,31.67,3,1,1,"Need Attention","Low Risk","Rice and Grains","Cheras 88 Speedmart","Cheras","Kuala Lumpur"
3609,"C3609","Hana binti Nasir","Y","Normal Member","2026-06-13",17,"2026-05-21",40,4,446.61,9.55,437.06,437.06,109.27,4,2,4,"Potential Loyal","Low Risk","Organic Foods","Shah Alam 88 Speedmart","Shah Alam","Selangor"
3610,"C3610","Khadijah binti Daud","Y","VIP Member","2026-02-02",148,"2026-05-21",40,2,52.14,0,52.14,52.14,26.07,4,1,1,"New Customers","Low Risk","Imported Goods","Melaka 88 Speedmart","Melaka","Melaka"
3611,"C3611","Chia Zi Xuan","Y","Normal Member","2026-01-27",154,"2026-05-05",56,3,126.83,0,126.83,126.83,42.28,4,2,2,"Potential Loyal","Low Risk","Snacks and Confectionery","Seremban 88 Speedmart","Seremban","Negeri Sembilan"
3612,"C3612","Rafiq bin Fauzi","N","Normal Member","2025-12-16",196,,,0,0,0,0,0,,0,0,0,"Prospect","Prospect",,,,
3613,"C3613","Ho Jia Wei","Y","Normal Member","2026-06-24",6,"2026-06-20",10,4,108.9,0,108.9,108.9,27.23,5,2,2,"Potential Loyal","Low Risk","Rice and Grains","George Town 88 Speedmart","George Town","Penang"
3614,"C3614","Arif bin Hamid","N","Normal Member","2026-04-01",90,,,0,0,0,0,0,,0,0,0,"Prospect","Prospect",,,,
3615,"C3615","Hafiz bin Omar","N","VIP Member","2026-06-30",0,"2026-03-22",100,2,141.89,8.27,133.62,133.62,66.81,2,1,2,"Hibernating","Medium Risk","Baby Products","Melaka 88 Speedmart","Melaka","Melaka"
3616,"C3616","Chow Seng Huat","N","Normal Member","2026-03-22",100,,,0,0,0,0,0,,0,0,0,"Prospect","Prospect",,,,
3617,"C3617","Rahul a/l Vijayan","N","Normal Member","2026-06-30",0,"2026-04-27",64,2,428.99,0,428.99,428.99,214.5,3,1,4,"Need Attention","Low Risk","Premium Items","George Town 88 Speedmart","George Town","Penang"
3618,"C3618","Hakim bin Omar","N","Normal Member","2026-06-26",4,"2026-06-15",15,2,77.88,0,77.88,77.88,38.94,5,1,1,"New Customers","Low Risk","Alcoholic Beverages","Petaling Jaya 88 Speedmart","Petaling Jaya","Selangor"
3619,"C3619","Sabrina binti Razak","N","Non-Member",,,,,0,0,0,0,0,,0,0,0,"Prospect","Prospect",,,,
3620,"C3620","Chin Kin Hoong","N","Normal Member","2025-12-20",192,,,0,0,0,0,0,,0,0,0,"Prospect","Prospect",,,,
3621,"C3621","Low Ming Jie","Y","Non-Member",,,"2026-06-12",18,1,8.45,0,8.45,8.45,8.45,5,1,1,"New Customers","Low Risk","Snacks and Confectionery","Cheras 88 Speedmart","Cheras","Kuala Lumpur"
3622,"C3622","Aqilah binti Yusof","Y","Non-Member",,,"2026-06-09",21,1,1.11,0,1.11,1.11,1.11,5,1,1,"New Customers","Low Risk","Rice and Grains","Kota Kinabalu 88 Speedmart","Kota Kinabalu","Sabah"
3623,"C3623","Syafiq bin Abdullah","N","Normal Member","2026-05-20",41,,,0,0,0,0,0,,0,0,0,"Prospect","Prospect",,,,
3624,"C3624","Nabilah binti Hassan","N","Non-Member",,,,,0,0,0,0,0,,0,0,0,"Prospect","Prospect",,,,
3625,"C3625","Aiman bin Salleh","N","Normal Member","2026-02-08",142,,,0,0,0,0,0,,0,0,0,"Prospect","Prospect",,,,
3626,"C3626","Marcus a/l Raman","N","Normal Member","2026-03-21",101,"2026-06-05",25,2,71.14,0,71.14,71.14,35.57,5,1,1,"New Customers","Low Risk","Stationery and Daily Needs","Johor Bahru 88 Speedmart","Johor Bahru","Johor"
3627,"C3627","Sonia a/p Rajan","N","VIP Member","2026-01-10",171,,,0,0,0,0,0,,0,0,0,"Prospect","Prospect",,,,
3628,"C3628","Raymond a/l Singh","N","VIP Member","2026-04-05",86,,,0,0,0,0,0,,0,0,0,"Prospect","Prospect",,,,
3629,"C3629","Syahirah binti Ishak","N","Normal Member","2026-01-02",179,"2026-02-13",137,2,36.67,0,36.67,36.67,18.34,2,1,1,"Hibernating","Medium Risk","Household Cleaning","Klang 88 Speedmart","Klang","Selangor"
3630,"C3630","Felix a/l Balakrishnan","N","VIP Member","2026-05-14",47,"2026-06-06",24,1,84.63,0,84.63,84.63,84.63,5,1,1,"New Customers","Low Risk","Imported Goods","Melaka 88 Speedmart","Melaka","Melaka"
3631,"C3631","Ong Mei Qi","Y","VIP Member","2026-02-07",143,"2026-06-03",27,2,50.35,0,50.35,50.35,25.18,5,1,1,"New Customers","Low Risk","Frozen Food","Shah Alam 88 Speedmart","Shah Alam","Selangor"
3632,"C3632","Farhan bin Omar","N","Normal Member","2026-04-03",88,"2026-04-30",61,2,83.25,0,83.25,83.25,41.63,3,1,1,"Need Attention","Low Risk","Alcoholic Beverages","Ipoh 88 Speedmart","Ipoh","Perak"
3633,"C3633","Aditi a/p Raj","N","Normal Member","2026-04-27",64,"2026-01-11",170,1,34.38,2.29,32.09,32.09,32.09,2,1,1,"Hibernating","Medium Risk","Imported Goods","Petaling Jaya 88 Speedmart","Petaling Jaya","Selangor"
3634,"C3634","Luqman bin Basri","N","Non-Member",,,"2026-06-01",29,1,66.09,0,66.09,66.09,66.09,5,1,1,"New Customers","Low Risk","Frozen Food","George Town 88 Speedmart","George Town","Penang"
3635,"C3635","Aqilah binti Ismail","N","Normal Member","2026-01-25",156,,,0,0,0,0,0,,0,0,0,"Prospect","Prospect",,,,
3636,"C3636","Siti binti Ishak","Y","Normal Member","2026-01-07",174,"2026-05-16",45,2,145.53,0,145.53,145.53,72.77,4,1,2,"New Customers","Low Risk","Stationery and Daily Needs","Ampang 88 Speedmart","Ampang","Selangor"
3637,"C3637","Ivan Giman","N","Non-Member",,,"2026-02-23",127,1,47.27,0,47.27,47.27,47.27,2,1,1,"Hibernating","Medium Risk","Imported Goods","Ipoh 88 Speedmart","Ipoh","Perak"
3638,"C3638","Chong Poh Ling","N","Normal Member","2026-03-28",94,,,0,0,0,0,0,,0,0,0,"Prospect","Prospect",,,,
3639,"C3639","Liyana binti Ismail","N","VIP Member","2026-05-27",34,"2025-12-25",187,1,49.69,0,49.69,49.69,49.69,1,1,1,"Hibernating","High Risk","Rice and Grains","Johor Bahru 88 Speedmart","Johor Bahru","Johor"
3640,"C3640","Hafiz bin Yusof","Y","Normal Member","2026-03-14",108,"2026-05-16",45,8,181.24,6.05,175.19,175.19,21.9,4,3,2,"Potential Loyal","Low Risk","Personal Care","Seremban 88 Speedmart","Seremban","Negeri Sembilan"
3641,"C3641","Lee Chee Keong","N","Normal Member","2026-02-19",131,"2026-01-11",170,1,25.98,0,25.98,25.98,25.98,2,1,1,"Hibernating","Medium Risk","Rice and Grains","Cheras 88 Speedmart","Cheras","Kuala Lumpur"
3642,"C3642","Jannah binti Zainal","Y","Non-Member",,,"2026-02-14",136,3,116.09,0,116.09,116.09,38.7,2,2,2,"Hibernating","Medium Risk","Snacks and Confectionery","Cheras 88 Speedmart","Cheras","Kuala Lumpur"
3643,"C3643","Maisarah binti Basri","N","Non-Member",,,,,0,0,0,0,0,,0,0,0,"Prospect","Prospect",,,,
3644,"C3644","Syafiq bin Azman","N","Non-Member",,,,,0,0,0,0,0,,0,0,0,"Prospect","Prospect",,,,
3645,"C3645","Amir bin Kamal","Y","Normal Member","2026-05-07",54,"2026-05-23",38,1,6.92,0,6.92,6.92,6.92,4,1,1,"New Customers","Low Risk","Rice and Grains","George Town 88 Speedmart","George Town","Penang"
3646,"C3646","Ahmad bin Nasir","N","Non-Member",,,,,0,0,0,0,0,,0,0,0,"Prospect","Prospect",,,,
3647,"C3647","Imran bin Ahmad","Y","Normal Member","2026-03-12",110,"2026-06-05",25,4,110.66,0,110.66,110.66,27.67,5,2,2,"Potential Loyal","Low Risk","Canned and Packaged Food","Johor Bahru 88 Speedmart","Johor Bahru","Johor"
3648,"C3648","Lim Mei Qi","N","Normal Member","2026-06-29",1,"2026-05-12",49,1,72.66,0,72.66,72.66,72.66,4,1,1,"New Customers","Low Risk","Premium Items","Shah Alam 88 Speedmart","Shah Alam","Selangor"
3649,"C3649","Irfan bin Abdullah","N","Normal Member","2026-02-05",145,,,0,0,0,0,0,,0,0,0,"Prospect","Prospect",,,,
3650,"C3650","Teoh Seng Huat","N","Normal Member","2026-02-18",132,"2026-01-02",179,1,49.08,0,49.08,49.08,49.08,2,1,1,"Hibernating","Medium Risk","Imported Goods","Melaka 88 Speedmart","Melaka","Melaka"
3651,"C3651","Teoh Mei Ling","N","Normal Member","2026-01-14",167,"2026-03-16",106,2,80.5,0,80.5,80.5,40.25,2,1,1,"Hibernating","Medium Risk","Organic Foods","Kota Kinabalu 88 Speedmart","Kota Kinabalu","Sabah"
3652,"C3652","Adilah binti Nasir","N","Non-Member",,,"2026-04-22",69,2,59.24,0,59.24,59.24,29.62,3,1,1,"Need Attention","Low Risk","Beverages","Cheras 88 Speedmart","Cheras","Kuala Lumpur"
3653,"C3653","Hafiz bin Omar","Y","Normal Member","2026-02-02",148,"2026-06-08",22,4,159.45,0,159.45,159.45,39.86,5,2,2,"Potential Loyal","Low Risk","Dairy Products","Johor Bahru 88 Speedmart","Johor Bahru","Johor"
3654,"C3654","Chow Poh Ling","N","Normal Member","2026-02-25",125,"2026-05-21",40,2,34.01,0,34.01,34.01,17.01,4,1,1,"New Customers","Low Risk","Stationery and Daily Needs","Ampang 88 Speedmart","Ampang","Selangor"
3655,"C3655","Danish bin Omar","N","Non-Member",,,"2026-06-19",11,1,34.5,0,34.5,34.5,34.5,5,1,1,"New Customers","Low Risk","Dairy Products","Kota Kinabalu 88 Speedmart","Kota Kinabalu","Sabah"
3656,"C3656","Lee Kai Jie","Y","Non-Member",,,"2026-05-09",52,1,14.34,0,14.34,14.34,14.34,4,1,1,"New Customers","Low Risk","Cooking Essentials","Shah Alam 88 Speedmart","Shah Alam","Selangor"
3657,"C3657","Chew Kin Hoong","Y","Normal Member","2026-01-22",159,"2026-06-12",18,6,276.96,0,276.96,276.96,46.16,5,3,3,"Potential Loyal","Low Risk","Beverages","Ipoh 88 Speedmart","Ipoh","Perak"
3658,"C3658","Ahmad bin Mahmud","N","Normal Member","2026-02-19",131,"2026-05-22",39,1,12.35,0,12.35,12.35,12.35,4,1,1,"New Customers","Low Risk","Personal Care","Ampang 88 Speedmart","Ampang","Selangor"
3659,"C3659","Jannah binti Jamal","N","Normal Member","2026-04-21",70,,,0,0,0,0,0,,0,0,0,"Prospect","Prospect",,,,
3660,"C3660","Ahmad bin Salleh","N","Normal Member","2026-03-15",107,,,0,0,0,0,0,,0,0,0,"Prospect","Prospect",,,,
3661,"C3661","Arif bin Salleh","Y","Normal Member","2026-05-10",51,"2026-06-18",12,4,179.83,0,179.83,179.83,44.96,5,2,2,"Potential Loyal","Low Risk","Beverages","Petaling Jaya 88 Speedmart","Petaling Jaya","Selangor"
3662,"C3662","Siti binti Ibrahim","N","Normal Member","2026-01-11",170,"2026-06-11",19,2,77.62,0,77.62,77.62,38.81,5,1,1,"New Customers","Low Risk","Personal Care","Shah Alam 88 Speedmart","Shah Alam","Selangor"
3663,"C3663","Aqilah binti Nasir","N","Non-Member",,,"2026-05-18",43,1,92.9,0,92.9,92.9,92.9,4,1,2,"New Customers","Low Risk","Baby Products","George Town 88 Speedmart","George Town","Penang"
3664,"C3664","Aqilah binti Omar","N","Normal Member","2026-01-23",158,,,0,0,0,0,0,,0,0,0,"Prospect","Prospect",,,,
3665,"C3665","Raymond Mawan","N","Normal Member","2026-02-25",125,,,0,0,0,0,0,,0,0,0,"Prospect","Prospect",,,,
3666,"C3666","Fong Hui Ying","N","Normal Member","2026-01-09",172,,,0,0,0,0,0,,0,0,0,"Prospect","Prospect",,,,
3667,"C3667","Amir bin Daud","N","Normal Member","2026-06-01",29,"2026-01-20",161,1,8.31,0,8.31,8.31,8.31,2,1,1,"Hibernating","Medium Risk","Instant Food","Seremban 88 Speedmart","Seremban","Negeri Sembilan"
3668,"C3668","Aarav a/l Subramaniam","N","Non-Member",,,,,0,0,0,0,0,,0,0,0,"Prospect","Prospect",,,,
3669,"C3669","Letchumy a/p Saraswathy","N","Non-Member",,,,,0,0,0,0,0,,0,0,0,"Prospect","Prospect",,,,
3670,"C3670","Danish bin Hassan","N","Non-Member",,,,,0,0,0,0,0,,0,0,0,"Prospect","Prospect",,,,
3671,"C3671","Sonia a/p Krishnan","Y","Non-Member",,,"2026-04-04",87,2,75.94,0,75.94,75.94,37.97,3,1,1,"Need Attention","Low Risk","Imported Goods","Cheras 88 Speedmart","Cheras","Kuala Lumpur"
3672,"C3672","Danish bin Daud","N","Non-Member",,,,,0,0,0,0,0,,0,0,0,"Prospect","Prospect",,,,
3673,"C3673","Nurul binti Omar","N","Normal Member","2026-06-04",26,,,0,0,0,0,0,,0,0,0,"Prospect","Prospect",,,,
3674,"C3674","Alvin Laja","N","Normal Member","2026-03-11",111,,,0,0,0,0,0,,0,0,0,"Prospect","Prospect",,,,
3675,"C3675","Grace a/p Maniam","N","Normal Member","2026-06-14",16,"2026-06-10",20,2,76.8,0,76.8,76.8,38.4,5,1,1,"New Customers","Low Risk","Imported Goods","Shah Alam 88 Speedmart","Shah Alam","Selangor"
3676,"C3676","Teoh Pei Shan","N","Normal Member","2026-06-26",4,,,0,0,0,0,0,,0,0,0,"Prospect","Prospect",,,,
3677,"C3677","Mardhiah binti Ibrahim","Y","Normal Member","2026-04-24",67,"2026-05-30",31,1,97.73,0,97.73,97.73,97.73,4,1,2,"New Customers","Low Risk","Stationery and Daily Needs","Seremban 88 Speedmart","Seremban","Negeri Sembilan"
3678,"C3678","Mardhiah binti Omar","Y","VIP Member","2026-01-23",158,"2026-06-21",9,5,454.31,0,454.31,454.31,90.86,5,3,4,"Potential Loyal","Low Risk","Rice and Grains","Klang 88 Speedmart","Klang","Selangor"
3679,"C3679","Hana binti Zainal","Y","Non-Member",,,"2026-05-30",31,4,95.09,0,95.09,95.09,23.77,4,2,2,"Potential Loyal","Low Risk","Rice and Grains","Johor Bahru 88 Speedmart","Johor Bahru","Johor"
3680,"C3680","Chia Chun Wai","N","Normal Member","2026-05-21",40,,,0,0,0,0,0,,0,0,0,"Prospect","Prospect",,,,
3681,"C3681","Mardhiah binti Zainal","N","Non-Member",,,,,0,0,0,0,0,,0,0,0,"Prospect","Prospect",,,,
3682,"C3682","Hana binti Azman","N","VIP Member","2026-04-28",63,"2026-05-21",40,1,40.87,0,40.87,40.87,40.87,4,1,1,"New Customers","Low Risk","Stationery and Daily Needs","Petaling Jaya 88 Speedmart","Petaling Jaya","Selangor"
3683,"C3683","Ravi a/l Rajan","Y","Normal Member","2026-02-04",146,"2026-02-20",130,1,85.14,0,85.14,85.14,85.14,2,1,1,"Hibernating","Medium Risk","Imported Goods","Klang 88 Speedmart","Klang","Selangor"
3684,"C3684","Ivan a/l Suresh","Y","Normal Member","2026-02-03",147,"2026-05-15",46,5,222.95,0,222.95,222.95,44.59,4,3,3,"Potential Loyal","Low Risk","Dairy Products","Klang 88 Speedmart","Klang","Selangor"
3685,"C3685","Meera a/p Suresh","N","Non-Member",,,,,0,0,0,0,0,,0,0,0,"Prospect","Prospect",,,,
3686,"C3686","Teoh Ching Yee","N","Non-Member",,,,,0,0,0,0,0,,0,0,0,"Prospect","Prospect",,,,
3687,"C3687","Siti binti Zainal","N","Non-Member",,,"2026-01-16",165,1,13.79,0,13.79,13.79,13.79,2,1,1,"Hibernating","Medium Risk","Stationery and Daily Needs","Petaling Jaya 88 Speedmart","Petaling Jaya","Selangor"
3688,"C3688","Arjun a/l Anand","N","Non-Member",,,,,0,0,0,0,0,,0,0,0,"Prospect","Prospect",,,,
3689,"C3689","Liyana binti Yusof","N","Non-Member",,,,,0,0,0,0,0,,0,0,0,"Prospect","Prospect",,,,
3690,"C3690","Farhan bin Omar","N","Non-Member",,,,,0,0,0,0,0,,0,0,0,"Prospect","Prospect",,,,
3691,"C3691","Liyana binti Salleh","N","VIP Member","2026-05-22",39,,,0,0,0,0,0,,0,0,0,"Prospect","Prospect",,,,
3692,"C3692","Khalid bin Razak","Y","Non-Member",,,"2026-05-14",47,3,102.61,0,102.61,102.61,34.2,4,2,2,"Potential Loyal","Low Risk","Baby Products","Cheras 88 Speedmart","Cheras","Kuala Lumpur"
3693,"C3693","Khadijah binti Basri","N","Normal Member","2026-02-04",146,"2026-05-11",50,1,20.2,0,20.2,20.2,20.2,4,1,1,"New Customers","Low Risk","Canned and Packaged Food","Kota Kinabalu 88 Speedmart","Kota Kinabalu","Sabah"
3694,"C3694","Raymond a/l Nair","Y","Non-Member",,,"2026-06-09",21,4,53.71,0,53.71,53.71,13.43,5,2,1,"New Customers","Low Risk","Rice and Grains","Cheras 88 Speedmart","Cheras","Kuala Lumpur"
3695,"C3695","Elena Agan","N","VIP Member","2026-05-26",35,"2026-03-14",108,1,51.24,0,51.24,51.24,51.24,2,1,1,"Hibernating","Medium Risk","Frozen Food","Petaling Jaya 88 Speedmart","Petaling Jaya","Selangor"
3696,"C3696","Yeoh Hong Sheng","N","VIP Member","2026-06-17",13,,,0,0,0,0,0,,0,0,0,"Prospect","Prospect",,,,
3697,"C3697","Lee Jia En","N","Non-Member",,,"2026-06-08",22,1,11.37,0,11.37,11.37,11.37,5,1,1,"New Customers","Low Risk","Cooking Essentials","Klang 88 Speedmart","Klang","Selangor"
3698,"C3698","Chia Jun Hao","N","Normal Member","2026-04-21",70,,,0,0,0,0,0,,0,0,0,"Prospect","Prospect",,,,
3699,"C3699","Shalini a/p Suresh","N","Normal Member","2026-05-03",58,,,0,0,0,0,0,,0,0,0,"Prospect","Prospect",,,,
3700,"C3700","Jannah binti Hamid","N","Non-Member",,,,,0,0,0,0,0,,0,0,0,"Prospect","Prospect",,,,
3701,"C3701","Zahir bin Salleh","Y","Normal Member","2026-04-16",75,"2026-06-23",7,1,9.98,0,9.98,9.98,9.98,5,1,1,"New Customers","Low Risk","Dairy Products","Klang 88 Speedmart","Klang","Selangor"
3702,"C3702","Farhan bin Nasir","N","Normal Member","2026-05-15",46,,,0,0,0,0,0,,0,0,0,"Prospect","Prospect",,,,
3703,"C3703","Aqilah binti Abdullah","N","Non-Member",,,"2026-05-06",55,1,112.81,0,112.81,112.81,112.81,4,1,2,"New Customers","Low Risk","Alcoholic Beverages","Ipoh 88 Speedmart","Ipoh","Perak"
3704,"C3704","Hafiz bin Daud","Y","Normal Member","2026-03-17",105,"2026-06-19",11,2,123.22,0,123.22,123.22,61.61,5,1,2,"New Customers","Low Risk","Imported Goods","Cheras 88 Speedmart","Cheras","Kuala Lumpur"
3705,"C3705","Natalie Nanta","N","Normal Member","2026-05-03",58,,,0,0,0,0,0,,0,0,0,"Prospect","Prospect",,,,
3706,"C3706","Sanjay a/l Rajan","Y","Normal Member","2026-05-19",42,"2026-03-24",98,2,69,0,69,69,34.5,2,1,1,"Hibernating","Medium Risk","Baby Products","Johor Bahru 88 Speedmart","Johor Bahru","Johor"
3707,"C3707","Aditi a/p Muthu","N","Normal Member","2026-04-21",70,,,0,0,0,0,0,,0,0,0,"Prospect","Prospect",,,,
3708,"C3708","Alvin Laja","N","Normal Member","2026-03-19",103,,,0,0,0,0,0,,0,0,0,"Prospect","Prospect",,,,
3709,"C3709","Zara binti Salleh","Y","Non-Member",,,"2026-06-29",1,7,141.95,0,141.95,141.95,20.28,5,3,2,"Potential Loyal","Low Risk","Rice and Grains","Shah Alam 88 Speedmart","Shah Alam","Selangor"
3710,"C3710","Mardhiah binti Zainal","Y","Normal Member","2026-06-15",15,"2026-06-18",12,3,147.38,0,147.38,147.38,49.13,5,2,2,"Potential Loyal","Low Risk","Dairy Products","Melaka 88 Speedmart","Melaka","Melaka"
3711,"C3711","Farhan bin Razak","Y","Non-Member",,,"2026-03-05",117,1,73.08,0,73.08,73.08,73.08,2,1,1,"Hibernating","Medium Risk","Alcoholic Beverages","Klang 88 Speedmart","Klang","Selangor"
3712,"C3712","Sabrina binti Azman","N","VIP Member","2026-06-12",18,,,0,0,0,0,0,,0,0,0,"Prospect","Prospect",,,,
3713,"C3713","Nasir bin Ishak","N","Normal Member","2026-03-12",110,"2026-02-15",135,1,15.8,0,15.8,15.8,15.8,2,1,1,"Hibernating","Medium Risk","Baby Products","Klang 88 Speedmart","Klang","Selangor"
3714,"C3714","Harish a/l Rao","N","VIP Member","2026-05-05",56,"2026-06-08",22,1,43.45,0,43.45,43.45,43.45,5,1,1,"New Customers","Low Risk","Canned and Packaged Food","Kota Kinabalu 88 Speedmart","Kota Kinabalu","Sabah"
3715,"C3715","Dev a/l Balakrishnan","Y","Non-Member",,,"2026-06-03",27,3,93.33,0,93.33,93.33,31.11,5,2,2,"Potential Loyal","Low Risk","Imported Goods","Ipoh 88 Speedmart","Ipoh","Perak"
3716,"C3716","Zara binti Zainal","N","Non-Member",,,,,0,0,0,0,0,,0,0,0,"Prospect","Prospect",,,,
3717,"C3717","Mardhiah binti Ismail","N","Non-Member",,,,,0,0,0,0,0,,0,0,0,"Prospect","Prospect",,,,
3718,"C3718","Qistina binti Razak","N","Normal Member","2026-02-09",141,,,0,0,0,0,0,,0,0,0,"Prospect","Prospect",,,,
3719,"C3719","Liyana binti Omar","N","Normal Member","2026-04-08",83,,,0,0,0,0,0,,0,0,0,"Prospect","Prospect",,,,
3720,"C3720","Maisarah binti Yusof","N","Normal Member","2026-02-05",145,,,0,0,0,0,0,,0,0,0,"Prospect","Prospect",,,,
3721,"C3721","Aqilah binti Omar","N","Normal Member","2026-02-05",145,,,0,0,0,0,0,,0,0,0,"Prospect","Prospect",,,,
3722,"C3722","Wong Siew Hong","Y","Normal Member","2026-02-27",123,"2026-06-27",3,2,86.99,0,86.99,86.99,43.5,5,1,1,"New Customers","Low Risk","Baby Products","Kota Kinabalu 88 Speedmart","Kota Kinabalu","Sabah"
3723,"C3723","Aisyah binti Kamal","N","Normal Member","2026-06-02",28,,,0,0,0,0,0,,0,0,0,"Prospect","Prospect",,,,
3724,"C3724","Ishaan bin Razak","N","Normal Member","2026-03-10",112,,,0,0,0,0,0,,0,0,0,"Prospect","Prospect",,,,
3725,"C3725","Teoh Kar Yee","Y","Normal Member","2026-03-03",119,"2026-04-21",70,3,46.54,0,46.54,46.54,15.51,3,2,1,"Need Attention","Low Risk","Dairy Products","Kota Kinabalu 88 Speedmart","Kota Kinabalu","Sabah"
3726,"C3726","Hafiz bin Nasir","Y","Normal Member","2026-05-12",49,"2026-06-09",21,4,140.78,1.68,139.1,139.1,34.78,5,2,2,"Potential Loyal","Low Risk","Baby Products","Seremban 88 Speedmart","Seremban","Negeri Sembilan"
3727,"C3727","Amir bin Fauzi","Y","Non-Member",,,,,0,0,0,0,0,,0,0,0,"Prospect","Prospect",,,,
3728,"C3728","Maisarah binti Kamal","N","Normal Member","2026-02-25",125,,,0,0,0,0,0,,0,0,0,"Prospect","Prospect",,,,
3729,"C3729","Ahmad bin Hamid","N","Normal Member","2026-05-14",47,"2026-03-19",103,1,69.64,0,69.64,69.64,69.64,2,1,1,"Hibernating","Medium Risk","Stationery and Daily Needs","Cheras 88 Speedmart","Cheras","Kuala Lumpur"
3730,"C3730","Ahmad bin Omar","N","Non-Member",,,,,0,0,0,0,0,,0,0,0,"Prospect","Prospect",,,,
3731,"C3731","Luqman bin Hassan","Y","Non-Member",,,,,0,0,0,0,0,,0,0,0,"Prospect","Prospect",,,,
3732,"C3732","Hakim bin Abdullah","Y","Normal Member","2026-02-08",142,"2026-05-01",60,3,26.82,0,26.82,26.82,8.94,4,2,1,"New Customers","Low Risk","Dairy Products","Klang 88 Speedmart","Klang","Selangor"
3733,"C3733","Irfan bin Kamal","N","Normal Member","2026-03-02",120,"2026-05-02",59,1,69.72,0,69.72,69.72,69.72,4,1,1,"New Customers","Low Risk","Premium Items","Kota Kinabalu 88 Speedmart","Kota Kinabalu","Sabah"
3734,"C3734","Nasir bin Ishak","N","Normal Member","2026-06-26",4,,,0,0,0,0,0,,0,0,0,"Prospect","Prospect",,,,
3735,"C3735","Irfan bin Zainal","N","Normal Member","2026-03-14",108,"2026-03-16",106,2,129.85,0,129.85,129.85,64.93,2,1,2,"Hibernating","Medium Risk","Organic Foods","Klang 88 Speedmart","Klang","Selangor"
3736,"C3736","Chia Mei Qi","N","Normal Member","2026-04-30",61,,,0,0,0,0,0,,0,0,0,"Prospect","Prospect",,,,
3737,"C3737","Imran bin Ismail","N","Normal Member","2026-03-01",121,"2026-06-17",13,2,25.16,0,25.16,25.16,12.58,5,1,1,"New Customers","Low Risk","Alcoholic Beverages","Petaling Jaya 88 Speedmart","Petaling Jaya","Selangor"
3738,"C3738","Siti binti Daud","N","Normal Member","2026-03-14",108,,,0,0,0,0,0,,0,0,0,"Prospect","Prospect",,,,
3739,"C3739","Arif bin Ishak","N","Non-Member",,,,,0,0,0,0,0,,0,0,0,"Prospect","Prospect",,,,
3740,"C3740","Nabil bin Ishak","Y","Normal Member","2026-03-17",105,"2026-06-11",19,3,37.63,0,37.63,37.63,12.54,5,2,1,"New Customers","Low Risk","Dairy Products","Shah Alam 88 Speedmart","Shah Alam","Selangor"
3741,"C3741","Aqilah binti Yusof","Y","Normal Member","2026-05-06",55,"2026-06-25",5,3,83.81,0,83.81,83.81,27.94,5,2,1,"New Customers","Low Risk","Rice and Grains","Ampang 88 Speedmart","Ampang","Selangor"
3742,"C3742","Zara binti Zainal","Y","Normal Member","2026-06-01",29,"2026-05-28",33,2,21.16,0,21.16,21.16,10.58,4,1,1,"New Customers","Low Risk","Snacks and Confectionery","Melaka 88 Speedmart","Melaka","Melaka"
3743,"C3743","Low Yi Chen","Y","Normal Member","2026-04-29",62,"2026-06-14",16,2,73.51,0,73.51,73.51,36.76,5,1,1,"New Customers","Low Risk","Household Cleaning","Melaka 88 Speedmart","Melaka","Melaka"
3744,"C3744","Maisarah binti Ahmad","Y","Non-Member",,,"2026-04-08",83,1,15.82,0,15.82,15.82,15.82,3,1,1,"Need Attention","Low Risk","Canned and Packaged Food","Klang 88 Speedmart","Klang","Selangor"
3745,"C3745","Koh Siew Hong","Y","VIP Member","2026-03-15",107,"2026-04-18",73,1,27.55,0,27.55,27.55,27.55,3,1,1,"Need Attention","Low Risk","Alcoholic Beverages","Kota Kinabalu 88 Speedmart","Kota Kinabalu","Sabah"
3746,"C3746","Zara binti Kamal","N","Non-Member",,,,,0,0,0,0,0,,0,0,0,"Prospect","Prospect",,,,
3747,"C3747","Farhan bin Nasir","N","Normal Member","2026-05-17",44,"2026-06-15",15,3,76.11,1.29,74.82,74.82,24.94,5,2,1,"New Customers","Low Risk","Cooking Essentials","George Town 88 Speedmart","George Town","Penang"
3748,"C3748","Jannah binti Omar","N","Normal Member","2026-03-23",99,,,0,0,0,0,0,,0,0,0,"Prospect","Prospect",,,,
3749,"C3749","Yeoh Shu Fen","Y","Non-Member",,,"2026-05-24",37,2,56.29,0,56.29,56.29,28.15,4,1,1,"New Customers","Low Risk","Dairy Products","Klang 88 Speedmart","Klang","Selangor"
3750,"C3750","Chan Jia Wei","N","Normal Member","2026-06-18",12,,,0,0,0,0,0,,0,0,0,"Prospect","Prospect",,,,
3751,"C3751","Alvin a/l Nair","Y","Normal Member","2026-06-30",0,"2026-06-01",29,3,115.16,0,115.16,115.16,38.39,5,2,2,"Potential Loyal","Low Risk","Rice and Grains","Cheras 88 Speedmart","Cheras","Kuala Lumpur"
3752,"C3752","Irfan bin Daud","N","Normal Member","2026-06-29",1,,,0,0,0,0,0,,0,0,0,"Prospect","Prospect",,,,
3753,"C3753","Chong Pei Shan","N","Normal Member","2026-06-11",19,"2026-06-14",16,1,32.59,0,32.59,32.59,32.59,5,1,1,"New Customers","Low Risk","Beverages","Kota Kinabalu 88 Speedmart","Kota Kinabalu","Sabah"
3754,"C3754","Liyana binti Razak","N","Normal Member","2026-06-30",0,,,0,0,0,0,0,,0,0,0,"Prospect","Prospect",,,,
3755,"C3755","Ng Yoke Leng","N","Normal Member","2026-04-01",90,,,0,0,0,0,0,,0,0,0,"Prospect","Prospect",,,,
3756,"C3756","Wong Ching Yee","N","Normal Member","2026-05-01",60,,,0,0,0,0,0,,0,0,0,"Prospect","Prospect",,,,
3757,"C3757","Irfan bin Yusof","Y","VIP Member","2026-06-19",11,"2026-06-07",23,1,32.66,0,32.66,32.66,32.66,5,1,1,"New Customers","Low Risk","Cooking Essentials","Ampang 88 Speedmart","Ampang","Selangor"
3758,"C3758","Teoh Shi Hao","N","Non-Member",,,"2026-05-06",55,2,28.07,0,28.07,28.07,14.04,4,1,1,"New Customers","Low Risk","Snacks and Confectionery","Ipoh 88 Speedmart","Ipoh","Perak"
3759,"C3759","Amir bin Salleh","N","Non-Member",,,,,0,0,0,0,0,,0,0,0,"Prospect","Prospect",,,,
3760,"C3760","Farhan bin Ishak","N","Normal Member","2026-06-11",19,,,0,0,0,0,0,,0,0,0,"Prospect","Prospect",,,,
3761,"C3761","Zahir bin Abdullah","N","Normal Member","2026-02-25",125,,,0,0,0,0,0,,0,0,0,"Prospect","Prospect",,,,
3762,"C3762","Rafiq bin Ismail","N","Normal Member","2026-06-13",17,,,0,0,0,0,0,,0,0,0,"Prospect","Prospect",,,,
3763,"C3763","Siti binti Basri","N","Normal Member","2026-04-30",61,,,0,0,0,0,0,,0,0,0,"Prospect","Prospect",,,,
3764,"C3764","Nasir bin Ishak","N","VIP Member","2026-03-13",109,,,0,0,0,0,0,,0,0,0,"Prospect","Prospect",,,,
3765,"C3765","Adilah binti Jamal","N","Normal Member","2026-03-01",121,,,0,0,0,0,0,,0,0,0,"Prospect","Prospect",,,,
3766,"C3766","Chin Shi Hao","N","Non-Member",,,,,0,0,0,0,0,,0,0,0,"Prospect","Prospect",,,,
3767,"C3767","Chin Jun Hao","Y","Non-Member",,,,,0,0,0,0,0,,0,0,0,"Prospect","Prospect",,,,
3768,"C3768","Teoh Boon Hui","N","Normal Member","2026-03-12",110,,,0,0,0,0,0,,0,0,0,"Prospect","Prospect",,,,
3769,"C3769","Tan Kai Jie","N","VIP Member","2026-06-25",5,,,0,0,0,0,0,,0,0,0,"Prospect","Prospect",,,,
3770,"C3770","Amir bin Kamal","Y","Non-Member",,,"2026-04-25",66,2,62.29,0,62.29,62.29,31.15,3,1,1,"Need Attention","Low Risk","Household Cleaning","Shah Alam 88 Speedmart","Shah Alam","Selangor"
3771,"C3771","Irfan bin Hassan","N","Normal Member","2026-04-15",76,,,0,0,0,0,0,,0,0,0,"Prospect","Prospect",,,,
3772,"C3772","Chin Siew Chin","N","VIP Member","2026-03-10",112,,,0,0,0,0,0,,0,0,0,"Prospect","Prospect",,,,
3773,"C3773","Adilah binti Basri","N","Non-Member",,,,,0,0,0,0,0,,0,0,0,"Prospect","Prospect",,,,
3774,"C3774","Nasir bin Basri","N","Normal Member","2026-05-07",54,"2026-04-01",90,1,8.38,0,8.38,8.38,8.38,3,1,1,"Need Attention","Low Risk","Instant Food","Shah Alam 88 Speedmart","Shah Alam","Selangor"
3775,"C3775","Yeoh Wei Lun","N","VIP Member","2026-05-03",58,,,0,0,0,0,0,,0,0,0,"Prospect","Prospect",,,,
3776,"C3776","Nabil bin Hamid","N","Non-Member",,,,,0,0,0,0,0,,0,0,0,"Prospect","Prospect",,,,
3777,"C3777","Koh Poh Ling","Y","Non-Member",,,"2026-05-27",34,3,213.96,0,213.96,213.96,71.32,4,2,3,"Potential Loyal","Low Risk","Organic Foods","Ampang 88 Speedmart","Ampang","Selangor"
3778,"C3778","Ahmad bin Salleh","N","Normal Member","2026-03-23",99,,,0,0,0,0,0,,0,0,0,"Prospect","Prospect",,,,
3779,"C3779","Hana binti Salleh","N","Normal Member","2026-04-03",88,"2026-06-17",13,2,82.06,0,82.06,82.06,41.03,5,1,1,"New Customers","Low Risk","Organic Foods","Petaling Jaya 88 Speedmart","Petaling Jaya","Selangor"
3780,"C3780","Faris bin Azman","N","Non-Member",,,,,0,0,0,0,0,,0,0,0,"Prospect","Prospect",,,,
3781,"C3781","Nabil bin Yusof","Y","Normal Member","2026-02-28",122,,,0,0,0,0,0,,0,0,0,"Prospect","Prospect",,,,
3782,"C3782","Intan binti Mahmud","Y","Normal Member","2026-05-09",52,"2026-05-26",35,1,103.91,0,103.91,103.91,103.91,4,1,2,"New Customers","Low Risk","Baby Products","Kota Kinabalu 88 Speedmart","Kota Kinabalu","Sabah"
3783,"C3783","Chow Pei Shan","N","Normal Member","2026-05-18",43,,,0,0,0,0,0,,0,0,0,"Prospect","Prospect",,,,
3784,"C3784","Kiran a/l Vijayan","Y","Normal Member","2026-05-05",56,"2026-05-08",53,2,41.98,0,41.98,41.98,20.99,4,1,1,"New Customers","Low Risk","Instant Food","Kota Kinabalu 88 Speedmart","Kota Kinabalu","Sabah"
3785,"C3785","Lee Jia En","N","Normal Member","2026-06-23",7,,,0,0,0,0,0,,0,0,0,"Prospect","Prospect",,,,
3786,"C3786","Koh Hui Min","Y","Normal Member","2026-03-03",119,"2026-06-05",25,2,14.81,0,14.81,14.81,7.41,5,1,1,"New Customers","Low Risk","Dairy Products","Melaka 88 Speedmart","Melaka","Melaka"
3787,"C3787","Chia Kai Xin","Y","Normal Member","2026-04-07",84,"2026-06-13",17,2,84.1,0,84.1,84.1,42.05,5,1,1,"New Customers","Low Risk","Alcoholic Beverages","Shah Alam 88 Speedmart","Shah Alam","Selangor"
3788,"C3788","Adilah binti Abdullah","Y","Normal Member","2026-06-04",26,,,0,0,0,0,0,,0,0,0,"Prospect","Prospect",,,,
3789,"C3789","Farah binti Omar","N","VIP Member","2026-04-02",89,"2026-06-19",11,2,85.98,0,85.98,85.98,42.99,5,1,1,"New Customers","Low Risk","Beverages","Ipoh 88 Speedmart","Ipoh","Perak"
3790,"C3790","Ishaan bin Ishak","N","VIP Member","2026-06-22",8,,,0,0,0,0,0,,0,0,0,"Prospect","Prospect",,,,
3791,"C3791","Farhan bin Ibrahim","N","VIP Member","2026-05-27",34,"2026-06-15",15,1,23.19,0,23.19,23.19,23.19,5,1,1,"New Customers","Low Risk","Baby Products","Cheras 88 Speedmart","Cheras","Kuala Lumpur"
3792,"C3792","Hakim bin Salleh","Y","VIP Member","2026-04-09",82,"2026-04-23",68,1,58.33,0,58.33,58.33,58.33,3,1,1,"Need Attention","Low Risk","Baby Products","Johor Bahru 88 Speedmart","Johor Bahru","Johor"
3793,"C3793","Ahmad bin Hassan","N","Normal Member","2026-03-09",113,"2026-05-18",43,1,96.98,0,96.98,96.98,96.98,4,1,2,"New Customers","Low Risk","Baby Products","Seremban 88 Speedmart","Seremban","Negeri Sembilan"
3794,"C3794","Ho Xin Yi","Y","Non-Member",,,"2026-06-14",16,4,67.69,0,67.69,67.69,16.92,5,2,1,"New Customers","Low Risk","Instant Food","Johor Bahru 88 Speedmart","Johor Bahru","Johor"
3795,"C3795","Ng Wan Ting","N","Normal Member","2026-06-19",11,,,0,0,0,0,0,,0,0,0,"Prospect","Prospect",,,,
3796,"C3796","Lee Chee Keong","N","Normal Member","2026-05-25",36,,,0,0,0,0,0,,0,0,0,"Prospect","Prospect",,,,
3797,"C3797","Natalie a/p Subramaniam","Y","Normal Member","2026-04-11",80,"2026-03-30",92,1,60.8,0,60.8,60.8,60.8,2,1,1,"Hibernating","Medium Risk","Organic Foods","Seremban 88 Speedmart","Seremban","Negeri Sembilan"
3798,"C3798","Amir bin Kamal","N","Normal Member","2026-06-10",20,"2026-03-06",116,1,42.76,0,42.76,42.76,42.76,2,1,1,"Hibernating","Medium Risk","Canned and Packaged Food","Shah Alam 88 Speedmart","Shah Alam","Selangor"
3799,"C3799","Fong Seng Huat","N","VIP Member","2026-03-18",104,"2026-03-21",101,1,19.21,0,19.21,19.21,19.21,2,1,1,"Hibernating","Medium Risk","Baby Products","Kota Kinabalu 88 Speedmart","Kota Kinabalu","Sabah"
3800,"C3800","Liyana binti Ismail","N","Normal Member","2026-06-15",15,,,0,0,0,0,0,,0,0,0,"Prospect","Prospect",,,,
3801,"C3801","Chan Zhi Hao","N","VIP Member","2026-05-08",53,"2026-04-29",62,1,64.78,0,64.78,64.78,64.78,3,1,1,"Need Attention","Low Risk","Organic Foods","Cheras 88 Speedmart","Cheras","Kuala Lumpur"
3802,"C3802","Ivan a/l Chandran","Y","Non-Member",,,"2026-06-06",24,3,45.45,0,45.45,45.45,15.15,5,2,1,"New Customers","Low Risk","Rice and Grains","George Town 88 Speedmart","George Town","Penang"
3803,"C3803","Goh Li Xuan","Y","Normal Member","2026-03-08",114,"2026-05-17",44,1,16.7,0,16.7,16.7,16.7,4,1,1,"New Customers","Low Risk","Personal Care","Ipoh 88 Speedmart","Ipoh","Perak"
3804,"C3804","Wong Jia Wei","N","VIP Member","2026-06-26",4,,,0,0,0,0,0,,0,0,0,"Prospect","Prospect",,,,
3805,"C3805","Saraswathy a/p Maniam","Y","VIP Member","2026-05-16",45,,,0,0,0,0,0,,0,0,0,"Prospect","Prospect",,,,
3806,"C3806","Jannah binti Ibrahim","N","Normal Member","2026-06-16",14,,,0,0,0,0,0,,0,0,0,"Prospect","Prospect",,,,
3807,"C3807","Farhan bin Razak","Y","Normal Member","2026-03-28",94,"2026-06-22",8,2,81.31,0,81.31,81.31,40.66,5,1,1,"New Customers","Low Risk","Imported Goods","Petaling Jaya 88 Speedmart","Petaling Jaya","Selangor"
3808,"C3808","Nasir bin Yusof","N","Normal Member","2026-05-14",47,,,0,0,0,0,0,,0,0,0,"Prospect","Prospect",,,,
3809,"C3809","Fatin binti Hamid","N","Non-Member",,,"2026-05-17",44,2,64.23,0,64.23,64.23,32.12,4,1,1,"New Customers","Low Risk","Alcoholic Beverages","Ampang 88 Speedmart","Ampang","Selangor"
3810,"C3810","Fong Yi Wen","N","Non-Member",,,,,0,0,0,0,0,,0,0,0,"Prospect","Prospect",,,,
3811,"C3811","Chin Cheng Wei","N","Normal Member","2026-05-28",33,"2026-06-03",27,1,12.33,0,12.33,12.33,12.33,5,1,1,"New Customers","Low Risk","Household Cleaning","Ipoh 88 Speedmart","Ipoh","Perak"
3812,"C3812","Chong Jun Hao","N","Normal Member","2026-04-04",87,,,0,0,0,0,0,,0,0,0,"Prospect","Prospect",,,,
3813,"C3813","Hakim bin Basri","N","Normal Member","2026-04-09",82,,,0,0,0,0,0,,0,0,0,"Prospect","Prospect",,,,
3814,"C3814","Chan Jun Hao","N","Normal Member","2026-05-06",55,,,0,0,0,0,0,,0,0,0,"Prospect","Prospect",,,,
3815,"C3815","Teoh Yoke Leng","N","VIP Member","2026-04-16",75,,,0,0,0,0,0,,0,0,0,"Prospect","Prospect",,,,
3816,"C3816","Sonia Janting","Y","VIP Member","2026-04-21",70,"2026-06-15",15,1,20.29,0,20.29,20.29,20.29,5,1,1,"New Customers","Low Risk","Personal Care","George Town 88 Speedmart","George Town","Penang"
3817,"C3817","Teoh Jia En","Y","Normal Member","2026-05-27",34,,,0,0,0,0,0,,0,0,0,"Prospect","Prospect",,,,
3818,"C3818","Faris bin Fauzi","N","VIP Member","2026-05-24",37,,,0,0,0,0,0,,0,0,0,"Prospect","Prospect",,,,
3819,"C3819","Grace a/p Chandran","N","Non-Member",,,,,0,0,0,0,0,,0,0,0,"Prospect","Prospect",,,,
3820,"C3820","Arif bin Kamal","Y","Normal Member","2026-04-09",82,"2026-06-08",22,1,41.02,0,41.02,41.02,41.02,5,1,1,"New Customers","Low Risk","Stationery and Daily Needs","Melaka 88 Speedmart","Melaka","Melaka"
3821,"C3821","Aqilah binti Ibrahim","Y","Non-Member",,,"2026-04-13",78,1,2.47,0,2.47,2.47,2.47,3,1,1,"Need Attention","Low Risk","Dairy Products","Ampang 88 Speedmart","Ampang","Selangor"
3822,"C3822","Hana binti Ahmad","N","Non-Member",,,,,0,0,0,0,0,,0,0,0,"Prospect","Prospect",,,,
3823,"C3823","Syafiq bin Daud","N","Normal Member","2026-06-19",11,,,0,0,0,0,0,,0,0,0,"Prospect","Prospect",,,,
3824,"C3824","Ng Shi Hao","N","Normal Member","2026-03-18",104,"2026-06-06",24,1,8.88,0,8.88,8.88,8.88,5,1,1,"New Customers","Low Risk","Cooking Essentials","Klang 88 Speedmart","Klang","Selangor"
3825,"C3825","Imran bin Razak","Y","Non-Member",,,"2026-06-30",0,3,156.79,0,156.79,156.79,52.26,5,2,2,"Potential Loyal","Low Risk","Snacks and Confectionery","Shah Alam 88 Speedmart","Shah Alam","Selangor"
3826,"C3826","Divya a/p Subramaniam","Y","Normal Member","2026-05-04",57,,,0,0,0,0,0,,0,0,0,"Prospect","Prospect",,,,
3827,"C3827","Imran bin Jamal","N","Normal Member","2026-06-23",7,,,0,0,0,0,0,,0,0,0,"Prospect","Prospect",,,,
3828,"C3828","Chan Chui Shan","Y","Normal Member","2026-04-02",89,"2026-05-19",42,1,8.77,0,8.77,8.77,8.77,4,1,1,"New Customers","Low Risk","Canned and Packaged Food","Ampang 88 Speedmart","Ampang","Selangor"
3829,"C3829","Darren a/l Krishnan","N","VIP Member","2026-03-27",95,"2026-04-16",75,1,59.03,0,59.03,59.03,59.03,3,1,1,"Need Attention","Low Risk","Imported Goods","Ampang 88 Speedmart","Ampang","Selangor"
3830,"C3830","Chin Jun Hao","N","Normal Member","2026-05-10",51,"2026-06-28",2,1,25.12,0,25.12,25.12,25.12,5,1,1,"New Customers","Low Risk","Dairy Products","Seremban 88 Speedmart","Seremban","Negeri Sembilan"
3831,"C3831","Aqilah binti Azman","N","Normal Member","2026-06-02",28,"2026-05-31",30,2,139.67,0,139.67,139.67,69.84,5,1,2,"New Customers","Low Risk","Alcoholic Beverages","Klang 88 Speedmart","Klang","Selangor"
3832,"C3832","Sabrina binti Hassan","N","VIP Member","2026-04-22",69,,,0,0,0,0,0,,0,0,0,"Prospect","Prospect",,,,
3833,"C3833","Aditi a/p Kaur","N","Non-Member",,,,,0,0,0,0,0,,0,0,0,"Prospect","Prospect",,,,
3834,"C3834","Arif bin Yusof","N","Normal Member","2026-04-22",69,,,0,0,0,0,0,,0,0,0,"Prospect","Prospect",,,,
3835,"C3835","Aditi a/p Nair","N","Normal Member","2026-06-17",13,,,0,0,0,0,0,,0,0,0,"Prospect","Prospect",,,,
3836,"C3836","Siti binti Jamal","N","Non-Member",,,,,0,0,0,0,0,,0,0,0,"Prospect","Prospect",,,,
3837,"C3837","Chan Ai Ling","N","Non-Member",,,,,0,0,0,0,0,,0,0,0,"Prospect","Prospect",,,,
3838,"C3838","Arif bin Daud","N","Normal Member","2026-04-02",89,,,0,0,0,0,0,,0,0,0,"Prospect","Prospect",,,,
3839,"C3839","Nasir bin Hassan","N","Normal Member","2026-04-01",90,,,0,0,0,0,0,,0,0,0,"Prospect","Prospect",,,,
3840,"C3840","Teoh Zhi Qing","N","Non-Member",,,,,0,0,0,0,0,,0,0,0,"Prospect","Prospect",,,,
3841,"C3841","Nasir bin Nasir","N","Normal Member","2026-06-27",3,,,0,0,0,0,0,,0,0,0,"Prospect","Prospect",,,,
3842,"C3842","Khadijah binti Zainal","N","Normal Member","2026-05-08",53,,,0,0,0,0,0,,0,0,0,"Prospect","Prospect",,,,
3843,"C3843","Low Hui Min","N","Non-Member",,,,,0,0,0,0,0,,0,0,0,"Prospect","Prospect",,,,
3844,"C3844","Ng Siew Chin","N","Normal Member","2026-04-29",62,,,0,0,0,0,0,,0,0,0,"Prospect","Prospect",,,,
3845,"C3845","Faris bin Ahmad","Y","Normal Member","2026-04-19",72,"2026-05-22",39,1,52.18,0,52.18,52.18,52.18,4,1,1,"New Customers","Low Risk","Imported Goods","Melaka 88 Speedmart","Melaka","Melaka"
3846,"C3846","Zara binti Yusof","N","Normal Member","2026-06-07",23,,,0,0,0,0,0,,0,0,0,"Prospect","Prospect",,,,
3847,"C3847","Ong Zi Xuan","N","Normal Member","2026-04-28",63,"2026-04-17",74,1,49.91,0,49.91,49.91,49.91,3,1,1,"Need Attention","Low Risk","Alcoholic Beverages","George Town 88 Speedmart","George Town","Penang"
3848,"C3848","Vikram a/l Rao","N","Non-Member",,,,,0,0,0,0,0,,0,0,0,"Prospect","Prospect",,,,
3849,"C3849","Natalie Nanta","N","Normal Member","2026-05-10",51,,,0,0,0,0,0,,0,0,0,"Prospect","Prospect",,,,
3850,"C3850","Grace a/p Suresh","N","Non-Member",,,,,0,0,0,0,0,,0,0,0,"Prospect","Prospect",,,,
3851,"C3851","Kevin Kedit","Y","Non-Member",,,"2026-06-11",19,1,2.28,0,2.28,2.28,2.28,5,1,1,"New Customers","Low Risk","Baby Products","Klang 88 Speedmart","Klang","Selangor"
3852,"C3852","Ishaan bin Kamal","N","Normal Member","2026-05-01",60,,,0,0,0,0,0,,0,0,0,"Prospect","Prospect",,,,
3853,"C3853","Priya a/p Letchumy","Y","VIP Member","2026-06-13",17,,,0,0,0,0,0,,0,0,0,"Prospect","Prospect",,,,
3854,"C3854","Nabilah binti Hassan","Y","Non-Member",,,"2026-06-10",20,2,74.25,0,74.25,74.25,37.13,5,1,1,"New Customers","Low Risk","Baby Products","Melaka 88 Speedmart","Melaka","Melaka"
3855,"C3855","Ng Poh Ling","N","Normal Member","2026-06-27",3,,,0,0,0,0,0,,0,0,0,"Prospect","Prospect",,,,
3856,"C3856","Saraswathy a/p Muthu","N","VIP Member","2026-05-30",31,,,0,0,0,0,0,,0,0,0,"Prospect","Prospect",,,,
3857,"C3857","Yeoh Wan Ting","N","Normal Member","2026-06-06",24,,,0,0,0,0,0,,0,0,0,"Prospect","Prospect",,,,
3858,"C3858","Farah binti Hassan","Y","Non-Member",,,"2026-05-26",35,1,13.34,0,13.34,13.34,13.34,4,1,1,"New Customers","Low Risk","Personal Care","Klang 88 Speedmart","Klang","Selangor"
3859,"C3859","Chew Shi Hao","Y","VIP Member","2026-06-27",3,,,0,0,0,0,0,,0,0,0,"Prospect","Prospect",,,,
3860,"C3860","Hana binti Hassan","N","Normal Member","2026-05-02",59,,,0,0,0,0,0,,0,0,0,"Prospect","Prospect",,,,
3861,"C3861","Dev a/l Krishnan","N","Normal Member","2026-06-26",4,,,0,0,0,0,0,,0,0,0,"Prospect","Prospect",,,,
3862,"C3862","Chow Hong Sheng","N","Normal Member","2026-04-10",81,,,0,0,0,0,0,,0,0,0,"Prospect","Prospect",,,,
3863,"C3863","Rafiq bin Basri","Y","Non-Member",,,"2026-05-18",43,2,89.41,1.64,87.77,87.77,43.89,4,1,2,"New Customers","Low Risk","Organic Foods","Seremban 88 Speedmart","Seremban","Negeri Sembilan"
3864,"C3864","Teoh Poh Ling","Y","Normal Member","2026-04-20",71,"2026-05-30",31,1,178.92,0,178.92,178.92,178.92,4,1,2,"New Customers","Low Risk","Premium Items","Klang 88 Speedmart","Klang","Selangor"
3865,"C3865","Ivan Giman","N","Non-Member",,,,,0,0,0,0,0,,0,0,0,"Prospect","Prospect",,,,
3866,"C3866","Nurul binti Ismail","N","Normal Member","2026-04-18",73,,,0,0,0,0,0,,0,0,0,"Prospect","Prospect",,,,
3867,"C3867","Loh Chun Wai","N","Non-Member",,,,,0,0,0,0,0,,0,0,0,"Prospect","Prospect",,,,
3868,"C3868","Deepa a/p Nair","Y","VIP Member","2026-06-30",0,,,0,0,0,0,0,,0,0,0,"Prospect","Prospect",,,,
3869,"C3869","Amir bin Ibrahim","N","Non-Member",,,"2026-06-28",2,1,22.71,0,22.71,22.71,22.71,5,1,1,"New Customers","Low Risk","Dairy Products","Klang 88 Speedmart","Klang","Selangor"
3870,"C3870","Aditi a/p Muthu","N","Non-Member",,,,,0,0,0,0,0,,0,0,0,"Prospect","Prospect",,,,
3871,"C3871","Danish bin Ibrahim","N","Normal Member","2026-05-06",55,,,0,0,0,0,0,,0,0,0,"Prospect","Prospect",,,,
3872,"C3872","Nasir bin Mahmud","N","Non-Member",,,"2026-06-21",9,1,20.68,0,20.68,20.68,20.68,5,1,1,"New Customers","Low Risk","Snacks and Confectionery","Ampang 88 Speedmart","Ampang","Selangor"
3873,"C3873","Aiman bin Hamid","Y","Normal Member","2026-04-23",68,,,0,0,0,0,0,,0,0,0,"Prospect","Prospect",,,,
3874,"C3874","Aqilah binti Mahmud","N","Normal Member","2026-06-27",3,,,0,0,0,0,0,,0,0,0,"Prospect","Prospect",,,,
3875,"C3875","Aqilah binti Basri","Y","Non-Member",,,,,0,0,0,0,0,,0,0,0,"Prospect","Prospect",,,,
3876,"C3876","Goh Wei Lun","Y","Normal Member","2026-05-27",34,,,0,0,0,0,0,,0,0,0,"Prospect","Prospect",,,,
3877,"C3877","Darren Rantai","N","Normal Member","2026-04-24",67,"2026-06-30",0,1,43.77,0,43.77,43.77,43.77,5,1,1,"New Customers","Low Risk","Baby Products","Johor Bahru 88 Speedmart","Johor Bahru","Johor"
3878,"C3878","Chong Zhi Qing","Y","Normal Member","2026-05-20",41,,,0,0,0,0,0,,0,0,0,"Prospect","Prospect",,,,
3879,"C3879","Nurul binti Abdullah","N","Normal Member","2026-05-20",41,,,0,0,0,0,0,,0,0,0,"Prospect","Prospect",,,,
3880,"C3880","Naveen a/l Nair","Y","Normal Member","2026-05-04",57,"2026-06-02",28,1,.2,0,.2,.2,.2,5,1,1,"New Customers","Low Risk","Cooking Essentials","Petaling Jaya 88 Speedmart","Petaling Jaya","Selangor"
3881,"C3881","Goh Siew Hong","N","Normal Member","2026-06-18",12,,,0,0,0,0,0,,0,0,0,"Prospect","Prospect",,,,
3882,"C3882","Felix Jalong","Y","VIP Member","2026-05-04",57,,,0,0,0,0,0,,0,0,0,"Prospect","Prospect",,,,
3883,"C3883","Ahmad bin Hassan","N","Non-Member",,,"2026-05-28",33,1,44.27,0,44.27,44.27,44.27,4,1,1,"New Customers","Low Risk","Imported Goods","Kota Kinabalu 88 Speedmart","Kota Kinabalu","Sabah"
3884,"C3884","Koh Chee Keong","Y","Normal Member","2026-05-17",44,"2026-05-20",41,1,41.91,0,41.91,41.91,41.91,4,1,1,"New Customers","Low Risk","Alcoholic Beverages","Petaling Jaya 88 Speedmart","Petaling Jaya","Selangor"
3885,"C3885","Nasir bin Zainal","N","Normal Member","2026-05-05",56,,,0,0,0,0,0,,0,0,0,"Prospect","Prospect",,,,
3886,"C3886","Chan Siew Chin","N","Non-Member",,,,,0,0,0,0,0,,0,0,0,"Prospect","Prospect",,,,
3887,"C3887","Khalid bin Ahmad","N","Normal Member","2026-05-16",45,,,0,0,0,0,0,,0,0,0,"Prospect","Prospect",,,,
3888,"C3888","Teoh Shu Fen","N","Normal Member","2026-05-02",59,,,0,0,0,0,0,,0,0,0,"Prospect","Prospect",,,,
3889,"C3889","Saraswathy a/p Saraswathy","Y","Normal Member","2026-05-06",55,,,0,0,0,0,0,,0,0,0,"Prospect","Prospect",,,,
3890,"C3890","Teoh Jun Hao","N","Normal Member","2026-05-24",37,"2026-06-09",21,1,12.3,0,12.3,12.3,12.3,5,1,1,"New Customers","Low Risk","Frozen Food","Kota Kinabalu 88 Speedmart","Kota Kinabalu","Sabah"
3891,"C3891","Loh Hui Min","Y","Non-Member",,,"2026-06-30",0,1,79.02,0,79.02,79.02,79.02,5,1,1,"New Customers","Low Risk","Baby Products","Klang 88 Speedmart","Klang","Selangor"
3892,"C3892","Arjun a/l Balakrishnan","Y","Normal Member","2026-05-03",58,,,0,0,0,0,0,,0,0,0,"Prospect","Prospect",,,,
3893,"C3893","Teoh Pei Shan","Y","Normal Member","2026-06-01",29,,,0,0,0,0,0,,0,0,0,"Prospect","Prospect",,,,
3894,"C3894","Khadijah binti Fauzi","N","Normal Member","2026-05-01",60,,,0,0,0,0,0,,0,0,0,"Prospect","Prospect",,,,
3895,"C3895","Imran bin Ibrahim","N","Normal Member","2026-06-18",12,,,0,0,0,0,0,,0,0,0,"Prospect","Prospect",,,,
3896,"C3896","Low Mei Qi","N","Non-Member",,,,,0,0,0,0,0,,0,0,0,"Prospect","Prospect",,,,
3897,"C3897","Nasir bin Fauzi","Y","Normal Member","2026-06-18",12,"2026-06-25",5,3,268.45,0,268.45,268.45,89.48,5,2,3,"Potential Loyal","Low Risk","Alcoholic Beverages","Ipoh 88 Speedmart","Ipoh","Perak"
3898,"C3898","Khadijah binti Nasir","Y","VIP Member","2026-06-03",27,,,0,0,0,0,0,,0,0,0,"Prospect","Prospect",,,,
3899,"C3899","Khadijah binti Ishak","Y","VIP Member","2026-05-23",38,"2026-06-21",9,3,60.16,0,60.16,60.16,20.05,5,2,1,"New Customers","Low Risk","Organic Foods","Ipoh 88 Speedmart","Ipoh","Perak"
3900,"C3900","Marcus Bansa","N","Non-Member",,,,,0,0,0,0,0,,0,0,0,"Prospect","Prospect",,,,
3901,"C3901","Marcus a/l Nair","N","Normal Member","2026-05-10",51,"2026-05-19",42,1,11.32,0,11.32,11.32,11.32,4,1,1,"New Customers","Low Risk","Frozen Food","Melaka 88 Speedmart","Melaka","Melaka"
3902,"C3902","Tan Zhi Qing","N","VIP Member","2026-06-13",17,,,0,0,0,0,0,,0,0,0,"Prospect","Prospect",,,,
3903,"C3903","Syafiq bin Razak","N","Normal Member","2026-06-08",22,,,0,0,0,0,0,,0,0,0,"Prospect","Prospect",,,,
3904,"C3904","Rafiq bin Ahmad","N","Normal Member","2026-05-11",50,,,0,0,0,0,0,,0,0,0,"Prospect","Prospect",,,,
3905,"C3905","Zara binti Jamal","N","VIP Member","2026-06-26",4,,,0,0,0,0,0,,0,0,0,"Prospect","Prospect",,,,
3906,"C3906","Irfan bin Ibrahim","N","Normal Member","2026-05-23",38,,,0,0,0,0,0,,0,0,0,"Prospect","Prospect",,,,
3907,"C3907","Ravi a/l Maniam","N","Non-Member",,,,,0,0,0,0,0,,0,0,0,"Prospect","Prospect",,,,
3908,"C3908","Vikram a/l Anand","Y","Normal Member","2026-06-21",9,,,0,0,0,0,0,,0,0,0,"Prospect","Prospect",,,,
3909,"C3909","Victor Sagang","N","Normal Member","2026-05-12",49,,,0,0,0,0,0,,0,0,0,"Prospect","Prospect",,,,
3910,"C3910","Zara binti Basri","Y","Normal Member","2026-06-08",22,,,0,0,0,0,0,,0,0,0,"Prospect","Prospect",,,,
3911,"C3911","Chew Kai Jie","N","Normal Member","2026-05-11",50,,,0,0,0,0,0,,0,0,0,"Prospect","Prospect",,,,
3912,"C3912","Sonia Janting","N","Normal Member","2026-05-25",36,,,0,0,0,0,0,,0,0,0,"Prospect","Prospect",,,,
3913,"C3913","Priya a/p Gopal","N","Non-Member",,,,,0,0,0,0,0,,0,0,0,"Prospect","Prospect",,,,
3914,"C3914","Hana binti Yusof","Y","Normal Member","2026-06-08",22,,,0,0,0,0,0,,0,0,0,"Prospect","Prospect",,,,
3915,"C3915","Ng Wai Keong","N","Normal Member","2026-05-28",33,,,0,0,0,0,0,,0,0,0,"Prospect","Prospect",,,,
3916,"C3916","Hafiz bin Ibrahim","Y","Non-Member",,,"2026-06-02",28,1,79.07,0,79.07,79.07,79.07,5,1,1,"New Customers","Low Risk","Rice and Grains","Petaling Jaya 88 Speedmart","Petaling Jaya","Selangor"
3917,"C3917","Liyana binti Fauzi","Y","VIP Member","2026-06-07",23,,,0,0,0,0,0,,0,0,0,"Prospect","Prospect",,,,
3918,"C3918","Ng Hong Sheng","Y","Normal Member","2026-05-22",39,,,0,0,0,0,0,,0,0,0,"Prospect","Prospect",,,,
3919,"C3919","Aqilah binti Kamal","N","Non-Member",,,,,0,0,0,0,0,,0,0,0,"Prospect","Prospect",,,,
3920,"C3920","Aisyah binti Mahmud","N","Normal Member","2026-06-07",23,,,0,0,0,0,0,,0,0,0,"Prospect","Prospect",,,,
3921,"C3921","Intan binti Jamal","Y","Normal Member","2026-06-09",21,,,0,0,0,0,0,,0,0,0,"Prospect","Prospect",,,,
3922,"C3922","Syahirah binti Daud","N","Normal Member","2026-05-23",38,"2026-06-07",23,1,78.8,0,78.8,78.8,78.8,5,1,1,"New Customers","Low Risk","Dairy Products","Kota Kinabalu 88 Speedmart","Kota Kinabalu","Sabah"
3923,"C3923","Ivan Giman","N","Non-Member",,,,,0,0,0,0,0,,0,0,0,"Prospect","Prospect",,,,
3924,"C3924","Intan binti Yusof","Y","Non-Member",,,,,0,0,0,0,0,,0,0,0,"Prospect","Prospect",,,,
3925,"C3925","Lakshmi a/p Saraswathy","Y","Normal Member","2026-06-06",24,"2026-06-11",19,1,18.63,0,18.63,18.63,18.63,5,1,1,"New Customers","Low Risk","Frozen Food","Ampang 88 Speedmart","Ampang","Selangor"
3926,"C3926","Ahmad bin Basri","N","Normal Member","2026-06-13",17,,,0,0,0,0,0,,0,0,0,"Prospect","Prospect",,,,
3927,"C3927","Ravi a/l Balakrishnan","N","Normal Member","2026-05-25",36,,,0,0,0,0,0,,0,0,0,"Prospect","Prospect",,,,
3928,"C3928","Loh Boon Hui","Y","VIP Member","2026-05-21",40,"2026-06-13",17,1,29.04,0,29.04,29.04,29.04,5,1,1,"New Customers","Low Risk","Snacks and Confectionery","Johor Bahru 88 Speedmart","Johor Bahru","Johor"
3929,"C3929","Grace a/p Nair","N","Normal Member","2026-06-03",27,"2026-06-02",28,2,34.62,0,34.62,34.62,17.31,5,1,1,"New Customers","Low Risk","Instant Food","Petaling Jaya 88 Speedmart","Petaling Jaya","Selangor"
3930,"C3930","Tan Yi Wen","N","Normal Member","2026-06-24",6,,,0,0,0,0,0,,0,0,0,"Prospect","Prospect",,,,
3931,"C3931","Chong Mei Qi","N","Non-Member",,,,,0,0,0,0,0,,0,0,0,"Prospect","Prospect",,,,
3932,"C3932","Chin Zhi Hao","N","Normal Member","2026-05-27",34,,,0,0,0,0,0,,0,0,0,"Prospect","Prospect",,,,
3933,"C3933","Khadijah binti Zainal","N","Normal Member","2026-06-29",1,,,0,0,0,0,0,,0,0,0,"Prospect","Prospect",,,,
3934,"C3934","Ho Zhi Hao","N","VIP Member","2026-06-23",7,,,0,0,0,0,0,,0,0,0,"Prospect","Prospect",,,,
3935,"C3935","Intan binti Basri","N","Non-Member",,,"2026-06-21",9,1,11.88,0,11.88,11.88,11.88,5,1,1,"New Customers","Low Risk","Household Cleaning","Petaling Jaya 88 Speedmart","Petaling Jaya","Selangor"
3936,"C3936","Hafiz bin Hamid","N","Normal Member","2026-05-29",32,,,0,0,0,0,0,,0,0,0,"Prospect","Prospect",,,,
3937,"C3937","Sonia a/p Devi","N","Non-Member",,,,,0,0,0,0,0,,0,0,0,"Prospect","Prospect",,,,
3938,"C3938","Akmal bin Hamid","N","Normal Member","2026-06-05",25,,,0,0,0,0,0,,0,0,0,"Prospect","Prospect",,,,
3939,"C3939","Chow Jia Wei","Y","Non-Member",,,,,0,0,0,0,0,,0,0,0,"Prospect","Prospect",,,,
3940,"C3940","Luqman bin Ishak","N","VIP Member","2026-06-27",3,,,0,0,0,0,0,,0,0,0,"Prospect","Prospect",,,,
3941,"C3941","Chew Wai Keong","N","Non-Member",,,,,0,0,0,0,0,,0,0,0,"Prospect","Prospect",,,,
3942,"C3942","Maisarah binti Jamal","N","Normal Member","2026-06-16",14,"2026-06-15",15,1,110.73,0,110.73,110.73,110.73,5,1,2,"New Customers","Low Risk","Premium Items","Cheras 88 Speedmart","Cheras","Kuala Lumpur"
3943,"C3943","Lim Shi Hao","N","Non-Member",,,,,0,0,0,0,0,,0,0,0,"Prospect","Prospect",,,,
3944,"C3944","Loh Cheng Wei","N","Non-Member",,,,,0,0,0,0,0,,0,0,0,"Prospect","Prospect",,,,
3945,"C3945","Hana binti Mahmud","N","Non-Member",,,,,0,0,0,0,0,,0,0,0,"Prospect","Prospect",,,,
3946,"C3946","Clarissa Tinggi","N","VIP Member","2026-06-12",18,"2026-06-05",25,1,79.71,0,79.71,79.71,79.71,5,1,1,"New Customers","Low Risk","Imported Goods","George Town 88 Speedmart","George Town","Penang"
3947,"C3947","Syafiq bin Ibrahim","N","Normal Member","2026-06-19",11,,,0,0,0,0,0,,0,0,0,"Prospect","Prospect",,,,
3948,"C3948","Chow Boon Hui","N","Normal Member","2026-06-12",18,"2026-05-30",31,1,19.23,0,19.23,19.23,19.23,4,1,1,"New Customers","Low Risk","Dairy Products","Melaka 88 Speedmart","Melaka","Melaka"
3949,"C3949","Devi a/p Raman","N","Normal Member","2026-06-14",16,,,0,0,0,0,0,,0,0,0,"Prospect","Prospect",,,,
3950,"C3950","Khadijah binti Nasir","N","Normal Member","2026-05-28",33,,,0,0,0,0,0,,0,0,0,"Prospect","Prospect",,,,
3951,"C3951","Ivan Giman","Y","Normal Member","2026-05-30",31,,,0,0,0,0,0,,0,0,0,"Prospect","Prospect",,,,
3952,"C3952","Ivan Giman","N","Normal Member","2026-06-22",8,,,0,0,0,0,0,,0,0,0,"Prospect","Prospect",,,,
3953,"C3953","Chow Zi Xuan","N","VIP Member","2026-06-11",19,,,0,0,0,0,0,,0,0,0,"Prospect","Prospect",,,,
3954,"C3954","Aisyah binti Zainal","Y","VIP Member","2026-06-22",8,,,0,0,0,0,0,,0,0,0,"Prospect","Prospect",,,,
3955,"C3955","Farah binti Basri","N","Normal Member","2026-06-17",13,,,0,0,0,0,0,,0,0,0,"Prospect","Prospect",,,,
3956,"C3956","Nabilah binti Salleh","N","Normal Member","2026-06-23",7,,,0,0,0,0,0,,0,0,0,"Prospect","Prospect",,,,
3957,"C3957","Farhan bin Jamal","N","Normal Member","2026-06-20",10,,,0,0,0,0,0,,0,0,0,"Prospect","Prospect",,,,
3958,"C3958","Chow Mei Qi","N","Normal Member","2026-06-23",7,,,0,0,0,0,0,,0,0,0,"Prospect","Prospect",,,,
3959,"C3959","Chan Seng Huat","N","Normal Member","2026-06-01",29,"2026-06-04",26,1,26.18,0,26.18,26.18,26.18,5,1,1,"New Customers","Low Risk","Stationery and Daily Needs","Johor Bahru 88 Speedmart","Johor Bahru","Johor"
3960,"C3960","Yeoh Jia En","N","Normal Member","2026-06-05",25,,,0,0,0,0,0,,0,0,0,"Prospect","Prospect",,,,
3961,"C3961","Qistina binti Ismail","N","Normal Member","2026-06-25",5,,,0,0,0,0,0,,0,0,0,"Prospect","Prospect",,,,
3962,"C3962","Nadia binti Ishak","N","Normal Member","2026-06-30",0,,,0,0,0,0,0,,0,0,0,"Prospect","Prospect",,,,
3963,"C3963","Aiman bin Fauzi","Y","Non-Member",,,,,0,0,0,0,0,,0,0,0,"Prospect","Prospect",,,,
3964,"C3964","Mardhiah binti Ismail","N","VIP Member","2026-06-12",18,,,0,0,0,0,0,,0,0,0,"Prospect","Prospect",,,,
3965,"C3965","Clarissa Tinggi","Y","VIP Member","2026-06-16",14,,,0,0,0,0,0,,0,0,0,"Prospect","Prospect",,,,
3966,"C3966","Farah binti Kamal","N","Normal Member","2026-06-11",19,,,0,0,0,0,0,,0,0,0,"Prospect","Prospect",,,,
3967,"C3967","Tan Zi Xuan","N","VIP Member","2026-06-23",7,,,0,0,0,0,0,,0,0,0,"Prospect","Prospect",,,,
3968,"C3968","Yeoh Kin Hoong","N","Normal Member","2026-06-15",15,,,0,0,0,0,0,,0,0,0,"Prospect","Prospect",,,,
3969,"C3969","Irfan bin Azman","N","Non-Member",,,,,0,0,0,0,0,,0,0,0,"Prospect","Prospect",,,,
3970,"C3970","Nabil bin Ishak","N","VIP Member","2026-06-21",9,,,0,0,0,0,0,,0,0,0,"Prospect","Prospect",,,,
3971,"C3971","Felix a/l Nair","Y","Normal Member","2026-06-08",22,,,0,0,0,0,0,,0,0,0,"Prospect","Prospect",,,,
3972,"C3972","Chew Wan Ting","N","Normal Member","2026-06-16",14,,,0,0,0,0,0,,0,0,0,"Prospect","Prospect",,,,
3973,"C3973","Nasir bin Kamal","N","Normal Member","2026-06-27",3,,,0,0,0,0,0,,0,0,0,"Prospect","Prospect",,,,
3974,"C3974","Chia Mei Qi","N","Normal Member","2026-06-18",12,,,0,0,0,0,0,,0,0,0,"Prospect","Prospect",,,,
3975,"C3975","Khadijah binti Basri","N","Normal Member","2026-06-15",15,,,0,0,0,0,0,,0,0,0,"Prospect","Prospect",,,,
3976,"C3976","Hafiz bin Zainal","N","Normal Member","2026-06-13",17,,,0,0,0,0,0,,0,0,0,"Prospect","Prospect",,,,
3977,"C3977","Nurul binti Fauzi","N","Non-Member",,,,,0,0,0,0,0,,0,0,0,"Prospect","Prospect",,,,
3978,"C3978","Amir bin Yusof","N","Non-Member",,,,,0,0,0,0,0,,0,0,0,"Prospect","Prospect",,,,
3979,"C3979","Akmal bin Daud","Y","Normal Member","2026-06-24",6,,,0,0,0,0,0,,0,0,0,"Prospect","Prospect",,,,
3980,"C3980","Aditi a/p Krishnan","N","Normal Member","2026-06-17",13,,,0,0,0,0,0,,0,0,0,"Prospect","Prospect",,,,
3981,"C3981","Jannah binti Omar","Y","Normal Member","2026-06-30",0,,,0,0,0,0,0,,0,0,0,"Prospect","Prospect",,,,
3982,"C3982","Tan Ching Yee","Y","Non-Member",,,"2026-06-15",15,1,15.32,0,15.32,15.32,15.32,5,1,1,"New Customers","Low Risk","Canned and Packaged Food","Johor Bahru 88 Speedmart","Johor Bahru","Johor"
3983,"C3983","Syahirah binti Ismail","N","Non-Member",,,,,0,0,0,0,0,,0,0,0,"Prospect","Prospect",,,,
3984,"C3984","Khalid bin Salleh","N","Normal Member","2026-06-28",2,,,0,0,0,0,0,,0,0,0,"Prospect","Prospect",,,,
3985,"C3985","Syahirah binti Yusof","N","Normal Member","2026-06-27",3,,,0,0,0,0,0,,0,0,0,"Prospect","Prospect",,,,
3986,"C3986","Luqman bin Ahmad","Y","Non-Member",,,,,0,0,0,0,0,,0,0,0,"Prospect","Prospect",,,,
3987,"C3987","Nadia binti Hassan","Y","Non-Member",,,,,0,0,0,0,0,,0,0,0,"Prospect","Prospect",,,,
3988,"C3988","Jannah binti Basri","N","Normal Member","2026-06-24",6,,,0,0,0,0,0,,0,0,0,"Prospect","Prospect",,,,
3989,"C3989","Chow Zi Xuan","Y","Non-Member",,,,,0,0,0,0,0,,0,0,0,"Prospect","Prospect",,,,
3990,"C3990","Siti binti Razak","N","Normal Member","2026-06-30",0,"2026-06-27",3,1,24.22,0,24.22,24.22,24.22,5,1,1,"New Customers","Low Risk","Cooking Essentials","Ipoh 88 Speedmart","Ipoh","Perak"
3991,"C3991","Khadijah binti Razak","Y","Normal Member","2026-06-27",3,,,0,0,0,0,0,,0,0,0,"Prospect","Prospect",,,,
3992,"C3992","Vikram a/l Krishnan","N","VIP Member","2026-06-25",5,,,0,0,0,0,0,,0,0,0,"Prospect","Prospect",,,,
3993,"C3993","Arjun a/l Saminathan","Y","Normal Member","2026-06-25",5,,,0,0,0,0,0,,0,0,0,"Prospect","Prospect",,,,
3994,"C3994","Raymond Mawan","Y","Non-Member",,,,,0,0,0,0,0,,0,0,0,"Prospect","Prospect",,,,
3995,"C3995","Fong Jun Hao","N","Non-Member",,,,,0,0,0,0,0,,0,0,0,"Prospect","Prospect",,,,
3996,"C3996","Aqilah binti Kamal","N","VIP Member","2026-06-27",3,,,0,0,0,0,0,,0,0,0,"Prospect","Prospect",,,,
3997,"C3997","Ong Kai Xin","Y","Normal Member","2026-06-28",2,,,0,0,0,0,0,,0,0,0,"Prospect","Prospect",,,,
3998,"C3998","Jannah binti Ismail","N","VIP Member","2026-06-30",0,,,0,0,0,0,0,,0,0,0,"Prospect","Prospect",,,,
3999,"C3999","Syafiq bin Razak","N","Normal Member","2026-06-29",1,,,0,0,0,0,0,,0,0,0,"Prospect","Prospect",,,,
4000,"C4000","Hana binti Abdullah","N","VIP Member","2026-06-29",1,,,0,0,0,0,0,,0,0,0,"Prospect","Prospect",,,,
