Delivery_Company_Name,Company_Status,Branch_Name,Cal_Year,Cal_Year_Month,Cal_Month_Name,Total_Orders,Total_Delivery_Fee,Avg_Delay_Days,On_Time_Pct
"BudgetFreight","ACTIVE","Ampang 88 Speedmart",2020,2020-01,"January",7,36.3,-.9,100
"BudgetFreight","ACTIVE","Ampang 88 Speedmart",2020,2020-02,"February",11,55.9,-.6,90.9
"BudgetFreight","ACTIVE","Ampang 88 Speedmart",2020,2020-03,"March",7,38.3,-.3,71.4
"BudgetFreight","ACTIVE","Ampang 88 Speedmart",2020,2020-04,"April",4,23.6,-.3,75
"BudgetFreight","ACTIVE","Ampang 88 Speedmart",2020,2020-05,"May",7,36.3,-1,85.7
"BudgetFreight","ACTIVE","Ampang 88 Speedmart",2020,2020-06,"June",10,51,-.3,80
"BudgetFreight","ACTIVE","Ampang 88 Speedmart",2020,2020-07,"July",3,16.7,-1,66.7
"BudgetFreight","ACTIVE","Ampang 88 Speedmart",2020,2020-08,"August",3,14.7,0,66.7
"BudgetFreight","ACTIVE","Ampang 88 Speedmart",2020,2020-09,"September",2,11.8,-1,50
"BudgetFreight","ACTIVE","Ampang 88 Speedmart",2020,2020-10,"October",1,4.9,-1,100
"BudgetFreight","ACTIVE","Ampang 88 Speedmart",2020,2020-11,"November",4,21.6,0,50
"BudgetFreight","ACTIVE","Ampang 88 Speedmart",2020,2020-12,"December",9,44.1,-1,88.9
"BudgetFreight","ACTIVE","Ampang 88 Speedmart",2021,2021-01,"January",1,4.9,-2,100
"BudgetFreight","ACTIVE","Ampang 88 Speedmart",2021,2021-03,"March",1,4.9,-1,100
"BudgetFreight","ACTIVE","Ampang 88 Speedmart",2021,2021-05,"May",2,9.8,-1,100
"BudgetFreight","ACTIVE","Ampang 88 Speedmart",2021,2021-06,"June",5,24.5,-1.2,80
"BudgetFreight","ACTIVE","Ampang 88 Speedmart",2021,2021-07,"July",1,4.9,-1,100
"BudgetFreight","ACTIVE","Ampang 88 Speedmart",2021,2021-11,"November",1,4.9,-1,100
"BudgetFreight","ACTIVE","Ampang 88 Speedmart",2021,2021-12,"December",2,9.8,-1.5,100
"BudgetFreight","ACTIVE","Ampang 88 Speedmart",2022,2022-01,"January",1,4.9,1,0
"BudgetFreight","ACTIVE","Ampang 88 Speedmart",2022,2022-02,"February",1,4.9,-2,100
"BudgetFreight","ACTIVE","Ampang 88 Speedmart",2022,2022-04,"April",2,11.8,-1,100
"BudgetFreight","ACTIVE","Ampang 88 Speedmart",2022,2022-05,"May",2,9.8,-2,100
"BudgetFreight","ACTIVE","Ampang 88 Speedmart",2022,2022-06,"June",1,4.9,-1,100
"BudgetFreight","ACTIVE","Ampang 88 Speedmart",2022,2022-07,"July",1,4.9,-2,100
"BudgetFreight","ACTIVE","Ampang 88 Speedmart",2022,2022-11,"November",1,4.9,-1,100
"BudgetFreight","ACTIVE","Ampang 88 Speedmart",2022,2022-12,"December",2,9.8,-1.5,100
"BudgetFreight","ACTIVE","Ampang 88 Speedmart",2023,2023-01,"January",3,16.7,-2.3,100
"BudgetFreight","ACTIVE","Ampang 88 Speedmart",2023,2023-02,"February",1,4.9,-2,100
"BudgetFreight","ACTIVE","Ampang 88 Speedmart",2023,2023-03,"March",2,9.8,.5,50
"BudgetFreight","ACTIVE","Ampang 88 Speedmart",2023,2023-06,"June",1,4.9,-1,100
"BudgetFreight","ACTIVE","Ampang 88 Speedmart",2023,2023-07,"July",2,9.8,0,50
"BudgetFreight","ACTIVE","Ampang 88 Speedmart",2023,2023-08,"August",1,4.9,-2,100
"BudgetFreight","ACTIVE","Ampang 88 Speedmart",2023,2023-11,"November",1,4.9,-3,100
"BudgetFreight","ACTIVE","Ampang 88 Speedmart",2023,2023-12,"December",4,19.6,-.5,75
"BudgetFreight","ACTIVE","Ampang 88 Speedmart",2024,2024-02,"February",1,4.9,-2,100
"BudgetFreight","ACTIVE","Ampang 88 Speedmart",2024,2024-04,"April",5,30.5,-1.8,100
"BudgetFreight","ACTIVE","Ampang 88 Speedmart",2024,2024-05,"May",1,4.9,-3,100
"BudgetFreight","ACTIVE","Ampang 88 Speedmart",2024,2024-06,"June",2,11.8,-.5,100
"BudgetFreight","ACTIVE","Ampang 88 Speedmart",2024,2024-07,"July",1,4.9,1,0
"BudgetFreight","ACTIVE","Ampang 88 Speedmart",2024,2024-08,"August",3,14.7,-.3,66.7
"BudgetFreight","ACTIVE","Ampang 88 Speedmart",2024,2024-11,"November",2,11.8,-1,100
"BudgetFreight","ACTIVE","Ampang 88 Speedmart",2024,2024-12,"December",5,26.5,-1,100
"BudgetFreight","ACTIVE","Ampang 88 Speedmart",2025,2025-01,"January",2,9.8,-2,100
"BudgetFreight","ACTIVE","Ampang 88 Speedmart",2025,2025-02,"February",4,19.6,-1.5,100
"BudgetFreight","ACTIVE","Ampang 88 Speedmart",2025,2025-04,"April",3,16.7,-2,100
"BudgetFreight","ACTIVE","Ampang 88 Speedmart",2025,2025-05,"May",1,4.9,-1,100
"BudgetFreight","ACTIVE","Ampang 88 Speedmart",2025,2025-06,"June",3,14.7,0,66.7
"BudgetFreight","ACTIVE","Ampang 88 Speedmart",2025,2025-09,"September",1,4.9,0,100
"BudgetFreight","ACTIVE","Ampang 88 Speedmart",2025,2025-10,"October",1,4.9,1,0
"BudgetFreight","ACTIVE","Ampang 88 Speedmart",2025,2025-11,"November",1,4.9,0,100
"BudgetFreight","ACTIVE","Ampang 88 Speedmart",2025,2025-12,"December",3,14.7,-1,66.7
"BudgetFreight","ACTIVE","Ampang 88 Speedmart",2026,2026-03,"March",3,14.7,-1,66.7
"BudgetFreight","ACTIVE","Ampang 88 Speedmart",2026,2026-04,"April",1,8.9,-1,100
"BudgetFreight","ACTIVE","Ampang 88 Speedmart",2026,2026-05,"May",3,18.7,-1,100
"BudgetFreight","ACTIVE","Cheras 88 Speedmart",2020,2020-04,"April",4,19.6,-1,100
"BudgetFreight","ACTIVE","Cheras 88 Speedmart",2020,2020-05,"May",2,9.8,0,50
"BudgetFreight","ACTIVE","Cheras 88 Speedmart",2020,2020-06,"June",8,39.2,-.6,100
"BudgetFreight","ACTIVE","Cheras 88 Speedmart",2020,2020-07,"July",2,9.8,-.5,100
"BudgetFreight","ACTIVE","Cheras 88 Speedmart",2020,2020-08,"August",2,9.8,-1,100
"BudgetFreight","ACTIVE","Cheras 88 Speedmart",2020,2020-09,"September",5,30.5,-.8,100
"BudgetFreight","ACTIVE","Cheras 88 Speedmart",2020,2020-10,"October",3,14.7,-1.3,100
"BudgetFreight","ACTIVE","Cheras 88 Speedmart",2020,2020-11,"November",4,19.6,-.8,75
"BudgetFreight","ACTIVE","Cheras 88 Speedmart",2020,2020-12,"December",2,9.8,.5,50
"BudgetFreight","ACTIVE","Cheras 88 Speedmart",2021,2021-01,"January",1,4.9,0,100
"BudgetFreight","ACTIVE","Cheras 88 Speedmart",2021,2021-02,"February",1,4.9,0,100
"BudgetFreight","ACTIVE","Cheras 88 Speedmart",2021,2021-03,"March",3,16.7,-2,100
"BudgetFreight","ACTIVE","Cheras 88 Speedmart",2021,2021-05,"May",1,4.9,-1,100
"BudgetFreight","ACTIVE","Cheras 88 Speedmart",2021,2021-06,"June",8,39.2,-1.1,100
"BudgetFreight","ACTIVE","Cheras 88 Speedmart",2021,2021-07,"July",2,9.8,-.5,100
"BudgetFreight","ACTIVE","Cheras 88 Speedmart",2021,2021-08,"August",3,14.7,-2,100
"BudgetFreight","ACTIVE","Cheras 88 Speedmart",2021,2021-09,"September",4,23.6,-1.8,100
"BudgetFreight","ACTIVE","Cheras 88 Speedmart",2021,2021-10,"October",1,4.9,0,100
"BudgetFreight","ACTIVE","Cheras 88 Speedmart",2021,2021-11,"November",1,4.9,0,100
"BudgetFreight","ACTIVE","Cheras 88 Speedmart",2021,2021-12,"December",4,19.6,-1.8,100
"BudgetFreight","ACTIVE","Cheras 88 Speedmart",2022,2022-01,"January",4,23.6,-1,100
"BudgetFreight","ACTIVE","Cheras 88 Speedmart",2022,2022-02,"February",3,14.7,-1.3,100
"BudgetFreight","ACTIVE","Cheras 88 Speedmart",2022,2022-03,"March",2,13.8,-2,100
"BudgetFreight","ACTIVE","Cheras 88 Speedmart",2022,2022-04,"April",1,4.9,-1,100
"BudgetFreight","ACTIVE","Cheras 88 Speedmart",2022,2022-05,"May",2,11.8,-2,100
"BudgetFreight","ACTIVE","Cheras 88 Speedmart",2022,2022-06,"June",1,4.9,-1,100
"BudgetFreight","ACTIVE","Cheras 88 Speedmart",2022,2022-07,"July",2,9.8,0,100
"BudgetFreight","ACTIVE","Cheras 88 Speedmart",2022,2022-09,"September",1,4.9,-2,100
"BudgetFreight","ACTIVE","Cheras 88 Speedmart",2022,2022-10,"October",1,4.9,-2,100
"BudgetFreight","ACTIVE","Cheras 88 Speedmart",2022,2022-11,"November",1,4.9,-2,100
"BudgetFreight","ACTIVE","Cheras 88 Speedmart",2022,2022-12,"December",2,11.8,-1.5,100
"BudgetFreight","ACTIVE","Cheras 88 Speedmart",2023,2023-01,"January",3,14.7,-1,100
"BudgetFreight","ACTIVE","Cheras 88 Speedmart",2023,2023-02,"February",2,11.8,-.5,50
"BudgetFreight","ACTIVE","Cheras 88 Speedmart",2023,2023-03,"March",2,9.8,-1,100
"BudgetFreight","ACTIVE","Cheras 88 Speedmart",2023,2023-04,"April",2,9.8,-1.5,100
"BudgetFreight","ACTIVE","Cheras 88 Speedmart",2023,2023-05,"May",3,16.7,-.3,100
"BudgetFreight","ACTIVE","Cheras 88 Speedmart",2023,2023-06,"June",2,13.8,-1.5,100
"BudgetFreight","ACTIVE","Cheras 88 Speedmart",2023,2023-07,"July",1,4.9,0,100
"BudgetFreight","ACTIVE","Cheras 88 Speedmart",2023,2023-11,"November",4,19.6,-3,100
"BudgetFreight","ACTIVE","Cheras 88 Speedmart",2023,2023-12,"December",1,4.9,-1,100
"BudgetFreight","ACTIVE","Cheras 88 Speedmart",2024,2024-03,"March",1,6.9,-2,100
"BudgetFreight","ACTIVE","Cheras 88 Speedmart",2024,2024-04,"April",1,8.9,-2,100
"BudgetFreight","ACTIVE","Cheras 88 Speedmart",2024,2024-06,"June",1,4.9,-1,100
"BudgetFreight","ACTIVE","Cheras 88 Speedmart",2024,2024-07,"July",1,4.9,-1,100
"BudgetFreight","ACTIVE","Cheras 88 Speedmart",2024,2024-09,"September",1,4.9,-1,100
"BudgetFreight","ACTIVE","Cheras 88 Speedmart",2024,2024-11,"November",3,20.7,-1.7,100
"BudgetFreight","ACTIVE","Cheras 88 Speedmart",2024,2024-12,"December",2,9.8,-2.5,100
"BudgetFreight","ACTIVE","Cheras 88 Speedmart",2025,2025-01,"January",3,14.7,-1.7,100
"BudgetFreight","ACTIVE","Cheras 88 Speedmart",2025,2025-02,"February",4,19.6,-1.5,100
"BudgetFreight","ACTIVE","Cheras 88 Speedmart",2025,2025-03,"March",1,4.9,0,100
"BudgetFreight","ACTIVE","Cheras 88 Speedmart",2025,2025-05,"May",3,18.7,-.7,100
"BudgetFreight","ACTIVE","Cheras 88 Speedmart",2025,2025-06,"June",2,9.8,-2,100
"BudgetFreight","ACTIVE","Cheras 88 Speedmart",2025,2025-07,"July",1,4.9,-1,100
"BudgetFreight","ACTIVE","Cheras 88 Speedmart",2025,2025-09,"September",1,4.9,-1,100
"BudgetFreight","ACTIVE","Cheras 88 Speedmart",2025,2025-10,"October",1,4.9,0,100
"BudgetFreight","ACTIVE","Cheras 88 Speedmart",2025,2025-11,"November",2,9.8,-.5,50
"BudgetFreight","ACTIVE","Cheras 88 Speedmart",2025,2025-12,"December",1,4.9,-1,100
"BudgetFreight","ACTIVE","Cheras 88 Speedmart",2026,2026-01,"January",3,16.7,-1.3,66.7
"BudgetFreight","ACTIVE","Cheras 88 Speedmart",2026,2026-03,"March",1,4.9,-1,100
"BudgetFreight","ACTIVE","Cheras 88 Speedmart",2026,2026-04,"April",1,4.9,0,100
"BudgetFreight","ACTIVE","Cheras 88 Speedmart",2026,2026-05,"May",1,4.9,1,0
"BudgetFreight","ACTIVE","Cheras 88 Speedmart",2026,2026-06,"June",1,6.9,-2,100
"BudgetFreight","ACTIVE","Cheras 88 Speedmart",2026,2026-07,"July",1,6.9,-1,100
"BudgetFreight","ACTIVE","George Town 88 Speedmart",2021,2021-10,"October",1,4.9,0,100
"BudgetFreight","ACTIVE","George Town 88 Speedmart",2021,2021-11,"November",2,9.8,0,100
"BudgetFreight","ACTIVE","George Town 88 Speedmart",2021,2021-12,"December",1,4.9,-2,100
"BudgetFreight","ACTIVE","George Town 88 Speedmart",2022,2022-01,"January",2,9.8,0,100
"BudgetFreight","ACTIVE","George Town 88 Speedmart",2022,2022-02,"February",2,9.8,-2,100
"BudgetFreight","ACTIVE","George Town 88 Speedmart",2022,2022-04,"April",1,4.9,-1,100
"BudgetFreight","ACTIVE","George Town 88 Speedmart",2022,2022-05,"May",2,9.8,-1.5,100
"BudgetFreight","ACTIVE","George Town 88 Speedmart",2022,2022-06,"June",1,4.9,-2,100
"BudgetFreight","ACTIVE","George Town 88 Speedmart",2022,2022-07,"July",1,4.9,0,100
"BudgetFreight","ACTIVE","George Town 88 Speedmart",2022,2022-09,"September",2,9.8,-.5,100
"BudgetFreight","ACTIVE","George Town 88 Speedmart",2022,2022-11,"November",1,4.9,-1,100
"BudgetFreight","ACTIVE","George Town 88 Speedmart",2022,2022-12,"December",1,4.9,-2,100
"BudgetFreight","ACTIVE","George Town 88 Speedmart",2023,2023-01,"January",5,28.5,-1.2,100
"BudgetFreight","ACTIVE","George Town 88 Speedmart",2023,2023-02,"February",1,4.9,-2,100
"BudgetFreight","ACTIVE","George Town 88 Speedmart",2023,2023-03,"March",1,4.9,0,100
"BudgetFreight","ACTIVE","George Town 88 Speedmart",2023,2023-04,"April",1,4.9,-1,100
"BudgetFreight","ACTIVE","George Town 88 Speedmart",2023,2023-05,"May",1,4.9,0,100
"BudgetFreight","ACTIVE","George Town 88 Speedmart",2023,2023-06,"June",3,16.7,-1.7,100
"BudgetFreight","ACTIVE","George Town 88 Speedmart",2023,2023-07,"July",3,16.7,-1,100
"BudgetFreight","ACTIVE","George Town 88 Speedmart",2023,2023-08,"August",2,15.8,-1,100
"BudgetFreight","ACTIVE","George Town 88 Speedmart",2023,2023-09,"September",1,6.9,0,100
"BudgetFreight","ACTIVE","George Town 88 Speedmart",2023,2023-10,"October",2,11.8,0,100
"BudgetFreight","ACTIVE","George Town 88 Speedmart",2023,2023-11,"November",1,4.9,0,100
"BudgetFreight","ACTIVE","George Town 88 Speedmart",2023,2023-12,"December",5,24.5,-1,100
"BudgetFreight","ACTIVE","George Town 88 Speedmart",2024,2024-01,"January",1,4.9,-2,100
"BudgetFreight","ACTIVE","George Town 88 Speedmart",2024,2024-02,"February",2,9.8,-1,100
"BudgetFreight","ACTIVE","George Town 88 Speedmart",2024,2024-03,"March",3,14.7,-1.3,100
"BudgetFreight","ACTIVE","George Town 88 Speedmart",2024,2024-04,"April",2,11.8,-1.5,100
"BudgetFreight","ACTIVE","George Town 88 Speedmart",2024,2024-06,"June",2,9.8,-1.5,100
"BudgetFreight","ACTIVE","George Town 88 Speedmart",2024,2024-07,"July",1,4.9,1,0
"BudgetFreight","ACTIVE","George Town 88 Speedmart",2024,2024-08,"August",2,11.8,-1.5,100
"BudgetFreight","ACTIVE","George Town 88 Speedmart",2024,2024-09,"September",1,4.9,0,100
"BudgetFreight","ACTIVE","George Town 88 Speedmart",2024,2024-10,"October",1,4.9,-1,100
"BudgetFreight","ACTIVE","George Town 88 Speedmart",2024,2024-11,"November",3,14.7,-1.3,100
"BudgetFreight","ACTIVE","George Town 88 Speedmart",2024,2024-12,"December",3,16.7,-.3,100
"BudgetFreight","ACTIVE","George Town 88 Speedmart",2025,2025-01,"January",1,4.9,-2,100
"BudgetFreight","ACTIVE","George Town 88 Speedmart",2025,2025-05,"May",1,4.9,0,100
"BudgetFreight","ACTIVE","George Town 88 Speedmart",2025,2025-07,"July",2,13.8,-1,100
"BudgetFreight","ACTIVE","George Town 88 Speedmart",2025,2025-08,"August",2,13.8,-1.5,100
"BudgetFreight","ACTIVE","George Town 88 Speedmart",2025,2025-09,"September",3,16.7,-1.3,100
"BudgetFreight","ACTIVE","George Town 88 Speedmart",2025,2025-11,"November",1,4.9,0,100
"BudgetFreight","ACTIVE","George Town 88 Speedmart",2025,2025-12,"December",4,19.6,-1.3,100
"BudgetFreight","ACTIVE","George Town 88 Speedmart",2026,2026-02,"February",2,9.8,-1,100
"BudgetFreight","ACTIVE","George Town 88 Speedmart",2026,2026-04,"April",1,4.9,-1,100
"BudgetFreight","ACTIVE","George Town 88 Speedmart",2026,2026-05,"May",1,6.9,-2,100
"BudgetFreight","ACTIVE","George Town 88 Speedmart",2026,2026-06,"June",3,16.7,-.7,100
"BudgetFreight","ACTIVE","Ipoh 88 Speedmart",2021,2021-07,"July",6,33.4,-1.7,100
"BudgetFreight","ACTIVE","Ipoh 88 Speedmart",2021,2021-08,"August",3,14.7,-2,100
"BudgetFreight","ACTIVE","Ipoh 88 Speedmart",2021,2021-10,"October",2,9.8,-.5,100
"BudgetFreight","ACTIVE","Ipoh 88 Speedmart",2021,2021-11,"November",3,14.7,-1.7,100
"BudgetFreight","ACTIVE","Ipoh 88 Speedmart",2021,2021-12,"December",4,21.6,-.8,100
"BudgetFreight","ACTIVE","Ipoh 88 Speedmart",2022,2022-01,"January",6,31.4,-.2,83.3
"BudgetFreight","ACTIVE","Ipoh 88 Speedmart",2022,2022-02,"February",1,4.9,0,100
"BudgetFreight","ACTIVE","Ipoh 88 Speedmart",2022,2022-03,"March",1,4.9,-1,100
"BudgetFreight","ACTIVE","Ipoh 88 Speedmart",2022,2022-04,"April",3,14.7,0,66.7
"BudgetFreight","ACTIVE","Ipoh 88 Speedmart",2022,2022-05,"May",3,14.7,-.3,100
"BudgetFreight","ACTIVE","Ipoh 88 Speedmart",2022,2022-06,"June",1,4.9,-1,100
"BudgetFreight","ACTIVE","Ipoh 88 Speedmart",2022,2022-08,"August",2,13.8,-1,100
"BudgetFreight","ACTIVE","Ipoh 88 Speedmart",2022,2022-09,"September",2,13.8,-2,100
"BudgetFreight","ACTIVE","Ipoh 88 Speedmart",2022,2022-10,"October",1,4.9,-2,100
"BudgetFreight","ACTIVE","Ipoh 88 Speedmart",2022,2022-11,"November",1,8.9,0,100
"BudgetFreight","ACTIVE","Ipoh 88 Speedmart",2022,2022-12,"December",4,23.6,-1.3,100
"BudgetFreight","ACTIVE","Ipoh 88 Speedmart",2023,2023-01,"January",1,6.9,-1,100
"BudgetFreight","ACTIVE","Ipoh 88 Speedmart",2023,2023-02,"February",1,4.9,-2,100
"BudgetFreight","ACTIVE","Ipoh 88 Speedmart",2023,2023-03,"March",3,14.7,-1.3,100
"BudgetFreight","ACTIVE","Ipoh 88 Speedmart",2023,2023-05,"May",1,4.9,-2,100
"BudgetFreight","ACTIVE","Ipoh 88 Speedmart",2023,2023-06,"June",1,4.9,-2,100
"BudgetFreight","ACTIVE","Ipoh 88 Speedmart",2023,2023-08,"August",2,9.8,-1.5,100
"BudgetFreight","ACTIVE","Ipoh 88 Speedmart",2023,2023-10,"October",1,8.9,0,100
"BudgetFreight","ACTIVE","Ipoh 88 Speedmart",2023,2023-11,"November",1,4.9,0,100
"BudgetFreight","ACTIVE","Ipoh 88 Speedmart",2023,2023-12,"December",1,4.9,0,100
"BudgetFreight","ACTIVE","Ipoh 88 Speedmart",2024,2024-01,"January",1,4.9,-1,100
"BudgetFreight","ACTIVE","Ipoh 88 Speedmart",2024,2024-02,"February",1,4.9,-2,100
"BudgetFreight","ACTIVE","Ipoh 88 Speedmart",2024,2024-03,"March",1,4.9,-2,100
"BudgetFreight","ACTIVE","Ipoh 88 Speedmart",2024,2024-04,"April",1,4.9,-3,100
"BudgetFreight","ACTIVE","Ipoh 88 Speedmart",2024,2024-05,"May",1,4.9,-3,100
"BudgetFreight","ACTIVE","Ipoh 88 Speedmart",2024,2024-06,"June",1,8.9,-3,100
"BudgetFreight","ACTIVE","Ipoh 88 Speedmart",2024,2024-07,"July",2,9.8,-.5,100
"BudgetFreight","ACTIVE","Ipoh 88 Speedmart",2024,2024-08,"August",1,4.9,0,100
"BudgetFreight","ACTIVE","Ipoh 88 Speedmart",2024,2024-11,"November",3,18.7,-1.3,100
"BudgetFreight","ACTIVE","Ipoh 88 Speedmart",2024,2024-12,"December",1,4.9,-2,100
"BudgetFreight","ACTIVE","Ipoh 88 Speedmart",2025,2025-01,"January",1,4.9,-1,100
"BudgetFreight","ACTIVE","Ipoh 88 Speedmart",2025,2025-03,"March",1,4.9,0,100
"BudgetFreight","ACTIVE","Ipoh 88 Speedmart",2025,2025-05,"May",1,4.9,-2,100
"BudgetFreight","ACTIVE","Ipoh 88 Speedmart",2025,2025-08,"August",2,9.8,.5,50
"BudgetFreight","ACTIVE","Ipoh 88 Speedmart",2025,2025-09,"September",2,9.8,-1,100
"BudgetFreight","ACTIVE","Ipoh 88 Speedmart",2025,2025-10,"October",2,9.8,-.5,50
"BudgetFreight","ACTIVE","Ipoh 88 Speedmart",2025,2025-11,"November",3,18.7,-.7,100
"BudgetFreight","ACTIVE","Ipoh 88 Speedmart",2025,2025-12,"December",4,19.6,-1.5,100
"BudgetFreight","ACTIVE","Ipoh 88 Speedmart",2026,2026-01,"January",2,9.8,-.5,100
"BudgetFreight","ACTIVE","Ipoh 88 Speedmart",2026,2026-02,"February",1,4.9,1,0
"BudgetFreight","ACTIVE","Ipoh 88 Speedmart",2026,2026-03,"March",2,9.8,-1.5,100
"BudgetFreight","ACTIVE","Ipoh 88 Speedmart",2026,2026-04,"April",2,9.8,-.5,50
"BudgetFreight","ACTIVE","Ipoh 88 Speedmart",2026,2026-05,"May",1,4.9,-2,100
"BudgetFreight","ACTIVE","Ipoh 88 Speedmart",2026,2026-06,"June",2,9.8,-2,100
"BudgetFreight","ACTIVE","Ipoh 88 Speedmart",2026,2026-07,"July",1,4.9,-3,100
"BudgetFreight","ACTIVE","Johor Bahru 88 Speedmart",2021,2021-04,"April",1,4.9,-3,100
"BudgetFreight","ACTIVE","Johor Bahru 88 Speedmart",2021,2021-05,"May",1,4.9,-3,100
"BudgetFreight","ACTIVE","Johor Bahru 88 Speedmart",2021,2021-06,"June",4,19.6,-.8,100
"BudgetFreight","ACTIVE","Johor Bahru 88 Speedmart",2021,2021-07,"July",3,16.7,-2,100
"BudgetFreight","ACTIVE","Johor Bahru 88 Speedmart",2021,2021-08,"August",2,9.8,-1,100
"BudgetFreight","ACTIVE","Johor Bahru 88 Speedmart",2021,2021-11,"November",1,4.9,0,100
"BudgetFreight","ACTIVE","Johor Bahru 88 Speedmart",2021,2021-12,"December",3,14.7,-2.3,100
"BudgetFreight","ACTIVE","Johor Bahru 88 Speedmart",2022,2022-01,"January",2,11.8,-1.5,100
"BudgetFreight","ACTIVE","Johor Bahru 88 Speedmart",2022,2022-03,"March",1,4.9,-1,100
"BudgetFreight","ACTIVE","Johor Bahru 88 Speedmart",2022,2022-04,"April",2,9.8,-2.5,100
"BudgetFreight","ACTIVE","Johor Bahru 88 Speedmart",2022,2022-05,"May",2,9.8,-1,100
"BudgetFreight","ACTIVE","Johor Bahru 88 Speedmart",2022,2022-07,"July",3,14.7,-1.7,100
"BudgetFreight","ACTIVE","Johor Bahru 88 Speedmart",2022,2022-11,"November",2,9.8,-1,100
"BudgetFreight","ACTIVE","Johor Bahru 88 Speedmart",2023,2023-01,"January",4,19.6,-1,75
"BudgetFreight","ACTIVE","Johor Bahru 88 Speedmart",2023,2023-03,"March",2,11.8,0,100
"BudgetFreight","ACTIVE","Johor Bahru 88 Speedmart",2023,2023-04,"April",1,4.9,-2,100
"BudgetFreight","ACTIVE","Johor Bahru 88 Speedmart",2023,2023-05,"May",1,4.9,-1,100
"BudgetFreight","ACTIVE","Johor Bahru 88 Speedmart",2023,2023-07,"July",1,4.9,0,100
"BudgetFreight","ACTIVE","Johor Bahru 88 Speedmart",2023,2023-08,"August",5,28.5,-.8,60
"BudgetFreight","ACTIVE","Johor Bahru 88 Speedmart",2023,2023-10,"October",1,4.9,-3,100
"BudgetFreight","ACTIVE","Johor Bahru 88 Speedmart",2023,2023-11,"November",1,4.9,-1,100
"BudgetFreight","ACTIVE","Johor Bahru 88 Speedmart",2023,2023-12,"December",1,4.9,-1,100
"BudgetFreight","ACTIVE","Johor Bahru 88 Speedmart",2024,2024-01,"January",3,14.7,-1.7,100
"BudgetFreight","ACTIVE","Johor Bahru 88 Speedmart",2024,2024-04,"April",2,11.8,-2.5,100
"BudgetFreight","ACTIVE","Johor Bahru 88 Speedmart",2024,2024-08,"August",1,4.9,-2,100
"BudgetFreight","ACTIVE","Johor Bahru 88 Speedmart",2024,2024-09,"September",3,16.7,-.3,66.7
"BudgetFreight","ACTIVE","Johor Bahru 88 Speedmart",2024,2024-10,"October",1,4.9,-2,100
"BudgetFreight","ACTIVE","Johor Bahru 88 Speedmart",2024,2024-11,"November",1,4.9,1,0
"BudgetFreight","ACTIVE","Johor Bahru 88 Speedmart",2024,2024-12,"December",1,4.9,1,0
"BudgetFreight","ACTIVE","Johor Bahru 88 Speedmart",2025,2025-01,"January",1,4.9,-2,100
"BudgetFreight","ACTIVE","Johor Bahru 88 Speedmart",2025,2025-02,"February",1,4.9,-1,100
"BudgetFreight","ACTIVE","Johor Bahru 88 Speedmart",2025,2025-03,"March",3,14.7,-1.3,100
"BudgetFreight","ACTIVE","Johor Bahru 88 Speedmart",2025,2025-04,"April",2,9.8,-1,100
"BudgetFreight","ACTIVE","Johor Bahru 88 Speedmart",2025,2025-05,"May",2,9.8,-.5,100
"BudgetFreight","ACTIVE","Johor Bahru 88 Speedmart",2025,2025-06,"June",3,18.7,-.3,100
"BudgetFreight","ACTIVE","Johor Bahru 88 Speedmart",2025,2025-07,"July",1,4.9,-1,100
"BudgetFreight","ACTIVE","Johor Bahru 88 Speedmart",2025,2025-08,"August",1,4.9,-1,100
"BudgetFreight","ACTIVE","Johor Bahru 88 Speedmart",2025,2025-09,"September",1,4.9,-1,100
"BudgetFreight","ACTIVE","Johor Bahru 88 Speedmart",2025,2025-10,"October",3,14.7,-.7,100
"BudgetFreight","ACTIVE","Johor Bahru 88 Speedmart",2026,2026-01,"January",1,4.9,-1,100
"BudgetFreight","ACTIVE","Johor Bahru 88 Speedmart",2026,2026-02,"February",2,9.8,.5,50
"BudgetFreight","ACTIVE","Johor Bahru 88 Speedmart",2026,2026-03,"March",1,4.9,0,100
"BudgetFreight","ACTIVE","Johor Bahru 88 Speedmart",2026,2026-04,"April",1,4.9,-1,100
"BudgetFreight","ACTIVE","Johor Bahru 88 Speedmart",2026,2026-05,"May",3,16.7,-1,100
"BudgetFreight","ACTIVE","Johor Bahru 88 Speedmart",2026,2026-06,"June",1,4.9,-2,100
"BudgetFreight","ACTIVE","Klang 88 Speedmart",2021,2021-02,"February",3,14.7,-2,100
"BudgetFreight","ACTIVE","Klang 88 Speedmart",2021,2021-03,"March",1,4.9,-2,100
"BudgetFreight","ACTIVE","Klang 88 Speedmart",2021,2021-04,"April",2,11.8,-2,100
"BudgetFreight","ACTIVE","Klang 88 Speedmart",2021,2021-05,"May",1,4.9,-3,100
"BudgetFreight","ACTIVE","Klang 88 Speedmart",2021,2021-06,"June",1,8.9,-2,100
"BudgetFreight","ACTIVE","Klang 88 Speedmart",2021,2021-07,"July",3,14.7,-1.7,100
"BudgetFreight","ACTIVE","Klang 88 Speedmart",2021,2021-08,"August",1,6.9,-1,100
"BudgetFreight","ACTIVE","Klang 88 Speedmart",2021,2021-10,"October",1,4.9,0,100
"BudgetFreight","ACTIVE","Klang 88 Speedmart",2021,2021-11,"November",3,16.7,-2,100
"BudgetFreight","ACTIVE","Klang 88 Speedmart",2021,2021-12,"December",2,9.8,-1,50
"BudgetFreight","ACTIVE","Klang 88 Speedmart",2022,2022-02,"February",2,9.8,-1,100
"BudgetFreight","ACTIVE","Klang 88 Speedmart",2022,2022-04,"April",1,4.9,-3,100
"BudgetFreight","ACTIVE","Klang 88 Speedmart",2022,2022-05,"May",2,13.8,.5,50
"BudgetFreight","ACTIVE","Klang 88 Speedmart",2022,2022-07,"July",1,4.9,-2,100
"BudgetFreight","ACTIVE","Klang 88 Speedmart",2022,2022-08,"August",1,4.9,-1,100
"BudgetFreight","ACTIVE","Klang 88 Speedmart",2022,2022-09,"September",3,14.7,-1.7,100
"BudgetFreight","ACTIVE","Klang 88 Speedmart",2022,2022-10,"October",1,4.9,-2,100
"BudgetFreight","ACTIVE","Klang 88 Speedmart",2022,2022-11,"November",1,6.9,-1,100
"BudgetFreight","ACTIVE","Klang 88 Speedmart",2023,2023-01,"January",1,4.9,-2,100
"BudgetFreight","ACTIVE","Klang 88 Speedmart",2023,2023-02,"February",1,4.9,0,100
"BudgetFreight","ACTIVE","Klang 88 Speedmart",2023,2023-03,"March",1,4.9,-2,100
"BudgetFreight","ACTIVE","Klang 88 Speedmart",2023,2023-07,"July",3,14.7,.3,66.7
"BudgetFreight","ACTIVE","Klang 88 Speedmart",2023,2023-08,"August",2,9.8,-1,100
"BudgetFreight","ACTIVE","Klang 88 Speedmart",2023,2023-09,"September",1,4.9,-3,100
"BudgetFreight","ACTIVE","Klang 88 Speedmart",2023,2023-10,"October",1,4.9,0,100
"BudgetFreight","ACTIVE","Klang 88 Speedmart",2023,2023-11,"November",3,14.7,-1,100
"BudgetFreight","ACTIVE","Klang 88 Speedmart",2023,2023-12,"December",2,11.8,-.5,50
"BudgetFreight","ACTIVE","Klang 88 Speedmart",2024,2024-01,"January",1,4.9,-2,100
"BudgetFreight","ACTIVE","Klang 88 Speedmart",2024,2024-04,"April",1,4.9,-1,100
"BudgetFreight","ACTIVE","Klang 88 Speedmart",2024,2024-06,"June",2,9.8,-.5,100
"BudgetFreight","ACTIVE","Klang 88 Speedmart",2024,2024-09,"September",1,6.9,0,100
"BudgetFreight","ACTIVE","Klang 88 Speedmart",2024,2024-10,"October",2,11.8,-3,100
"BudgetFreight","ACTIVE","Klang 88 Speedmart",2024,2024-11,"November",3,16.7,-1,100
"BudgetFreight","ACTIVE","Klang 88 Speedmart",2024,2024-12,"December",3,14.7,-1.7,100
"BudgetFreight","ACTIVE","Klang 88 Speedmart",2025,2025-01,"January",1,4.9,-2,100
"BudgetFreight","ACTIVE","Klang 88 Speedmart",2025,2025-02,"February",4,19.6,0,50
"BudgetFreight","ACTIVE","Klang 88 Speedmart",2025,2025-03,"March",2,11.8,-1.5,100
"BudgetFreight","ACTIVE","Klang 88 Speedmart",2025,2025-05,"May",1,4.9,1,0
"BudgetFreight","ACTIVE","Klang 88 Speedmart",2025,2025-06,"June",3,14.7,-1.3,100
"BudgetFreight","ACTIVE","Klang 88 Speedmart",2025,2025-08,"August",2,11.8,-1,100
"BudgetFreight","ACTIVE","Klang 88 Speedmart",2025,2025-09,"September",1,4.9,0,100
"BudgetFreight","ACTIVE","Klang 88 Speedmart",2025,2025-10,"October",2,11.8,0,50
"BudgetFreight","ACTIVE","Klang 88 Speedmart",2025,2025-11,"November",2,9.8,0,50
"BudgetFreight","ACTIVE","Klang 88 Speedmart",2025,2025-12,"December",2,9.8,-.5,100
"BudgetFreight","ACTIVE","Klang 88 Speedmart",2026,2026-02,"February",3,14.7,-2.7,100
"BudgetFreight","ACTIVE","Klang 88 Speedmart",2026,2026-03,"March",3,14.7,-1.3,100
"BudgetFreight","ACTIVE","Klang 88 Speedmart",2026,2026-04,"April",1,6.9,0,100
"BudgetFreight","ACTIVE","Klang 88 Speedmart",2026,2026-06,"June",3,14.7,-1.3,100
"BudgetFreight","ACTIVE","Kota Kinabalu 88 Speedmart",2023,2023-01,"January",2,9.8,0,50
"BudgetFreight","ACTIVE","Kota Kinabalu 88 Speedmart",2023,2023-03,"March",1,6.9,1,0
"BudgetFreight","ACTIVE","Kota Kinabalu 88 Speedmart",2023,2023-04,"April",1,4.9,-1,100
"BudgetFreight","ACTIVE","Kota Kinabalu 88 Speedmart",2023,2023-06,"June",2,11.8,-.5,100
"BudgetFreight","ACTIVE","Kota Kinabalu 88 Speedmart",2023,2023-07,"July",1,4.9,-1,100
"BudgetFreight","ACTIVE","Kota Kinabalu 88 Speedmart",2023,2023-09,"September",2,9.8,0,50
"BudgetFreight","ACTIVE","Kota Kinabalu 88 Speedmart",2023,2023-10,"October",1,6.9,-2,100
"BudgetFreight","ACTIVE","Kota Kinabalu 88 Speedmart",2023,2023-11,"November",1,4.9,-1,100
"BudgetFreight","ACTIVE","Kota Kinabalu 88 Speedmart",2023,2023-12,"December",2,9.8,-1.5,100
"BudgetFreight","ACTIVE","Kota Kinabalu 88 Speedmart",2024,2024-01,"January",1,6.9,-3,100
"BudgetFreight","ACTIVE","Kota Kinabalu 88 Speedmart",2024,2024-02,"February",4,19.6,-1,75
"BudgetFreight","ACTIVE","Kota Kinabalu 88 Speedmart",2024,2024-03,"March",2,9.8,-1,100
"BudgetFreight","ACTIVE","Kota Kinabalu 88 Speedmart",2024,2024-05,"May",2,9.8,-1,100
"BudgetFreight","ACTIVE","Kota Kinabalu 88 Speedmart",2024,2024-06,"June",3,14.7,-2,100
"BudgetFreight","ACTIVE","Kota Kinabalu 88 Speedmart",2024,2024-08,"August",2,9.8,-2.5,100
"BudgetFreight","ACTIVE","Kota Kinabalu 88 Speedmart",2024,2024-09,"September",1,4.9,0,100
"BudgetFreight","ACTIVE","Kota Kinabalu 88 Speedmart",2024,2024-11,"November",3,14.7,-1.3,100
"BudgetFreight","ACTIVE","Kota Kinabalu 88 Speedmart",2024,2024-12,"December",4,23.6,-1,100
"BudgetFreight","ACTIVE","Kota Kinabalu 88 Speedmart",2025,2025-01,"January",1,4.9,0,100
"BudgetFreight","ACTIVE","Kota Kinabalu 88 Speedmart",2025,2025-02,"February",2,13.8,-1,100
"BudgetFreight","ACTIVE","Kota Kinabalu 88 Speedmart",2025,2025-03,"March",1,4.9,-1,100
"BudgetFreight","ACTIVE","Kota Kinabalu 88 Speedmart",2025,2025-04,"April",1,6.9,0,100
"BudgetFreight","ACTIVE","Kota Kinabalu 88 Speedmart",2025,2025-08,"August",1,6.9,0,100
"BudgetFreight","ACTIVE","Kota Kinabalu 88 Speedmart",2025,2025-10,"October",2,9.8,.5,50
"BudgetFreight","ACTIVE","Kota Kinabalu 88 Speedmart",2025,2025-12,"December",3,14.7,-1,100
"BudgetFreight","ACTIVE","Kota Kinabalu 88 Speedmart",2026,2026-02,"February",1,4.9,-2,100
"BudgetFreight","ACTIVE","Kota Kinabalu 88 Speedmart",2026,2026-04,"April",3,14.7,-1.3,100
"BudgetFreight","ACTIVE","Kota Kinabalu 88 Speedmart",2026,2026-05,"May",1,4.9,-3,100
"BudgetFreight","ACTIVE","Kota Kinabalu 88 Speedmart",2026,2026-06,"June",3,14.7,-1.3,100
"BudgetFreight","ACTIVE","Kota Kinabalu 88 Speedmart",2026,2026-07,"July",1,4.9,-2,100
"BudgetFreight","ACTIVE","Kuching 88 Speedmart",2023,2023-09,"September",1,4.9,-2,100
"BudgetFreight","ACTIVE","Kuching 88 Speedmart",2023,2023-10,"October",1,4.9,-2,100
"BudgetFreight","ACTIVE","Kuching 88 Speedmart",2023,2023-12,"December",2,9.8,-1,100
"BudgetFreight","ACTIVE","Kuching 88 Speedmart",2024,2024-01,"January",1,4.9,-2,100
"BudgetFreight","ACTIVE","Kuching 88 Speedmart",2024,2024-02,"February",2,11.8,0,50
"BudgetFreight","ACTIVE","Kuching 88 Speedmart",2024,2024-03,"March",3,14.7,-1.3,100
"BudgetFreight","ACTIVE","Kuching 88 Speedmart",2024,2024-07,"July",1,4.9,-1,100
"BudgetFreight","ACTIVE","Kuching 88 Speedmart",2024,2024-08,"August",3,14.7,-.7,100
"BudgetFreight","ACTIVE","Kuching 88 Speedmart",2024,2024-12,"December",2,9.8,-1,100
"BudgetFreight","ACTIVE","Kuching 88 Speedmart",2025,2025-01,"January",5,24.5,-.8,100
"BudgetFreight","ACTIVE","Kuching 88 Speedmart",2025,2025-02,"February",2,9.8,-2.5,100
"BudgetFreight","ACTIVE","Kuching 88 Speedmart",2025,2025-03,"March",1,6.9,0,100
"BudgetFreight","ACTIVE","Kuching 88 Speedmart",2025,2025-04,"April",1,4.9,-3,100
"BudgetFreight","ACTIVE","Kuching 88 Speedmart",2025,2025-06,"June",3,16.7,-1,66.7
"BudgetFreight","ACTIVE","Kuching 88 Speedmart",2025,2025-07,"July",1,4.9,-1,100
"BudgetFreight","ACTIVE","Melaka 88 Speedmart",2022,2022-06,"June",2,9.8,.5,50
"BudgetFreight","ACTIVE","Melaka 88 Speedmart",2022,2022-07,"July",1,4.9,-1,100
"BudgetFreight","ACTIVE","Melaka 88 Speedmart",2022,2022-08,"August",1,4.9,-1,100
"BudgetFreight","ACTIVE","Melaka 88 Speedmart",2022,2022-09,"September",3,16.7,-1.3,100
"BudgetFreight","ACTIVE","Melaka 88 Speedmart",2022,2022-10,"October",3,14.7,-1.3,100
"BudgetFreight","ACTIVE","Melaka 88 Speedmart",2022,2022-11,"November",2,9.8,-2,100
"BudgetFreight","ACTIVE","Melaka 88 Speedmart",2022,2022-12,"December",2,9.8,-.5,100
"BudgetFreight","ACTIVE","Melaka 88 Speedmart",2023,2023-04,"April",2,9.8,-1,100
"BudgetFreight","ACTIVE","Melaka 88 Speedmart",2023,2023-05,"May",1,4.9,-1,100
"BudgetFreight","ACTIVE","Melaka 88 Speedmart",2023,2023-06,"June",2,9.8,-1,100
"BudgetFreight","ACTIVE","Melaka 88 Speedmart",2023,2023-07,"July",2,9.8,-.5,100
"BudgetFreight","ACTIVE","Melaka 88 Speedmart",2023,2023-08,"August",3,18.7,-1,100
"BudgetFreight","ACTIVE","Melaka 88 Speedmart",2023,2023-10,"October",1,4.9,-2,100
"BudgetFreight","ACTIVE","Melaka 88 Speedmart",2023,2023-11,"November",3,14.7,-1.3,100
"BudgetFreight","ACTIVE","Melaka 88 Speedmart",2023,2023-12,"December",2,9.8,-.5,100
"BudgetFreight","ACTIVE","Melaka 88 Speedmart",2024,2024-01,"January",1,4.9,0,100
"BudgetFreight","ACTIVE","Melaka 88 Speedmart",2024,2024-03,"March",1,4.9,0,100
"BudgetFreight","ACTIVE","Melaka 88 Speedmart",2024,2024-04,"April",1,4.9,-2,100
"BudgetFreight","ACTIVE","Melaka 88 Speedmart",2024,2024-05,"May",3,18.7,-1,66.7
"BudgetFreight","ACTIVE","Melaka 88 Speedmart",2024,2024-07,"July",2,9.8,-.5,100
"BudgetFreight","ACTIVE","Melaka 88 Speedmart",2024,2024-08,"August",1,4.9,-2,100
"BudgetFreight","ACTIVE","Melaka 88 Speedmart",2024,2024-11,"November",1,4.9,-1,100
"BudgetFreight","ACTIVE","Melaka 88 Speedmart",2024,2024-12,"December",5,24.5,-2.2,100
"BudgetFreight","ACTIVE","Melaka 88 Speedmart",2025,2025-01,"January",6,35.4,-1.5,100
"BudgetFreight","ACTIVE","Melaka 88 Speedmart",2025,2025-03,"March",2,9.8,-.5,100
"BudgetFreight","ACTIVE","Melaka 88 Speedmart",2025,2025-04,"April",2,9.8,-1.5,100
"BudgetFreight","ACTIVE","Melaka 88 Speedmart",2025,2025-05,"May",1,4.9,0,100
"BudgetFreight","ACTIVE","Melaka 88 Speedmart",2025,2025-06,"June",1,4.9,0,100
"BudgetFreight","ACTIVE","Melaka 88 Speedmart",2025,2025-07,"July",2,9.8,-2,100
"BudgetFreight","ACTIVE","Melaka 88 Speedmart",2025,2025-08,"August",2,9.8,-1,100
"BudgetFreight","ACTIVE","Melaka 88 Speedmart",2025,2025-09,"September",1,4.9,0,100
"BudgetFreight","ACTIVE","Melaka 88 Speedmart",2025,2025-11,"November",2,9.8,-1.5,100
"BudgetFreight","ACTIVE","Melaka 88 Speedmart",2025,2025-12,"December",3,14.7,-.7,100
"BudgetFreight","ACTIVE","Melaka 88 Speedmart",2026,2026-01,"January",4,19.6,0,75
"BudgetFreight","ACTIVE","Melaka 88 Speedmart",2026,2026-03,"March",1,4.9,-1,100
"BudgetFreight","ACTIVE","Melaka 88 Speedmart",2026,2026-04,"April",2,9.8,-2,100
"BudgetFreight","ACTIVE","Melaka 88 Speedmart",2026,2026-06,"June",2,9.8,-.5,100
"BudgetFreight","ACTIVE","Melaka 88 Speedmart",2026,2026-07,"July",1,4.9,-2,100
"BudgetFreight","ACTIVE","Petaling Jaya 88 Speedmart",2020,2020-07,"July",2,9.8,0,50
"BudgetFreight","ACTIVE","Petaling Jaya 88 Speedmart",2020,2020-08,"August",3,14.7,.3,66.7
"BudgetFreight","ACTIVE","Petaling Jaya 88 Speedmart",2020,2020-09,"September",4,19.6,-1,75
"BudgetFreight","ACTIVE","Petaling Jaya 88 Speedmart",2020,2020-10,"October",3,14.7,-.7,100
"BudgetFreight","ACTIVE","Petaling Jaya 88 Speedmart",2020,2020-11,"November",2,9.8,0,50
"BudgetFreight","ACTIVE","Petaling Jaya 88 Speedmart",2020,2020-12,"December",2,11.8,1,0
"BudgetFreight","ACTIVE","Petaling Jaya 88 Speedmart",2021,2021-01,"January",2,11.8,-2,100
"BudgetFreight","ACTIVE","Petaling Jaya 88 Speedmart",2021,2021-02,"February",2,9.8,-1.5,100
"BudgetFreight","ACTIVE","Petaling Jaya 88 Speedmart",2021,2021-03,"March",2,11.8,-1.5,100
"BudgetFreight","ACTIVE","Petaling Jaya 88 Speedmart",2021,2021-05,"May",2,11.8,-2,100
"BudgetFreight","ACTIVE","Petaling Jaya 88 Speedmart",2021,2021-06,"June",2,9.8,-1.5,100
"BudgetFreight","ACTIVE","Petaling Jaya 88 Speedmart",2021,2021-07,"July",1,4.9,-1,100
"BudgetFreight","ACTIVE","Petaling Jaya 88 Speedmart",2021,2021-08,"August",1,4.9,0,100
"BudgetFreight","ACTIVE","Petaling Jaya 88 Speedmart",2021,2021-09,"September",4,19.6,-1,100
"BudgetFreight","ACTIVE","Petaling Jaya 88 Speedmart",2021,2021-10,"October",2,9.8,-2,100
"BudgetFreight","ACTIVE","Petaling Jaya 88 Speedmart",2021,2021-11,"November",1,4.9,1,0
"BudgetFreight","ACTIVE","Petaling Jaya 88 Speedmart",2021,2021-12,"December",1,4.9,-1,100
"BudgetFreight","ACTIVE","Petaling Jaya 88 Speedmart",2022,2022-01,"January",3,14.7,-1,100
"BudgetFreight","ACTIVE","Petaling Jaya 88 Speedmart",2022,2022-03,"March",1,4.9,-2,100
"BudgetFreight","ACTIVE","Petaling Jaya 88 Speedmart",2022,2022-05,"May",2,13.8,-1,100
"BudgetFreight","ACTIVE","Petaling Jaya 88 Speedmart",2022,2022-06,"June",1,4.9,-3,100
"BudgetFreight","ACTIVE","Petaling Jaya 88 Speedmart",2022,2022-07,"July",1,6.9,0,100
"BudgetFreight","ACTIVE","Petaling Jaya 88 Speedmart",2022,2022-08,"August",1,4.9,-3,100
"BudgetFreight","ACTIVE","Petaling Jaya 88 Speedmart",2022,2022-09,"September",1,4.9,-1,100
"BudgetFreight","ACTIVE","Petaling Jaya 88 Speedmart",2022,2022-12,"December",1,4.9,-2,100
"BudgetFreight","ACTIVE","Petaling Jaya 88 Speedmart",2023,2023-01,"January",1,4.9,-2,100
"BudgetFreight","ACTIVE","Petaling Jaya 88 Speedmart",2023,2023-04,"April",2,11.8,-1,100
"BudgetFreight","ACTIVE","Petaling Jaya 88 Speedmart",2023,2023-08,"August",1,4.9,0,100
"BudgetFreight","ACTIVE","Petaling Jaya 88 Speedmart",2023,2023-09,"September",2,11.8,0,100
"BudgetFreight","ACTIVE","Petaling Jaya 88 Speedmart",2023,2023-11,"November",2,9.8,-2,100
"BudgetFreight","ACTIVE","Petaling Jaya 88 Speedmart",2023,2023-12,"December",1,4.9,0,100
"BudgetFreight","ACTIVE","Petaling Jaya 88 Speedmart",2024,2024-06,"June",1,4.9,-3,100
"BudgetFreight","ACTIVE","Petaling Jaya 88 Speedmart",2024,2024-08,"August",3,14.7,-1,100
"BudgetFreight","ACTIVE","Petaling Jaya 88 Speedmart",2024,2024-10,"October",1,4.9,0,100
"BudgetFreight","ACTIVE","Petaling Jaya 88 Speedmart",2024,2024-11,"November",3,14.7,-.7,100
"BudgetFreight","ACTIVE","Petaling Jaya 88 Speedmart",2024,2024-12,"December",3,14.7,-.3,100
"BudgetFreight","ACTIVE","Petaling Jaya 88 Speedmart",2025,2025-01,"January",2,9.8,-.5,100
"BudgetFreight","ACTIVE","Petaling Jaya 88 Speedmart",2025,2025-02,"February",2,13.8,1,0
"BudgetFreight","ACTIVE","Petaling Jaya 88 Speedmart",2025,2025-04,"April",1,6.9,-3,100
"BudgetFreight","ACTIVE","Petaling Jaya 88 Speedmart",2025,2025-05,"May",6,29.4,-1.8,100
"BudgetFreight","ACTIVE","Petaling Jaya 88 Speedmart",2025,2025-07,"July",1,4.9,-2,100
"BudgetFreight","ACTIVE","Petaling Jaya 88 Speedmart",2025,2025-08,"August",2,11.8,-.5,100
"BudgetFreight","ACTIVE","Petaling Jaya 88 Speedmart",2025,2025-09,"September",2,9.8,-1.5,100
"BudgetFreight","ACTIVE","Petaling Jaya 88 Speedmart",2025,2025-11,"November",4,23.6,0,50
"BudgetFreight","ACTIVE","Petaling Jaya 88 Speedmart",2025,2025-12,"December",2,9.8,-1,100
"BudgetFreight","ACTIVE","Petaling Jaya 88 Speedmart",2026,2026-01,"January",1,4.9,-1,100
"BudgetFreight","ACTIVE","Petaling Jaya 88 Speedmart",2026,2026-02,"February",1,4.9,-2,100
"BudgetFreight","ACTIVE","Petaling Jaya 88 Speedmart",2026,2026-03,"March",2,9.8,0,100
"BudgetFreight","ACTIVE","Petaling Jaya 88 Speedmart",2026,2026-04,"April",2,13.8,-1,100
"BudgetFreight","ACTIVE","Petaling Jaya 88 Speedmart",2026,2026-06,"June",2,9.8,-3,100
"BudgetFreight","ACTIVE","Seremban 88 Speedmart",2022,2022-05,"May",1,4.9,0,100
"BudgetFreight","ACTIVE","Seremban 88 Speedmart",2022,2022-07,"July",1,4.9,0,100
"BudgetFreight","ACTIVE","Seremban 88 Speedmart",2022,2022-11,"November",2,9.8,-1.5,100
"BudgetFreight","ACTIVE","Seremban 88 Speedmart",2022,2022-12,"December",5,28.5,-1.6,80
"BudgetFreight","ACTIVE","Seremban 88 Speedmart",2023,2023-01,"January",3,16.7,-1.7,100
"BudgetFreight","ACTIVE","Seremban 88 Speedmart",2023,2023-02,"February",1,4.9,-2,100
"BudgetFreight","ACTIVE","Seremban 88 Speedmart",2023,2023-03,"March",1,6.9,0,100
"BudgetFreight","ACTIVE","Seremban 88 Speedmart",2023,2023-06,"June",5,26.5,-1.2,100
"BudgetFreight","ACTIVE","Seremban 88 Speedmart",2023,2023-12,"December",3,14.7,-1,100
"BudgetFreight","ACTIVE","Seremban 88 Speedmart",2024,2024-01,"January",1,6.9,-1,100
"BudgetFreight","ACTIVE","Seremban 88 Speedmart",2024,2024-02,"February",2,9.8,-1,100
"BudgetFreight","ACTIVE","Seremban 88 Speedmart",2024,2024-03,"March",1,4.9,-2,100
"BudgetFreight","ACTIVE","Seremban 88 Speedmart",2024,2024-04,"April",1,4.9,-2,100
"BudgetFreight","ACTIVE","Seremban 88 Speedmart",2024,2024-06,"June",1,6.9,-1,100
"BudgetFreight","ACTIVE","Seremban 88 Speedmart",2024,2024-07,"July",1,4.9,-2,100
"BudgetFreight","ACTIVE","Seremban 88 Speedmart",2024,2024-08,"August",1,4.9,-1,100
"BudgetFreight","ACTIVE","Seremban 88 Speedmart",2024,2024-09,"September",4,21.6,-.8,100
"BudgetFreight","ACTIVE","Seremban 88 Speedmart",2024,2024-10,"October",1,6.9,0,100
"BudgetFreight","ACTIVE","Seremban 88 Speedmart",2024,2024-11,"November",1,4.9,-1,100
"BudgetFreight","ACTIVE","Seremban 88 Speedmart",2025,2025-01,"January",5,24.5,-1.2,100
"BudgetFreight","ACTIVE","Seremban 88 Speedmart",2025,2025-02,"February",2,9.8,-2.5,100
"BudgetFreight","ACTIVE","Seremban 88 Speedmart",2025,2025-04,"April",2,9.8,-2,100
"BudgetFreight","ACTIVE","Seremban 88 Speedmart",2025,2025-05,"May",1,4.9,1,0
"BudgetFreight","ACTIVE","Seremban 88 Speedmart",2025,2025-06,"June",4,21.6,-2.3,100
"BudgetFreight","ACTIVE","Seremban 88 Speedmart",2025,2025-07,"July",3,14.7,-2,100
"BudgetFreight","ACTIVE","Seremban 88 Speedmart",2025,2025-08,"August",1,4.9,1,0
"BudgetFreight","ACTIVE","Seremban 88 Speedmart",2025,2025-09,"September",1,4.9,-3,100
"BudgetFreight","ACTIVE","Seremban 88 Speedmart",2025,2025-10,"October",2,9.8,-1.5,100
"BudgetFreight","ACTIVE","Seremban 88 Speedmart",2025,2025-11,"November",1,4.9,-1,100
"BudgetFreight","ACTIVE","Seremban 88 Speedmart",2026,2026-01,"January",2,9.8,-.5,50
"BudgetFreight","ACTIVE","Seremban 88 Speedmart",2026,2026-02,"February",1,4.9,-1,100
"BudgetFreight","ACTIVE","Seremban 88 Speedmart",2026,2026-03,"March",3,14.7,-2,100
"BudgetFreight","ACTIVE","Seremban 88 Speedmart",2026,2026-05,"May",2,9.8,-1,100
"BudgetFreight","ACTIVE","Shah Alam 88 Speedmart",2020,2020-10,"October",1,4.9,1,0
"BudgetFreight","ACTIVE","Shah Alam 88 Speedmart",2020,2020-11,"November",3,14.7,-2,100
"BudgetFreight","ACTIVE","Shah Alam 88 Speedmart",2020,2020-12,"December",2,11.8,0,50
"BudgetFreight","ACTIVE","Shah Alam 88 Speedmart",2021,2021-01,"January",3,18.7,-1,100
"BudgetFreight","ACTIVE","Shah Alam 88 Speedmart",2021,2021-03,"March",3,16.7,-.7,100
"BudgetFreight","ACTIVE","Shah Alam 88 Speedmart",2021,2021-05,"May",1,6.9,0,100
"BudgetFreight","ACTIVE","Shah Alam 88 Speedmart",2021,2021-07,"July",2,9.8,-.5,100
"BudgetFreight","ACTIVE","Shah Alam 88 Speedmart",2021,2021-08,"August",1,4.9,-1,100
"BudgetFreight","ACTIVE","Shah Alam 88 Speedmart",2021,2021-10,"October",1,8.9,-2,100
"BudgetFreight","ACTIVE","Shah Alam 88 Speedmart",2021,2021-11,"November",3,14.7,-2.7,100
"BudgetFreight","ACTIVE","Shah Alam 88 Speedmart",2021,2021-12,"December",3,14.7,-1,100
"BudgetFreight","ACTIVE","Shah Alam 88 Speedmart",2022,2022-01,"January",1,4.9,0,100
"BudgetFreight","ACTIVE","Shah Alam 88 Speedmart",2022,2022-02,"February",1,4.9,0,100
"BudgetFreight","ACTIVE","Shah Alam 88 Speedmart",2022,2022-03,"March",2,9.8,-2,100
"BudgetFreight","ACTIVE","Shah Alam 88 Speedmart",2022,2022-04,"April",2,9.8,-1,100
"BudgetFreight","ACTIVE","Shah Alam 88 Speedmart",2022,2022-05,"May",2,9.8,-1,100
"BudgetFreight","ACTIVE","Shah Alam 88 Speedmart",2022,2022-06,"June",1,4.9,-3,100
"BudgetFreight","ACTIVE","Shah Alam 88 Speedmart",2022,2022-07,"July",2,9.8,-2,100
"BudgetFreight","ACTIVE","Shah Alam 88 Speedmart",2022,2022-08,"August",2,9.8,-1,100
"BudgetFreight","ACTIVE","Shah Alam 88 Speedmart",2022,2022-10,"October",1,6.9,0,100
"BudgetFreight","ACTIVE","Shah Alam 88 Speedmart",2022,2022-11,"November",1,4.9,-2,100
"BudgetFreight","ACTIVE","Shah Alam 88 Speedmart",2023,2023-01,"January",3,14.7,-.3,100
"BudgetFreight","ACTIVE","Shah Alam 88 Speedmart",2023,2023-02,"February",2,13.8,-1.5,100
"BudgetFreight","ACTIVE","Shah Alam 88 Speedmart",2023,2023-03,"March",1,4.9,-1,100
"BudgetFreight","ACTIVE","Shah Alam 88 Speedmart",2023,2023-06,"June",1,4.9,-1,100
"BudgetFreight","ACTIVE","Shah Alam 88 Speedmart",2023,2023-07,"July",1,4.9,0,100
"BudgetFreight","ACTIVE","Shah Alam 88 Speedmart",2023,2023-10,"October",1,6.9,0,100
"BudgetFreight","ACTIVE","Shah Alam 88 Speedmart",2023,2023-11,"November",1,4.9,-2,100
"BudgetFreight","ACTIVE","Shah Alam 88 Speedmart",2023,2023-12,"December",4,23.6,-1.3,100
"BudgetFreight","ACTIVE","Shah Alam 88 Speedmart",2024,2024-01,"January",1,4.9,-3,100
"BudgetFreight","ACTIVE","Shah Alam 88 Speedmart",2024,2024-03,"March",2,11.8,-.5,100
"BudgetFreight","ACTIVE","Shah Alam 88 Speedmart",2024,2024-04,"April",2,9.8,-.5,100
"BudgetFreight","ACTIVE","Shah Alam 88 Speedmart",2024,2024-05,"May",1,4.9,0,100
"BudgetFreight","ACTIVE","Shah Alam 88 Speedmart",2024,2024-06,"June",1,6.9,-2,100
"BudgetFreight","ACTIVE","Shah Alam 88 Speedmart",2024,2024-07,"July",2,9.8,1,0
"BudgetFreight","ACTIVE","Shah Alam 88 Speedmart",2024,2024-08,"August",1,4.9,-2,100
"BudgetFreight","ACTIVE","Shah Alam 88 Speedmart",2024,2024-12,"December",4,23.6,-1.3,75
"BudgetFreight","ACTIVE","Shah Alam 88 Speedmart",2025,2025-01,"January",2,9.8,-1.5,100
"BudgetFreight","ACTIVE","Shah Alam 88 Speedmart",2025,2025-02,"February",2,9.8,-.5,100
"BudgetFreight","ACTIVE","Shah Alam 88 Speedmart",2025,2025-03,"March",1,4.9,0,100
"BudgetFreight","ACTIVE","Shah Alam 88 Speedmart",2025,2025-04,"April",1,4.9,0,100
"BudgetFreight","ACTIVE","Shah Alam 88 Speedmart",2025,2025-05,"May",1,6.9,0,100
"BudgetFreight","ACTIVE","Shah Alam 88 Speedmart",2025,2025-07,"July",2,13.8,-.5,100
"BudgetFreight","ACTIVE","Shah Alam 88 Speedmart",2025,2025-08,"August",2,9.8,-1,100
"BudgetFreight","ACTIVE","Shah Alam 88 Speedmart",2025,2025-10,"October",1,4.9,-1,100
"BudgetFreight","ACTIVE","Shah Alam 88 Speedmart",2025,2025-11,"November",2,9.8,-1.5,100
"BudgetFreight","ACTIVE","Shah Alam 88 Speedmart",2025,2025-12,"December",3,14.7,-1,100
"BudgetFreight","ACTIVE","Shah Alam 88 Speedmart",2026,2026-01,"January",1,4.9,-2,100
"BudgetFreight","ACTIVE","Shah Alam 88 Speedmart",2026,2026-02,"February",3,14.7,-.7,100
"BudgetFreight","ACTIVE","Shah Alam 88 Speedmart",2026,2026-03,"March",1,4.9,1,0
"BudgetFreight","ACTIVE","Shah Alam 88 Speedmart",2026,2026-05,"May",1,6.9,-3,100
"BudgetFreight","ACTIVE","Shah Alam 88 Speedmart",2026,2026-06,"June",1,4.9,0,100
"EcoShip Sdn Bhd","ACTIVE","Ampang 88 Speedmart",2020,2020-01,"January",13,63.7,-.7,76.9
"EcoShip Sdn Bhd","ACTIVE","Ampang 88 Speedmart",2020,2020-02,"February",12,68.8,-.1,66.7
"EcoShip Sdn Bhd","ACTIVE","Ampang 88 Speedmart",2020,2020-03,"March",11,55.9,-.6,81.8
"EcoShip Sdn Bhd","ACTIVE","Ampang 88 Speedmart",2020,2020-04,"April",3,14.7,-.7,66.7
"EcoShip Sdn Bhd","ACTIVE","Ampang 88 Speedmart",2020,2020-05,"May",5,24.5,0,60
"EcoShip Sdn Bhd","ACTIVE","Ampang 88 Speedmart",2020,2020-06,"June",4,21.6,-1.5,75
"EcoShip Sdn Bhd","ACTIVE","Ampang 88 Speedmart",2020,2020-07,"July",1,4.9,0,100
"EcoShip Sdn Bhd","ACTIVE","Ampang 88 Speedmart",2020,2020-08,"August",7,34.3,-2,100
"EcoShip Sdn Bhd","ACTIVE","Ampang 88 Speedmart",2020,2020-09,"September",7,36.3,-.4,85.7
"EcoShip Sdn Bhd","ACTIVE","Ampang 88 Speedmart",2020,2020-10,"October",5,26.5,-.2,60
"EcoShip Sdn Bhd","ACTIVE","Ampang 88 Speedmart",2020,2020-11,"November",4,19.6,-.8,75
"EcoShip Sdn Bhd","ACTIVE","Ampang 88 Speedmart",2020,2020-12,"December",11,53.9,-.5,100
"EcoShip Sdn Bhd","ACTIVE","Ampang 88 Speedmart",2021,2021-01,"January",1,4.9,0,100
"EcoShip Sdn Bhd","ACTIVE","Ampang 88 Speedmart",2021,2021-02,"February",2,11.8,-1.5,100
"EcoShip Sdn Bhd","ACTIVE","Ampang 88 Speedmart",2021,2021-03,"March",2,11.8,-1,100
"EcoShip Sdn Bhd","ACTIVE","Ampang 88 Speedmart",2021,2021-04,"April",3,14.7,-2,100
"EcoShip Sdn Bhd","ACTIVE","Ampang 88 Speedmart",2021,2021-06,"June",1,4.9,-2,100
"EcoShip Sdn Bhd","ACTIVE","Ampang 88 Speedmart",2021,2021-08,"August",2,9.8,0,50
"EcoShip Sdn Bhd","ACTIVE","Ampang 88 Speedmart",2021,2021-09,"September",1,4.9,-1,100
"EcoShip Sdn Bhd","ACTIVE","Ampang 88 Speedmart",2021,2021-11,"November",1,4.9,-2,100
"EcoShip Sdn Bhd","ACTIVE","Ampang 88 Speedmart",2021,2021-12,"December",3,14.7,-.3,66.7
"EcoShip Sdn Bhd","ACTIVE","Ampang 88 Speedmart",2022,2022-01,"January",1,4.9,-1,100
"EcoShip Sdn Bhd","ACTIVE","Ampang 88 Speedmart",2022,2022-02,"February",3,18.7,-.7,100
"EcoShip Sdn Bhd","ACTIVE","Ampang 88 Speedmart",2022,2022-03,"March",1,4.9,-2,100
"EcoShip Sdn Bhd","ACTIVE","Ampang 88 Speedmart",2022,2022-05,"May",2,9.8,-2,100
"EcoShip Sdn Bhd","ACTIVE","Ampang 88 Speedmart",2022,2022-06,"June",1,4.9,-2,100
"EcoShip Sdn Bhd","ACTIVE","Ampang 88 Speedmart",2022,2022-07,"July",2,9.8,0,100
"EcoShip Sdn Bhd","ACTIVE","Ampang 88 Speedmart",2022,2022-09,"September",2,9.8,-.5,50
"EcoShip Sdn Bhd","ACTIVE","Ampang 88 Speedmart",2022,2022-12,"December",1,4.9,-3,100
"EcoShip Sdn Bhd","ACTIVE","Ampang 88 Speedmart",2023,2023-01,"January",1,6.9,-2,100
"EcoShip Sdn Bhd","ACTIVE","Ampang 88 Speedmart",2023,2023-02,"February",1,4.9,0,100
"EcoShip Sdn Bhd","ACTIVE","Ampang 88 Speedmart",2023,2023-08,"August",1,6.9,1,0
"EcoShip Sdn Bhd","ACTIVE","Ampang 88 Speedmart",2023,2023-09,"September",3,14.7,-1.7,100
"EcoShip Sdn Bhd","ACTIVE","Ampang 88 Speedmart",2023,2023-10,"October",2,9.8,.5,50
"EcoShip Sdn Bhd","ACTIVE","Ampang 88 Speedmart",2023,2023-11,"November",1,4.9,-2,100
"EcoShip Sdn Bhd","ACTIVE","Ampang 88 Speedmart",2023,2023-12,"December",1,4.9,0,100
"EcoShip Sdn Bhd","ACTIVE","Ampang 88 Speedmart",2024,2024-01,"January",3,16.7,.3,66.7
"EcoShip Sdn Bhd","ACTIVE","Ampang 88 Speedmart",2024,2024-04,"April",2,9.8,-1,100
"EcoShip Sdn Bhd","ACTIVE","Ampang 88 Speedmart",2024,2024-05,"May",2,9.8,0,100
"EcoShip Sdn Bhd","ACTIVE","Ampang 88 Speedmart",2024,2024-07,"July",2,9.8,-.5,100
"EcoShip Sdn Bhd","ACTIVE","Ampang 88 Speedmart",2024,2024-08,"August",1,4.9,-2,100
"EcoShip Sdn Bhd","ACTIVE","Ampang 88 Speedmart",2024,2024-09,"September",1,6.9,-2,100
"EcoShip Sdn Bhd","ACTIVE","Ampang 88 Speedmart",2024,2024-10,"October",1,4.9,1,0
"EcoShip Sdn Bhd","ACTIVE","Ampang 88 Speedmart",2024,2024-11,"November",3,16.7,-2.3,100
"EcoShip Sdn Bhd","ACTIVE","Ampang 88 Speedmart",2024,2024-12,"December",3,14.7,-.3,66.7
"EcoShip Sdn Bhd","ACTIVE","Ampang 88 Speedmart",2025,2025-01,"January",3,18.7,-.7,66.7
"EcoShip Sdn Bhd","ACTIVE","Ampang 88 Speedmart",2025,2025-02,"February",1,4.9,-2,100
"EcoShip Sdn Bhd","ACTIVE","Ampang 88 Speedmart",2025,2025-03,"March",1,4.9,-2,100
"EcoShip Sdn Bhd","ACTIVE","Ampang 88 Speedmart",2025,2025-04,"April",1,4.9,0,100
"EcoShip Sdn Bhd","ACTIVE","Ampang 88 Speedmart",2025,2025-05,"May",1,6.9,0,100
"EcoShip Sdn Bhd","ACTIVE","Ampang 88 Speedmart",2025,2025-10,"October",1,4.9,1,0
"EcoShip Sdn Bhd","ACTIVE","Ampang 88 Speedmart",2025,2025-11,"November",1,4.9,-1,100
"EcoShip Sdn Bhd","ACTIVE","Ampang 88 Speedmart",2025,2025-12,"December",3,14.7,-1.3,100
"EcoShip Sdn Bhd","ACTIVE","Ampang 88 Speedmart",2026,2026-01,"January",1,8.9,1,0
"EcoShip Sdn Bhd","ACTIVE","Ampang 88 Speedmart",2026,2026-02,"February",1,4.9,-2,100
"EcoShip Sdn Bhd","ACTIVE","Ampang 88 Speedmart",2026,2026-03,"March",1,4.9,-2,100
"EcoShip Sdn Bhd","ACTIVE","Cheras 88 Speedmart",2020,2020-04,"April",4,21.6,-1,75
"EcoShip Sdn Bhd","ACTIVE","Cheras 88 Speedmart",2020,2020-05,"May",4,19.6,-.8,75
"EcoShip Sdn Bhd","ACTIVE","Cheras 88 Speedmart",2020,2020-06,"June",4,19.6,-1,75
"EcoShip Sdn Bhd","ACTIVE","Cheras 88 Speedmart",2020,2020-07,"July",3,16.7,-1.7,100
"EcoShip Sdn Bhd","ACTIVE","Cheras 88 Speedmart",2020,2020-08,"August",1,4.9,-1,100
"EcoShip Sdn Bhd","ACTIVE","Cheras 88 Speedmart",2020,2020-09,"September",3,14.7,0,100
"EcoShip Sdn Bhd","ACTIVE","Cheras 88 Speedmart",2020,2020-10,"October",1,4.9,1,0
"EcoShip Sdn Bhd","ACTIVE","Cheras 88 Speedmart",2020,2020-11,"November",2,9.8,.5,50
"EcoShip Sdn Bhd","ACTIVE","Cheras 88 Speedmart",2020,2020-12,"December",2,9.8,-2,100
"EcoShip Sdn Bhd","ACTIVE","Cheras 88 Speedmart",2021,2021-01,"January",2,11.8,-2.5,100
"EcoShip Sdn Bhd","ACTIVE","Cheras 88 Speedmart",2021,2021-03,"March",1,4.9,1,0
"EcoShip Sdn Bhd","ACTIVE","Cheras 88 Speedmart",2021,2021-04,"April",2,9.8,-1.5,100
"EcoShip Sdn Bhd","ACTIVE","Cheras 88 Speedmart",2021,2021-06,"June",3,14.7,-1.3,100
"EcoShip Sdn Bhd","ACTIVE","Cheras 88 Speedmart",2021,2021-07,"July",2,9.8,-2.5,100
"EcoShip Sdn Bhd","ACTIVE","Cheras 88 Speedmart",2021,2021-08,"August",1,4.9,-3,100
"EcoShip Sdn Bhd","ACTIVE","Cheras 88 Speedmart",2021,2021-09,"September",3,14.7,0,100
"EcoShip Sdn Bhd","ACTIVE","Cheras 88 Speedmart",2021,2021-10,"October",3,14.7,-.3,66.7
"EcoShip Sdn Bhd","ACTIVE","Cheras 88 Speedmart",2021,2021-11,"November",2,13.8,-1,100
"EcoShip Sdn Bhd","ACTIVE","Cheras 88 Speedmart",2021,2021-12,"December",1,4.9,0,100
"EcoShip Sdn Bhd","ACTIVE","Cheras 88 Speedmart",2022,2022-04,"April",1,4.9,-2,100
"EcoShip Sdn Bhd","ACTIVE","Cheras 88 Speedmart",2022,2022-07,"July",1,4.9,0,100
"EcoShip Sdn Bhd","ACTIVE","Cheras 88 Speedmart",2022,2022-08,"August",1,4.9,0,100
"EcoShip Sdn Bhd","ACTIVE","Cheras 88 Speedmart",2022,2022-11,"November",1,4.9,-1,100
"EcoShip Sdn Bhd","ACTIVE","Cheras 88 Speedmart",2023,2023-01,"January",2,11.8,-1.5,100
"EcoShip Sdn Bhd","ACTIVE","Cheras 88 Speedmart",2023,2023-02,"February",4,23.6,0,75
"EcoShip Sdn Bhd","ACTIVE","Cheras 88 Speedmart",2023,2023-10,"October",1,4.9,-2,100
"EcoShip Sdn Bhd","ACTIVE","Cheras 88 Speedmart",2023,2023-11,"November",1,4.9,-3,100
"EcoShip Sdn Bhd","ACTIVE","Cheras 88 Speedmart",2023,2023-12,"December",4,23.6,-1.5,100
"EcoShip Sdn Bhd","ACTIVE","Cheras 88 Speedmart",2024,2024-02,"February",1,4.9,0,100
"EcoShip Sdn Bhd","ACTIVE","Cheras 88 Speedmart",2024,2024-03,"March",1,4.9,-1,100
"EcoShip Sdn Bhd","ACTIVE","Cheras 88 Speedmart",2024,2024-06,"June",1,4.9,-2,100
"EcoShip Sdn Bhd","ACTIVE","Cheras 88 Speedmart",2024,2024-07,"July",1,4.9,0,100
"EcoShip Sdn Bhd","ACTIVE","Cheras 88 Speedmart",2024,2024-08,"August",4,21.6,-1.5,100
"EcoShip Sdn Bhd","ACTIVE","Cheras 88 Speedmart",2024,2024-09,"September",4,19.6,-1.3,100
"EcoShip Sdn Bhd","ACTIVE","Cheras 88 Speedmart",2024,2024-10,"October",2,13.8,-1,100
"EcoShip Sdn Bhd","ACTIVE","Cheras 88 Speedmart",2024,2024-12,"December",2,9.8,-2,100
"EcoShip Sdn Bhd","ACTIVE","Cheras 88 Speedmart",2025,2025-01,"January",6,29.4,-1.3,100
"EcoShip Sdn Bhd","ACTIVE","Cheras 88 Speedmart",2025,2025-02,"February",1,4.9,-2,100
"EcoShip Sdn Bhd","ACTIVE","Cheras 88 Speedmart",2025,2025-03,"March",2,9.8,-2,100
"EcoShip Sdn Bhd","ACTIVE","Cheras 88 Speedmart",2025,2025-04,"April",1,4.9,-1,100
"EcoShip Sdn Bhd","ACTIVE","Cheras 88 Speedmart",2025,2025-05,"May",2,11.8,-.5,50
"EcoShip Sdn Bhd","ACTIVE","Cheras 88 Speedmart",2025,2025-06,"June",1,8.9,-2,100
"EcoShip Sdn Bhd","ACTIVE","Cheras 88 Speedmart",2025,2025-07,"July",2,9.8,-2,100
"EcoShip Sdn Bhd","ACTIVE","Cheras 88 Speedmart",2025,2025-08,"August",1,4.9,-2,100
"EcoShip Sdn Bhd","ACTIVE","Cheras 88 Speedmart",2025,2025-09,"September",1,8.9,-2,100
"EcoShip Sdn Bhd","ACTIVE","Cheras 88 Speedmart",2025,2025-11,"November",1,4.9,-2,100
"EcoShip Sdn Bhd","ACTIVE","Cheras 88 Speedmart",2025,2025-12,"December",1,4.9,0,100
"EcoShip Sdn Bhd","ACTIVE","Cheras 88 Speedmart",2026,2026-01,"January",4,19.6,-1,75
"EcoShip Sdn Bhd","ACTIVE","Cheras 88 Speedmart",2026,2026-02,"February",1,6.9,-1,100
"EcoShip Sdn Bhd","ACTIVE","Cheras 88 Speedmart",2026,2026-04,"April",3,18.7,-1.7,100
"EcoShip Sdn Bhd","ACTIVE","Cheras 88 Speedmart",2026,2026-05,"May",6,33.4,-1,83.3
"EcoShip Sdn Bhd","ACTIVE","Cheras 88 Speedmart",2026,2026-06,"June",4,23.6,-1.8,100
"EcoShip Sdn Bhd","ACTIVE","George Town 88 Speedmart",2021,2021-11,"November",2,9.8,-1.5,100
"EcoShip Sdn Bhd","ACTIVE","George Town 88 Speedmart",2021,2021-12,"December",4,19.6,-1.3,100
"EcoShip Sdn Bhd","ACTIVE","George Town 88 Speedmart",2022,2022-01,"January",1,4.9,-3,100
"EcoShip Sdn Bhd","ACTIVE","George Town 88 Speedmart",2022,2022-05,"May",2,9.8,-2.5,100
"EcoShip Sdn Bhd","ACTIVE","George Town 88 Speedmart",2022,2022-10,"October",1,8.9,-1,100
"EcoShip Sdn Bhd","ACTIVE","George Town 88 Speedmart",2022,2022-11,"November",2,9.8,-.5,50
"EcoShip Sdn Bhd","ACTIVE","George Town 88 Speedmart",2023,2023-01,"January",1,4.9,-2,100
"EcoShip Sdn Bhd","ACTIVE","George Town 88 Speedmart",2023,2023-05,"May",2,9.8,-1.5,100
"EcoShip Sdn Bhd","ACTIVE","George Town 88 Speedmart",2023,2023-06,"June",3,14.7,-.7,66.7
"EcoShip Sdn Bhd","ACTIVE","George Town 88 Speedmart",2023,2023-08,"August",1,4.9,0,100
"EcoShip Sdn Bhd","ACTIVE","George Town 88 Speedmart",2023,2023-09,"September",2,9.8,-1,100
"EcoShip Sdn Bhd","ACTIVE","George Town 88 Speedmart",2023,2023-10,"October",1,4.9,-1,100
"EcoShip Sdn Bhd","ACTIVE","George Town 88 Speedmart",2023,2023-11,"November",2,13.8,-.5,50
"EcoShip Sdn Bhd","ACTIVE","George Town 88 Speedmart",2024,2024-01,"January",2,9.8,0,100
"EcoShip Sdn Bhd","ACTIVE","George Town 88 Speedmart",2024,2024-02,"February",1,4.9,-2,100
"EcoShip Sdn Bhd","ACTIVE","George Town 88 Speedmart",2024,2024-05,"May",1,8.9,1,0
"EcoShip Sdn Bhd","ACTIVE","George Town 88 Speedmart",2024,2024-06,"June",1,4.9,0,100
"EcoShip Sdn Bhd","ACTIVE","George Town 88 Speedmart",2024,2024-07,"July",1,6.9,1,0
"EcoShip Sdn Bhd","ACTIVE","George Town 88 Speedmart",2024,2024-09,"September",2,9.8,-.5,100
"EcoShip Sdn Bhd","ACTIVE","George Town 88 Speedmart",2024,2024-10,"October",1,4.9,-1,100
"EcoShip Sdn Bhd","ACTIVE","George Town 88 Speedmart",2024,2024-11,"November",1,8.9,-2,100
"EcoShip Sdn Bhd","ACTIVE","George Town 88 Speedmart",2024,2024-12,"December",3,14.7,-1,100
"EcoShip Sdn Bhd","ACTIVE","George Town 88 Speedmart",2025,2025-01,"January",2,11.8,-2,100
"EcoShip Sdn Bhd","ACTIVE","George Town 88 Speedmart",2025,2025-03,"March",2,13.8,-2.5,100
"EcoShip Sdn Bhd","ACTIVE","George Town 88 Speedmart",2025,2025-04,"April",3,14.7,-1,100
"EcoShip Sdn Bhd","ACTIVE","George Town 88 Speedmart",2025,2025-06,"June",1,4.9,-1,100
"EcoShip Sdn Bhd","ACTIVE","George Town 88 Speedmart",2025,2025-07,"July",1,4.9,-1,100
"EcoShip Sdn Bhd","ACTIVE","George Town 88 Speedmart",2025,2025-08,"August",2,9.8,-2,100
"EcoShip Sdn Bhd","ACTIVE","George Town 88 Speedmart",2025,2025-09,"September",2,9.8,-2,100
"EcoShip Sdn Bhd","ACTIVE","George Town 88 Speedmart",2025,2025-10,"October",1,6.9,0,100
"EcoShip Sdn Bhd","ACTIVE","George Town 88 Speedmart",2025,2025-11,"November",1,4.9,-1,100
"EcoShip Sdn Bhd","ACTIVE","George Town 88 Speedmart",2025,2025-12,"December",1,8.9,-1,100
"EcoShip Sdn Bhd","ACTIVE","George Town 88 Speedmart",2026,2026-01,"January",1,4.9,-2,100
"EcoShip Sdn Bhd","ACTIVE","George Town 88 Speedmart",2026,2026-02,"February",2,9.8,-1.5,100
"EcoShip Sdn Bhd","ACTIVE","George Town 88 Speedmart",2026,2026-03,"March",1,4.9,-1,100
"EcoShip Sdn Bhd","ACTIVE","George Town 88 Speedmart",2026,2026-04,"April",2,11.8,.5,50
"EcoShip Sdn Bhd","ACTIVE","George Town 88 Speedmart",2026,2026-05,"May",1,4.9,-1,100
"EcoShip Sdn Bhd","ACTIVE","George Town 88 Speedmart",2026,2026-06,"June",2,9.8,-2.5,100
"EcoShip Sdn Bhd","ACTIVE","George Town 88 Speedmart",2026,2026-07,"July",1,4.9,-2,100
"EcoShip Sdn Bhd","ACTIVE","Ipoh 88 Speedmart",2021,2021-07,"July",2,9.8,-.5,50
"EcoShip Sdn Bhd","ACTIVE","Ipoh 88 Speedmart",2021,2021-08,"August",3,14.7,-1,100
"EcoShip Sdn Bhd","ACTIVE","Ipoh 88 Speedmart",2021,2021-09,"September",2,9.8,-.5,100
"EcoShip Sdn Bhd","ACTIVE","Ipoh 88 Speedmart",2021,2021-10,"October",3,14.7,-1.3,100
"EcoShip Sdn Bhd","ACTIVE","Ipoh 88 Speedmart",2021,2021-11,"November",3,18.7,-.3,66.7
"EcoShip Sdn Bhd","ACTIVE","Ipoh 88 Speedmart",2021,2021-12,"December",2,9.8,-.5,100
"EcoShip Sdn Bhd","ACTIVE","Ipoh 88 Speedmart",2022,2022-01,"January",1,4.9,0,100
"EcoShip Sdn Bhd","ACTIVE","Ipoh 88 Speedmart",2022,2022-03,"March",1,4.9,-1,100
"EcoShip Sdn Bhd","ACTIVE","Ipoh 88 Speedmart",2022,2022-04,"April",2,9.8,-2,100
"EcoShip Sdn Bhd","ACTIVE","Ipoh 88 Speedmart",2022,2022-05,"May",1,4.9,0,100
"EcoShip Sdn Bhd","ACTIVE","Ipoh 88 Speedmart",2022,2022-06,"June",1,8.9,-2,100
"EcoShip Sdn Bhd","ACTIVE","Ipoh 88 Speedmart",2022,2022-07,"July",2,9.8,.5,50
"EcoShip Sdn Bhd","ACTIVE","Ipoh 88 Speedmart",2022,2022-08,"August",1,4.9,-3,100
"EcoShip Sdn Bhd","ACTIVE","Ipoh 88 Speedmart",2022,2022-09,"September",2,11.8,-1,100
"EcoShip Sdn Bhd","ACTIVE","Ipoh 88 Speedmart",2022,2022-11,"November",2,9.8,-1,100
"EcoShip Sdn Bhd","ACTIVE","Ipoh 88 Speedmart",2022,2022-12,"December",2,9.8,-.5,100
"EcoShip Sdn Bhd","ACTIVE","Ipoh 88 Speedmart",2023,2023-03,"March",2,9.8,-1.5,100
"EcoShip Sdn Bhd","ACTIVE","Ipoh 88 Speedmart",2023,2023-05,"May",2,9.8,-1.5,100
"EcoShip Sdn Bhd","ACTIVE","Ipoh 88 Speedmart",2023,2023-06,"June",1,4.9,0,100
"EcoShip Sdn Bhd","ACTIVE","Ipoh 88 Speedmart",2023,2023-07,"July",2,9.8,-1.5,100
"EcoShip Sdn Bhd","ACTIVE","Ipoh 88 Speedmart",2023,2023-08,"August",1,4.9,0,100
"EcoShip Sdn Bhd","ACTIVE","Ipoh 88 Speedmart",2023,2023-09,"September",2,11.8,-2,100
"EcoShip Sdn Bhd","ACTIVE","Ipoh 88 Speedmart",2023,2023-10,"October",2,9.8,-1.5,100
"EcoShip Sdn Bhd","ACTIVE","Ipoh 88 Speedmart",2023,2023-12,"December",1,4.9,0,100
"EcoShip Sdn Bhd","ACTIVE","Ipoh 88 Speedmart",2024,2024-02,"February",2,9.8,-.5,100
"EcoShip Sdn Bhd","ACTIVE","Ipoh 88 Speedmart",2024,2024-03,"March",3,14.7,-.3,66.7
"EcoShip Sdn Bhd","ACTIVE","Ipoh 88 Speedmart",2024,2024-04,"April",1,4.9,-1,100
"EcoShip Sdn Bhd","ACTIVE","Ipoh 88 Speedmart",2024,2024-05,"May",1,4.9,-1,100
"EcoShip Sdn Bhd","ACTIVE","Ipoh 88 Speedmart",2024,2024-07,"July",2,9.8,-1.5,100
"EcoShip Sdn Bhd","ACTIVE","Ipoh 88 Speedmart",2024,2024-08,"August",1,4.9,0,100
"EcoShip Sdn Bhd","ACTIVE","Ipoh 88 Speedmart",2024,2024-10,"October",1,8.9,-1,100
"EcoShip Sdn Bhd","ACTIVE","Ipoh 88 Speedmart",2024,2024-11,"November",3,16.7,-2.3,100
"EcoShip Sdn Bhd","ACTIVE","Ipoh 88 Speedmart",2024,2024-12,"December",1,4.9,-1,100
"EcoShip Sdn Bhd","ACTIVE","Ipoh 88 Speedmart",2025,2025-01,"January",1,4.9,-2,100
"EcoShip Sdn Bhd","ACTIVE","Ipoh 88 Speedmart",2025,2025-02,"February",1,4.9,-1,100
"EcoShip Sdn Bhd","ACTIVE","Ipoh 88 Speedmart",2025,2025-03,"March",1,4.9,-1,100
"EcoShip Sdn Bhd","ACTIVE","Ipoh 88 Speedmart",2025,2025-04,"April",1,4.9,0,100
"EcoShip Sdn Bhd","ACTIVE","Ipoh 88 Speedmart",2025,2025-05,"May",2,9.8,0,50
"EcoShip Sdn Bhd","ACTIVE","Ipoh 88 Speedmart",2025,2025-06,"June",2,11.8,-1,100
"EcoShip Sdn Bhd","ACTIVE","Ipoh 88 Speedmart",2025,2025-07,"July",1,4.9,-2,100
"EcoShip Sdn Bhd","ACTIVE","Ipoh 88 Speedmart",2025,2025-08,"August",4,19.6,.3,50
"EcoShip Sdn Bhd","ACTIVE","Ipoh 88 Speedmart",2025,2025-09,"September",1,6.9,-1,100
"EcoShip Sdn Bhd","ACTIVE","Ipoh 88 Speedmart",2025,2025-11,"November",1,4.9,-1,100
"EcoShip Sdn Bhd","ACTIVE","Ipoh 88 Speedmart",2026,2026-02,"February",1,4.9,-1,100
"EcoShip Sdn Bhd","ACTIVE","Ipoh 88 Speedmart",2026,2026-03,"March",1,4.9,-3,100
"EcoShip Sdn Bhd","ACTIVE","Ipoh 88 Speedmart",2026,2026-04,"April",2,9.8,-2,100
"EcoShip Sdn Bhd","ACTIVE","Ipoh 88 Speedmart",2026,2026-05,"May",2,9.8,-3,100
"EcoShip Sdn Bhd","ACTIVE","Ipoh 88 Speedmart",2026,2026-06,"June",1,4.9,-1,100
"EcoShip Sdn Bhd","ACTIVE","Johor Bahru 88 Speedmart",2021,2021-04,"April",2,11.8,-1.5,100
"EcoShip Sdn Bhd","ACTIVE","Johor Bahru 88 Speedmart",2021,2021-05,"May",3,14.7,-2,100
"EcoShip Sdn Bhd","ACTIVE","Johor Bahru 88 Speedmart",2021,2021-06,"June",3,14.7,-.7,66.7
"EcoShip Sdn Bhd","ACTIVE","Johor Bahru 88 Speedmart",2021,2021-07,"July",1,8.9,-1,100
"EcoShip Sdn Bhd","ACTIVE","Johor Bahru 88 Speedmart",2021,2021-08,"August",4,19.6,-1,100
"EcoShip Sdn Bhd","ACTIVE","Johor Bahru 88 Speedmart",2021,2021-09,"September",5,26.5,-1,100
"EcoShip Sdn Bhd","ACTIVE","Johor Bahru 88 Speedmart",2021,2021-10,"October",1,4.9,-1,100
"EcoShip Sdn Bhd","ACTIVE","Johor Bahru 88 Speedmart",2021,2021-11,"November",2,9.8,-2,100
"EcoShip Sdn Bhd","ACTIVE","Johor Bahru 88 Speedmart",2021,2021-12,"December",2,9.8,-.5,100
"EcoShip Sdn Bhd","ACTIVE","Johor Bahru 88 Speedmart",2022,2022-01,"January",1,4.9,-2,100
"EcoShip Sdn Bhd","ACTIVE","Johor Bahru 88 Speedmart",2022,2022-05,"May",1,4.9,-1,100
"EcoShip Sdn Bhd","ACTIVE","Johor Bahru 88 Speedmart",2022,2022-06,"June",2,9.8,-2,100
"EcoShip Sdn Bhd","ACTIVE","Johor Bahru 88 Speedmart",2022,2022-07,"July",1,4.9,-1,100
"EcoShip Sdn Bhd","ACTIVE","Johor Bahru 88 Speedmart",2022,2022-08,"August",1,4.9,-2,100
"EcoShip Sdn Bhd","ACTIVE","Johor Bahru 88 Speedmart",2022,2022-09,"September",1,4.9,-3,100
"EcoShip Sdn Bhd","ACTIVE","Johor Bahru 88 Speedmart",2022,2022-11,"November",3,14.7,-1.7,100
"EcoShip Sdn Bhd","ACTIVE","Johor Bahru 88 Speedmart",2022,2022-12,"December",2,11.8,-2.5,100
"EcoShip Sdn Bhd","ACTIVE","Johor Bahru 88 Speedmart",2023,2023-02,"February",1,4.9,-2,100
"EcoShip Sdn Bhd","ACTIVE","Johor Bahru 88 Speedmart",2023,2023-03,"March",1,4.9,0,100
"EcoShip Sdn Bhd","ACTIVE","Johor Bahru 88 Speedmart",2023,2023-04,"April",2,9.8,-1,100
"EcoShip Sdn Bhd","ACTIVE","Johor Bahru 88 Speedmart",2023,2023-06,"June",1,4.9,-2,100
"EcoShip Sdn Bhd","ACTIVE","Johor Bahru 88 Speedmart",2023,2023-07,"July",2,9.8,-1.5,100
"EcoShip Sdn Bhd","ACTIVE","Johor Bahru 88 Speedmart",2023,2023-08,"August",1,4.9,0,100
"EcoShip Sdn Bhd","ACTIVE","Johor Bahru 88 Speedmart",2023,2023-09,"September",1,4.9,0,100
"EcoShip Sdn Bhd","ACTIVE","Johor Bahru 88 Speedmart",2023,2023-10,"October",2,9.8,-1.5,100
"EcoShip Sdn Bhd","ACTIVE","Johor Bahru 88 Speedmart",2023,2023-11,"November",3,14.7,-1.3,100
"EcoShip Sdn Bhd","ACTIVE","Johor Bahru 88 Speedmart",2024,2024-01,"January",3,18.7,-2,100
"EcoShip Sdn Bhd","ACTIVE","Johor Bahru 88 Speedmart",2024,2024-02,"February",4,21.6,-1.3,75
"EcoShip Sdn Bhd","ACTIVE","Johor Bahru 88 Speedmart",2024,2024-03,"March",1,4.9,-3,100
"EcoShip Sdn Bhd","ACTIVE","Johor Bahru 88 Speedmart",2024,2024-04,"April",2,9.8,-.5,50
"EcoShip Sdn Bhd","ACTIVE","Johor Bahru 88 Speedmart",2024,2024-06,"June",1,4.9,-1,100
"EcoShip Sdn Bhd","ACTIVE","Johor Bahru 88 Speedmart",2024,2024-07,"July",2,9.8,0,100
"EcoShip Sdn Bhd","ACTIVE","Johor Bahru 88 Speedmart",2024,2024-09,"September",1,4.9,-3,100
"EcoShip Sdn Bhd","ACTIVE","Johor Bahru 88 Speedmart",2024,2024-11,"November",2,11.8,-1.5,100
"EcoShip Sdn Bhd","ACTIVE","Johor Bahru 88 Speedmart",2024,2024-12,"December",4,21.6,-1.8,100
"EcoShip Sdn Bhd","ACTIVE","Johor Bahru 88 Speedmart",2025,2025-01,"January",3,14.7,-.7,66.7
"EcoShip Sdn Bhd","ACTIVE","Johor Bahru 88 Speedmart",2025,2025-04,"April",1,4.9,-1,100
"EcoShip Sdn Bhd","ACTIVE","Johor Bahru 88 Speedmart",2025,2025-05,"May",3,14.7,-1.3,100
"EcoShip Sdn Bhd","ACTIVE","Johor Bahru 88 Speedmart",2025,2025-06,"June",1,4.9,-2,100
"EcoShip Sdn Bhd","ACTIVE","Johor Bahru 88 Speedmart",2025,2025-07,"July",3,14.7,-1,66.7
"EcoShip Sdn Bhd","ACTIVE","Johor Bahru 88 Speedmart",2025,2025-08,"August",1,4.9,-1,100
"EcoShip Sdn Bhd","ACTIVE","Johor Bahru 88 Speedmart",2025,2025-09,"September",1,4.9,-3,100
"EcoShip Sdn Bhd","ACTIVE","Johor Bahru 88 Speedmart",2025,2025-10,"October",1,4.9,-1,100
"EcoShip Sdn Bhd","ACTIVE","Johor Bahru 88 Speedmart",2025,2025-11,"November",1,4.9,-2,100
"EcoShip Sdn Bhd","ACTIVE","Johor Bahru 88 Speedmart",2025,2025-12,"December",6,33.4,-2,100
"EcoShip Sdn Bhd","ACTIVE","Johor Bahru 88 Speedmart",2026,2026-01,"January",2,9.8,-1,100
"EcoShip Sdn Bhd","ACTIVE","Johor Bahru 88 Speedmart",2026,2026-02,"February",3,14.7,-1.3,100
"EcoShip Sdn Bhd","ACTIVE","Johor Bahru 88 Speedmart",2026,2026-03,"March",1,4.9,-1,100
"EcoShip Sdn Bhd","ACTIVE","Johor Bahru 88 Speedmart",2026,2026-05,"May",1,4.9,-2,100
"EcoShip Sdn Bhd","ACTIVE","Johor Bahru 88 Speedmart",2026,2026-06,"June",1,4.9,0,100
"EcoShip Sdn Bhd","ACTIVE","Klang 88 Speedmart",2021,2021-01,"January",2,9.8,-1,100
"EcoShip Sdn Bhd","ACTIVE","Klang 88 Speedmart",2021,2021-02,"February",6,31.4,-1.5,100
"EcoShip Sdn Bhd","ACTIVE","Klang 88 Speedmart",2021,2021-03,"March",1,6.9,0,100
"EcoShip Sdn Bhd","ACTIVE","Klang 88 Speedmart",2021,2021-04,"April",2,9.8,-1,100
"EcoShip Sdn Bhd","ACTIVE","Klang 88 Speedmart",2021,2021-05,"May",3,14.7,-1.3,100
"EcoShip Sdn Bhd","ACTIVE","Klang 88 Speedmart",2021,2021-06,"June",3,18.7,-1.3,100
"EcoShip Sdn Bhd","ACTIVE","Klang 88 Speedmart",2021,2021-07,"July",1,4.9,-1,100
"EcoShip Sdn Bhd","ACTIVE","Klang 88 Speedmart",2021,2021-08,"August",1,4.9,-2,100
"EcoShip Sdn Bhd","ACTIVE","Klang 88 Speedmart",2021,2021-09,"September",4,19.6,-1.5,100
"EcoShip Sdn Bhd","ACTIVE","Klang 88 Speedmart",2021,2021-10,"October",5,24.5,-.4,80
"EcoShip Sdn Bhd","ACTIVE","Klang 88 Speedmart",2021,2021-11,"November",3,18.7,-1.3,100
"EcoShip Sdn Bhd","ACTIVE","Klang 88 Speedmart",2021,2021-12,"December",3,16.7,-1.7,100
"EcoShip Sdn Bhd","ACTIVE","Klang 88 Speedmart",2022,2022-01,"January",1,6.9,-2,100
"EcoShip Sdn Bhd","ACTIVE","Klang 88 Speedmart",2022,2022-02,"February",2,9.8,-1,100
"EcoShip Sdn Bhd","ACTIVE","Klang 88 Speedmart",2022,2022-04,"April",1,4.9,-1,100
"EcoShip Sdn Bhd","ACTIVE","Klang 88 Speedmart",2022,2022-06,"June",1,4.9,-1,100
"EcoShip Sdn Bhd","ACTIVE","Klang 88 Speedmart",2022,2022-07,"July",1,6.9,-1,100
"EcoShip Sdn Bhd","ACTIVE","Klang 88 Speedmart",2022,2022-11,"November",1,6.9,-1,100
"EcoShip Sdn Bhd","ACTIVE","Klang 88 Speedmart",2022,2022-12,"December",2,9.8,-1,100
"EcoShip Sdn Bhd","ACTIVE","Klang 88 Speedmart",2023,2023-03,"March",1,6.9,-1,100
"EcoShip Sdn Bhd","ACTIVE","Klang 88 Speedmart",2023,2023-04,"April",2,11.8,-1,100
"EcoShip Sdn Bhd","ACTIVE","Klang 88 Speedmart",2023,2023-06,"June",1,4.9,-1,100
"EcoShip Sdn Bhd","ACTIVE","Klang 88 Speedmart",2023,2023-07,"July",1,4.9,1,0
"EcoShip Sdn Bhd","ACTIVE","Klang 88 Speedmart",2023,2023-08,"August",1,4.9,-1,100
"EcoShip Sdn Bhd","ACTIVE","Klang 88 Speedmart",2023,2023-09,"September",1,4.9,0,100
"EcoShip Sdn Bhd","ACTIVE","Klang 88 Speedmart",2023,2023-10,"October",3,16.7,0,66.7
"EcoShip Sdn Bhd","ACTIVE","Klang 88 Speedmart",2023,2023-12,"December",2,9.8,-2.5,100
"EcoShip Sdn Bhd","ACTIVE","Klang 88 Speedmart",2024,2024-01,"January",3,16.7,-.3,100
"EcoShip Sdn Bhd","ACTIVE","Klang 88 Speedmart",2024,2024-03,"March",1,4.9,0,100
"EcoShip Sdn Bhd","ACTIVE","Klang 88 Speedmart",2024,2024-04,"April",1,4.9,-1,100
"EcoShip Sdn Bhd","ACTIVE","Klang 88 Speedmart",2024,2024-05,"May",2,11.8,-1,100
"EcoShip Sdn Bhd","ACTIVE","Klang 88 Speedmart",2024,2024-06,"June",1,4.9,-3,100
"EcoShip Sdn Bhd","ACTIVE","Klang 88 Speedmart",2024,2024-07,"July",1,4.9,-1,100
"EcoShip Sdn Bhd","ACTIVE","Klang 88 Speedmart",2024,2024-08,"August",1,4.9,-2,100
"EcoShip Sdn Bhd","ACTIVE","Klang 88 Speedmart",2024,2024-09,"September",2,9.8,-1.5,100
"EcoShip Sdn Bhd","ACTIVE","Klang 88 Speedmart",2024,2024-10,"October",1,4.9,0,100
"EcoShip Sdn Bhd","ACTIVE","Klang 88 Speedmart",2024,2024-11,"November",1,4.9,-1,100
"EcoShip Sdn Bhd","ACTIVE","Klang 88 Speedmart",2024,2024-12,"December",2,11.8,-1.5,100
"EcoShip Sdn Bhd","ACTIVE","Klang 88 Speedmart",2025,2025-02,"February",1,4.9,0,100
"EcoShip Sdn Bhd","ACTIVE","Klang 88 Speedmart",2025,2025-03,"March",1,4.9,-3,100
"EcoShip Sdn Bhd","ACTIVE","Klang 88 Speedmart",2025,2025-04,"April",1,8.9,0,100
"EcoShip Sdn Bhd","ACTIVE","Klang 88 Speedmart",2025,2025-06,"June",4,25.6,-.5,100
"EcoShip Sdn Bhd","ACTIVE","Klang 88 Speedmart",2025,2025-07,"July",1,4.9,-2,100
"EcoShip Sdn Bhd","ACTIVE","Klang 88 Speedmart",2025,2025-09,"September",1,4.9,-2,100
"EcoShip Sdn Bhd","ACTIVE","Klang 88 Speedmart",2025,2025-10,"October",1,4.9,-2,100
"EcoShip Sdn Bhd","ACTIVE","Klang 88 Speedmart",2025,2025-11,"November",3,16.7,-1,100
"EcoShip Sdn Bhd","ACTIVE","Klang 88 Speedmart",2025,2025-12,"December",3,14.7,0,66.7
"EcoShip Sdn Bhd","ACTIVE","Klang 88 Speedmart",2026,2026-01,"January",1,4.9,-1,100
"EcoShip Sdn Bhd","ACTIVE","Klang 88 Speedmart",2026,2026-02,"February",1,4.9,1,0
"EcoShip Sdn Bhd","ACTIVE","Klang 88 Speedmart",2026,2026-03,"March",4,19.6,-1.5,100
"EcoShip Sdn Bhd","ACTIVE","Klang 88 Speedmart",2026,2026-04,"April",2,9.8,-2,100
"EcoShip Sdn Bhd","ACTIVE","Klang 88 Speedmart",2026,2026-06,"June",1,4.9,-3,100
"EcoShip Sdn Bhd","ACTIVE","Kota Kinabalu 88 Speedmart",2023,2023-01,"January",3,16.7,-2,100
"EcoShip Sdn Bhd","ACTIVE","Kota Kinabalu 88 Speedmart",2023,2023-02,"February",2,11.8,-1.5,100
"EcoShip Sdn Bhd","ACTIVE","Kota Kinabalu 88 Speedmart",2023,2023-03,"March",2,9.8,-2,100
"EcoShip Sdn Bhd","ACTIVE","Kota Kinabalu 88 Speedmart",2023,2023-04,"April",1,4.9,0,100
"EcoShip Sdn Bhd","ACTIVE","Kota Kinabalu 88 Speedmart",2023,2023-06,"June",1,4.9,-1,100
"EcoShip Sdn Bhd","ACTIVE","Kota Kinabalu 88 Speedmart",2023,2023-07,"July",2,11.8,-1,100
"EcoShip Sdn Bhd","ACTIVE","Kota Kinabalu 88 Speedmart",2023,2023-08,"August",1,4.9,-2,100
"EcoShip Sdn Bhd","ACTIVE","Kota Kinabalu 88 Speedmart",2023,2023-09,"September",1,4.9,1,0
"EcoShip Sdn Bhd","ACTIVE","Kota Kinabalu 88 Speedmart",2023,2023-10,"October",1,4.9,-1,100
"EcoShip Sdn Bhd","ACTIVE","Kota Kinabalu 88 Speedmart",2023,2023-11,"November",2,9.8,-3,100
"EcoShip Sdn Bhd","ACTIVE","Kota Kinabalu 88 Speedmart",2023,2023-12,"December",2,13.8,0,50
"EcoShip Sdn Bhd","ACTIVE","Kota Kinabalu 88 Speedmart",2024,2024-01,"January",2,9.8,-.5,100
"EcoShip Sdn Bhd","ACTIVE","Kota Kinabalu 88 Speedmart",2024,2024-03,"March",1,6.9,-1,100
"EcoShip Sdn Bhd","ACTIVE","Kota Kinabalu 88 Speedmart",2024,2024-04,"April",4,19.6,-1.8,100
"EcoShip Sdn Bhd","ACTIVE","Kota Kinabalu 88 Speedmart",2024,2024-05,"May",1,4.9,-3,100
"EcoShip Sdn Bhd","ACTIVE","Kota Kinabalu 88 Speedmart",2024,2024-06,"June",1,4.9,0,100
"EcoShip Sdn Bhd","ACTIVE","Kota Kinabalu 88 Speedmart",2024,2024-07,"July",1,4.9,-2,100
"EcoShip Sdn Bhd","ACTIVE","Kota Kinabalu 88 Speedmart",2024,2024-09,"September",2,11.8,-1,100
"EcoShip Sdn Bhd","ACTIVE","Kota Kinabalu 88 Speedmart",2024,2024-11,"November",2,13.8,-2,100
"EcoShip Sdn Bhd","ACTIVE","Kota Kinabalu 88 Speedmart",2024,2024-12,"December",3,16.7,-.3,66.7
"EcoShip Sdn Bhd","ACTIVE","Kota Kinabalu 88 Speedmart",2025,2025-01,"January",1,4.9,0,100
"EcoShip Sdn Bhd","ACTIVE","Kota Kinabalu 88 Speedmart",2025,2025-02,"February",4,19.6,-1,100
"EcoShip Sdn Bhd","ACTIVE","Kota Kinabalu 88 Speedmart",2025,2025-03,"March",1,6.9,-2,100
"EcoShip Sdn Bhd","ACTIVE","Kota Kinabalu 88 Speedmart",2025,2025-04,"April",1,4.9,-1,100
"EcoShip Sdn Bhd","ACTIVE","Kota Kinabalu 88 Speedmart",2025,2025-05,"May",2,9.8,-2.5,100
"EcoShip Sdn Bhd","ACTIVE","Kota Kinabalu 88 Speedmart",2025,2025-06,"June",3,14.7,-.3,100
"EcoShip Sdn Bhd","ACTIVE","Kota Kinabalu 88 Speedmart",2025,2025-07,"July",1,6.9,-3,100
"EcoShip Sdn Bhd","ACTIVE","Kota Kinabalu 88 Speedmart",2025,2025-08,"August",2,9.8,-1.5,100
"EcoShip Sdn Bhd","ACTIVE","Kota Kinabalu 88 Speedmart",2025,2025-09,"September",1,4.9,-2,100
"EcoShip Sdn Bhd","ACTIVE","Kota Kinabalu 88 Speedmart",2025,2025-10,"October",1,4.9,-1,100
"EcoShip Sdn Bhd","ACTIVE","Kota Kinabalu 88 Speedmart",2025,2025-11,"November",3,14.7,-1.3,100
"EcoShip Sdn Bhd","ACTIVE","Kota Kinabalu 88 Speedmart",2025,2025-12,"December",1,4.9,1,0
"EcoShip Sdn Bhd","ACTIVE","Kota Kinabalu 88 Speedmart",2026,2026-01,"January",1,4.9,-2,100
"EcoShip Sdn Bhd","ACTIVE","Kota Kinabalu 88 Speedmart",2026,2026-02,"February",3,14.7,-.7,100
"EcoShip Sdn Bhd","ACTIVE","Kota Kinabalu 88 Speedmart",2026,2026-03,"March",3,14.7,-1.7,100
"EcoShip Sdn Bhd","ACTIVE","Kota Kinabalu 88 Speedmart",2026,2026-04,"April",2,11.8,-1,100
"EcoShip Sdn Bhd","ACTIVE","Kota Kinabalu 88 Speedmart",2026,2026-05,"May",3,14.7,-.7,66.7
"EcoShip Sdn Bhd","ACTIVE","Kuching 88 Speedmart",2023,2023-08,"August",2,9.8,-1.5,100
"EcoShip Sdn Bhd","ACTIVE","Kuching 88 Speedmart",2023,2023-09,"September",1,4.9,-2,100
"EcoShip Sdn Bhd","ACTIVE","Kuching 88 Speedmart",2023,2023-11,"November",3,14.7,-1,66.7
"EcoShip Sdn Bhd","ACTIVE","Kuching 88 Speedmart",2023,2023-12,"December",2,9.8,-1,100
"EcoShip Sdn Bhd","ACTIVE","Kuching 88 Speedmart",2024,2024-01,"January",2,9.8,-.5,100
"EcoShip Sdn Bhd","ACTIVE","Kuching 88 Speedmart",2024,2024-02,"February",1,4.9,0,100
"EcoShip Sdn Bhd","ACTIVE","Kuching 88 Speedmart",2024,2024-03,"March",1,4.9,-2,100
"EcoShip Sdn Bhd","ACTIVE","Kuching 88 Speedmart",2024,2024-04,"April",1,4.9,0,100
"EcoShip Sdn Bhd","ACTIVE","Kuching 88 Speedmart",2024,2024-09,"September",3,14.7,.7,33.3
"EcoShip Sdn Bhd","ACTIVE","Kuching 88 Speedmart",2024,2024-10,"October",1,4.9,-3,100
"EcoShip Sdn Bhd","ACTIVE","Kuching 88 Speedmart",2024,2024-11,"November",2,11.8,-1.5,100
"EcoShip Sdn Bhd","ACTIVE","Kuching 88 Speedmart",2024,2024-12,"December",1,4.9,-2,100
"EcoShip Sdn Bhd","ACTIVE","Kuching 88 Speedmart",2025,2025-01,"January",2,9.8,-3,100
"EcoShip Sdn Bhd","ACTIVE","Kuching 88 Speedmart",2025,2025-02,"February",1,8.9,0,100
"EcoShip Sdn Bhd","ACTIVE","Kuching 88 Speedmart",2025,2025-04,"April",1,4.9,-1,100
"EcoShip Sdn Bhd","ACTIVE","Kuching 88 Speedmart",2025,2025-05,"May",2,9.8,-1.5,100
"EcoShip Sdn Bhd","ACTIVE","Kuching 88 Speedmart",2025,2025-07,"July",1,6.9,-3,100
"EcoShip Sdn Bhd","ACTIVE","Kuching 88 Speedmart",2025,2025-08,"August",3,16.7,-2,100
"EcoShip Sdn Bhd","ACTIVE","Melaka 88 Speedmart",2022,2022-06,"June",3,14.7,-1.3,100
"EcoShip Sdn Bhd","ACTIVE","Melaka 88 Speedmart",2022,2022-07,"July",1,4.9,-2,100
"EcoShip Sdn Bhd","ACTIVE","Melaka 88 Speedmart",2022,2022-08,"August",1,8.9,0,100
"EcoShip Sdn Bhd","ACTIVE","Melaka 88 Speedmart",2022,2022-09,"September",2,9.8,-.5,100
"EcoShip Sdn Bhd","ACTIVE","Melaka 88 Speedmart",2022,2022-10,"October",1,4.9,-1,100
"EcoShip Sdn Bhd","ACTIVE","Melaka 88 Speedmart",2022,2022-11,"November",2,11.8,0,100
"EcoShip Sdn Bhd","ACTIVE","Melaka 88 Speedmart",2022,2022-12,"December",2,9.8,.5,50
"EcoShip Sdn Bhd","ACTIVE","Melaka 88 Speedmart",2023,2023-01,"January",1,4.9,-2,100
"EcoShip Sdn Bhd","ACTIVE","Melaka 88 Speedmart",2023,2023-03,"March",1,4.9,-2,100
"EcoShip Sdn Bhd","ACTIVE","Melaka 88 Speedmart",2023,2023-04,"April",1,6.9,-2,100
"EcoShip Sdn Bhd","ACTIVE","Melaka 88 Speedmart",2023,2023-05,"May",2,9.8,-1,100
"EcoShip Sdn Bhd","ACTIVE","Melaka 88 Speedmart",2023,2023-06,"June",2,9.8,-1,100
"EcoShip Sdn Bhd","ACTIVE","Melaka 88 Speedmart",2023,2023-08,"August",3,18.7,-1.7,100
"EcoShip Sdn Bhd","ACTIVE","Melaka 88 Speedmart",2023,2023-12,"December",2,11.8,-1.5,100
"EcoShip Sdn Bhd","ACTIVE","Melaka 88 Speedmart",2024,2024-01,"January",1,4.9,-1,100
"EcoShip Sdn Bhd","ACTIVE","Melaka 88 Speedmart",2024,2024-02,"February",1,4.9,-2,100
"EcoShip Sdn Bhd","ACTIVE","Melaka 88 Speedmart",2024,2024-03,"March",1,4.9,-1,100
"EcoShip Sdn Bhd","ACTIVE","Melaka 88 Speedmart",2024,2024-04,"April",1,4.9,-2,100
"EcoShip Sdn Bhd","ACTIVE","Melaka 88 Speedmart",2024,2024-05,"May",2,9.8,-2,100
"EcoShip Sdn Bhd","ACTIVE","Melaka 88 Speedmart",2024,2024-06,"June",1,6.9,-1,100
"EcoShip Sdn Bhd","ACTIVE","Melaka 88 Speedmart",2024,2024-08,"August",2,9.8,-.5,100
"EcoShip Sdn Bhd","ACTIVE","Melaka 88 Speedmart",2024,2024-09,"September",1,4.9,-1,100
"EcoShip Sdn Bhd","ACTIVE","Melaka 88 Speedmart",2024,2024-11,"November",1,4.9,0,100
"EcoShip Sdn Bhd","ACTIVE","Melaka 88 Speedmart",2024,2024-12,"December",4,19.6,-1.8,100
"EcoShip Sdn Bhd","ACTIVE","Melaka 88 Speedmart",2025,2025-01,"January",2,9.8,-1.5,100
"EcoShip Sdn Bhd","ACTIVE","Melaka 88 Speedmart",2025,2025-03,"March",1,6.9,0,100
"EcoShip Sdn Bhd","ACTIVE","Melaka 88 Speedmart",2025,2025-04,"April",1,4.9,-3,100
"EcoShip Sdn Bhd","ACTIVE","Melaka 88 Speedmart",2025,2025-06,"June",1,6.9,-2,100
"EcoShip Sdn Bhd","ACTIVE","Melaka 88 Speedmart",2025,2025-08,"August",1,4.9,0,100
"EcoShip Sdn Bhd","ACTIVE","Melaka 88 Speedmart",2025,2025-09,"September",1,4.9,1,0
"EcoShip Sdn Bhd","ACTIVE","Melaka 88 Speedmart",2025,2025-12,"December",4,19.6,-1.5,100
"EcoShip Sdn Bhd","ACTIVE","Melaka 88 Speedmart",2026,2026-01,"January",2,9.8,-1,100
"EcoShip Sdn Bhd","ACTIVE","Melaka 88 Speedmart",2026,2026-02,"February",3,18.7,-2,100
"EcoShip Sdn Bhd","ACTIVE","Melaka 88 Speedmart",2026,2026-03,"March",2,9.8,-1,100
"EcoShip Sdn Bhd","ACTIVE","Melaka 88 Speedmart",2026,2026-04,"April",3,16.7,-.7,66.7
"EcoShip Sdn Bhd","ACTIVE","Melaka 88 Speedmart",2026,2026-05,"May",1,4.9,0,100
"EcoShip Sdn Bhd","ACTIVE","Melaka 88 Speedmart",2026,2026-06,"June",1,4.9,-2,100
"EcoShip Sdn Bhd","ACTIVE","Petaling Jaya 88 Speedmart",2020,2020-07,"July",4,19.6,-1.5,75
"EcoShip Sdn Bhd","ACTIVE","Petaling Jaya 88 Speedmart",2020,2020-08,"August",2,9.8,-2,100
"EcoShip Sdn Bhd","ACTIVE","Petaling Jaya 88 Speedmart",2020,2020-09,"September",4,19.6,-.8,75
"EcoShip Sdn Bhd","ACTIVE","Petaling Jaya 88 Speedmart",2020,2020-10,"October",2,9.8,-.5,100
"EcoShip Sdn Bhd","ACTIVE","Petaling Jaya 88 Speedmart",2020,2020-11,"November",4,19.6,0,75
"EcoShip Sdn Bhd","ACTIVE","Petaling Jaya 88 Speedmart",2020,2020-12,"December",7,34.3,-1,85.7
"EcoShip Sdn Bhd","ACTIVE","Petaling Jaya 88 Speedmart",2021,2021-02,"February",2,9.8,-1,100
"EcoShip Sdn Bhd","ACTIVE","Petaling Jaya 88 Speedmart",2021,2021-03,"March",1,4.9,-3,100
"EcoShip Sdn Bhd","ACTIVE","Petaling Jaya 88 Speedmart",2021,2021-04,"April",1,6.9,-1,100
"EcoShip Sdn Bhd","ACTIVE","Petaling Jaya 88 Speedmart",2021,2021-05,"May",3,20.7,-1.3,100
"EcoShip Sdn Bhd","ACTIVE","Petaling Jaya 88 Speedmart",2021,2021-08,"August",3,14.7,-.7,66.7
"EcoShip Sdn Bhd","ACTIVE","Petaling Jaya 88 Speedmart",2021,2021-10,"October",1,4.9,-3,100
"EcoShip Sdn Bhd","ACTIVE","Petaling Jaya 88 Speedmart",2021,2021-11,"November",3,14.7,-1,100
"EcoShip Sdn Bhd","ACTIVE","Petaling Jaya 88 Speedmart",2021,2021-12,"December",4,21.6,-1.8,100
"EcoShip Sdn Bhd","ACTIVE","Petaling Jaya 88 Speedmart",2022,2022-01,"January",1,4.9,0,100
"EcoShip Sdn Bhd","ACTIVE","Petaling Jaya 88 Speedmart",2022,2022-02,"February",2,9.8,-1,100
"EcoShip Sdn Bhd","ACTIVE","Petaling Jaya 88 Speedmart",2022,2022-03,"March",4,19.6,-2,100
"EcoShip Sdn Bhd","ACTIVE","Petaling Jaya 88 Speedmart",2022,2022-05,"May",4,19.6,.3,50
"EcoShip Sdn Bhd","ACTIVE","Petaling Jaya 88 Speedmart",2022,2022-06,"June",1,4.9,-1,100
"EcoShip Sdn Bhd","ACTIVE","Petaling Jaya 88 Speedmart",2022,2022-07,"July",2,9.8,0,100
"EcoShip Sdn Bhd","ACTIVE","Petaling Jaya 88 Speedmart",2022,2022-08,"August",1,4.9,-3,100
"EcoShip Sdn Bhd","ACTIVE","Petaling Jaya 88 Speedmart",2022,2022-10,"October",1,4.9,-1,100
"EcoShip Sdn Bhd","ACTIVE","Petaling Jaya 88 Speedmart",2022,2022-12,"December",4,19.6,-.3,50
"EcoShip Sdn Bhd","ACTIVE","Petaling Jaya 88 Speedmart",2023,2023-02,"February",3,18.7,-1.3,100
"EcoShip Sdn Bhd","ACTIVE","Petaling Jaya 88 Speedmart",2023,2023-03,"March",1,6.9,-1,100
"EcoShip Sdn Bhd","ACTIVE","Petaling Jaya 88 Speedmart",2023,2023-06,"June",1,4.9,-1,100
"EcoShip Sdn Bhd","ACTIVE","Petaling Jaya 88 Speedmart",2023,2023-07,"July",1,4.9,-3,100
"EcoShip Sdn Bhd","ACTIVE","Petaling Jaya 88 Speedmart",2023,2023-09,"September",1,4.9,1,0
"EcoShip Sdn Bhd","ACTIVE","Petaling Jaya 88 Speedmart",2023,2023-10,"October",1,4.9,-1,100
"EcoShip Sdn Bhd","ACTIVE","Petaling Jaya 88 Speedmart",2023,2023-12,"December",2,13.8,-1.5,100
"EcoShip Sdn Bhd","ACTIVE","Petaling Jaya 88 Speedmart",2024,2024-02,"February",2,9.8,-1,100
"EcoShip Sdn Bhd","ACTIVE","Petaling Jaya 88 Speedmart",2024,2024-05,"May",1,4.9,-2,100
"EcoShip Sdn Bhd","ACTIVE","Petaling Jaya 88 Speedmart",2024,2024-06,"June",3,20.7,-.3,66.7
"EcoShip Sdn Bhd","ACTIVE","Petaling Jaya 88 Speedmart",2024,2024-07,"July",3,20.7,-1.3,100
"EcoShip Sdn Bhd","ACTIVE","Petaling Jaya 88 Speedmart",2024,2024-08,"August",1,4.9,-2,100
"EcoShip Sdn Bhd","ACTIVE","Petaling Jaya 88 Speedmart",2024,2024-09,"September",2,13.8,-2,100
"EcoShip Sdn Bhd","ACTIVE","Petaling Jaya 88 Speedmart",2024,2024-10,"October",1,4.9,-1,100
"EcoShip Sdn Bhd","ACTIVE","Petaling Jaya 88 Speedmart",2024,2024-11,"November",1,4.9,1,0
"EcoShip Sdn Bhd","ACTIVE","Petaling Jaya 88 Speedmart",2024,2024-12,"December",1,4.9,-2,100
"EcoShip Sdn Bhd","ACTIVE","Petaling Jaya 88 Speedmart",2025,2025-01,"January",1,4.9,-2,100
"EcoShip Sdn Bhd","ACTIVE","Petaling Jaya 88 Speedmart",2025,2025-02,"February",1,4.9,-2,100
"EcoShip Sdn Bhd","ACTIVE","Petaling Jaya 88 Speedmart",2025,2025-03,"March",1,6.9,-1,100
"EcoShip Sdn Bhd","ACTIVE","Petaling Jaya 88 Speedmart",2025,2025-04,"April",2,9.8,-1,100
"EcoShip Sdn Bhd","ACTIVE","Petaling Jaya 88 Speedmart",2025,2025-05,"May",1,6.9,-1,100
"EcoShip Sdn Bhd","ACTIVE","Petaling Jaya 88 Speedmart",2025,2025-06,"June",1,4.9,0,100
"EcoShip Sdn Bhd","ACTIVE","Petaling Jaya 88 Speedmart",2025,2025-07,"July",1,8.9,-2,100
"EcoShip Sdn Bhd","ACTIVE","Petaling Jaya 88 Speedmart",2025,2025-08,"August",1,4.9,-1,100
"EcoShip Sdn Bhd","ACTIVE","Petaling Jaya 88 Speedmart",2025,2025-09,"September",1,4.9,-3,100
"EcoShip Sdn Bhd","ACTIVE","Petaling Jaya 88 Speedmart",2025,2025-10,"October",1,4.9,-2,100
"EcoShip Sdn Bhd","ACTIVE","Petaling Jaya 88 Speedmart",2025,2025-11,"November",1,4.9,-1,100
"EcoShip Sdn Bhd","ACTIVE","Petaling Jaya 88 Speedmart",2025,2025-12,"December",1,4.9,-3,100
"EcoShip Sdn Bhd","ACTIVE","Petaling Jaya 88 Speedmart",2026,2026-01,"January",1,4.9,-2,100
"EcoShip Sdn Bhd","ACTIVE","Petaling Jaya 88 Speedmart",2026,2026-02,"February",2,9.8,-.5,100
"EcoShip Sdn Bhd","ACTIVE","Petaling Jaya 88 Speedmart",2026,2026-05,"May",1,4.9,0,100
"EcoShip Sdn Bhd","ACTIVE","Petaling Jaya 88 Speedmart",2026,2026-06,"June",1,4.9,-3,100
"EcoShip Sdn Bhd","ACTIVE","Seremban 88 Speedmart",2022,2022-01,"January",3,14.7,-1.3,100
"EcoShip Sdn Bhd","ACTIVE","Seremban 88 Speedmart",2022,2022-03,"March",1,6.9,-3,100
"EcoShip Sdn Bhd","ACTIVE","Seremban 88 Speedmart",2022,2022-08,"August",1,4.9,-3,100
"EcoShip Sdn Bhd","ACTIVE","Seremban 88 Speedmart",2022,2022-10,"October",2,9.8,-.5,100
"EcoShip Sdn Bhd","ACTIVE","Seremban 88 Speedmart",2022,2022-11,"November",3,20.7,-1.3,100
"EcoShip Sdn Bhd","ACTIVE","Seremban 88 Speedmart",2022,2022-12,"December",4,19.6,-.3,75
"EcoShip Sdn Bhd","ACTIVE","Seremban 88 Speedmart",2023,2023-01,"January",4,19.6,-1.8,100
"EcoShip Sdn Bhd","ACTIVE","Seremban 88 Speedmart",2023,2023-02,"February",2,9.8,-1,100
"EcoShip Sdn Bhd","ACTIVE","Seremban 88 Speedmart",2023,2023-03,"March",2,9.8,-.5,100
"EcoShip Sdn Bhd","ACTIVE","Seremban 88 Speedmart",2023,2023-04,"April",2,9.8,-.5,100
"EcoShip Sdn Bhd","ACTIVE","Seremban 88 Speedmart",2023,2023-05,"May",1,4.9,-1,100
"EcoShip Sdn Bhd","ACTIVE","Seremban 88 Speedmart",2023,2023-06,"June",1,4.9,-1,100
"EcoShip Sdn Bhd","ACTIVE","Seremban 88 Speedmart",2023,2023-07,"July",1,4.9,-2,100
"EcoShip Sdn Bhd","ACTIVE","Seremban 88 Speedmart",2023,2023-08,"August",1,4.9,0,100
"EcoShip Sdn Bhd","ACTIVE","Seremban 88 Speedmart",2023,2023-09,"September",1,4.9,-1,100
"EcoShip Sdn Bhd","ACTIVE","Seremban 88 Speedmart",2023,2023-11,"November",5,24.5,-1,80
"EcoShip Sdn Bhd","ACTIVE","Seremban 88 Speedmart",2023,2023-12,"December",6,33.4,-1.2,100
"EcoShip Sdn Bhd","ACTIVE","Seremban 88 Speedmart",2024,2024-01,"January",1,4.9,-1,100
"EcoShip Sdn Bhd","ACTIVE","Seremban 88 Speedmart",2024,2024-02,"February",2,9.8,-1,100
"EcoShip Sdn Bhd","ACTIVE","Seremban 88 Speedmart",2024,2024-03,"March",1,6.9,-2,100
"EcoShip Sdn Bhd","ACTIVE","Seremban 88 Speedmart",2024,2024-05,"May",1,4.9,0,100
"EcoShip Sdn Bhd","ACTIVE","Seremban 88 Speedmart",2024,2024-07,"July",1,4.9,1,0
"EcoShip Sdn Bhd","ACTIVE","Seremban 88 Speedmart",2024,2024-09,"September",1,4.9,-2,100
"EcoShip Sdn Bhd","ACTIVE","Seremban 88 Speedmart",2024,2024-10,"October",1,4.9,0,100
"EcoShip Sdn Bhd","ACTIVE","Seremban 88 Speedmart",2024,2024-11,"November",3,14.7,-1.3,100
"EcoShip Sdn Bhd","ACTIVE","Seremban 88 Speedmart",2024,2024-12,"December",3,14.7,-1.3,100
"EcoShip Sdn Bhd","ACTIVE","Seremban 88 Speedmart",2025,2025-01,"January",5,26.5,-.8,100
"EcoShip Sdn Bhd","ACTIVE","Seremban 88 Speedmart",2025,2025-02,"February",3,14.7,-1.3,100
"EcoShip Sdn Bhd","ACTIVE","Seremban 88 Speedmart",2025,2025-03,"March",1,4.9,0,100
"EcoShip Sdn Bhd","ACTIVE","Seremban 88 Speedmart",2025,2025-04,"April",1,4.9,0,100
"EcoShip Sdn Bhd","ACTIVE","Seremban 88 Speedmart",2025,2025-08,"August",2,9.8,-1.5,100
"EcoShip Sdn Bhd","ACTIVE","Seremban 88 Speedmart",2025,2025-09,"September",2,9.8,-.5,100
"EcoShip Sdn Bhd","ACTIVE","Seremban 88 Speedmart",2025,2025-10,"October",3,18.7,-1.7,100
"EcoShip Sdn Bhd","ACTIVE","Seremban 88 Speedmart",2025,2025-11,"November",4,19.6,-1.3,100
"EcoShip Sdn Bhd","ACTIVE","Seremban 88 Speedmart",2025,2025-12,"December",2,13.8,0,100
"EcoShip Sdn Bhd","ACTIVE","Seremban 88 Speedmart",2026,2026-01,"January",1,4.9,-1,100
"EcoShip Sdn Bhd","ACTIVE","Seremban 88 Speedmart",2026,2026-02,"February",3,14.7,-.7,66.7
"EcoShip Sdn Bhd","ACTIVE","Seremban 88 Speedmart",2026,2026-03,"March",1,4.9,-1,100
"EcoShip Sdn Bhd","ACTIVE","Seremban 88 Speedmart",2026,2026-05,"May",2,13.8,0,50
"EcoShip Sdn Bhd","ACTIVE","Seremban 88 Speedmart",2026,2026-06,"June",3,18.7,-.3,100
"EcoShip Sdn Bhd","ACTIVE","Shah Alam 88 Speedmart",2020,2020-10,"October",2,9.8,1,0
"EcoShip Sdn Bhd","ACTIVE","Shah Alam 88 Speedmart",2020,2020-11,"November",3,14.7,-.7,66.7
"EcoShip Sdn Bhd","ACTIVE","Shah Alam 88 Speedmart",2020,2020-12,"December",4,19.6,-.3,75
"EcoShip Sdn Bhd","ACTIVE","Shah Alam 88 Speedmart",2021,2021-01,"January",2,11.8,-3,100
"EcoShip Sdn Bhd","ACTIVE","Shah Alam 88 Speedmart",2021,2021-02,"February",5,24.5,-.6,80
"EcoShip Sdn Bhd","ACTIVE","Shah Alam 88 Speedmart",2021,2021-03,"March",2,9.8,-1,100
"EcoShip Sdn Bhd","ACTIVE","Shah Alam 88 Speedmart",2021,2021-04,"April",2,9.8,-2,100
"EcoShip Sdn Bhd","ACTIVE","Shah Alam 88 Speedmart",2021,2021-06,"June",6,31.4,-1.8,100
"EcoShip Sdn Bhd","ACTIVE","Shah Alam 88 Speedmart",2021,2021-07,"July",2,9.8,-2.5,100
"EcoShip Sdn Bhd","ACTIVE","Shah Alam 88 Speedmart",2021,2021-08,"August",1,8.9,-3,100
"EcoShip Sdn Bhd","ACTIVE","Shah Alam 88 Speedmart",2021,2021-09,"September",1,4.9,0,100
"EcoShip Sdn Bhd","ACTIVE","Shah Alam 88 Speedmart",2021,2021-10,"October",2,11.8,-1.5,100
"EcoShip Sdn Bhd","ACTIVE","Shah Alam 88 Speedmart",2021,2021-11,"November",1,4.9,0,100
"EcoShip Sdn Bhd","ACTIVE","Shah Alam 88 Speedmart",2021,2021-12,"December",5,26.5,-1.2,100
"EcoShip Sdn Bhd","ACTIVE","Shah Alam 88 Speedmart",2022,2022-01,"January",3,14.7,-1.3,100
"EcoShip Sdn Bhd","ACTIVE","Shah Alam 88 Speedmart",2022,2022-04,"April",2,9.8,-1,100
"EcoShip Sdn Bhd","ACTIVE","Shah Alam 88 Speedmart",2022,2022-05,"May",1,4.9,-1,100
"EcoShip Sdn Bhd","ACTIVE","Shah Alam 88 Speedmart",2022,2022-06,"June",6,31.4,-1.2,100
"EcoShip Sdn Bhd","ACTIVE","Shah Alam 88 Speedmart",2022,2022-08,"August",2,9.8,-1.5,100
"EcoShip Sdn Bhd","ACTIVE","Shah Alam 88 Speedmart",2022,2022-09,"September",1,4.9,0,100
"EcoShip Sdn Bhd","ACTIVE","Shah Alam 88 Speedmart",2022,2022-10,"October",3,14.7,-1,66.7
"EcoShip Sdn Bhd","ACTIVE","Shah Alam 88 Speedmart",2022,2022-11,"November",2,9.8,-2,100
"EcoShip Sdn Bhd","ACTIVE","Shah Alam 88 Speedmart",2022,2022-12,"December",2,9.8,-1,100
"EcoShip Sdn Bhd","ACTIVE","Shah Alam 88 Speedmart",2023,2023-02,"February",1,4.9,-2,100
"EcoShip Sdn Bhd","ACTIVE","Shah Alam 88 Speedmart",2023,2023-03,"March",1,4.9,-1,100
"EcoShip Sdn Bhd","ACTIVE","Shah Alam 88 Speedmart",2023,2023-04,"April",2,9.8,-2,100
"EcoShip Sdn Bhd","ACTIVE","Shah Alam 88 Speedmart",2023,2023-05,"May",1,8.9,-2,100
"EcoShip Sdn Bhd","ACTIVE","Shah Alam 88 Speedmart",2023,2023-06,"June",1,4.9,-3,100
"EcoShip Sdn Bhd","ACTIVE","Shah Alam 88 Speedmart",2023,2023-07,"July",1,4.9,0,100
"EcoShip Sdn Bhd","ACTIVE","Shah Alam 88 Speedmart",2023,2023-08,"August",1,6.9,-2,100
"EcoShip Sdn Bhd","ACTIVE","Shah Alam 88 Speedmart",2023,2023-09,"September",1,4.9,0,100
"EcoShip Sdn Bhd","ACTIVE","Shah Alam 88 Speedmart",2023,2023-10,"October",1,4.9,-2,100
"EcoShip Sdn Bhd","ACTIVE","Shah Alam 88 Speedmart",2023,2023-11,"November",3,14.7,-1,100
"EcoShip Sdn Bhd","ACTIVE","Shah Alam 88 Speedmart",2023,2023-12,"December",1,4.9,1,0
"EcoShip Sdn Bhd","ACTIVE","Shah Alam 88 Speedmart",2024,2024-01,"January",1,4.9,0,100
"EcoShip Sdn Bhd","ACTIVE","Shah Alam 88 Speedmart",2024,2024-02,"February",2,13.8,-1.5,100
"EcoShip Sdn Bhd","ACTIVE","Shah Alam 88 Speedmart",2024,2024-05,"May",3,16.7,-2,100
"EcoShip Sdn Bhd","ACTIVE","Shah Alam 88 Speedmart",2024,2024-07,"July",2,13.8,-.5,100
"EcoShip Sdn Bhd","ACTIVE","Shah Alam 88 Speedmart",2024,2024-08,"August",2,9.8,-1.5,100
"EcoShip Sdn Bhd","ACTIVE","Shah Alam 88 Speedmart",2024,2024-09,"September",2,9.8,-1,100
"EcoShip Sdn Bhd","ACTIVE","Shah Alam 88 Speedmart",2024,2024-10,"October",2,9.8,-1,100
"EcoShip Sdn Bhd","ACTIVE","Shah Alam 88 Speedmart",2024,2024-11,"November",2,13.8,-1.5,100
"EcoShip Sdn Bhd","ACTIVE","Shah Alam 88 Speedmart",2024,2024-12,"December",11,63.9,-1.3,81.8
"EcoShip Sdn Bhd","ACTIVE","Shah Alam 88 Speedmart",2025,2025-01,"January",2,9.8,-1.5,100
"EcoShip Sdn Bhd","ACTIVE","Shah Alam 88 Speedmart",2025,2025-02,"February",3,14.7,-1.3,100
"EcoShip Sdn Bhd","ACTIVE","Shah Alam 88 Speedmart",2025,2025-03,"March",2,11.8,-1.5,100
"EcoShip Sdn Bhd","ACTIVE","Shah Alam 88 Speedmart",2025,2025-04,"April",1,4.9,-1,100
"EcoShip Sdn Bhd","ACTIVE","Shah Alam 88 Speedmart",2025,2025-05,"May",2,9.8,-1,100
"EcoShip Sdn Bhd","ACTIVE","Shah Alam 88 Speedmart",2025,2025-06,"June",3,16.7,-.3,100
"EcoShip Sdn Bhd","ACTIVE","Shah Alam 88 Speedmart",2025,2025-07,"July",3,16.7,-2,100
"EcoShip Sdn Bhd","ACTIVE","Shah Alam 88 Speedmart",2025,2025-08,"August",2,9.8,0,50
"EcoShip Sdn Bhd","ACTIVE","Shah Alam 88 Speedmart",2025,2025-09,"September",2,9.8,-1,100
"EcoShip Sdn Bhd","ACTIVE","Shah Alam 88 Speedmart",2025,2025-10,"October",2,11.8,-2,100
"EcoShip Sdn Bhd","ACTIVE","Shah Alam 88 Speedmart",2025,2025-11,"November",2,9.8,-2,100
"EcoShip Sdn Bhd","ACTIVE","Shah Alam 88 Speedmart",2025,2025-12,"December",2,11.8,-1,100
"EcoShip Sdn Bhd","ACTIVE","Shah Alam 88 Speedmart",2026,2026-02,"February",1,4.9,0,100
"EcoShip Sdn Bhd","ACTIVE","Shah Alam 88 Speedmart",2026,2026-03,"March",2,9.8,-2,100
"EcoShip Sdn Bhd","ACTIVE","Shah Alam 88 Speedmart",2026,2026-04,"April",2,9.8,-1,100
"EcoShip Sdn Bhd","ACTIVE","Shah Alam 88 Speedmart",2026,2026-05,"May",6,33.4,-1.5,100
"EcoShip Sdn Bhd","ACTIVE","Shah Alam 88 Speedmart",2026,2026-06,"June",6,29.4,-1.2,100
"FastTrack Delivery","ACTIVE","Ampang 88 Speedmart",2020,2020-01,"January",13,73.7,1.2,38.5
"FastTrack Delivery","ACTIVE","Ampang 88 Speedmart",2020,2020-02,"February",5,28.5,.8,60
"FastTrack Delivery","ACTIVE","Ampang 88 Speedmart",2020,2020-03,"March",2,9.8,1.5,0
"FastTrack Delivery","ACTIVE","Ampang 88 Speedmart",2020,2020-04,"April",2,9.8,0,50
"FastTrack Delivery","ACTIVE","Ampang 88 Speedmart",2020,2020-05,"May",3,14.7,1,33.3
"FastTrack Delivery","ACTIVE","Ampang 88 Speedmart",2020,2020-07,"July",1,4.9,4,0
"FastTrack Delivery","ACTIVE","Ampang 88 Speedmart",2020,2020-08,"August",3,14.7,1.3,33.3
"FastTrack Delivery","ACTIVE","Ampang 88 Speedmart",2020,2020-09,"September",1,4.9,2,0
"FastTrack Delivery","ACTIVE","Ampang 88 Speedmart",2020,2020-11,"November",2,11.8,3,0
"FastTrack Delivery","ACTIVE","Ampang 88 Speedmart",2020,2020-12,"December",6,31.4,1.5,33.3
"FastTrack Delivery","ACTIVE","Ampang 88 Speedmart",2021,2021-01,"January",2,9.8,-1.5,100
"FastTrack Delivery","ACTIVE","Ampang 88 Speedmart",2021,2021-02,"February",2,9.8,-1,100
"FastTrack Delivery","ACTIVE","Ampang 88 Speedmart",2021,2021-04,"April",1,4.9,-1,100
"FastTrack Delivery","ACTIVE","Ampang 88 Speedmart",2021,2021-05,"May",5,24.5,0,40
"FastTrack Delivery","ACTIVE","Ampang 88 Speedmart",2021,2021-06,"June",1,4.9,-1,100
"FastTrack Delivery","ACTIVE","Ampang 88 Speedmart",2021,2021-08,"August",1,4.9,4,0
"FastTrack Delivery","ACTIVE","Ampang 88 Speedmart",2021,2021-10,"October",1,4.9,-3,100
"FastTrack Delivery","ACTIVE","Ampang 88 Speedmart",2021,2021-11,"November",1,4.9,-2,100
"FastTrack Delivery","ACTIVE","Ampang 88 Speedmart",2021,2021-12,"December",3,16.7,1,33.3
"FastTrack Delivery","ACTIVE","Ampang 88 Speedmart",2022,2022-04,"April",1,4.9,1,0
"FastTrack Delivery","ACTIVE","Ampang 88 Speedmart",2022,2022-05,"May",2,11.8,0,50
"FastTrack Delivery","ACTIVE","Ampang 88 Speedmart",2022,2022-09,"September",1,4.9,1,0
"FastTrack Delivery","ACTIVE","Ampang 88 Speedmart",2022,2022-12,"December",3,18.7,-1.7,100
"FastTrack Delivery","ACTIVE","Ampang 88 Speedmart",2023,2023-01,"January",2,9.8,2,0
"FastTrack Delivery","ACTIVE","Ampang 88 Speedmart",2023,2023-03,"March",3,14.7,1,33.3
"FastTrack Delivery","ACTIVE","Ampang 88 Speedmart",2023,2023-05,"May",2,9.8,2,0
"FastTrack Delivery","ACTIVE","Ampang 88 Speedmart",2023,2023-08,"August",1,4.9,0,100
"FastTrack Delivery","ACTIVE","Ampang 88 Speedmart",2023,2023-10,"October",1,4.9,2,0
"FastTrack Delivery","ACTIVE","Ampang 88 Speedmart",2024,2024-01,"January",2,11.8,0,100
"FastTrack Delivery","ACTIVE","Ampang 88 Speedmart",2024,2024-02,"February",2,9.8,-.5,100
"FastTrack Delivery","ACTIVE","Ampang 88 Speedmart",2024,2024-03,"March",2,9.8,-1,100
"FastTrack Delivery","ACTIVE","Ampang 88 Speedmart",2024,2024-05,"May",1,4.9,-2,100
"FastTrack Delivery","ACTIVE","Ampang 88 Speedmart",2024,2024-07,"July",1,4.9,1,0
"FastTrack Delivery","ACTIVE","Ampang 88 Speedmart",2024,2024-08,"August",1,4.9,-2,100
"FastTrack Delivery","ACTIVE","Ampang 88 Speedmart",2024,2024-12,"December",2,13.8,0,50
"FastTrack Delivery","ACTIVE","Ampang 88 Speedmart",2025,2025-03,"March",1,6.9,0,100
"FastTrack Delivery","ACTIVE","Ampang 88 Speedmart",2025,2025-05,"May",1,6.9,-2,100
"FastTrack Delivery","ACTIVE","Ampang 88 Speedmart",2025,2025-06,"June",2,9.8,-.5,100
"FastTrack Delivery","ACTIVE","Ampang 88 Speedmart",2025,2025-07,"July",1,4.9,0,100
"FastTrack Delivery","ACTIVE","Ampang 88 Speedmart",2025,2025-08,"August",1,6.9,2,0
"FastTrack Delivery","ACTIVE","Ampang 88 Speedmart",2025,2025-10,"October",2,9.8,-1,100
"FastTrack Delivery","ACTIVE","Ampang 88 Speedmart",2025,2025-12,"December",3,16.7,.3,66.7
"FastTrack Delivery","ACTIVE","Ampang 88 Speedmart",2026,2026-01,"January",2,9.8,0,100
"FastTrack Delivery","ACTIVE","Ampang 88 Speedmart",2026,2026-02,"February",1,4.9,-3,100
"FastTrack Delivery","ACTIVE","Ampang 88 Speedmart",2026,2026-03,"March",2,9.8,-1.5,100
"FastTrack Delivery","ACTIVE","Ampang 88 Speedmart",2026,2026-05,"May",2,11.8,0,50
"FastTrack Delivery","ACTIVE","Cheras 88 Speedmart",2020,2020-04,"April",4,19.6,2,25
"FastTrack Delivery","ACTIVE","Cheras 88 Speedmart",2020,2020-05,"May",3,14.7,1.3,33.3
"FastTrack Delivery","ACTIVE","Cheras 88 Speedmart",2020,2020-06,"June",4,19.6,1.3,50
"FastTrack Delivery","ACTIVE","Cheras 88 Speedmart",2020,2020-08,"August",1,4.9,-2,100
"FastTrack Delivery","ACTIVE","Cheras 88 Speedmart",2020,2020-09,"September",2,11.8,2,0
"FastTrack Delivery","ACTIVE","Cheras 88 Speedmart",2020,2020-11,"November",2,11.8,1.5,50
"FastTrack Delivery","ACTIVE","Cheras 88 Speedmart",2020,2020-12,"December",2,9.8,1,50
"FastTrack Delivery","ACTIVE","Cheras 88 Speedmart",2021,2021-01,"January",3,14.7,.3,66.7
"FastTrack Delivery","ACTIVE","Cheras 88 Speedmart",2021,2021-02,"February",2,9.8,-1.5,100
"FastTrack Delivery","ACTIVE","Cheras 88 Speedmart",2021,2021-05,"May",1,4.9,2,0
"FastTrack Delivery","ACTIVE","Cheras 88 Speedmart",2021,2021-06,"June",1,4.9,0,100
"FastTrack Delivery","ACTIVE","Cheras 88 Speedmart",2021,2021-07,"July",2,9.8,-1,50
"FastTrack Delivery","ACTIVE","Cheras 88 Speedmart",2021,2021-09,"September",2,9.8,1.5,0
"FastTrack Delivery","ACTIVE","Cheras 88 Speedmart",2021,2021-11,"November",1,4.9,4,0
"FastTrack Delivery","ACTIVE","Cheras 88 Speedmart",2021,2021-12,"December",3,14.7,-.7,66.7
"FastTrack Delivery","ACTIVE","Cheras 88 Speedmart",2022,2022-02,"February",1,4.9,1,0
"FastTrack Delivery","ACTIVE","Cheras 88 Speedmart",2022,2022-05,"May",2,9.8,1.5,50
"FastTrack Delivery","ACTIVE","Cheras 88 Speedmart",2022,2022-06,"June",2,9.8,1.5,0
"FastTrack Delivery","ACTIVE","Cheras 88 Speedmart",2022,2022-08,"August",2,11.8,.5,50
"FastTrack Delivery","ACTIVE","Cheras 88 Speedmart",2022,2022-10,"October",1,6.9,-1,100
"FastTrack Delivery","ACTIVE","Cheras 88 Speedmart",2022,2022-12,"December",3,14.7,0,66.7
"FastTrack Delivery","ACTIVE","Cheras 88 Speedmart",2023,2023-01,"January",1,4.9,1,0
"FastTrack Delivery","ACTIVE","Cheras 88 Speedmart",2023,2023-02,"February",1,4.9,-1,100
"FastTrack Delivery","ACTIVE","Cheras 88 Speedmart",2023,2023-03,"March",1,4.9,2,0
"FastTrack Delivery","ACTIVE","Cheras 88 Speedmart",2023,2023-10,"October",1,4.9,3,0
"FastTrack Delivery","ACTIVE","Cheras 88 Speedmart",2023,2023-11,"November",1,4.9,-1,100
"FastTrack Delivery","ACTIVE","Cheras 88 Speedmart",2023,2023-12,"December",1,4.9,-1,100
"FastTrack Delivery","ACTIVE","Cheras 88 Speedmart",2024,2024-01,"January",2,9.8,0,100
"FastTrack Delivery","ACTIVE","Cheras 88 Speedmart",2024,2024-03,"March",2,9.8,1,50
"FastTrack Delivery","ACTIVE","Cheras 88 Speedmart",2024,2024-04,"April",2,11.8,-1,100
"FastTrack Delivery","ACTIVE","Cheras 88 Speedmart",2024,2024-05,"May",2,9.8,-.5,100
"FastTrack Delivery","ACTIVE","Cheras 88 Speedmart",2024,2024-06,"June",2,9.8,0,50
"FastTrack Delivery","ACTIVE","Cheras 88 Speedmart",2024,2024-11,"November",1,4.9,-1,100
"FastTrack Delivery","ACTIVE","Cheras 88 Speedmart",2024,2024-12,"December",4,19.6,.3,75
"FastTrack Delivery","ACTIVE","Cheras 88 Speedmart",2025,2025-01,"January",3,14.7,.7,33.3
"FastTrack Delivery","ACTIVE","Cheras 88 Speedmart",2025,2025-05,"May",1,4.9,0,100
"FastTrack Delivery","ACTIVE","Cheras 88 Speedmart",2025,2025-07,"July",1,4.9,-1,100
"FastTrack Delivery","ACTIVE","Cheras 88 Speedmart",2025,2025-12,"December",1,4.9,2,0
"FastTrack Delivery","ACTIVE","Cheras 88 Speedmart",2026,2026-01,"January",1,4.9,-1,100
"FastTrack Delivery","ACTIVE","Cheras 88 Speedmart",2026,2026-03,"March",2,9.8,-.5,100
"FastTrack Delivery","ACTIVE","Cheras 88 Speedmart",2026,2026-07,"July",1,6.9,-3,100
"FastTrack Delivery","ACTIVE","George Town 88 Speedmart",2021,2021-10,"October",2,11.8,-1,100
"FastTrack Delivery","ACTIVE","George Town 88 Speedmart",2022,2022-01,"January",2,9.8,-.5,50
"FastTrack Delivery","ACTIVE","George Town 88 Speedmart",2022,2022-03,"March",1,4.9,2,0
"FastTrack Delivery","ACTIVE","George Town 88 Speedmart",2022,2022-06,"June",2,9.8,1.5,50
"FastTrack Delivery","ACTIVE","George Town 88 Speedmart",2022,2022-08,"August",1,4.9,4,0
"FastTrack Delivery","ACTIVE","George Town 88 Speedmart",2022,2022-09,"September",1,6.9,1,0
"FastTrack Delivery","ACTIVE","George Town 88 Speedmart",2022,2022-10,"October",1,4.9,-2,100
"FastTrack Delivery","ACTIVE","George Town 88 Speedmart",2022,2022-11,"November",3,14.7,-1,66.7
"FastTrack Delivery","ACTIVE","George Town 88 Speedmart",2022,2022-12,"December",4,19.6,-.5,75
"FastTrack Delivery","ACTIVE","George Town 88 Speedmart",2023,2023-02,"February",1,4.9,4,0
"FastTrack Delivery","ACTIVE","George Town 88 Speedmart",2023,2023-05,"May",1,4.9,1,0
"FastTrack Delivery","ACTIVE","George Town 88 Speedmart",2023,2023-09,"September",2,9.8,1,50
"FastTrack Delivery","ACTIVE","George Town 88 Speedmart",2023,2023-11,"November",4,19.6,0,75
"FastTrack Delivery","ACTIVE","George Town 88 Speedmart",2024,2024-01,"January",2,11.8,0,100
"FastTrack Delivery","ACTIVE","George Town 88 Speedmart",2024,2024-02,"February",1,4.9,0,100
"FastTrack Delivery","ACTIVE","George Town 88 Speedmart",2024,2024-03,"March",2,9.8,1.5,0
"FastTrack Delivery","ACTIVE","George Town 88 Speedmart",2024,2024-04,"April",2,11.8,2,0
"FastTrack Delivery","ACTIVE","George Town 88 Speedmart",2024,2024-07,"July",2,13.8,-.5,50
"FastTrack Delivery","ACTIVE","George Town 88 Speedmart",2024,2024-08,"August",1,6.9,-3,100
"FastTrack Delivery","ACTIVE","George Town 88 Speedmart",2024,2024-11,"November",1,4.9,-3,100
"FastTrack Delivery","ACTIVE","George Town 88 Speedmart",2025,2025-01,"January",1,6.9,2,0
"FastTrack Delivery","ACTIVE","George Town 88 Speedmart",2025,2025-05,"May",1,6.9,1,0
"FastTrack Delivery","ACTIVE","George Town 88 Speedmart",2025,2025-06,"June",1,4.9,-1,100
"FastTrack Delivery","ACTIVE","George Town 88 Speedmart",2025,2025-07,"July",1,4.9,2,0
"FastTrack Delivery","ACTIVE","George Town 88 Speedmart",2025,2025-08,"August",2,9.8,-.5,100
"FastTrack Delivery","ACTIVE","George Town 88 Speedmart",2025,2025-09,"September",2,9.8,.5,50
"FastTrack Delivery","ACTIVE","George Town 88 Speedmart",2025,2025-11,"November",2,9.8,0,100
"FastTrack Delivery","ACTIVE","George Town 88 Speedmart",2025,2025-12,"December",2,9.8,1,0
"FastTrack Delivery","ACTIVE","George Town 88 Speedmart",2026,2026-02,"February",3,16.7,-1.7,100
"FastTrack Delivery","ACTIVE","George Town 88 Speedmart",2026,2026-03,"March",6,31.4,-.7,100
"FastTrack Delivery","ACTIVE","George Town 88 Speedmart",2026,2026-05,"May",1,4.9,2,0
"FastTrack Delivery","ACTIVE","Ipoh 88 Speedmart",2021,2021-07,"July",1,4.9,-2,100
"FastTrack Delivery","ACTIVE","Ipoh 88 Speedmart",2021,2021-08,"August",2,9.8,-.5,100
"FastTrack Delivery","ACTIVE","Ipoh 88 Speedmart",2021,2021-10,"October",1,4.9,3,0
"FastTrack Delivery","ACTIVE","Ipoh 88 Speedmart",2022,2022-04,"April",1,4.9,-2,100
"FastTrack Delivery","ACTIVE","Ipoh 88 Speedmart",2022,2022-07,"July",3,14.7,1,33.3
"FastTrack Delivery","ACTIVE","Ipoh 88 Speedmart",2022,2022-08,"August",1,4.9,-1,100
"FastTrack Delivery","ACTIVE","Ipoh 88 Speedmart",2022,2022-10,"October",1,8.9,-3,100
"FastTrack Delivery","ACTIVE","Ipoh 88 Speedmart",2022,2022-12,"December",2,9.8,-1.5,100
"FastTrack Delivery","ACTIVE","Ipoh 88 Speedmart",2023,2023-01,"January",2,9.8,-2,100
"FastTrack Delivery","ACTIVE","Ipoh 88 Speedmart",2023,2023-03,"March",1,4.9,3,0
"FastTrack Delivery","ACTIVE","Ipoh 88 Speedmart",2023,2023-06,"June",1,4.9,3,0
"FastTrack Delivery","ACTIVE","Ipoh 88 Speedmart",2023,2023-07,"July",1,4.9,1,0
"FastTrack Delivery","ACTIVE","Ipoh 88 Speedmart",2023,2023-09,"September",2,9.8,0,100
"FastTrack Delivery","ACTIVE","Ipoh 88 Speedmart",2023,2023-10,"October",1,4.9,0,100
"FastTrack Delivery","ACTIVE","Ipoh 88 Speedmart",2023,2023-11,"November",1,4.9,1,0
"FastTrack Delivery","ACTIVE","Ipoh 88 Speedmart",2023,2023-12,"December",2,9.8,-1,50
"FastTrack Delivery","ACTIVE","Ipoh 88 Speedmart",2024,2024-02,"February",1,4.9,-2,100
"FastTrack Delivery","ACTIVE","Ipoh 88 Speedmart",2024,2024-03,"March",1,4.9,2,0
"FastTrack Delivery","ACTIVE","Ipoh 88 Speedmart",2024,2024-06,"June",3,14.7,-.3,66.7
"FastTrack Delivery","ACTIVE","Ipoh 88 Speedmart",2024,2024-07,"July",1,4.9,-1,100
"FastTrack Delivery","ACTIVE","Ipoh 88 Speedmart",2024,2024-09,"September",1,6.9,1,0
"FastTrack Delivery","ACTIVE","Ipoh 88 Speedmart",2025,2025-02,"February",1,4.9,-1,100
"FastTrack Delivery","ACTIVE","Ipoh 88 Speedmart",2025,2025-05,"May",1,4.9,1,0
"FastTrack Delivery","ACTIVE","Ipoh 88 Speedmart",2025,2025-08,"August",2,9.8,1.5,0
"FastTrack Delivery","ACTIVE","Ipoh 88 Speedmart",2025,2025-10,"October",1,4.9,0,100
"FastTrack Delivery","ACTIVE","Ipoh 88 Speedmart",2025,2025-11,"November",3,14.7,0,66.7
"FastTrack Delivery","ACTIVE","Ipoh 88 Speedmart",2026,2026-01,"January",1,4.9,-2,100
"FastTrack Delivery","ACTIVE","Ipoh 88 Speedmart",2026,2026-02,"February",1,8.9,0,100
"FastTrack Delivery","ACTIVE","Ipoh 88 Speedmart",2026,2026-04,"April",1,6.9,-2,100
"FastTrack Delivery","ACTIVE","Ipoh 88 Speedmart",2026,2026-05,"May",1,4.9,-1,100
"FastTrack Delivery","ACTIVE","Ipoh 88 Speedmart",2026,2026-06,"June",2,11.8,.5,50
"FastTrack Delivery","ACTIVE","Johor Bahru 88 Speedmart",2021,2021-06,"June",4,21.6,-.5,50
"FastTrack Delivery","ACTIVE","Johor Bahru 88 Speedmart",2021,2021-07,"July",3,16.7,-1,66.7
"FastTrack Delivery","ACTIVE","Johor Bahru 88 Speedmart",2021,2021-09,"September",1,4.9,2,0
"FastTrack Delivery","ACTIVE","Johor Bahru 88 Speedmart",2021,2021-10,"October",1,4.9,2,0
"FastTrack Delivery","ACTIVE","Johor Bahru 88 Speedmart",2021,2021-11,"November",1,4.9,3,0
"FastTrack Delivery","ACTIVE","Johor Bahru 88 Speedmart",2022,2022-03,"March",1,4.9,-3,100
"FastTrack Delivery","ACTIVE","Johor Bahru 88 Speedmart",2022,2022-08,"August",2,9.8,-1,100
"FastTrack Delivery","ACTIVE","Johor Bahru 88 Speedmart",2022,2022-10,"October",2,11.8,1.5,50
"FastTrack Delivery","ACTIVE","Johor Bahru 88 Speedmart",2022,2022-11,"November",1,4.9,3,0
"FastTrack Delivery","ACTIVE","Johor Bahru 88 Speedmart",2022,2022-12,"December",2,9.8,-.5,50
"FastTrack Delivery","ACTIVE","Johor Bahru 88 Speedmart",2023,2023-01,"January",2,9.8,.5,50
"FastTrack Delivery","ACTIVE","Johor Bahru 88 Speedmart",2023,2023-04,"April",1,4.9,0,100
"FastTrack Delivery","ACTIVE","Johor Bahru 88 Speedmart",2023,2023-06,"June",1,4.9,0,100
"FastTrack Delivery","ACTIVE","Johor Bahru 88 Speedmart",2023,2023-07,"July",1,4.9,-2,100
"FastTrack Delivery","ACTIVE","Johor Bahru 88 Speedmart",2023,2023-09,"September",2,11.8,2,0
"FastTrack Delivery","ACTIVE","Johor Bahru 88 Speedmart",2023,2023-10,"October",1,4.9,1,0
"FastTrack Delivery","ACTIVE","Johor Bahru 88 Speedmart",2023,2023-12,"December",1,4.9,-2,100
"FastTrack Delivery","ACTIVE","Johor Bahru 88 Speedmart",2024,2024-02,"February",1,4.9,-2,100
"FastTrack Delivery","ACTIVE","Johor Bahru 88 Speedmart",2024,2024-06,"June",1,4.9,1,0
"FastTrack Delivery","ACTIVE","Johor Bahru 88 Speedmart",2024,2024-08,"August",1,4.9,2,0
"FastTrack Delivery","ACTIVE","Johor Bahru 88 Speedmart",2024,2024-10,"October",3,14.7,0,33.3
"FastTrack Delivery","ACTIVE","Johor Bahru 88 Speedmart",2024,2024-12,"December",3,14.7,-1.3,100
"FastTrack Delivery","ACTIVE","Johor Bahru 88 Speedmart",2025,2025-01,"January",3,14.7,.7,66.7
"FastTrack Delivery","ACTIVE","Johor Bahru 88 Speedmart",2025,2025-02,"February",2,13.8,1.5,0
"FastTrack Delivery","ACTIVE","Johor Bahru 88 Speedmart",2025,2025-03,"March",1,4.9,-1,100
"FastTrack Delivery","ACTIVE","Johor Bahru 88 Speedmart",2025,2025-05,"May",1,6.9,-3,100
"FastTrack Delivery","ACTIVE","Johor Bahru 88 Speedmart",2025,2025-06,"June",1,6.9,0,100
"FastTrack Delivery","ACTIVE","Johor Bahru 88 Speedmart",2025,2025-12,"December",5,24.5,-.2,60
"FastTrack Delivery","ACTIVE","Johor Bahru 88 Speedmart",2026,2026-03,"March",1,4.9,-1,100
"FastTrack Delivery","ACTIVE","Johor Bahru 88 Speedmart",2026,2026-04,"April",2,11.8,1,50
"FastTrack Delivery","ACTIVE","Johor Bahru 88 Speedmart",2026,2026-05,"May",1,4.9,-1,100
"FastTrack Delivery","ACTIVE","Johor Bahru 88 Speedmart",2026,2026-06,"June",2,9.8,1.5,0
"FastTrack Delivery","ACTIVE","Klang 88 Speedmart",2021,2021-02,"February",3,14.7,2,33.3
"FastTrack Delivery","ACTIVE","Klang 88 Speedmart",2021,2021-03,"March",2,9.8,-1,100
"FastTrack Delivery","ACTIVE","Klang 88 Speedmart",2021,2021-04,"April",2,9.8,.5,50
"FastTrack Delivery","ACTIVE","Klang 88 Speedmart",2021,2021-06,"June",2,13.8,.5,50
"FastTrack Delivery","ACTIVE","Klang 88 Speedmart",2021,2021-07,"July",1,4.9,-1,100
"FastTrack Delivery","ACTIVE","Klang 88 Speedmart",2021,2021-11,"November",1,4.9,0,100
"FastTrack Delivery","ACTIVE","Klang 88 Speedmart",2021,2021-12,"December",1,8.9,3,0
"FastTrack Delivery","ACTIVE","Klang 88 Speedmart",2022,2022-01,"January",1,4.9,-2,100
"FastTrack Delivery","ACTIVE","Klang 88 Speedmart",2022,2022-05,"May",1,4.9,-2,100
"FastTrack Delivery","ACTIVE","Klang 88 Speedmart",2022,2022-06,"June",1,4.9,2,0
"FastTrack Delivery","ACTIVE","Klang 88 Speedmart",2022,2022-09,"September",2,9.8,1,50
"FastTrack Delivery","ACTIVE","Klang 88 Speedmart",2022,2022-10,"October",3,14.7,-1.3,100
"FastTrack Delivery","ACTIVE","Klang 88 Speedmart",2022,2022-11,"November",1,4.9,1,0
"FastTrack Delivery","ACTIVE","Klang 88 Speedmart",2022,2022-12,"December",2,9.8,1,50
"FastTrack Delivery","ACTIVE","Klang 88 Speedmart",2023,2023-02,"February",1,4.9,2,0
"FastTrack Delivery","ACTIVE","Klang 88 Speedmart",2023,2023-03,"March",3,16.7,1.3,33.3
"FastTrack Delivery","ACTIVE","Klang 88 Speedmart",2023,2023-08,"August",2,11.8,1,0
"FastTrack Delivery","ACTIVE","Klang 88 Speedmart",2023,2023-10,"October",1,4.9,-1,100
"FastTrack Delivery","ACTIVE","Klang 88 Speedmart",2024,2024-01,"January",1,4.9,0,100
"FastTrack Delivery","ACTIVE","Klang 88 Speedmart",2024,2024-02,"February",1,4.9,0,100
"FastTrack Delivery","ACTIVE","Klang 88 Speedmart",2024,2024-03,"March",1,4.9,1,0
"FastTrack Delivery","ACTIVE","Klang 88 Speedmart",2024,2024-04,"April",1,4.9,2,0
"FastTrack Delivery","ACTIVE","Klang 88 Speedmart",2024,2024-05,"May",1,4.9,-1,100
"FastTrack Delivery","ACTIVE","Klang 88 Speedmart",2024,2024-07,"July",1,4.9,0,100
"FastTrack Delivery","ACTIVE","Klang 88 Speedmart",2024,2024-08,"August",1,4.9,1,0
"FastTrack Delivery","ACTIVE","Klang 88 Speedmart",2024,2024-10,"October",1,4.9,1,0
"FastTrack Delivery","ACTIVE","Klang 88 Speedmart",2024,2024-12,"December",3,14.7,.7,33.3
"FastTrack Delivery","ACTIVE","Klang 88 Speedmart",2025,2025-02,"February",1,4.9,-1,100
"FastTrack Delivery","ACTIVE","Klang 88 Speedmart",2025,2025-04,"April",1,4.9,0,100
"FastTrack Delivery","ACTIVE","Klang 88 Speedmart",2025,2025-05,"May",1,4.9,0,100
"FastTrack Delivery","ACTIVE","Klang 88 Speedmart",2025,2025-09,"September",2,9.8,1.5,50
"FastTrack Delivery","ACTIVE","Klang 88 Speedmart",2025,2025-11,"November",1,4.9,-1,100
"FastTrack Delivery","ACTIVE","Klang 88 Speedmart",2025,2025-12,"December",2,11.8,-.5,50
"FastTrack Delivery","ACTIVE","Klang 88 Speedmart",2026,2026-01,"January",2,11.8,-1,100
"FastTrack Delivery","ACTIVE","Klang 88 Speedmart",2026,2026-02,"February",4,19.6,-1.5,100
"FastTrack Delivery","ACTIVE","Klang 88 Speedmart",2026,2026-06,"June",1,6.9,-1,100
"FastTrack Delivery","ACTIVE","Kota Kinabalu 88 Speedmart",2023,2023-03,"March",1,6.9,1,0
"FastTrack Delivery","ACTIVE","Kota Kinabalu 88 Speedmart",2023,2023-04,"April",3,16.7,.3,33.3
"FastTrack Delivery","ACTIVE","Kota Kinabalu 88 Speedmart",2023,2023-06,"June",2,9.8,1,50
"FastTrack Delivery","ACTIVE","Kota Kinabalu 88 Speedmart",2023,2023-07,"July",1,4.9,-1,100
"FastTrack Delivery","ACTIVE","Kota Kinabalu 88 Speedmart",2023,2023-09,"September",1,4.9,1,0
"FastTrack Delivery","ACTIVE","Kota Kinabalu 88 Speedmart",2023,2023-10,"October",2,9.8,1,50
"FastTrack Delivery","ACTIVE","Kota Kinabalu 88 Speedmart",2023,2023-11,"November",2,9.8,-.5,50
"FastTrack Delivery","ACTIVE","Kota Kinabalu 88 Speedmart",2024,2024-04,"April",4,19.6,-1.8,100
"FastTrack Delivery","ACTIVE","Kota Kinabalu 88 Speedmart",2024,2024-07,"July",1,4.9,0,100
"FastTrack Delivery","ACTIVE","Kota Kinabalu 88 Speedmart",2024,2024-08,"August",1,4.9,0,100
"FastTrack Delivery","ACTIVE","Kota Kinabalu 88 Speedmart",2024,2024-11,"November",3,14.7,-1.3,100
"FastTrack Delivery","ACTIVE","Kota Kinabalu 88 Speedmart",2025,2025-02,"February",1,4.9,-3,100
"FastTrack Delivery","ACTIVE","Kota Kinabalu 88 Speedmart",2025,2025-03,"March",1,8.9,-1,100
"FastTrack Delivery","ACTIVE","Kota Kinabalu 88 Speedmart",2025,2025-04,"April",1,4.9,2,0
"FastTrack Delivery","ACTIVE","Kota Kinabalu 88 Speedmart",2025,2025-08,"August",2,9.8,-2,100
"FastTrack Delivery","ACTIVE","Kota Kinabalu 88 Speedmart",2025,2025-11,"November",3,14.7,0,66.7
"FastTrack Delivery","ACTIVE","Kota Kinabalu 88 Speedmart",2025,2025-12,"December",3,16.7,-1.3,100
"FastTrack Delivery","ACTIVE","Kota Kinabalu 88 Speedmart",2026,2026-01,"January",1,4.9,-2,100
"FastTrack Delivery","ACTIVE","Kota Kinabalu 88 Speedmart",2026,2026-02,"February",3,14.7,0,66.7
"FastTrack Delivery","ACTIVE","Kota Kinabalu 88 Speedmart",2026,2026-03,"March",1,4.9,-2,100
"FastTrack Delivery","ACTIVE","Kota Kinabalu 88 Speedmart",2026,2026-06,"June",1,4.9,0,100
"FastTrack Delivery","ACTIVE","Kuching 88 Speedmart",2023,2023-07,"July",1,4.9,2,0
"FastTrack Delivery","ACTIVE","Kuching 88 Speedmart",2023,2023-08,"August",2,15.8,1.5,0
"FastTrack Delivery","ACTIVE","Kuching 88 Speedmart",2023,2023-10,"October",1,4.9,1,0
"FastTrack Delivery","ACTIVE","Kuching 88 Speedmart",2023,2023-11,"November",1,4.9,2,0
"FastTrack Delivery","ACTIVE","Kuching 88 Speedmart",2023,2023-12,"December",1,4.9,1,0
"FastTrack Delivery","ACTIVE","Kuching 88 Speedmart",2024,2024-02,"February",1,4.9,2,0
"FastTrack Delivery","ACTIVE","Kuching 88 Speedmart",2024,2024-04,"April",2,9.8,-1,100
"FastTrack Delivery","ACTIVE","Kuching 88 Speedmart",2024,2024-08,"August",1,4.9,1,0
"FastTrack Delivery","ACTIVE","Kuching 88 Speedmart",2024,2024-10,"October",1,4.9,-1,100
"FastTrack Delivery","ACTIVE","Kuching 88 Speedmart",2024,2024-12,"December",2,9.8,.5,50
"FastTrack Delivery","ACTIVE","Kuching 88 Speedmart",2025,2025-01,"January",1,4.9,0,100
"FastTrack Delivery","ACTIVE","Kuching 88 Speedmart",2025,2025-02,"February",1,4.9,-2,100
"FastTrack Delivery","ACTIVE","Kuching 88 Speedmart",2025,2025-04,"April",1,4.9,2,0
"FastTrack Delivery","ACTIVE","Kuching 88 Speedmart",2025,2025-05,"May",1,4.9,-2,100
"FastTrack Delivery","ACTIVE","Kuching 88 Speedmart",2025,2025-06,"June",1,4.9,-1,100
"FastTrack Delivery","ACTIVE","Kuching 88 Speedmart",2025,2025-08,"August",4,21.6,-.5,50
"FastTrack Delivery","ACTIVE","Melaka 88 Speedmart",2022,2022-06,"June",1,4.9,0,100
"FastTrack Delivery","ACTIVE","Melaka 88 Speedmart",2022,2022-10,"October",1,4.9,-3,100
"FastTrack Delivery","ACTIVE","Melaka 88 Speedmart",2022,2022-12,"December",3,14.7,0,66.7
"FastTrack Delivery","ACTIVE","Melaka 88 Speedmart",2023,2023-01,"January",1,4.9,-1,100
"FastTrack Delivery","ACTIVE","Melaka 88 Speedmart",2023,2023-04,"April",1,4.9,0,100
"FastTrack Delivery","ACTIVE","Melaka 88 Speedmart",2023,2023-07,"July",1,4.9,-3,100
"FastTrack Delivery","ACTIVE","Melaka 88 Speedmart",2023,2023-08,"August",1,4.9,-2,100
"FastTrack Delivery","ACTIVE","Melaka 88 Speedmart",2023,2023-09,"September",1,4.9,1,0
"FastTrack Delivery","ACTIVE","Melaka 88 Speedmart",2023,2023-10,"October",1,8.9,0,100
"FastTrack Delivery","ACTIVE","Melaka 88 Speedmart",2024,2024-01,"January",3,14.7,-.3,66.7
"FastTrack Delivery","ACTIVE","Melaka 88 Speedmart",2024,2024-03,"March",2,9.8,0,50
"FastTrack Delivery","ACTIVE","Melaka 88 Speedmart",2024,2024-06,"June",1,4.9,0,100
"FastTrack Delivery","ACTIVE","Melaka 88 Speedmart",2024,2024-09,"September",2,13.8,0,50
"FastTrack Delivery","ACTIVE","Melaka 88 Speedmart",2024,2024-11,"November",1,4.9,3,0
"FastTrack Delivery","ACTIVE","Melaka 88 Speedmart",2024,2024-12,"December",3,22.7,-1.3,66.7
"FastTrack Delivery","ACTIVE","Melaka 88 Speedmart",2025,2025-01,"January",1,4.9,-2,100
"FastTrack Delivery","ACTIVE","Melaka 88 Speedmart",2025,2025-02,"February",1,4.9,1,0
"FastTrack Delivery","ACTIVE","Melaka 88 Speedmart",2025,2025-03,"March",1,4.9,-3,100
"FastTrack Delivery","ACTIVE","Melaka 88 Speedmart",2025,2025-04,"April",2,9.8,0,50
"FastTrack Delivery","ACTIVE","Melaka 88 Speedmart",2025,2025-05,"May",2,11.8,-2,100
"FastTrack Delivery","ACTIVE","Melaka 88 Speedmart",2025,2025-07,"July",1,6.9,0,100
"FastTrack Delivery","ACTIVE","Melaka 88 Speedmart",2025,2025-08,"August",1,4.9,-2,100
"FastTrack Delivery","ACTIVE","Melaka 88 Speedmart",2025,2025-11,"November",2,11.8,-.5,50
"FastTrack Delivery","ACTIVE","Melaka 88 Speedmart",2026,2026-01,"January",1,8.9,-1,100
"FastTrack Delivery","ACTIVE","Melaka 88 Speedmart",2026,2026-02,"February",1,6.9,-1,100
"FastTrack Delivery","ACTIVE","Melaka 88 Speedmart",2026,2026-03,"March",1,4.9,-1,100
"FastTrack Delivery","ACTIVE","Melaka 88 Speedmart",2026,2026-05,"May",1,4.9,-1,100
"FastTrack Delivery","ACTIVE","Petaling Jaya 88 Speedmart",2020,2020-07,"July",1,6.9,6,0
"FastTrack Delivery","ACTIVE","Petaling Jaya 88 Speedmart",2020,2020-08,"August",2,9.8,1,50
"FastTrack Delivery","ACTIVE","Petaling Jaya 88 Speedmart",2020,2020-09,"September",3,14.7,2,0
"FastTrack Delivery","ACTIVE","Petaling Jaya 88 Speedmart",2020,2020-10,"October",1,4.9,3,0
"FastTrack Delivery","ACTIVE","Petaling Jaya 88 Speedmart",2020,2020-11,"November",2,9.8,-1,100
"FastTrack Delivery","ACTIVE","Petaling Jaya 88 Speedmart",2020,2020-12,"December",2,11.8,1,0
"FastTrack Delivery","ACTIVE","Petaling Jaya 88 Speedmart",2021,2021-02,"February",2,9.8,2.5,0
"FastTrack Delivery","ACTIVE","Petaling Jaya 88 Speedmart",2021,2021-05,"May",1,4.9,-2,100
"FastTrack Delivery","ACTIVE","Petaling Jaya 88 Speedmart",2021,2021-06,"June",1,6.9,1,0
"FastTrack Delivery","ACTIVE","Petaling Jaya 88 Speedmart",2021,2021-07,"July",3,14.7,.7,66.7
"FastTrack Delivery","ACTIVE","Petaling Jaya 88 Speedmart",2021,2021-09,"September",1,4.9,1,0
"FastTrack Delivery","ACTIVE","Petaling Jaya 88 Speedmart",2021,2021-10,"October",4,21.6,-.5,75
"FastTrack Delivery","ACTIVE","Petaling Jaya 88 Speedmart",2021,2021-11,"November",1,4.9,0,100
"FastTrack Delivery","ACTIVE","Petaling Jaya 88 Speedmart",2021,2021-12,"December",4,23.6,0,50
"FastTrack Delivery","ACTIVE","Petaling Jaya 88 Speedmart",2022,2022-01,"January",1,8.9,0,100
"FastTrack Delivery","ACTIVE","Petaling Jaya 88 Speedmart",2022,2022-04,"April",1,4.9,-2,100
"FastTrack Delivery","ACTIVE","Petaling Jaya 88 Speedmart",2022,2022-05,"May",1,4.9,1,0
"FastTrack Delivery","ACTIVE","Petaling Jaya 88 Speedmart",2022,2022-06,"June",1,4.9,0,100
"FastTrack Delivery","ACTIVE","Petaling Jaya 88 Speedmart",2022,2022-07,"July",2,9.8,-1,100
"FastTrack Delivery","ACTIVE","Petaling Jaya 88 Speedmart",2022,2022-08,"August",2,9.8,.5,50
"FastTrack Delivery","ACTIVE","Petaling Jaya 88 Speedmart",2022,2022-09,"September",1,4.9,2,0
"FastTrack Delivery","ACTIVE","Petaling Jaya 88 Speedmart",2022,2022-10,"October",2,9.8,-1.5,100
"FastTrack Delivery","ACTIVE","Petaling Jaya 88 Speedmart",2022,2022-12,"December",4,23.6,-.3,50
"FastTrack Delivery","ACTIVE","Petaling Jaya 88 Speedmart",2023,2023-06,"June",1,4.9,4,0
"FastTrack Delivery","ACTIVE","Petaling Jaya 88 Speedmart",2023,2023-11,"November",1,4.9,-1,100
"FastTrack Delivery","ACTIVE","Petaling Jaya 88 Speedmart",2024,2024-01,"January",1,6.9,-2,100
"FastTrack Delivery","ACTIVE","Petaling Jaya 88 Speedmart",2024,2024-04,"April",1,4.9,-1,100
"FastTrack Delivery","ACTIVE","Petaling Jaya 88 Speedmart",2024,2024-06,"June",4,19.6,0,50
"FastTrack Delivery","ACTIVE","Petaling Jaya 88 Speedmart",2024,2024-07,"July",2,11.8,.5,50
"FastTrack Delivery","ACTIVE","Petaling Jaya 88 Speedmart",2024,2024-08,"August",2,9.8,0,50
"FastTrack Delivery","ACTIVE","Petaling Jaya 88 Speedmart",2024,2024-12,"December",3,16.7,-.7,66.7
"FastTrack Delivery","ACTIVE","Petaling Jaya 88 Speedmart",2025,2025-05,"May",1,4.9,0,100
"FastTrack Delivery","ACTIVE","Petaling Jaya 88 Speedmart",2025,2025-06,"June",3,16.7,0,66.7
"FastTrack Delivery","ACTIVE","Petaling Jaya 88 Speedmart",2026,2026-01,"January",3,16.7,-1,100
"FastTrack Delivery","ACTIVE","Petaling Jaya 88 Speedmart",2026,2026-02,"February",1,4.9,0,100
"FastTrack Delivery","ACTIVE","Petaling Jaya 88 Speedmart",2026,2026-03,"March",1,4.9,-2,100
"FastTrack Delivery","ACTIVE","Petaling Jaya 88 Speedmart",2026,2026-05,"May",1,4.9,0,100
"FastTrack Delivery","ACTIVE","Petaling Jaya 88 Speedmart",2026,2026-06,"June",2,9.8,-2,100
"FastTrack Delivery","ACTIVE","Seremban 88 Speedmart",2022,2022-02,"February",1,4.9,1,0
"FastTrack Delivery","ACTIVE","Seremban 88 Speedmart",2022,2022-03,"March",1,4.9,-1,100
"FastTrack Delivery","ACTIVE","Seremban 88 Speedmart",2022,2022-04,"April",2,9.8,.5,50
"FastTrack Delivery","ACTIVE","Seremban 88 Speedmart",2022,2022-05,"May",1,4.9,0,100
"FastTrack Delivery","ACTIVE","Seremban 88 Speedmart",2022,2022-07,"July",1,6.9,2,0
"FastTrack Delivery","ACTIVE","Seremban 88 Speedmart",2022,2022-09,"September",3,16.7,2.7,0
"FastTrack Delivery","ACTIVE","Seremban 88 Speedmart",2023,2023-01,"January",2,9.8,.5,50
"FastTrack Delivery","ACTIVE","Seremban 88 Speedmart",2023,2023-03,"March",1,4.9,-1,100
"FastTrack Delivery","ACTIVE","Seremban 88 Speedmart",2023,2023-06,"June",1,4.9,-2,100
"FastTrack Delivery","ACTIVE","Seremban 88 Speedmart",2023,2023-08,"August",3,16.7,-.3,100
"FastTrack Delivery","ACTIVE","Seremban 88 Speedmart",2023,2023-09,"September",1,4.9,-1,100
"FastTrack Delivery","ACTIVE","Seremban 88 Speedmart",2023,2023-10,"October",2,9.8,2,0
"FastTrack Delivery","ACTIVE","Seremban 88 Speedmart",2023,2023-12,"December",1,4.9,1,0
"FastTrack Delivery","ACTIVE","Seremban 88 Speedmart",2024,2024-02,"February",1,4.9,-2,100
"FastTrack Delivery","ACTIVE","Seremban 88 Speedmart",2024,2024-03,"March",1,4.9,0,100
"FastTrack Delivery","ACTIVE","Seremban 88 Speedmart",2024,2024-04,"April",1,4.9,-2,100
"FastTrack Delivery","ACTIVE","Seremban 88 Speedmart",2024,2024-06,"June",1,6.9,2,0
"FastTrack Delivery","ACTIVE","Seremban 88 Speedmart",2024,2024-07,"July",1,4.9,1,0
"FastTrack Delivery","ACTIVE","Seremban 88 Speedmart",2024,2024-08,"August",1,4.9,1,0
"FastTrack Delivery","ACTIVE","Seremban 88 Speedmart",2024,2024-11,"November",2,9.8,-.5,50
"FastTrack Delivery","ACTIVE","Seremban 88 Speedmart",2024,2024-12,"December",1,4.9,0,100
"FastTrack Delivery","ACTIVE","Seremban 88 Speedmart",2025,2025-01,"January",2,13.8,1.5,0
"FastTrack Delivery","ACTIVE","Seremban 88 Speedmart",2025,2025-03,"March",2,13.8,0,100
"FastTrack Delivery","ACTIVE","Seremban 88 Speedmart",2025,2025-05,"May",1,4.9,2,0
"FastTrack Delivery","ACTIVE","Seremban 88 Speedmart",2025,2025-06,"June",1,4.9,2,0
"FastTrack Delivery","ACTIVE","Seremban 88 Speedmart",2025,2025-08,"August",1,4.9,0,100
"FastTrack Delivery","ACTIVE","Seremban 88 Speedmart",2025,2025-10,"October",1,4.9,-1,100
"FastTrack Delivery","ACTIVE","Seremban 88 Speedmart",2025,2025-12,"December",4,21.6,-1,75
"FastTrack Delivery","ACTIVE","Seremban 88 Speedmart",2026,2026-02,"February",2,11.8,-2,100
"FastTrack Delivery","ACTIVE","Seremban 88 Speedmart",2026,2026-03,"March",3,14.7,-1.3,100
"FastTrack Delivery","ACTIVE","Seremban 88 Speedmart",2026,2026-04,"April",1,8.9,-2,100
"FastTrack Delivery","ACTIVE","Shah Alam 88 Speedmart",2020,2020-10,"October",3,14.7,1.3,66.7
"FastTrack Delivery","ACTIVE","Shah Alam 88 Speedmart",2020,2020-11,"November",1,4.9,5,0
"FastTrack Delivery","ACTIVE","Shah Alam 88 Speedmart",2021,2021-02,"February",1,4.9,3,0
"FastTrack Delivery","ACTIVE","Shah Alam 88 Speedmart",2021,2021-05,"May",1,6.9,1,0
"FastTrack Delivery","ACTIVE","Shah Alam 88 Speedmart",2021,2021-07,"July",1,6.9,3,0
"FastTrack Delivery","ACTIVE","Shah Alam 88 Speedmart",2021,2021-11,"November",1,4.9,1,0
"FastTrack Delivery","ACTIVE","Shah Alam 88 Speedmart",2021,2021-12,"December",1,4.9,-2,100
"FastTrack Delivery","ACTIVE","Shah Alam 88 Speedmart",2022,2022-01,"January",1,4.9,0,100
"FastTrack Delivery","ACTIVE","Shah Alam 88 Speedmart",2022,2022-04,"April",1,4.9,-1,100
"FastTrack Delivery","ACTIVE","Shah Alam 88 Speedmart",2022,2022-06,"June",1,4.9,2,0
"FastTrack Delivery","ACTIVE","Shah Alam 88 Speedmart",2022,2022-07,"July",3,16.7,-.7,100
"FastTrack Delivery","ACTIVE","Shah Alam 88 Speedmart",2022,2022-08,"August",1,4.9,0,100
"FastTrack Delivery","ACTIVE","Shah Alam 88 Speedmart",2022,2022-09,"September",1,4.9,4,0
"FastTrack Delivery","ACTIVE","Shah Alam 88 Speedmart",2022,2022-10,"October",1,4.9,-2,100
"FastTrack Delivery","ACTIVE","Shah Alam 88 Speedmart",2022,2022-12,"December",4,23.6,.5,50
"FastTrack Delivery","ACTIVE","Shah Alam 88 Speedmart",2023,2023-01,"January",1,6.9,2,0
"FastTrack Delivery","ACTIVE","Shah Alam 88 Speedmart",2023,2023-03,"March",1,4.9,4,0
"FastTrack Delivery","ACTIVE","Shah Alam 88 Speedmart",2023,2023-04,"April",1,8.9,2,0
"FastTrack Delivery","ACTIVE","Shah Alam 88 Speedmart",2023,2023-06,"June",2,9.8,.5,50
"FastTrack Delivery","ACTIVE","Shah Alam 88 Speedmart",2023,2023-08,"August",1,4.9,0,100
"FastTrack Delivery","ACTIVE","Shah Alam 88 Speedmart",2023,2023-11,"November",4,19.6,.5,25
"FastTrack Delivery","ACTIVE","Shah Alam 88 Speedmart",2023,2023-12,"December",1,4.9,-2,100
"FastTrack Delivery","ACTIVE","Shah Alam 88 Speedmart",2024,2024-02,"February",1,4.9,-2,100
"FastTrack Delivery","ACTIVE","Shah Alam 88 Speedmart",2024,2024-03,"March",1,4.9,-1,100
"FastTrack Delivery","ACTIVE","Shah Alam 88 Speedmart",2024,2024-05,"May",1,4.9,-1,100
"FastTrack Delivery","ACTIVE","Shah Alam 88 Speedmart",2024,2024-10,"October",3,16.7,0,100
"FastTrack Delivery","ACTIVE","Shah Alam 88 Speedmart",2024,2024-11,"November",1,4.9,1,0
"FastTrack Delivery","ACTIVE","Shah Alam 88 Speedmart",2024,2024-12,"December",3,16.7,-1.3,100
"FastTrack Delivery","ACTIVE","Shah Alam 88 Speedmart",2025,2025-01,"January",4,23.6,0,100
"FastTrack Delivery","ACTIVE","Shah Alam 88 Speedmart",2025,2025-03,"March",1,4.9,-3,100
"FastTrack Delivery","ACTIVE","Shah Alam 88 Speedmart",2025,2025-04,"April",1,4.9,2,0
"FastTrack Delivery","ACTIVE","Shah Alam 88 Speedmart",2025,2025-06,"June",2,13.8,-1,100
"FastTrack Delivery","ACTIVE","Shah Alam 88 Speedmart",2025,2025-08,"August",2,9.8,-.5,50
"FastTrack Delivery","ACTIVE","Shah Alam 88 Speedmart",2025,2025-12,"December",4,23.6,0,50
"FastTrack Delivery","ACTIVE","Shah Alam 88 Speedmart",2026,2026-01,"January",2,11.8,.5,50
"FastTrack Delivery","ACTIVE","Shah Alam 88 Speedmart",2026,2026-04,"April",1,6.9,-2,100
"FastTrack Delivery","ACTIVE","Shah Alam 88 Speedmart",2026,2026-05,"May",2,9.8,1,0
"Heritage Transport","INACTIVE","Ampang 88 Speedmart",2020,2020-01,"January",7,40.3,1.1,28.6
"Heritage Transport","INACTIVE","Ampang 88 Speedmart",2020,2020-02,"February",3,14.7,1.7,0
"Heritage Transport","INACTIVE","Ampang 88 Speedmart",2020,2020-03,"March",6,29.4,.5,33.3
"Heritage Transport","INACTIVE","Ampang 88 Speedmart",2020,2020-04,"April",2,9.8,3,0
"Heritage Transport","INACTIVE","Ampang 88 Speedmart",2020,2020-05,"May",3,14.7,3.7,0
"Heritage Transport","INACTIVE","Ampang 88 Speedmart",2020,2020-06,"June",6,29.4,2.3,33.3
"Heritage Transport","INACTIVE","Ampang 88 Speedmart",2020,2020-07,"July",2,9.8,2,50
"Heritage Transport","INACTIVE","Ampang 88 Speedmart",2020,2020-08,"August",1,4.9,3,0
"Heritage Transport","INACTIVE","Ampang 88 Speedmart",2020,2020-09,"September",1,8.9,3,0
"Heritage Transport","INACTIVE","Ampang 88 Speedmart",2020,2020-11,"November",1,4.9,0,100
"Heritage Transport","INACTIVE","Ampang 88 Speedmart",2021,2021-01,"January",1,4.9,0,100
"Heritage Transport","INACTIVE","Ampang 88 Speedmart",2021,2021-02,"February",3,14.7,1.3,33.3
"Heritage Transport","INACTIVE","Ampang 88 Speedmart",2021,2021-03,"March",3,14.7,1,33.3
"Heritage Transport","INACTIVE","Ampang 88 Speedmart",2021,2021-04,"April",1,4.9,3,0
"Heritage Transport","INACTIVE","Ampang 88 Speedmart",2021,2021-05,"May",2,9.8,-.5,50
"Heritage Transport","INACTIVE","Ampang 88 Speedmart",2021,2021-06,"June",1,4.9,1,0
"Heritage Transport","INACTIVE","Ampang 88 Speedmart",2021,2021-07,"July",1,4.9,4,0
"Heritage Transport","INACTIVE","Ampang 88 Speedmart",2021,2021-09,"September",1,4.9,0,100
"Heritage Transport","INACTIVE","Ampang 88 Speedmart",2021,2021-11,"November",1,4.9,3,0
"Heritage Transport","INACTIVE","Ampang 88 Speedmart",2021,2021-12,"December",2,11.8,1.5,0
"Heritage Transport","INACTIVE","Ampang 88 Speedmart",2022,2022-01,"January",1,4.9,3,0
"Heritage Transport","INACTIVE","Ampang 88 Speedmart",2022,2022-03,"March",1,4.9,1,0
"Heritage Transport","INACTIVE","Ampang 88 Speedmart",2022,2022-04,"April",1,8.9,2,0
"Heritage Transport","INACTIVE","Ampang 88 Speedmart",2022,2022-06,"June",1,4.9,0,100
"Heritage Transport","INACTIVE","Ampang 88 Speedmart",2022,2022-09,"September",2,9.8,-1.5,100
"Heritage Transport","INACTIVE","Ampang 88 Speedmart",2022,2022-10,"October",3,18.7,0,66.7
"Heritage Transport","INACTIVE","Ampang 88 Speedmart",2022,2022-11,"November",1,4.9,-2,100
"Heritage Transport","INACTIVE","Ampang 88 Speedmart",2022,2022-12,"December",1,4.9,-3,100
"Heritage Transport","INACTIVE","Ampang 88 Speedmart",2023,2023-01,"January",1,4.9,1,0
"Heritage Transport","INACTIVE","Ampang 88 Speedmart",2023,2023-04,"April",1,6.9,4,0
"Heritage Transport","INACTIVE","Ampang 88 Speedmart",2023,2023-06,"June",1,4.9,-2,100
"Heritage Transport","INACTIVE","Ampang 88 Speedmart",2023,2023-07,"July",1,4.9,1,0
"Heritage Transport","INACTIVE","Ampang 88 Speedmart",2023,2023-09,"September",1,4.9,2,0
"Heritage Transport","INACTIVE","Ampang 88 Speedmart",2023,2023-10,"October",1,4.9,1,0
"Heritage Transport","INACTIVE","Ampang 88 Speedmart",2023,2023-11,"November",1,4.9,-1,100
"Heritage Transport","INACTIVE","Ampang 88 Speedmart",2023,2023-12,"December",2,9.8,3,0
"Heritage Transport","INACTIVE","Ampang 88 Speedmart",2024,2024-01,"January",2,9.8,-1.5,100
"Heritage Transport","INACTIVE","Ampang 88 Speedmart",2024,2024-03,"March",2,13.8,-2,100
"Heritage Transport","INACTIVE","Ampang 88 Speedmart",2024,2024-05,"May",2,11.8,-1,100
"Heritage Transport","INACTIVE","Ampang 88 Speedmart",2024,2024-08,"August",2,9.8,.5,50
"Heritage Transport","INACTIVE","Ampang 88 Speedmart",2024,2024-10,"October",2,9.8,0,100
"Heritage Transport","INACTIVE","Cheras 88 Speedmart",2020,2020-04,"April",2,11.8,3.5,0
"Heritage Transport","INACTIVE","Cheras 88 Speedmart",2020,2020-05,"May",8,41.2,1.4,37.5
"Heritage Transport","INACTIVE","Cheras 88 Speedmart",2020,2020-06,"June",2,13.8,0,50
"Heritage Transport","INACTIVE","Cheras 88 Speedmart",2020,2020-07,"July",3,14.7,1,33.3
"Heritage Transport","INACTIVE","Cheras 88 Speedmart",2020,2020-08,"August",6,35.4,2.3,0
"Heritage Transport","INACTIVE","Cheras 88 Speedmart",2020,2020-10,"October",2,11.8,2.5,50
"Heritage Transport","INACTIVE","Cheras 88 Speedmart",2020,2020-11,"November",4,21.6,2.3,0
"Heritage Transport","INACTIVE","Cheras 88 Speedmart",2020,2020-12,"December",4,19.6,2.5,25
"Heritage Transport","INACTIVE","Cheras 88 Speedmart",2021,2021-02,"February",3,16.7,.7,33.3
"Heritage Transport","INACTIVE","Cheras 88 Speedmart",2021,2021-03,"March",2,9.8,1,0
"Heritage Transport","INACTIVE","Cheras 88 Speedmart",2021,2021-04,"April",2,9.8,1.5,0
"Heritage Transport","INACTIVE","Cheras 88 Speedmart",2021,2021-05,"May",1,4.9,3,0
"Heritage Transport","INACTIVE","Cheras 88 Speedmart",2021,2021-06,"June",1,4.9,3,0
"Heritage Transport","INACTIVE","Cheras 88 Speedmart",2021,2021-07,"July",1,4.9,-2,100
"Heritage Transport","INACTIVE","Cheras 88 Speedmart",2021,2021-08,"August",1,4.9,-2,100
"Heritage Transport","INACTIVE","Cheras 88 Speedmart",2021,2021-10,"October",4,21.6,2,0
"Heritage Transport","INACTIVE","Cheras 88 Speedmart",2021,2021-11,"November",3,16.7,2,33.3
"Heritage Transport","INACTIVE","Cheras 88 Speedmart",2021,2021-12,"December",1,4.9,-1,100
"Heritage Transport","INACTIVE","Cheras 88 Speedmart",2022,2022-01,"January",1,6.9,1,0
"Heritage Transport","INACTIVE","Cheras 88 Speedmart",2022,2022-02,"February",1,4.9,-1,100
"Heritage Transport","INACTIVE","Cheras 88 Speedmart",2022,2022-03,"March",1,6.9,-2,100
"Heritage Transport","INACTIVE","Cheras 88 Speedmart",2022,2022-06,"June",1,4.9,3,0
"Heritage Transport","INACTIVE","Cheras 88 Speedmart",2022,2022-07,"July",1,4.9,-1,100
"Heritage Transport","INACTIVE","Cheras 88 Speedmart",2022,2022-10,"October",1,4.9,-2,100
"Heritage Transport","INACTIVE","Cheras 88 Speedmart",2022,2022-11,"November",3,14.7,.3,66.7
"Heritage Transport","INACTIVE","Cheras 88 Speedmart",2022,2022-12,"December",2,9.8,1,0
"Heritage Transport","INACTIVE","Cheras 88 Speedmart",2023,2023-01,"January",3,16.7,.7,33.3
"Heritage Transport","INACTIVE","Cheras 88 Speedmart",2023,2023-02,"February",2,11.8,2.5,0
"Heritage Transport","INACTIVE","Cheras 88 Speedmart",2023,2023-03,"March",3,14.7,0,66.7
"Heritage Transport","INACTIVE","Cheras 88 Speedmart",2023,2023-04,"April",2,11.8,2,0
"Heritage Transport","INACTIVE","Cheras 88 Speedmart",2023,2023-06,"June",1,6.9,1,0
"Heritage Transport","INACTIVE","Cheras 88 Speedmart",2023,2023-09,"September",1,4.9,2,0
"Heritage Transport","INACTIVE","Cheras 88 Speedmart",2023,2023-10,"October",3,16.7,.7,33.3
"Heritage Transport","INACTIVE","Cheras 88 Speedmart",2023,2023-11,"November",2,11.8,1,50
"Heritage Transport","INACTIVE","Cheras 88 Speedmart",2023,2023-12,"December",1,4.9,-3,100
"Heritage Transport","INACTIVE","Cheras 88 Speedmart",2024,2024-02,"February",1,4.9,-1,100
"Heritage Transport","INACTIVE","Cheras 88 Speedmart",2024,2024-10,"October",1,6.9,-1,100
"Heritage Transport","INACTIVE","George Town 88 Speedmart",2021,2021-10,"October",1,4.9,1,0
"Heritage Transport","INACTIVE","George Town 88 Speedmart",2021,2021-11,"November",1,6.9,2,0
"Heritage Transport","INACTIVE","George Town 88 Speedmart",2022,2022-07,"July",2,9.8,1.5,50
"Heritage Transport","INACTIVE","George Town 88 Speedmart",2022,2022-08,"August",1,4.9,1,0
"Heritage Transport","INACTIVE","George Town 88 Speedmart",2022,2022-09,"September",3,14.7,0,66.7
"Heritage Transport","INACTIVE","George Town 88 Speedmart",2022,2022-11,"November",2,9.8,.5,50
"Heritage Transport","INACTIVE","George Town 88 Speedmart",2022,2022-12,"December",1,4.9,0,100
"Heritage Transport","INACTIVE","George Town 88 Speedmart",2023,2023-03,"March",1,4.9,0,100
"Heritage Transport","INACTIVE","George Town 88 Speedmart",2023,2023-05,"May",1,4.9,2,0
"Heritage Transport","INACTIVE","George Town 88 Speedmart",2023,2023-11,"November",1,4.9,1,0
"Heritage Transport","INACTIVE","George Town 88 Speedmart",2024,2024-01,"January",2,9.8,0,50
"Heritage Transport","INACTIVE","George Town 88 Speedmart",2024,2024-02,"February",2,9.8,.5,50
"Heritage Transport","INACTIVE","George Town 88 Speedmart",2024,2024-03,"March",1,4.9,1,0
"Heritage Transport","INACTIVE","George Town 88 Speedmart",2024,2024-04,"April",1,4.9,-2,100
"Heritage Transport","INACTIVE","George Town 88 Speedmart",2024,2024-05,"May",2,9.8,1,0
"Heritage Transport","INACTIVE","George Town 88 Speedmart",2024,2024-06,"June",1,4.9,-2,100
"Heritage Transport","INACTIVE","Ipoh 88 Speedmart",2021,2021-08,"August",3,14.7,-.3,66.7
"Heritage Transport","INACTIVE","Ipoh 88 Speedmart",2021,2021-09,"September",4,19.6,.5,50
"Heritage Transport","INACTIVE","Ipoh 88 Speedmart",2021,2021-10,"October",1,4.9,-1,100
"Heritage Transport","INACTIVE","Ipoh 88 Speedmart",2021,2021-12,"December",4,19.6,.8,50
"Heritage Transport","INACTIVE","Ipoh 88 Speedmart",2022,2022-04,"April",1,4.9,0,100
"Heritage Transport","INACTIVE","Ipoh 88 Speedmart",2022,2022-05,"May",1,4.9,2,0
"Heritage Transport","INACTIVE","Ipoh 88 Speedmart",2022,2022-07,"July",1,4.9,1,0
"Heritage Transport","INACTIVE","Ipoh 88 Speedmart",2022,2022-11,"November",1,4.9,-1,100
"Heritage Transport","INACTIVE","Ipoh 88 Speedmart",2023,2023-06,"June",2,13.8,0,100
"Heritage Transport","INACTIVE","Ipoh 88 Speedmart",2023,2023-07,"July",2,11.8,-2,100
"Heritage Transport","INACTIVE","Ipoh 88 Speedmart",2023,2023-08,"August",2,11.8,-1.5,100
"Heritage Transport","INACTIVE","Ipoh 88 Speedmart",2023,2023-11,"November",2,9.8,-1,100
"Heritage Transport","INACTIVE","Ipoh 88 Speedmart",2024,2024-02,"February",1,4.9,0,100
"Heritage Transport","INACTIVE","Ipoh 88 Speedmart",2024,2024-03,"March",1,4.9,-1,100
"Heritage Transport","INACTIVE","Ipoh 88 Speedmart",2024,2024-09,"September",1,4.9,0,100
"Heritage Transport","INACTIVE","Ipoh 88 Speedmart",2024,2024-10,"October",1,6.9,1,0
"Heritage Transport","INACTIVE","Ipoh 88 Speedmart",2024,2024-11,"November",2,9.8,1.5,50
"Heritage Transport","INACTIVE","Johor Bahru 88 Speedmart",2021,2021-04,"April",1,6.9,2,0
"Heritage Transport","INACTIVE","Johor Bahru 88 Speedmart",2021,2021-06,"June",1,4.9,-1,100
"Heritage Transport","INACTIVE","Johor Bahru 88 Speedmart",2021,2021-09,"September",1,4.9,2,0
"Heritage Transport","INACTIVE","Johor Bahru 88 Speedmart",2022,2022-09,"September",1,4.9,-2,100
"Heritage Transport","INACTIVE","Johor Bahru 88 Speedmart",2022,2022-11,"November",2,9.8,-1,100
"Heritage Transport","INACTIVE","Johor Bahru 88 Speedmart",2022,2022-12,"December",1,4.9,2,0
"Heritage Transport","INACTIVE","Johor Bahru 88 Speedmart",2023,2023-01,"January",1,4.9,1,0
"Heritage Transport","INACTIVE","Johor Bahru 88 Speedmart",2023,2023-04,"April",3,14.7,-1,100
"Heritage Transport","INACTIVE","Johor Bahru 88 Speedmart",2023,2023-06,"June",1,4.9,3,0
"Heritage Transport","INACTIVE","Johor Bahru 88 Speedmart",2023,2023-09,"September",1,4.9,0,100
"Heritage Transport","INACTIVE","Johor Bahru 88 Speedmart",2023,2023-10,"October",2,9.8,0,50
"Heritage Transport","INACTIVE","Johor Bahru 88 Speedmart",2023,2023-11,"November",2,11.8,1,50
"Heritage Transport","INACTIVE","Johor Bahru 88 Speedmart",2023,2023-12,"December",1,4.9,2,0
"Heritage Transport","INACTIVE","Johor Bahru 88 Speedmart",2024,2024-04,"April",1,4.9,0,100
"Heritage Transport","INACTIVE","Johor Bahru 88 Speedmart",2024,2024-05,"May",1,4.9,-3,100
"Heritage Transport","INACTIVE","Johor Bahru 88 Speedmart",2024,2024-07,"July",2,9.8,-1,100
"Heritage Transport","INACTIVE","Johor Bahru 88 Speedmart",2024,2024-09,"September",1,4.9,-3,100
"Heritage Transport","INACTIVE","Johor Bahru 88 Speedmart",2025,2025-03,"March",1,4.9,1,0
"Heritage Transport","INACTIVE","Johor Bahru 88 Speedmart",2025,2025-04,"April",1,4.9,-2,100
"Heritage Transport","INACTIVE","Klang 88 Speedmart",2021,2021-01,"January",1,4.9,-1,100
"Heritage Transport","INACTIVE","Klang 88 Speedmart",2021,2021-02,"February",1,4.9,2,0
"Heritage Transport","INACTIVE","Klang 88 Speedmart",2021,2021-03,"March",3,16.7,.3,66.7
"Heritage Transport","INACTIVE","Klang 88 Speedmart",2021,2021-04,"April",3,16.7,1,66.7
"Heritage Transport","INACTIVE","Klang 88 Speedmart",2021,2021-05,"May",1,4.9,1,0
"Heritage Transport","INACTIVE","Klang 88 Speedmart",2021,2021-07,"July",2,9.8,2,50
"Heritage Transport","INACTIVE","Klang 88 Speedmart",2021,2021-08,"August",1,4.9,3,0
"Heritage Transport","INACTIVE","Klang 88 Speedmart",2021,2021-10,"October",1,4.9,0,100
"Heritage Transport","INACTIVE","Klang 88 Speedmart",2021,2021-12,"December",2,9.8,2,0
"Heritage Transport","INACTIVE","Klang 88 Speedmart",2022,2022-01,"January",1,4.9,2,0
"Heritage Transport","INACTIVE","Klang 88 Speedmart",2022,2022-02,"February",2,9.8,-.5,100
"Heritage Transport","INACTIVE","Klang 88 Speedmart",2022,2022-05,"May",1,4.9,2,0
"Heritage Transport","INACTIVE","Klang 88 Speedmart",2022,2022-06,"June",2,9.8,-2.5,100
"Heritage Transport","INACTIVE","Klang 88 Speedmart",2022,2022-07,"July",1,4.9,1,0
"Heritage Transport","INACTIVE","Klang 88 Speedmart",2022,2022-11,"November",2,11.8,.5,50
"Heritage Transport","INACTIVE","Klang 88 Speedmart",2022,2022-12,"December",1,4.9,4,0
"Heritage Transport","INACTIVE","Klang 88 Speedmart",2023,2023-05,"May",2,9.8,2.5,0
"Heritage Transport","INACTIVE","Klang 88 Speedmart",2023,2023-07,"July",1,4.9,-3,100
"Heritage Transport","INACTIVE","Klang 88 Speedmart",2023,2023-08,"August",2,13.8,1,50
"Heritage Transport","INACTIVE","Klang 88 Speedmart",2023,2023-09,"September",1,4.9,3,0
"Heritage Transport","INACTIVE","Klang 88 Speedmart",2023,2023-10,"October",1,4.9,-1,100
"Heritage Transport","INACTIVE","Klang 88 Speedmart",2023,2023-11,"November",3,16.7,.3,66.7
"Heritage Transport","INACTIVE","Klang 88 Speedmart",2023,2023-12,"December",1,6.9,-3,100
"Heritage Transport","INACTIVE","Klang 88 Speedmart",2024,2024-01,"January",1,4.9,-1,100
"Heritage Transport","INACTIVE","Klang 88 Speedmart",2024,2024-03,"March",1,4.9,2,0
"Heritage Transport","INACTIVE","Klang 88 Speedmart",2024,2024-05,"May",2,9.8,0,50
"Heritage Transport","INACTIVE","Klang 88 Speedmart",2024,2024-06,"June",1,4.9,-3,100
"Heritage Transport","INACTIVE","Klang 88 Speedmart",2024,2024-10,"October",1,4.9,0,100
"Heritage Transport","INACTIVE","Kota Kinabalu 88 Speedmart",2023,2023-01,"January",1,4.9,0,100
"Heritage Transport","INACTIVE","Kota Kinabalu 88 Speedmart",2023,2023-03,"March",1,4.9,1,0
"Heritage Transport","INACTIVE","Kota Kinabalu 88 Speedmart",2023,2023-06,"June",1,6.9,1,0
"Heritage Transport","INACTIVE","Kota Kinabalu 88 Speedmart",2023,2023-08,"August",2,9.8,-.5,50
"Heritage Transport","INACTIVE","Kota Kinabalu 88 Speedmart",2023,2023-11,"November",2,9.8,0,100
"Heritage Transport","INACTIVE","Kota Kinabalu 88 Speedmart",2023,2023-12,"December",2,9.8,-1.5,100
"Heritage Transport","INACTIVE","Kota Kinabalu 88 Speedmart",2024,2024-01,"January",2,9.8,.5,50
"Heritage Transport","INACTIVE","Kota Kinabalu 88 Speedmart",2024,2024-03,"March",1,4.9,1,0
"Heritage Transport","INACTIVE","Kota Kinabalu 88 Speedmart",2024,2024-04,"April",1,4.9,-2,100
"Heritage Transport","INACTIVE","Kota Kinabalu 88 Speedmart",2024,2024-07,"July",1,4.9,-2,100
"Heritage Transport","INACTIVE","Kota Kinabalu 88 Speedmart",2024,2024-08,"August",1,4.9,1,0
"Heritage Transport","INACTIVE","Kota Kinabalu 88 Speedmart",2024,2024-09,"September",1,4.9,0,100
"Heritage Transport","INACTIVE","Kuching 88 Speedmart",2023,2023-08,"August",1,4.9,1,0
"Heritage Transport","INACTIVE","Kuching 88 Speedmart",2023,2023-09,"September",1,4.9,1,0
"Heritage Transport","INACTIVE","Kuching 88 Speedmart",2023,2023-10,"October",1,4.9,2,0
"Heritage Transport","INACTIVE","Kuching 88 Speedmart",2023,2023-12,"December",3,18.7,-.7,100
"Heritage Transport","INACTIVE","Kuching 88 Speedmart",2024,2024-04,"April",4,23.6,0,75
"Heritage Transport","INACTIVE","Kuching 88 Speedmart",2024,2024-07,"July",1,4.9,1,0
"Heritage Transport","INACTIVE","Kuching 88 Speedmart",2024,2024-09,"September",1,6.9,-1,100
"Heritage Transport","INACTIVE","Kuching 88 Speedmart",2024,2024-10,"October",1,4.9,1,0
"Heritage Transport","INACTIVE","Kuching 88 Speedmart",2025,2025-01,"January",1,4.9,0,100
"Heritage Transport","INACTIVE","Melaka 88 Speedmart",2022,2022-07,"July",1,6.9,0,100
"Heritage Transport","INACTIVE","Melaka 88 Speedmart",2022,2022-10,"October",1,4.9,2,0
"Heritage Transport","INACTIVE","Melaka 88 Speedmart",2022,2022-11,"November",1,4.9,0,100
"Heritage Transport","INACTIVE","Melaka 88 Speedmart",2022,2022-12,"December",1,6.9,1,0
"Heritage Transport","INACTIVE","Melaka 88 Speedmart",2023,2023-01,"January",1,4.9,0,100
"Heritage Transport","INACTIVE","Melaka 88 Speedmart",2023,2023-08,"August",1,4.9,-2,100
"Heritage Transport","INACTIVE","Melaka 88 Speedmart",2023,2023-09,"September",1,4.9,2,0
"Heritage Transport","INACTIVE","Melaka 88 Speedmart",2023,2023-10,"October",1,4.9,-1,100
"Heritage Transport","INACTIVE","Melaka 88 Speedmart",2024,2024-02,"February",1,4.9,-1,100
"Heritage Transport","INACTIVE","Melaka 88 Speedmart",2024,2024-03,"March",2,11.8,-.5,50
"Heritage Transport","INACTIVE","Melaka 88 Speedmart",2024,2024-04,"April",1,4.9,3,0
"Heritage Transport","INACTIVE","Melaka 88 Speedmart",2024,2024-08,"August",1,4.9,2,0
"Heritage Transport","INACTIVE","Melaka 88 Speedmart",2024,2024-11,"November",1,4.9,2,0
"Heritage Transport","INACTIVE","Petaling Jaya 88 Speedmart",2020,2020-07,"July",2,9.8,0,50
"Heritage Transport","INACTIVE","Petaling Jaya 88 Speedmart",2020,2020-10,"October",3,16.7,2.7,0
"Heritage Transport","INACTIVE","Petaling Jaya 88 Speedmart",2020,2020-11,"November",3,14.7,-.7,66.7
"Heritage Transport","INACTIVE","Petaling Jaya 88 Speedmart",2020,2020-12,"December",5,26.5,2.2,20
"Heritage Transport","INACTIVE","Petaling Jaya 88 Speedmart",2021,2021-01,"January",2,11.8,2,50
"Heritage Transport","INACTIVE","Petaling Jaya 88 Speedmart",2021,2021-02,"February",1,4.9,3,0
"Heritage Transport","INACTIVE","Petaling Jaya 88 Speedmart",2021,2021-03,"March",2,9.8,4,0
"Heritage Transport","INACTIVE","Petaling Jaya 88 Speedmart",2021,2021-04,"April",1,4.9,3,0
"Heritage Transport","INACTIVE","Petaling Jaya 88 Speedmart",2021,2021-05,"May",1,4.9,0,100
"Heritage Transport","INACTIVE","Petaling Jaya 88 Speedmart",2021,2021-07,"July",3,14.7,4,0
"Heritage Transport","INACTIVE","Petaling Jaya 88 Speedmart",2021,2021-08,"August",1,4.9,-1,100
"Heritage Transport","INACTIVE","Petaling Jaya 88 Speedmart",2021,2021-12,"December",3,14.7,.3,66.7
"Heritage Transport","INACTIVE","Petaling Jaya 88 Speedmart",2022,2022-03,"March",1,4.9,-3,100
"Heritage Transport","INACTIVE","Petaling Jaya 88 Speedmart",2022,2022-04,"April",1,4.9,-1,100
"Heritage Transport","INACTIVE","Petaling Jaya 88 Speedmart",2022,2022-07,"July",2,9.8,0,50
"Heritage Transport","INACTIVE","Petaling Jaya 88 Speedmart",2022,2022-08,"August",1,4.9,-2,100
"Heritage Transport","INACTIVE","Petaling Jaya 88 Speedmart",2022,2022-12,"December",1,4.9,-1,100
"Heritage Transport","INACTIVE","Petaling Jaya 88 Speedmart",2023,2023-01,"January",1,4.9,3,0
"Heritage Transport","INACTIVE","Petaling Jaya 88 Speedmart",2023,2023-06,"June",1,4.9,1,0
"Heritage Transport","INACTIVE","Petaling Jaya 88 Speedmart",2023,2023-07,"July",1,8.9,0,100
"Heritage Transport","INACTIVE","Petaling Jaya 88 Speedmart",2023,2023-09,"September",1,4.9,2,0
"Heritage Transport","INACTIVE","Petaling Jaya 88 Speedmart",2023,2023-11,"November",2,13.8,-1.5,100
"Heritage Transport","INACTIVE","Petaling Jaya 88 Speedmart",2023,2023-12,"December",3,14.7,.7,33.3
"Heritage Transport","INACTIVE","Petaling Jaya 88 Speedmart",2024,2024-02,"February",1,4.9,0,100
"Heritage Transport","INACTIVE","Petaling Jaya 88 Speedmart",2024,2024-04,"April",1,4.9,-1,100
"Heritage Transport","INACTIVE","Petaling Jaya 88 Speedmart",2024,2024-11,"November",1,4.9,0,100
"Heritage Transport","INACTIVE","Seremban 88 Speedmart",2022,2022-02,"February",2,9.8,0,100
"Heritage Transport","INACTIVE","Seremban 88 Speedmart",2022,2022-04,"April",2,9.8,-1,100
"Heritage Transport","INACTIVE","Seremban 88 Speedmart",2022,2022-07,"July",1,4.9,0,100
"Heritage Transport","INACTIVE","Seremban 88 Speedmart",2022,2022-08,"August",2,11.8,-1,100
"Heritage Transport","INACTIVE","Seremban 88 Speedmart",2022,2022-12,"December",1,4.9,2,0
"Heritage Transport","INACTIVE","Seremban 88 Speedmart",2023,2023-02,"February",1,4.9,1,0
"Heritage Transport","INACTIVE","Seremban 88 Speedmart",2023,2023-03,"March",1,6.9,-2,100
"Heritage Transport","INACTIVE","Seremban 88 Speedmart",2023,2023-04,"April",4,19.6,.3,50
"Heritage Transport","INACTIVE","Seremban 88 Speedmart",2023,2023-07,"July",1,4.9,3,0
"Heritage Transport","INACTIVE","Seremban 88 Speedmart",2023,2023-10,"October",1,4.9,0,100
"Heritage Transport","INACTIVE","Seremban 88 Speedmart",2023,2023-12,"December",3,14.7,1.7,33.3
"Heritage Transport","INACTIVE","Seremban 88 Speedmart",2024,2024-01,"January",2,9.8,.5,50
"Heritage Transport","INACTIVE","Seremban 88 Speedmart",2024,2024-03,"March",1,8.9,-2,100
"Heritage Transport","INACTIVE","Seremban 88 Speedmart",2024,2024-04,"April",2,9.8,1,50
"Heritage Transport","INACTIVE","Seremban 88 Speedmart",2024,2024-05,"May",1,4.9,0,100
"Heritage Transport","INACTIVE","Seremban 88 Speedmart",2024,2024-06,"June",1,4.9,-2,100
"Heritage Transport","INACTIVE","Shah Alam 88 Speedmart",2020,2020-10,"October",1,4.9,0,100
"Heritage Transport","INACTIVE","Shah Alam 88 Speedmart",2020,2020-11,"November",1,4.9,0,100
"Heritage Transport","INACTIVE","Shah Alam 88 Speedmart",2020,2020-12,"December",2,9.8,2.5,50
"Heritage Transport","INACTIVE","Shah Alam 88 Speedmart",2021,2021-01,"January",2,9.8,1.5,0
"Heritage Transport","INACTIVE","Shah Alam 88 Speedmart",2021,2021-03,"March",2,15.8,3,0
"Heritage Transport","INACTIVE","Shah Alam 88 Speedmart",2021,2021-05,"May",1,4.9,3,0
"Heritage Transport","INACTIVE","Shah Alam 88 Speedmart",2021,2021-07,"July",2,9.8,1,50
"Heritage Transport","INACTIVE","Shah Alam 88 Speedmart",2021,2021-09,"September",1,4.9,-1,100
"Heritage Transport","INACTIVE","Shah Alam 88 Speedmart",2021,2021-10,"October",2,9.8,0,100
"Heritage Transport","INACTIVE","Shah Alam 88 Speedmart",2021,2021-12,"December",2,9.8,2.5,0
"Heritage Transport","INACTIVE","Shah Alam 88 Speedmart",2022,2022-01,"January",1,4.9,1,0
"Heritage Transport","INACTIVE","Shah Alam 88 Speedmart",2022,2022-05,"May",1,4.9,2,0
"Heritage Transport","INACTIVE","Shah Alam 88 Speedmart",2022,2022-06,"June",1,4.9,2,0
"Heritage Transport","INACTIVE","Shah Alam 88 Speedmart",2022,2022-08,"August",2,9.8,-1.5,100
"Heritage Transport","INACTIVE","Shah Alam 88 Speedmart",2022,2022-10,"October",1,4.9,0,100
"Heritage Transport","INACTIVE","Shah Alam 88 Speedmart",2022,2022-12,"December",3,16.7,0,66.7
"Heritage Transport","INACTIVE","Shah Alam 88 Speedmart",2023,2023-01,"January",1,4.9,0,100
"Heritage Transport","INACTIVE","Shah Alam 88 Speedmart",2023,2023-05,"May",1,4.9,2,0
"Heritage Transport","INACTIVE","Shah Alam 88 Speedmart",2023,2023-08,"August",1,4.9,2,0
"Heritage Transport","INACTIVE","Shah Alam 88 Speedmart",2023,2023-09,"September",2,9.8,0,50
"Heritage Transport","INACTIVE","Shah Alam 88 Speedmart",2023,2023-12,"December",2,9.8,1.5,50
"Heritage Transport","INACTIVE","Shah Alam 88 Speedmart",2024,2024-05,"May",1,4.9,-1,100
"Heritage Transport","INACTIVE","Shah Alam 88 Speedmart",2024,2024-07,"July",1,6.9,0,100
"Heritage Transport","INACTIVE","Shah Alam 88 Speedmart",2024,2024-11,"November",1,4.9,1,0
"MegaCourier","ACTIVE","Ampang 88 Speedmart",2020,2020-01,"January",14,68.6,-.8,85.7
"MegaCourier","ACTIVE","Ampang 88 Speedmart",2020,2020-02,"February",9,50.1,-.6,77.8
"MegaCourier","ACTIVE","Ampang 88 Speedmart",2020,2020-03,"March",8,43.2,-.1,50
"MegaCourier","ACTIVE","Ampang 88 Speedmart",2020,2020-04,"April",7,34.3,.1,57.1
"MegaCourier","ACTIVE","Ampang 88 Speedmart",2020,2020-05,"May",5,30.5,-.4,40
"MegaCourier","ACTIVE","Ampang 88 Speedmart",2020,2020-06,"June",7,34.3,-.1,57.1
"MegaCourier","ACTIVE","Ampang 88 Speedmart",2020,2020-07,"July",2,9.8,-1.5,100
"MegaCourier","ACTIVE","Ampang 88 Speedmart",2020,2020-08,"August",3,20.7,0,66.7
"MegaCourier","ACTIVE","Ampang 88 Speedmart",2020,2020-09,"September",6,33.4,-.7,83.3
"MegaCourier","ACTIVE","Ampang 88 Speedmart",2020,2020-10,"October",1,4.9,-1,100
"MegaCourier","ACTIVE","Ampang 88 Speedmart",2020,2020-11,"November",4,19.6,-.5,100
"MegaCourier","ACTIVE","Ampang 88 Speedmart",2020,2020-12,"December",3,14.7,-1,66.7
"MegaCourier","ACTIVE","Ampang 88 Speedmart",2021,2021-01,"January",2,9.8,-.5,100
"MegaCourier","ACTIVE","Ampang 88 Speedmart",2021,2021-02,"February",1,4.9,0,100
"MegaCourier","ACTIVE","Ampang 88 Speedmart",2021,2021-03,"March",3,14.7,-1.3,100
"MegaCourier","ACTIVE","Ampang 88 Speedmart",2021,2021-05,"May",2,9.8,0,100
"MegaCourier","ACTIVE","Ampang 88 Speedmart",2021,2021-06,"June",2,11.8,-1,100
"MegaCourier","ACTIVE","Ampang 88 Speedmart",2021,2021-07,"July",1,4.9,0,100
"MegaCourier","ACTIVE","Ampang 88 Speedmart",2021,2021-09,"September",2,9.8,-2,100
"MegaCourier","ACTIVE","Ampang 88 Speedmart",2021,2021-10,"October",1,4.9,1,0
"MegaCourier","ACTIVE","Ampang 88 Speedmart",2021,2021-11,"November",2,9.8,-.5,50
"MegaCourier","ACTIVE","Ampang 88 Speedmart",2021,2021-12,"December",1,4.9,-2,100
"MegaCourier","ACTIVE","Ampang 88 Speedmart",2022,2022-01,"January",1,4.9,-2,100
"MegaCourier","ACTIVE","Ampang 88 Speedmart",2022,2022-02,"February",1,4.9,-2,100
"MegaCourier","ACTIVE","Ampang 88 Speedmart",2022,2022-03,"March",3,14.7,-1.3,100
"MegaCourier","ACTIVE","Ampang 88 Speedmart",2022,2022-04,"April",3,14.7,-.3,100
"MegaCourier","ACTIVE","Ampang 88 Speedmart",2022,2022-05,"May",1,4.9,-1,100
"MegaCourier","ACTIVE","Ampang 88 Speedmart",2022,2022-06,"June",1,4.9,-2,100
"MegaCourier","ACTIVE","Ampang 88 Speedmart",2022,2022-07,"July",1,4.9,-2,100
"MegaCourier","ACTIVE","Ampang 88 Speedmart",2022,2022-08,"August",2,9.8,-1,100
"MegaCourier","ACTIVE","Ampang 88 Speedmart",2022,2022-09,"September",2,9.8,-2,100
"MegaCourier","ACTIVE","Ampang 88 Speedmart",2022,2022-11,"November",1,4.9,0,100
"MegaCourier","ACTIVE","Ampang 88 Speedmart",2022,2022-12,"December",2,9.8,-1.5,100
"MegaCourier","ACTIVE","Ampang 88 Speedmart",2023,2023-01,"January",1,4.9,-1,100
"MegaCourier","ACTIVE","Ampang 88 Speedmart",2023,2023-02,"February",1,4.9,-3,100
"MegaCourier","ACTIVE","Ampang 88 Speedmart",2023,2023-03,"March",1,8.9,-2,100
"MegaCourier","ACTIVE","Ampang 88 Speedmart",2023,2023-05,"May",3,18.7,0,66.7
"MegaCourier","ACTIVE","Ampang 88 Speedmart",2023,2023-06,"June",2,9.8,-1,100
"MegaCourier","ACTIVE","Ampang 88 Speedmart",2023,2023-08,"August",2,9.8,-1,100
"MegaCourier","ACTIVE","Ampang 88 Speedmart",2023,2023-09,"September",2,9.8,-1,100
"MegaCourier","ACTIVE","Ampang 88 Speedmart",2023,2023-11,"November",1,4.9,-1,100
"MegaCourier","ACTIVE","Ampang 88 Speedmart",2023,2023-12,"December",1,4.9,-2,100
"MegaCourier","ACTIVE","Ampang 88 Speedmart",2024,2024-02,"February",1,4.9,1,0
"MegaCourier","ACTIVE","Ampang 88 Speedmart",2024,2024-03,"March",1,4.9,-1,100
"MegaCourier","ACTIVE","Ampang 88 Speedmart",2024,2024-04,"April",2,9.8,-2.5,100
"MegaCourier","ACTIVE","Ampang 88 Speedmart",2024,2024-05,"May",1,4.9,0,100
"MegaCourier","ACTIVE","Ampang 88 Speedmart",2024,2024-06,"June",3,16.7,-1,66.7
"MegaCourier","ACTIVE","Ampang 88 Speedmart",2024,2024-07,"July",3,14.7,-1,100
"MegaCourier","ACTIVE","Ampang 88 Speedmart",2024,2024-08,"August",1,4.9,-3,100
"MegaCourier","ACTIVE","Ampang 88 Speedmart",2024,2024-10,"October",1,4.9,0,100
"MegaCourier","ACTIVE","Ampang 88 Speedmart",2024,2024-11,"November",1,6.9,-1,100
"MegaCourier","ACTIVE","Ampang 88 Speedmart",2024,2024-12,"December",1,8.9,-1,100
"MegaCourier","ACTIVE","Ampang 88 Speedmart",2025,2025-01,"January",2,9.8,-1,50
"MegaCourier","ACTIVE","Ampang 88 Speedmart",2025,2025-02,"February",1,4.9,-2,100
"MegaCourier","ACTIVE","Ampang 88 Speedmart",2025,2025-03,"March",2,11.8,-1.5,100
"MegaCourier","ACTIVE","Ampang 88 Speedmart",2025,2025-04,"April",1,4.9,-2,100
"MegaCourier","ACTIVE","Ampang 88 Speedmart",2025,2025-06,"June",1,4.9,-2,100
"MegaCourier","ACTIVE","Ampang 88 Speedmart",2025,2025-07,"July",2,9.8,-1.5,100
"MegaCourier","ACTIVE","Ampang 88 Speedmart",2025,2025-10,"October",3,14.7,-2,100
"MegaCourier","ACTIVE","Ampang 88 Speedmart",2025,2025-11,"November",2,9.8,-1.5,100
"MegaCourier","ACTIVE","Ampang 88 Speedmart",2025,2025-12,"December",1,4.9,-2,100
"MegaCourier","ACTIVE","Ampang 88 Speedmart",2026,2026-01,"January",2,9.8,0,100
"MegaCourier","ACTIVE","Ampang 88 Speedmart",2026,2026-04,"April",1,4.9,-2,100
"MegaCourier","ACTIVE","Ampang 88 Speedmart",2026,2026-05,"May",1,8.9,-1,100
"MegaCourier","ACTIVE","Ampang 88 Speedmart",2026,2026-06,"June",2,9.8,-1,100
"MegaCourier","ACTIVE","Cheras 88 Speedmart",2020,2020-04,"April",2,11.8,1,50
"MegaCourier","ACTIVE","Cheras 88 Speedmart",2020,2020-05,"May",10,55,-.7,90
"MegaCourier","ACTIVE","Cheras 88 Speedmart",2020,2020-06,"June",9,44.1,-.2,66.7
"MegaCourier","ACTIVE","Cheras 88 Speedmart",2020,2020-07,"July",9,44.1,-.7,77.8
"MegaCourier","ACTIVE","Cheras 88 Speedmart",2020,2020-08,"August",3,14.7,-1,100
"MegaCourier","ACTIVE","Cheras 88 Speedmart",2020,2020-09,"September",2,9.8,-.5,100
"MegaCourier","ACTIVE","Cheras 88 Speedmart",2020,2020-10,"October",2,9.8,-2,100
"MegaCourier","ACTIVE","Cheras 88 Speedmart",2020,2020-11,"November",1,4.9,0,100
"MegaCourier","ACTIVE","Cheras 88 Speedmart",2020,2020-12,"December",7,36.3,-.7,85.7
"MegaCourier","ACTIVE","Cheras 88 Speedmart",2021,2021-02,"February",7,36.3,-1.4,85.7
"MegaCourier","ACTIVE","Cheras 88 Speedmart",2021,2021-03,"March",1,4.9,1,0
"MegaCourier","ACTIVE","Cheras 88 Speedmart",2021,2021-04,"April",2,9.8,-1,100
"MegaCourier","ACTIVE","Cheras 88 Speedmart",2021,2021-05,"May",3,14.7,-1,100
"MegaCourier","ACTIVE","Cheras 88 Speedmart",2021,2021-06,"June",3,18.7,-1,100
"MegaCourier","ACTIVE","Cheras 88 Speedmart",2021,2021-07,"July",1,4.9,1,0
"MegaCourier","ACTIVE","Cheras 88 Speedmart",2021,2021-08,"August",2,9.8,-2,100
"MegaCourier","ACTIVE","Cheras 88 Speedmart",2021,2021-10,"October",1,4.9,-2,100
"MegaCourier","ACTIVE","Cheras 88 Speedmart",2021,2021-12,"December",4,21.6,-1.3,100
"MegaCourier","ACTIVE","Cheras 88 Speedmart",2022,2022-01,"January",1,4.9,-1,100
"MegaCourier","ACTIVE","Cheras 88 Speedmart",2022,2022-03,"March",2,11.8,-1.5,100
"MegaCourier","ACTIVE","Cheras 88 Speedmart",2022,2022-04,"April",2,9.8,-1.5,100
"MegaCourier","ACTIVE","Cheras 88 Speedmart",2022,2022-07,"July",1,4.9,0,100
"MegaCourier","ACTIVE","Cheras 88 Speedmart",2022,2022-08,"August",1,4.9,-1,100
"MegaCourier","ACTIVE","Cheras 88 Speedmart",2022,2022-09,"September",2,9.8,-1.5,100
"MegaCourier","ACTIVE","Cheras 88 Speedmart",2022,2022-11,"November",2,9.8,-1,100
"MegaCourier","ACTIVE","Cheras 88 Speedmart",2022,2022-12,"December",2,9.8,-1,100
"MegaCourier","ACTIVE","Cheras 88 Speedmart",2023,2023-01,"January",1,4.9,0,100
"MegaCourier","ACTIVE","Cheras 88 Speedmart",2023,2023-02,"February",1,4.9,-1,100
"MegaCourier","ACTIVE","Cheras 88 Speedmart",2023,2023-07,"July",1,4.9,-1,100
"MegaCourier","ACTIVE","Cheras 88 Speedmart",2023,2023-08,"August",2,11.8,-1,100
"MegaCourier","ACTIVE","Cheras 88 Speedmart",2023,2023-11,"November",2,9.8,-1,100
"MegaCourier","ACTIVE","Cheras 88 Speedmart",2023,2023-12,"December",2,13.8,0,50
"MegaCourier","ACTIVE","Cheras 88 Speedmart",2024,2024-02,"February",3,16.7,-.3,66.7
"MegaCourier","ACTIVE","Cheras 88 Speedmart",2024,2024-03,"March",2,9.8,-1,100
"MegaCourier","ACTIVE","Cheras 88 Speedmart",2024,2024-06,"June",2,9.8,-1.5,100
"MegaCourier","ACTIVE","Cheras 88 Speedmart",2024,2024-07,"July",1,6.9,-1,100
"MegaCourier","ACTIVE","Cheras 88 Speedmart",2024,2024-08,"August",1,4.9,0,100
"MegaCourier","ACTIVE","Cheras 88 Speedmart",2024,2024-11,"November",1,4.9,-3,100
"MegaCourier","ACTIVE","Cheras 88 Speedmart",2024,2024-12,"December",1,4.9,-2,100
"MegaCourier","ACTIVE","Cheras 88 Speedmart",2025,2025-01,"January",1,4.9,0,100
"MegaCourier","ACTIVE","Cheras 88 Speedmart",2025,2025-02,"February",2,11.8,-1,50
"MegaCourier","ACTIVE","Cheras 88 Speedmart",2025,2025-04,"April",2,11.8,0,100
"MegaCourier","ACTIVE","Cheras 88 Speedmart",2025,2025-05,"May",2,9.8,-1,100
"MegaCourier","ACTIVE","Cheras 88 Speedmart",2025,2025-06,"June",2,9.8,-.5,100
"MegaCourier","ACTIVE","Cheras 88 Speedmart",2025,2025-07,"July",1,4.9,-2,100
"MegaCourier","ACTIVE","Cheras 88 Speedmart",2025,2025-09,"September",1,4.9,-2,100
"MegaCourier","ACTIVE","Cheras 88 Speedmart",2025,2025-10,"October",1,4.9,-1,100
"MegaCourier","ACTIVE","Cheras 88 Speedmart",2025,2025-11,"November",2,11.8,-.5,100
"MegaCourier","ACTIVE","Cheras 88 Speedmart",2025,2025-12,"December",3,14.7,-.7,66.7
"MegaCourier","ACTIVE","Cheras 88 Speedmart",2026,2026-01,"January",1,4.9,-1,100
"MegaCourier","ACTIVE","Cheras 88 Speedmart",2026,2026-03,"March",3,16.7,-2.3,100
"MegaCourier","ACTIVE","Cheras 88 Speedmart",2026,2026-04,"April",2,9.8,-.5,100
"MegaCourier","ACTIVE","Cheras 88 Speedmart",2026,2026-05,"May",1,4.9,-2,100
"MegaCourier","ACTIVE","Cheras 88 Speedmart",2026,2026-06,"June",2,13.8,-1,100
"MegaCourier","ACTIVE","George Town 88 Speedmart",2021,2021-10,"October",2,9.8,-.5,100
"MegaCourier","ACTIVE","George Town 88 Speedmart",2021,2021-11,"November",1,4.9,1,0
"MegaCourier","ACTIVE","George Town 88 Speedmart",2021,2021-12,"December",7,34.3,-.7,100
"MegaCourier","ACTIVE","George Town 88 Speedmart",2022,2022-01,"January",5,28.5,-.2,80
"MegaCourier","ACTIVE","George Town 88 Speedmart",2022,2022-02,"February",2,9.8,0,50
"MegaCourier","ACTIVE","George Town 88 Speedmart",2022,2022-05,"May",1,4.9,-1,100
"MegaCourier","ACTIVE","George Town 88 Speedmart",2022,2022-07,"July",2,9.8,-1,100
"MegaCourier","ACTIVE","George Town 88 Speedmart",2022,2022-10,"October",2,13.8,-1.5,100
"MegaCourier","ACTIVE","George Town 88 Speedmart",2022,2022-11,"November",3,16.7,-1,100
"MegaCourier","ACTIVE","George Town 88 Speedmart",2022,2022-12,"December",3,14.7,-1.7,100
"MegaCourier","ACTIVE","George Town 88 Speedmart",2023,2023-02,"February",1,6.9,0,100
"MegaCourier","ACTIVE","George Town 88 Speedmart",2023,2023-03,"March",1,4.9,-2,100
"MegaCourier","ACTIVE","George Town 88 Speedmart",2023,2023-04,"April",1,4.9,-2,100
"MegaCourier","ACTIVE","George Town 88 Speedmart",2023,2023-07,"July",3,14.7,-1.3,100
"MegaCourier","ACTIVE","George Town 88 Speedmart",2023,2023-08,"August",1,4.9,-1,100
"MegaCourier","ACTIVE","George Town 88 Speedmart",2023,2023-09,"September",1,4.9,0,100
"MegaCourier","ACTIVE","George Town 88 Speedmart",2023,2023-10,"October",1,4.9,0,100
"MegaCourier","ACTIVE","George Town 88 Speedmart",2023,2023-11,"November",2,9.8,.5,50
"MegaCourier","ACTIVE","George Town 88 Speedmart",2023,2023-12,"December",2,9.8,-.5,50
"MegaCourier","ACTIVE","George Town 88 Speedmart",2024,2024-01,"January",3,14.7,-1.3,66.7
"MegaCourier","ACTIVE","George Town 88 Speedmart",2024,2024-02,"February",1,4.9,1,0
"MegaCourier","ACTIVE","George Town 88 Speedmart",2024,2024-03,"March",1,4.9,-2,100
"MegaCourier","ACTIVE","George Town 88 Speedmart",2024,2024-04,"April",1,4.9,-1,100
"MegaCourier","ACTIVE","George Town 88 Speedmart",2024,2024-05,"May",1,4.9,-2,100
"MegaCourier","ACTIVE","George Town 88 Speedmart",2024,2024-07,"July",1,4.9,-1,100
"MegaCourier","ACTIVE","George Town 88 Speedmart",2024,2024-08,"August",1,4.9,0,100
"MegaCourier","ACTIVE","George Town 88 Speedmart",2024,2024-09,"September",2,11.8,-.5,100
"MegaCourier","ACTIVE","George Town 88 Speedmart",2024,2024-11,"November",1,4.9,-1,100
"MegaCourier","ACTIVE","George Town 88 Speedmart",2024,2024-12,"December",3,14.7,-.7,100
"MegaCourier","ACTIVE","George Town 88 Speedmart",2025,2025-01,"January",3,16.7,-.3,66.7
"MegaCourier","ACTIVE","George Town 88 Speedmart",2025,2025-02,"February",1,6.9,1,0
"MegaCourier","ACTIVE","George Town 88 Speedmart",2025,2025-03,"March",3,14.7,-1,100
"MegaCourier","ACTIVE","George Town 88 Speedmart",2025,2025-04,"April",1,4.9,0,100
"MegaCourier","ACTIVE","George Town 88 Speedmart",2025,2025-05,"May",2,11.8,-2,100
"MegaCourier","ACTIVE","George Town 88 Speedmart",2025,2025-06,"June",2,9.8,-.5,100
"MegaCourier","ACTIVE","George Town 88 Speedmart",2025,2025-12,"December",2,9.8,-1,100
"MegaCourier","ACTIVE","George Town 88 Speedmart",2026,2026-01,"January",3,14.7,-2.3,100
"MegaCourier","ACTIVE","George Town 88 Speedmart",2026,2026-02,"February",3,14.7,-3,100
"MegaCourier","ACTIVE","George Town 88 Speedmart",2026,2026-03,"March",1,4.9,0,100
"MegaCourier","ACTIVE","George Town 88 Speedmart",2026,2026-05,"May",1,4.9,0,100
"MegaCourier","ACTIVE","George Town 88 Speedmart",2026,2026-06,"June",2,9.8,-.5,100
"MegaCourier","ACTIVE","Ipoh 88 Speedmart",2021,2021-07,"July",2,9.8,-1,100
"MegaCourier","ACTIVE","Ipoh 88 Speedmart",2021,2021-09,"September",2,9.8,-.5,100
"MegaCourier","ACTIVE","Ipoh 88 Speedmart",2021,2021-10,"October",2,11.8,-1,100
"MegaCourier","ACTIVE","Ipoh 88 Speedmart",2021,2021-11,"November",3,14.7,-2.3,100
"MegaCourier","ACTIVE","Ipoh 88 Speedmart",2021,2021-12,"December",1,4.9,-3,100
"MegaCourier","ACTIVE","Ipoh 88 Speedmart",2022,2022-01,"January",2,9.8,-1.5,100
"MegaCourier","ACTIVE","Ipoh 88 Speedmart",2022,2022-02,"February",1,4.9,1,0
"MegaCourier","ACTIVE","Ipoh 88 Speedmart",2022,2022-03,"March",2,13.8,-2.5,100
"MegaCourier","ACTIVE","Ipoh 88 Speedmart",2022,2022-04,"April",1,4.9,-2,100
"MegaCourier","ACTIVE","Ipoh 88 Speedmart",2022,2022-05,"May",3,16.7,-1.7,100
"MegaCourier","ACTIVE","Ipoh 88 Speedmart",2022,2022-06,"June",3,16.7,-1.3,100
"MegaCourier","ACTIVE","Ipoh 88 Speedmart",2022,2022-07,"July",2,9.8,-1,100
"MegaCourier","ACTIVE","Ipoh 88 Speedmart",2022,2022-08,"August",1,4.9,-1,100
"MegaCourier","ACTIVE","Ipoh 88 Speedmart",2022,2022-09,"September",3,14.7,-1.3,100
"MegaCourier","ACTIVE","Ipoh 88 Speedmart",2022,2022-11,"November",4,23.6,-2,100
"MegaCourier","ACTIVE","Ipoh 88 Speedmart",2022,2022-12,"December",2,9.8,-1.5,100
"MegaCourier","ACTIVE","Ipoh 88 Speedmart",2023,2023-01,"January",2,9.8,-1.5,100
"MegaCourier","ACTIVE","Ipoh 88 Speedmart",2023,2023-02,"February",1,4.9,-2,100
"MegaCourier","ACTIVE","Ipoh 88 Speedmart",2023,2023-04,"April",3,14.7,-2,100
"MegaCourier","ACTIVE","Ipoh 88 Speedmart",2023,2023-05,"May",2,9.8,-1,50
"MegaCourier","ACTIVE","Ipoh 88 Speedmart",2023,2023-06,"June",1,4.9,-2,100
"MegaCourier","ACTIVE","Ipoh 88 Speedmart",2023,2023-07,"July",2,9.8,-1.5,100
"MegaCourier","ACTIVE","Ipoh 88 Speedmart",2023,2023-09,"September",1,4.9,0,100
"MegaCourier","ACTIVE","Ipoh 88 Speedmart",2023,2023-10,"October",2,11.8,-1.5,100
"MegaCourier","ACTIVE","Ipoh 88 Speedmart",2023,2023-11,"November",1,4.9,-2,100
"MegaCourier","ACTIVE","Ipoh 88 Speedmart",2023,2023-12,"December",2,9.8,-1.5,100
"MegaCourier","ACTIVE","Ipoh 88 Speedmart",2024,2024-03,"March",4,21.6,-1.3,75
"MegaCourier","ACTIVE","Ipoh 88 Speedmart",2024,2024-04,"April",3,16.7,-1,100
"MegaCourier","ACTIVE","Ipoh 88 Speedmart",2024,2024-05,"May",2,9.8,-1,100
"MegaCourier","ACTIVE","Ipoh 88 Speedmart",2024,2024-06,"June",1,8.9,-2,100
"MegaCourier","ACTIVE","Ipoh 88 Speedmart",2024,2024-07,"July",1,4.9,-1,100
"MegaCourier","ACTIVE","Ipoh 88 Speedmart",2024,2024-08,"August",1,4.9,-3,100
"MegaCourier","ACTIVE","Ipoh 88 Speedmart",2024,2024-09,"September",2,9.8,-1.5,100
"MegaCourier","ACTIVE","Ipoh 88 Speedmart",2024,2024-11,"November",1,6.9,-1,100
"MegaCourier","ACTIVE","Ipoh 88 Speedmart",2025,2025-01,"January",1,4.9,0,100
"MegaCourier","ACTIVE","Ipoh 88 Speedmart",2025,2025-02,"February",1,8.9,0,100
"MegaCourier","ACTIVE","Ipoh 88 Speedmart",2025,2025-04,"April",2,11.8,-1.5,100
"MegaCourier","ACTIVE","Ipoh 88 Speedmart",2025,2025-05,"May",1,4.9,1,0
"MegaCourier","ACTIVE","Ipoh 88 Speedmart",2025,2025-06,"June",1,6.9,-3,100
"MegaCourier","ACTIVE","Ipoh 88 Speedmart",2025,2025-07,"July",2,9.8,-1,100
"MegaCourier","ACTIVE","Ipoh 88 Speedmart",2025,2025-08,"August",1,6.9,-1,100
"MegaCourier","ACTIVE","Ipoh 88 Speedmart",2025,2025-10,"October",2,9.8,-2.5,100
"MegaCourier","ACTIVE","Ipoh 88 Speedmart",2025,2025-11,"November",2,9.8,-1,100
"MegaCourier","ACTIVE","Ipoh 88 Speedmart",2025,2025-12,"December",1,4.9,-1,100
"MegaCourier","ACTIVE","Ipoh 88 Speedmart",2026,2026-03,"March",2,9.8,-1,100
"MegaCourier","ACTIVE","Ipoh 88 Speedmart",2026,2026-04,"April",1,6.9,-2,100
"MegaCourier","ACTIVE","Ipoh 88 Speedmart",2026,2026-05,"May",3,14.7,-1,100
"MegaCourier","ACTIVE","Ipoh 88 Speedmart",2026,2026-06,"June",4,21.6,-1.3,100
"MegaCourier","ACTIVE","Johor Bahru 88 Speedmart",2021,2021-04,"April",1,6.9,-1,100
"MegaCourier","ACTIVE","Johor Bahru 88 Speedmart",2021,2021-05,"May",1,6.9,-3,100
"MegaCourier","ACTIVE","Johor Bahru 88 Speedmart",2021,2021-06,"June",4,21.6,-1.3,100
"MegaCourier","ACTIVE","Johor Bahru 88 Speedmart",2021,2021-07,"July",1,4.9,0,100
"MegaCourier","ACTIVE","Johor Bahru 88 Speedmart",2021,2021-08,"August",2,9.8,-.5,100
"MegaCourier","ACTIVE","Johor Bahru 88 Speedmart",2021,2021-09,"September",2,9.8,-1,100
"MegaCourier","ACTIVE","Johor Bahru 88 Speedmart",2021,2021-11,"November",1,4.9,-1,100
"MegaCourier","ACTIVE","Johor Bahru 88 Speedmart",2021,2021-12,"December",1,4.9,0,100
"MegaCourier","ACTIVE","Johor Bahru 88 Speedmart",2022,2022-01,"January",4,19.6,-.3,75
"MegaCourier","ACTIVE","Johor Bahru 88 Speedmart",2022,2022-02,"February",3,14.7,-2,100
"MegaCourier","ACTIVE","Johor Bahru 88 Speedmart",2022,2022-03,"March",3,18.7,-2.7,100
"MegaCourier","ACTIVE","Johor Bahru 88 Speedmart",2022,2022-04,"April",3,14.7,-.7,100
"MegaCourier","ACTIVE","Johor Bahru 88 Speedmart",2022,2022-05,"May",1,4.9,-2,100
"MegaCourier","ACTIVE","Johor Bahru 88 Speedmart",2022,2022-06,"June",3,14.7,-1.3,100
"MegaCourier","ACTIVE","Johor Bahru 88 Speedmart",2022,2022-07,"July",1,6.9,-1,100
"MegaCourier","ACTIVE","Johor Bahru 88 Speedmart",2022,2022-11,"November",3,14.7,-1,100
"MegaCourier","ACTIVE","Johor Bahru 88 Speedmart",2022,2022-12,"December",2,9.8,-2.5,100
"MegaCourier","ACTIVE","Johor Bahru 88 Speedmart",2023,2023-01,"January",1,6.9,-1,100
"MegaCourier","ACTIVE","Johor Bahru 88 Speedmart",2023,2023-03,"March",1,4.9,-1,100
"MegaCourier","ACTIVE","Johor Bahru 88 Speedmart",2023,2023-04,"April",2,13.8,-1,100
"MegaCourier","ACTIVE","Johor Bahru 88 Speedmart",2023,2023-06,"June",4,21.6,-1.5,75
"MegaCourier","ACTIVE","Johor Bahru 88 Speedmart",2023,2023-07,"July",1,4.9,-1,100
"MegaCourier","ACTIVE","Johor Bahru 88 Speedmart",2023,2023-08,"August",1,6.9,0,100
"MegaCourier","ACTIVE","Johor Bahru 88 Speedmart",2023,2023-10,"October",1,4.9,0,100
"MegaCourier","ACTIVE","Johor Bahru 88 Speedmart",2023,2023-12,"December",2,9.8,-1,100
"MegaCourier","ACTIVE","Johor Bahru 88 Speedmart",2024,2024-01,"January",1,4.9,-1,100
"MegaCourier","ACTIVE","Johor Bahru 88 Speedmart",2024,2024-03,"March",1,4.9,0,100
"MegaCourier","ACTIVE","Johor Bahru 88 Speedmart",2024,2024-05,"May",1,4.9,-1,100
"MegaCourier","ACTIVE","Johor Bahru 88 Speedmart",2024,2024-06,"June",2,9.8,-2.5,100
"MegaCourier","ACTIVE","Johor Bahru 88 Speedmart",2024,2024-07,"July",1,4.9,-2,100
"MegaCourier","ACTIVE","Johor Bahru 88 Speedmart",2024,2024-08,"August",1,4.9,-1,100
"MegaCourier","ACTIVE","Johor Bahru 88 Speedmart",2024,2024-09,"September",2,11.8,-2.5,100
"MegaCourier","ACTIVE","Johor Bahru 88 Speedmart",2024,2024-10,"October",1,6.9,-1,100
"MegaCourier","ACTIVE","Johor Bahru 88 Speedmart",2024,2024-11,"November",2,9.8,-1.5,100
"MegaCourier","ACTIVE","Johor Bahru 88 Speedmart",2024,2024-12,"December",2,11.8,-3,100
"MegaCourier","ACTIVE","Johor Bahru 88 Speedmart",2025,2025-01,"January",2,9.8,-2.5,100
"MegaCourier","ACTIVE","Johor Bahru 88 Speedmart",2025,2025-02,"February",2,9.8,-1,100
"MegaCourier","ACTIVE","Johor Bahru 88 Speedmart",2025,2025-03,"March",5,26.5,-1.8,100
"MegaCourier","ACTIVE","Johor Bahru 88 Speedmart",2025,2025-07,"July",1,4.9,-1,100
"MegaCourier","ACTIVE","Johor Bahru 88 Speedmart",2025,2025-08,"August",1,4.9,-3,100
"MegaCourier","ACTIVE","Johor Bahru 88 Speedmart",2025,2025-11,"November",6,29.4,-1,100
"MegaCourier","ACTIVE","Johor Bahru 88 Speedmart",2025,2025-12,"December",1,4.9,-2,100
"MegaCourier","ACTIVE","Johor Bahru 88 Speedmart",2026,2026-02,"February",2,9.8,-.5,100
"MegaCourier","ACTIVE","Johor Bahru 88 Speedmart",2026,2026-03,"March",3,16.7,-.7,100
"MegaCourier","ACTIVE","Johor Bahru 88 Speedmart",2026,2026-04,"April",3,14.7,0,66.7
"MegaCourier","ACTIVE","Johor Bahru 88 Speedmart",2026,2026-05,"May",1,4.9,-1,100
"MegaCourier","ACTIVE","Johor Bahru 88 Speedmart",2026,2026-06,"June",2,9.8,0,100
"MegaCourier","ACTIVE","Klang 88 Speedmart",2021,2021-01,"January",1,4.9,-1,100
"MegaCourier","ACTIVE","Klang 88 Speedmart",2021,2021-03,"March",2,11.8,-.5,100
"MegaCourier","ACTIVE","Klang 88 Speedmart",2021,2021-05,"May",2,9.8,-2.5,100
"MegaCourier","ACTIVE","Klang 88 Speedmart",2021,2021-06,"June",2,9.8,-.5,100
"MegaCourier","ACTIVE","Klang 88 Speedmart",2021,2021-08,"August",1,4.9,-3,100
"MegaCourier","ACTIVE","Klang 88 Speedmart",2021,2021-09,"September",1,4.9,-1,100
"MegaCourier","ACTIVE","Klang 88 Speedmart",2021,2021-10,"October",1,4.9,0,100
"MegaCourier","ACTIVE","Klang 88 Speedmart",2021,2021-11,"November",2,13.8,-.5,50
"MegaCourier","ACTIVE","Klang 88 Speedmart",2021,2021-12,"December",1,4.9,-1,100
"MegaCourier","ACTIVE","Klang 88 Speedmart",2022,2022-01,"January",3,16.7,-1,100
"MegaCourier","ACTIVE","Klang 88 Speedmart",2022,2022-07,"July",2,9.8,-.5,100
"MegaCourier","ACTIVE","Klang 88 Speedmart",2022,2022-08,"August",1,4.9,-2,100
"MegaCourier","ACTIVE","Klang 88 Speedmart",2022,2022-09,"September",1,4.9,-2,100
"MegaCourier","ACTIVE","Klang 88 Speedmart",2022,2022-10,"October",2,13.8,-.5,100
"MegaCourier","ACTIVE","Klang 88 Speedmart",2022,2022-11,"November",3,14.7,-1.3,100
"MegaCourier","ACTIVE","Klang 88 Speedmart",2023,2023-01,"January",4,21.6,-1.3,100
"MegaCourier","ACTIVE","Klang 88 Speedmart",2023,2023-02,"February",2,11.8,-2,100
"MegaCourier","ACTIVE","Klang 88 Speedmart",2023,2023-04,"April",1,4.9,-2,100
"MegaCourier","ACTIVE","Klang 88 Speedmart",2023,2023-06,"June",1,6.9,0,100
"MegaCourier","ACTIVE","Klang 88 Speedmart",2023,2023-07,"July",1,4.9,-1,100
"MegaCourier","ACTIVE","Klang 88 Speedmart",2023,2023-08,"August",3,14.7,-1.7,100
"MegaCourier","ACTIVE","Klang 88 Speedmart",2023,2023-09,"September",1,4.9,-2,100
"MegaCourier","ACTIVE","Klang 88 Speedmart",2023,2023-11,"November",1,4.9,-1,100
"MegaCourier","ACTIVE","Klang 88 Speedmart",2023,2023-12,"December",3,14.7,-.7,100
"MegaCourier","ACTIVE","Klang 88 Speedmart",2024,2024-01,"January",2,9.8,-2.5,100
"MegaCourier","ACTIVE","Klang 88 Speedmart",2024,2024-04,"April",2,15.8,-1.5,100
"MegaCourier","ACTIVE","Klang 88 Speedmart",2024,2024-06,"June",3,14.7,-2,100
"MegaCourier","ACTIVE","Klang 88 Speedmart",2024,2024-09,"September",1,4.9,0,100
"MegaCourier","ACTIVE","Klang 88 Speedmart",2024,2024-10,"October",3,14.7,-1.7,100
"MegaCourier","ACTIVE","Klang 88 Speedmart",2024,2024-11,"November",4,19.6,-1.3,100
"MegaCourier","ACTIVE","Klang 88 Speedmart",2024,2024-12,"December",3,14.7,-1.3,100
"MegaCourier","ACTIVE","Klang 88 Speedmart",2025,2025-02,"February",2,9.8,-1,100
"MegaCourier","ACTIVE","Klang 88 Speedmart",2025,2025-03,"March",2,9.8,-1,100
"MegaCourier","ACTIVE","Klang 88 Speedmart",2025,2025-04,"April",2,11.8,-1,100
"MegaCourier","ACTIVE","Klang 88 Speedmart",2025,2025-05,"May",1,4.9,-3,100
"MegaCourier","ACTIVE","Klang 88 Speedmart",2025,2025-06,"June",1,4.9,-2,100
"MegaCourier","ACTIVE","Klang 88 Speedmart",2025,2025-08,"August",2,9.8,0,50
"MegaCourier","ACTIVE","Klang 88 Speedmart",2025,2025-09,"September",1,4.9,-2,100
"MegaCourier","ACTIVE","Klang 88 Speedmart",2025,2025-10,"October",1,4.9,0,100
"MegaCourier","ACTIVE","Klang 88 Speedmart",2025,2025-11,"November",4,21.6,-.3,100
"MegaCourier","ACTIVE","Klang 88 Speedmart",2025,2025-12,"December",5,26.5,-1,80
"MegaCourier","ACTIVE","Klang 88 Speedmart",2026,2026-01,"January",2,11.8,-1,100
"MegaCourier","ACTIVE","Klang 88 Speedmart",2026,2026-02,"February",2,9.8,-.5,100
"MegaCourier","ACTIVE","Klang 88 Speedmart",2026,2026-03,"March",1,4.9,0,100
"MegaCourier","ACTIVE","Klang 88 Speedmart",2026,2026-04,"April",2,9.8,-2,100
"MegaCourier","ACTIVE","Klang 88 Speedmart",2026,2026-05,"May",2,11.8,-1,100
"MegaCourier","ACTIVE","Klang 88 Speedmart",2026,2026-06,"June",2,9.8,-1.5,100
"MegaCourier","ACTIVE","Kota Kinabalu 88 Speedmart",2023,2023-01,"January",1,4.9,0,100
"MegaCourier","ACTIVE","Kota Kinabalu 88 Speedmart",2023,2023-02,"February",1,4.9,0,100
"MegaCourier","ACTIVE","Kota Kinabalu 88 Speedmart",2023,2023-03,"March",1,4.9,1,0
"MegaCourier","ACTIVE","Kota Kinabalu 88 Speedmart",2023,2023-04,"April",1,4.9,1,0
"MegaCourier","ACTIVE","Kota Kinabalu 88 Speedmart",2023,2023-05,"May",1,4.9,-2,100
"MegaCourier","ACTIVE","Kota Kinabalu 88 Speedmart",2023,2023-07,"July",3,14.7,-1.7,100
"MegaCourier","ACTIVE","Kota Kinabalu 88 Speedmart",2023,2023-08,"August",1,4.9,-3,100
"MegaCourier","ACTIVE","Kota Kinabalu 88 Speedmart",2023,2023-10,"October",1,4.9,-1,100
"MegaCourier","ACTIVE","Kota Kinabalu 88 Speedmart",2023,2023-11,"November",3,14.7,-1.7,100
"MegaCourier","ACTIVE","Kota Kinabalu 88 Speedmart",2023,2023-12,"December",3,14.7,-.3,100
"MegaCourier","ACTIVE","Kota Kinabalu 88 Speedmart",2024,2024-01,"January",1,6.9,0,100
"MegaCourier","ACTIVE","Kota Kinabalu 88 Speedmart",2024,2024-02,"February",1,4.9,-2,100
"MegaCourier","ACTIVE","Kota Kinabalu 88 Speedmart",2024,2024-03,"March",2,9.8,-1,100
"MegaCourier","ACTIVE","Kota Kinabalu 88 Speedmart",2024,2024-04,"April",1,4.9,-1,100
"MegaCourier","ACTIVE","Kota Kinabalu 88 Speedmart",2024,2024-10,"October",1,4.9,0,100
"MegaCourier","ACTIVE","Kota Kinabalu 88 Speedmart",2024,2024-12,"December",1,4.9,-2,100
"MegaCourier","ACTIVE","Kota Kinabalu 88 Speedmart",2025,2025-01,"January",3,16.7,-.3,100
"MegaCourier","ACTIVE","Kota Kinabalu 88 Speedmart",2025,2025-02,"February",1,4.9,0,100
"MegaCourier","ACTIVE","Kota Kinabalu 88 Speedmart",2025,2025-03,"March",1,4.9,0,100
"MegaCourier","ACTIVE","Kota Kinabalu 88 Speedmart",2025,2025-04,"April",1,6.9,-2,100
"MegaCourier","ACTIVE","Kota Kinabalu 88 Speedmart",2025,2025-06,"June",1,4.9,-1,100
"MegaCourier","ACTIVE","Kota Kinabalu 88 Speedmart",2025,2025-07,"July",1,4.9,-2,100
"MegaCourier","ACTIVE","Kota Kinabalu 88 Speedmart",2025,2025-09,"September",3,14.7,-2.3,100
"MegaCourier","ACTIVE","Kota Kinabalu 88 Speedmart",2025,2025-11,"November",2,11.8,-1.5,100
"MegaCourier","ACTIVE","Kota Kinabalu 88 Speedmart",2025,2025-12,"December",5,30.5,-1.4,100
"MegaCourier","ACTIVE","Kota Kinabalu 88 Speedmart",2026,2026-01,"January",1,4.9,0,100
"MegaCourier","ACTIVE","Kota Kinabalu 88 Speedmart",2026,2026-02,"February",2,9.8,-1.5,100
"MegaCourier","ACTIVE","Kota Kinabalu 88 Speedmart",2026,2026-03,"March",1,4.9,-1,100
"MegaCourier","ACTIVE","Kota Kinabalu 88 Speedmart",2026,2026-04,"April",3,18.7,0,66.7
"MegaCourier","ACTIVE","Kota Kinabalu 88 Speedmart",2026,2026-05,"May",3,14.7,-2,100
"MegaCourier","ACTIVE","Kota Kinabalu 88 Speedmart",2026,2026-06,"June",2,9.8,-1,100
"MegaCourier","ACTIVE","Kuching 88 Speedmart",2023,2023-07,"July",1,4.9,-2,100
"MegaCourier","ACTIVE","Kuching 88 Speedmart",2023,2023-08,"August",2,9.8,-1.5,100
"MegaCourier","ACTIVE","Kuching 88 Speedmart",2023,2023-09,"September",1,4.9,1,0
"MegaCourier","ACTIVE","Kuching 88 Speedmart",2023,2023-10,"October",2,11.8,-2,100
"MegaCourier","ACTIVE","Kuching 88 Speedmart",2023,2023-11,"November",3,14.7,-1.3,100
"MegaCourier","ACTIVE","Kuching 88 Speedmart",2023,2023-12,"December",3,14.7,-1.7,100
"MegaCourier","ACTIVE","Kuching 88 Speedmart",2024,2024-02,"February",2,9.8,-1.5,100
"MegaCourier","ACTIVE","Kuching 88 Speedmart",2024,2024-03,"March",2,9.8,-1,50
"MegaCourier","ACTIVE","Kuching 88 Speedmart",2024,2024-04,"April",3,14.7,-1,100
"MegaCourier","ACTIVE","Kuching 88 Speedmart",2024,2024-05,"May",1,4.9,-1,100
"MegaCourier","ACTIVE","Kuching 88 Speedmart",2024,2024-07,"July",2,9.8,-2,100
"MegaCourier","ACTIVE","Kuching 88 Speedmart",2024,2024-08,"August",1,6.9,0,100
"MegaCourier","ACTIVE","Kuching 88 Speedmart",2024,2024-09,"September",1,4.9,-1,100
"MegaCourier","ACTIVE","Kuching 88 Speedmart",2024,2024-10,"October",3,14.7,-2,100
"MegaCourier","ACTIVE","Kuching 88 Speedmart",2024,2024-11,"November",3,14.7,-1.7,100
"MegaCourier","ACTIVE","Kuching 88 Speedmart",2024,2024-12,"December",4,19.6,-1.8,100
"MegaCourier","ACTIVE","Kuching 88 Speedmart",2025,2025-01,"January",3,14.7,-1.3,100
"MegaCourier","ACTIVE","Kuching 88 Speedmart",2025,2025-02,"February",2,11.8,-1.5,100
"MegaCourier","ACTIVE","Kuching 88 Speedmart",2025,2025-03,"March",1,4.9,0,100
"MegaCourier","ACTIVE","Kuching 88 Speedmart",2025,2025-05,"May",2,9.8,-1,100
"MegaCourier","ACTIVE","Kuching 88 Speedmart",2025,2025-06,"June",1,4.9,0,100
"MegaCourier","ACTIVE","Melaka 88 Speedmart",2022,2022-07,"July",4,19.6,-1,100
"MegaCourier","ACTIVE","Melaka 88 Speedmart",2022,2022-10,"October",1,4.9,-2,100
"MegaCourier","ACTIVE","Melaka 88 Speedmart",2022,2022-11,"November",1,4.9,0,100
"MegaCourier","ACTIVE","Melaka 88 Speedmart",2022,2022-12,"December",1,8.9,-2,100
"MegaCourier","ACTIVE","Melaka 88 Speedmart",2023,2023-03,"March",2,13.8,-1,100
"MegaCourier","ACTIVE","Melaka 88 Speedmart",2023,2023-04,"April",1,4.9,0,100
"MegaCourier","ACTIVE","Melaka 88 Speedmart",2023,2023-05,"May",1,4.9,-1,100
"MegaCourier","ACTIVE","Melaka 88 Speedmart",2023,2023-06,"June",3,18.7,-1.7,100
"MegaCourier","ACTIVE","Melaka 88 Speedmart",2023,2023-07,"July",2,9.8,-.5,100
"MegaCourier","ACTIVE","Melaka 88 Speedmart",2023,2023-08,"August",1,4.9,0,100
"MegaCourier","ACTIVE","Melaka 88 Speedmart",2023,2023-09,"September",2,9.8,-1.5,100
"MegaCourier","ACTIVE","Melaka 88 Speedmart",2024,2024-03,"March",1,4.9,-2,100
"MegaCourier","ACTIVE","Melaka 88 Speedmart",2024,2024-04,"April",1,4.9,-2,100
"MegaCourier","ACTIVE","Melaka 88 Speedmart",2024,2024-06,"June",1,4.9,-3,100
"MegaCourier","ACTIVE","Melaka 88 Speedmart",2024,2024-07,"July",3,18.7,-.3,100
"MegaCourier","ACTIVE","Melaka 88 Speedmart",2024,2024-09,"September",1,4.9,0,100
"MegaCourier","ACTIVE","Melaka 88 Speedmart",2024,2024-10,"October",1,4.9,-2,100
"MegaCourier","ACTIVE","Melaka 88 Speedmart",2024,2024-11,"November",1,4.9,-2,100
"MegaCourier","ACTIVE","Melaka 88 Speedmart",2024,2024-12,"December",3,14.7,-2.3,100
"MegaCourier","ACTIVE","Melaka 88 Speedmart",2025,2025-01,"January",1,6.9,0,100
"MegaCourier","ACTIVE","Melaka 88 Speedmart",2025,2025-02,"February",1,4.9,-2,100
"MegaCourier","ACTIVE","Melaka 88 Speedmart",2025,2025-05,"May",2,9.8,-1,100
"MegaCourier","ACTIVE","Melaka 88 Speedmart",2025,2025-06,"June",2,15.8,-.5,50
"MegaCourier","ACTIVE","Melaka 88 Speedmart",2025,2025-07,"July",1,4.9,1,0
"MegaCourier","ACTIVE","Melaka 88 Speedmart",2025,2025-08,"August",1,6.9,-1,100
"MegaCourier","ACTIVE","Melaka 88 Speedmart",2025,2025-09,"September",1,4.9,1,0
"MegaCourier","ACTIVE","Melaka 88 Speedmart",2025,2025-10,"October",2,9.8,-1.5,100
"MegaCourier","ACTIVE","Melaka 88 Speedmart",2025,2025-11,"November",1,4.9,-2,100
"MegaCourier","ACTIVE","Melaka 88 Speedmart",2025,2025-12,"December",1,4.9,-3,100
"MegaCourier","ACTIVE","Melaka 88 Speedmart",2026,2026-01,"January",2,9.8,-1,100
"MegaCourier","ACTIVE","Melaka 88 Speedmart",2026,2026-03,"March",1,6.9,0,100
"MegaCourier","ACTIVE","Melaka 88 Speedmart",2026,2026-05,"May",1,4.9,-2,100
"MegaCourier","ACTIVE","Melaka 88 Speedmart",2026,2026-06,"June",2,9.8,-1.5,100
"MegaCourier","ACTIVE","Petaling Jaya 88 Speedmart",2020,2020-07,"July",3,16.7,.3,33.3
"MegaCourier","ACTIVE","Petaling Jaya 88 Speedmart",2020,2020-08,"August",2,11.8,-.5,100
"MegaCourier","ACTIVE","Petaling Jaya 88 Speedmart",2020,2020-09,"September",3,14.7,-.3,100
"MegaCourier","ACTIVE","Petaling Jaya 88 Speedmart",2020,2020-10,"October",2,9.8,-.5,100
"MegaCourier","ACTIVE","Petaling Jaya 88 Speedmart",2020,2020-11,"November",5,24.5,-1.4,100
"MegaCourier","ACTIVE","Petaling Jaya 88 Speedmart",2020,2020-12,"December",5,24.5,-.8,100
"MegaCourier","ACTIVE","Petaling Jaya 88 Speedmart",2021,2021-01,"January",4,19.6,0,75
"MegaCourier","ACTIVE","Petaling Jaya 88 Speedmart",2021,2021-02,"February",4,19.6,-1.5,100
"MegaCourier","ACTIVE","Petaling Jaya 88 Speedmart",2021,2021-03,"March",2,9.8,-1,100
"MegaCourier","ACTIVE","Petaling Jaya 88 Speedmart",2021,2021-04,"April",1,4.9,-1,100
"MegaCourier","ACTIVE","Petaling Jaya 88 Speedmart",2021,2021-05,"May",1,4.9,-3,100
"MegaCourier","ACTIVE","Petaling Jaya 88 Speedmart",2021,2021-06,"June",2,9.8,-1,100
"MegaCourier","ACTIVE","Petaling Jaya 88 Speedmart",2021,2021-07,"July",3,14.7,-1,100
"MegaCourier","ACTIVE","Petaling Jaya 88 Speedmart",2021,2021-08,"August",1,4.9,-1,100
"MegaCourier","ACTIVE","Petaling Jaya 88 Speedmart",2021,2021-11,"November",3,18.7,-.7,100
"MegaCourier","ACTIVE","Petaling Jaya 88 Speedmart",2021,2021-12,"December",2,11.8,-2,100
"MegaCourier","ACTIVE","Petaling Jaya 88 Speedmart",2022,2022-02,"February",3,16.7,-.3,66.7
"MegaCourier","ACTIVE","Petaling Jaya 88 Speedmart",2022,2022-03,"March",2,9.8,-1,100
"MegaCourier","ACTIVE","Petaling Jaya 88 Speedmart",2022,2022-04,"April",1,4.9,-2,100
"MegaCourier","ACTIVE","Petaling Jaya 88 Speedmart",2022,2022-05,"May",2,9.8,-2.5,100
"MegaCourier","ACTIVE","Petaling Jaya 88 Speedmart",2022,2022-06,"June",1,4.9,-1,100
"MegaCourier","ACTIVE","Petaling Jaya 88 Speedmart",2022,2022-09,"September",1,4.9,0,100
"MegaCourier","ACTIVE","Petaling Jaya 88 Speedmart",2022,2022-10,"October",1,4.9,-1,100
"MegaCourier","ACTIVE","Petaling Jaya 88 Speedmart",2022,2022-11,"November",3,14.7,-1,66.7
"MegaCourier","ACTIVE","Petaling Jaya 88 Speedmart",2022,2022-12,"December",4,19.6,-.5,100
"MegaCourier","ACTIVE","Petaling Jaya 88 Speedmart",2023,2023-01,"January",1,4.9,-2,100
"MegaCourier","ACTIVE","Petaling Jaya 88 Speedmart",2023,2023-02,"February",2,9.8,-1,100
"MegaCourier","ACTIVE","Petaling Jaya 88 Speedmart",2023,2023-03,"March",2,9.8,-2,100
"MegaCourier","ACTIVE","Petaling Jaya 88 Speedmart",2023,2023-05,"May",2,15.8,-1.5,100
"MegaCourier","ACTIVE","Petaling Jaya 88 Speedmart",2023,2023-06,"June",1,4.9,-1,100
"MegaCourier","ACTIVE","Petaling Jaya 88 Speedmart",2023,2023-09,"September",1,4.9,-2,100
"MegaCourier","ACTIVE","Petaling Jaya 88 Speedmart",2023,2023-11,"November",3,18.7,-1,100
"MegaCourier","ACTIVE","Petaling Jaya 88 Speedmart",2023,2023-12,"December",3,18.7,-.7,66.7
"MegaCourier","ACTIVE","Petaling Jaya 88 Speedmart",2024,2024-01,"January",2,11.8,-1.5,100
"MegaCourier","ACTIVE","Petaling Jaya 88 Speedmart",2024,2024-02,"February",2,11.8,-1,100
"MegaCourier","ACTIVE","Petaling Jaya 88 Speedmart",2024,2024-05,"May",1,4.9,-1,100
"MegaCourier","ACTIVE","Petaling Jaya 88 Speedmart",2024,2024-06,"June",2,13.8,-1.5,100
"MegaCourier","ACTIVE","Petaling Jaya 88 Speedmart",2024,2024-07,"July",1,4.9,0,100
"MegaCourier","ACTIVE","Petaling Jaya 88 Speedmart",2024,2024-11,"November",1,4.9,-1,100
"MegaCourier","ACTIVE","Petaling Jaya 88 Speedmart",2024,2024-12,"December",3,14.7,-1.7,100
"MegaCourier","ACTIVE","Petaling Jaya 88 Speedmart",2025,2025-02,"February",2,9.8,-1.5,100
"MegaCourier","ACTIVE","Petaling Jaya 88 Speedmart",2025,2025-04,"April",1,4.9,-2,100
"MegaCourier","ACTIVE","Petaling Jaya 88 Speedmart",2025,2025-05,"May",2,11.8,-1.5,100
"MegaCourier","ACTIVE","Petaling Jaya 88 Speedmart",2025,2025-06,"June",1,6.9,0,100
"MegaCourier","ACTIVE","Petaling Jaya 88 Speedmart",2025,2025-07,"July",2,9.8,.5,50
"MegaCourier","ACTIVE","Petaling Jaya 88 Speedmart",2025,2025-09,"September",1,4.9,-1,100
"MegaCourier","ACTIVE","Petaling Jaya 88 Speedmart",2025,2025-10,"October",1,6.9,-1,100
"MegaCourier","ACTIVE","Petaling Jaya 88 Speedmart",2025,2025-11,"November",3,18.7,-1.7,100
"MegaCourier","ACTIVE","Petaling Jaya 88 Speedmart",2025,2025-12,"December",2,9.8,-2,100
"MegaCourier","ACTIVE","Petaling Jaya 88 Speedmart",2026,2026-02,"February",2,9.8,0,100
"MegaCourier","ACTIVE","Petaling Jaya 88 Speedmart",2026,2026-04,"April",1,4.9,0,100
"MegaCourier","ACTIVE","Petaling Jaya 88 Speedmart",2026,2026-05,"May",3,16.7,-2,100
"MegaCourier","ACTIVE","Seremban 88 Speedmart",2022,2022-03,"March",1,4.9,-1,100
"MegaCourier","ACTIVE","Seremban 88 Speedmart",2022,2022-05,"May",1,4.9,-1,100
"MegaCourier","ACTIVE","Seremban 88 Speedmart",2022,2022-06,"June",2,9.8,-.5,100
"MegaCourier","ACTIVE","Seremban 88 Speedmart",2022,2022-09,"September",2,9.8,-.5,100
"MegaCourier","ACTIVE","Seremban 88 Speedmart",2022,2022-11,"November",1,4.9,-3,100
"MegaCourier","ACTIVE","Seremban 88 Speedmart",2022,2022-12,"December",3,14.7,-2,100
"MegaCourier","ACTIVE","Seremban 88 Speedmart",2023,2023-01,"January",1,4.9,0,100
"MegaCourier","ACTIVE","Seremban 88 Speedmart",2023,2023-02,"February",1,4.9,0,100
"MegaCourier","ACTIVE","Seremban 88 Speedmart",2023,2023-03,"March",1,4.9,-1,100
"MegaCourier","ACTIVE","Seremban 88 Speedmart",2023,2023-04,"April",2,9.8,-2,100
"MegaCourier","ACTIVE","Seremban 88 Speedmart",2023,2023-06,"June",6,29.4,-.7,100
"MegaCourier","ACTIVE","Seremban 88 Speedmart",2023,2023-07,"July",2,9.8,-.5,50
"MegaCourier","ACTIVE","Seremban 88 Speedmart",2023,2023-09,"September",1,4.9,0,100
"MegaCourier","ACTIVE","Seremban 88 Speedmart",2023,2023-11,"November",3,14.7,-2.7,100
"MegaCourier","ACTIVE","Seremban 88 Speedmart",2024,2024-01,"January",1,4.9,0,100
"MegaCourier","ACTIVE","Seremban 88 Speedmart",2024,2024-03,"March",1,4.9,-2,100
"MegaCourier","ACTIVE","Seremban 88 Speedmart",2024,2024-05,"May",1,4.9,1,0
"MegaCourier","ACTIVE","Seremban 88 Speedmart",2024,2024-06,"June",2,11.8,-1.5,100
"MegaCourier","ACTIVE","Seremban 88 Speedmart",2024,2024-07,"July",5,24.5,-.4,100
"MegaCourier","ACTIVE","Seremban 88 Speedmart",2024,2024-08,"August",2,9.8,-1.5,100
"MegaCourier","ACTIVE","Seremban 88 Speedmart",2024,2024-09,"September",1,6.9,-1,100
"MegaCourier","ACTIVE","Seremban 88 Speedmart",2024,2024-11,"November",1,4.9,-3,100
"MegaCourier","ACTIVE","Seremban 88 Speedmart",2024,2024-12,"December",2,9.8,-2.5,100
"MegaCourier","ACTIVE","Seremban 88 Speedmart",2025,2025-01,"January",5,26.5,-.2,80
"MegaCourier","ACTIVE","Seremban 88 Speedmart",2025,2025-03,"March",3,16.7,-1,100
"MegaCourier","ACTIVE","Seremban 88 Speedmart",2025,2025-04,"April",2,9.8,0,50
"MegaCourier","ACTIVE","Seremban 88 Speedmart",2025,2025-05,"May",1,4.9,-2,100
"MegaCourier","ACTIVE","Seremban 88 Speedmart",2025,2025-06,"June",1,8.9,-2,100
"MegaCourier","ACTIVE","Seremban 88 Speedmart",2025,2025-07,"July",1,6.9,-2,100
"MegaCourier","ACTIVE","Seremban 88 Speedmart",2025,2025-08,"August",2,9.8,-.5,100
"MegaCourier","ACTIVE","Seremban 88 Speedmart",2025,2025-09,"September",1,4.9,-1,100
"MegaCourier","ACTIVE","Seremban 88 Speedmart",2025,2025-10,"October",2,11.8,-2,100
"MegaCourier","ACTIVE","Seremban 88 Speedmart",2025,2025-11,"November",1,4.9,-2,100
"MegaCourier","ACTIVE","Seremban 88 Speedmart",2025,2025-12,"December",3,14.7,-1.3,100
"MegaCourier","ACTIVE","Seremban 88 Speedmart",2026,2026-01,"January",2,9.8,.5,50
"MegaCourier","ACTIVE","Seremban 88 Speedmart",2026,2026-02,"February",1,4.9,-1,100
"MegaCourier","ACTIVE","Seremban 88 Speedmart",2026,2026-04,"April",1,4.9,-1,100
"MegaCourier","ACTIVE","Seremban 88 Speedmart",2026,2026-05,"May",1,4.9,-1,100
"MegaCourier","ACTIVE","Seremban 88 Speedmart",2026,2026-06,"June",1,4.9,-1,100
"MegaCourier","ACTIVE","Shah Alam 88 Speedmart",2020,2020-10,"October",1,4.9,1,0
"MegaCourier","ACTIVE","Shah Alam 88 Speedmart",2020,2020-11,"November",3,16.7,-1.3,100
"MegaCourier","ACTIVE","Shah Alam 88 Speedmart",2020,2020-12,"December",3,14.7,-.7,66.7
"MegaCourier","ACTIVE","Shah Alam 88 Speedmart",2021,2021-01,"January",2,9.8,-1,50
"MegaCourier","ACTIVE","Shah Alam 88 Speedmart",2021,2021-02,"February",1,4.9,-1,100
"MegaCourier","ACTIVE","Shah Alam 88 Speedmart",2021,2021-03,"March",1,4.9,-2,100
"MegaCourier","ACTIVE","Shah Alam 88 Speedmart",2021,2021-04,"April",1,4.9,-3,100
"MegaCourier","ACTIVE","Shah Alam 88 Speedmart",2021,2021-05,"May",2,9.8,-1.5,100
"MegaCourier","ACTIVE","Shah Alam 88 Speedmart",2021,2021-06,"June",3,14.7,-1.3,100
"MegaCourier","ACTIVE","Shah Alam 88 Speedmart",2021,2021-07,"July",3,14.7,-2.7,100
"MegaCourier","ACTIVE","Shah Alam 88 Speedmart",2021,2021-08,"August",2,9.8,-1.5,100
"MegaCourier","ACTIVE","Shah Alam 88 Speedmart",2021,2021-10,"October",2,9.8,-1,100
"MegaCourier","ACTIVE","Shah Alam 88 Speedmart",2021,2021-11,"November",1,4.9,-2,100
"MegaCourier","ACTIVE","Shah Alam 88 Speedmart",2021,2021-12,"December",4,19.6,-.5,75
"MegaCourier","ACTIVE","Shah Alam 88 Speedmart",2022,2022-01,"January",3,14.7,-1.3,100
"MegaCourier","ACTIVE","Shah Alam 88 Speedmart",2022,2022-05,"May",2,9.8,-1,100
"MegaCourier","ACTIVE","Shah Alam 88 Speedmart",2022,2022-08,"August",2,11.8,-2,100
"MegaCourier","ACTIVE","Shah Alam 88 Speedmart",2022,2022-10,"October",2,9.8,-1,100
"MegaCourier","ACTIVE","Shah Alam 88 Speedmart",2022,2022-11,"November",3,18.7,-.7,100
"MegaCourier","ACTIVE","Shah Alam 88 Speedmart",2023,2023-01,"January",1,4.9,-2,100
"MegaCourier","ACTIVE","Shah Alam 88 Speedmart",2023,2023-02,"February",2,9.8,-2,100
"MegaCourier","ACTIVE","Shah Alam 88 Speedmart",2023,2023-03,"March",1,4.9,-1,100
"MegaCourier","ACTIVE","Shah Alam 88 Speedmart",2023,2023-04,"April",2,9.8,-1.5,100
"MegaCourier","ACTIVE","Shah Alam 88 Speedmart",2023,2023-07,"July",1,4.9,0,100
"MegaCourier","ACTIVE","Shah Alam 88 Speedmart",2023,2023-08,"August",2,9.8,-.5,100
"MegaCourier","ACTIVE","Shah Alam 88 Speedmart",2023,2023-09,"September",2,9.8,-.5,100
"MegaCourier","ACTIVE","Shah Alam 88 Speedmart",2023,2023-11,"November",1,4.9,-2,100
"MegaCourier","ACTIVE","Shah Alam 88 Speedmart",2023,2023-12,"December",1,4.9,-3,100
"MegaCourier","ACTIVE","Shah Alam 88 Speedmart",2024,2024-01,"January",4,19.6,-1.3,100
"MegaCourier","ACTIVE","Shah Alam 88 Speedmart",2024,2024-04,"April",2,15.8,-1,100
"MegaCourier","ACTIVE","Shah Alam 88 Speedmart",2024,2024-06,"June",3,14.7,-1.7,100
"MegaCourier","ACTIVE","Shah Alam 88 Speedmart",2024,2024-07,"July",3,14.7,-1.7,100
"MegaCourier","ACTIVE","Shah Alam 88 Speedmart",2024,2024-08,"August",1,4.9,-2,100
"MegaCourier","ACTIVE","Shah Alam 88 Speedmart",2024,2024-09,"September",1,4.9,-1,100
"MegaCourier","ACTIVE","Shah Alam 88 Speedmart",2024,2024-10,"October",1,4.9,-1,100
"MegaCourier","ACTIVE","Shah Alam 88 Speedmart",2024,2024-11,"November",3,16.7,-1,100
"MegaCourier","ACTIVE","Shah Alam 88 Speedmart",2024,2024-12,"December",6,37.4,-.8,83.3
"MegaCourier","ACTIVE","Shah Alam 88 Speedmart",2025,2025-03,"March",2,11.8,-.5,100
"MegaCourier","ACTIVE","Shah Alam 88 Speedmart",2025,2025-04,"April",2,9.8,-1.5,100
"MegaCourier","ACTIVE","Shah Alam 88 Speedmart",2025,2025-05,"May",1,4.9,-1,100
"MegaCourier","ACTIVE","Shah Alam 88 Speedmart",2025,2025-06,"June",1,4.9,-3,100
"MegaCourier","ACTIVE","Shah Alam 88 Speedmart",2025,2025-07,"July",1,4.9,-2,100
"MegaCourier","ACTIVE","Shah Alam 88 Speedmart",2025,2025-08,"August",2,9.8,-2,100
"MegaCourier","ACTIVE","Shah Alam 88 Speedmart",2025,2025-09,"September",1,6.9,-3,100
"MegaCourier","ACTIVE","Shah Alam 88 Speedmart",2025,2025-10,"October",2,9.8,-.5,50
"MegaCourier","ACTIVE","Shah Alam 88 Speedmart",2025,2025-11,"November",2,9.8,-2,100
"MegaCourier","ACTIVE","Shah Alam 88 Speedmart",2025,2025-12,"December",1,4.9,-2,100
"MegaCourier","ACTIVE","Shah Alam 88 Speedmart",2026,2026-01,"January",2,13.8,-1,100
"MegaCourier","ACTIVE","Shah Alam 88 Speedmart",2026,2026-02,"February",1,6.9,-2,100
"MegaCourier","ACTIVE","Shah Alam 88 Speedmart",2026,2026-03,"March",1,6.9,0,100
"MegaCourier","ACTIVE","Shah Alam 88 Speedmart",2026,2026-04,"April",2,9.8,-1,100
"MegaCourier","ACTIVE","Shah Alam 88 Speedmart",2026,2026-06,"June",2,9.8,-1.5,100
"NusaExpress","ACTIVE","Ampang 88 Speedmart",2020,2020-01,"January",8,45.2,.8,50
"NusaExpress","ACTIVE","Ampang 88 Speedmart",2020,2020-02,"February",7,36.3,.1,57.1
"NusaExpress","ACTIVE","Ampang 88 Speedmart",2020,2020-03,"March",4,21.6,.5,50
"NusaExpress","ACTIVE","Ampang 88 Speedmart",2020,2020-04,"April",5,26.5,1,60
"NusaExpress","ACTIVE","Ampang 88 Speedmart",2020,2020-05,"May",2,9.8,4,0
"NusaExpress","ACTIVE","Ampang 88 Speedmart",2020,2020-06,"June",3,20.7,2,33.3
"NusaExpress","ACTIVE","Ampang 88 Speedmart",2020,2020-07,"July",3,16.7,-.7,100
"NusaExpress","ACTIVE","Ampang 88 Speedmart",2020,2020-08,"August",4,19.6,-.5,50
"NusaExpress","ACTIVE","Ampang 88 Speedmart",2020,2020-09,"September",1,4.9,-1,100
"NusaExpress","ACTIVE","Ampang 88 Speedmart",2020,2020-12,"December",2,9.8,0,50
"NusaExpress","ACTIVE","Ampang 88 Speedmart",2021,2021-01,"January",3,14.7,.3,33.3
"NusaExpress","ACTIVE","Ampang 88 Speedmart",2021,2021-02,"February",1,6.9,1,0
"NusaExpress","ACTIVE","Ampang 88 Speedmart",2021,2021-04,"April",3,14.7,2,33.3
"NusaExpress","ACTIVE","Ampang 88 Speedmart",2021,2021-06,"June",4,19.6,-.5,75
"NusaExpress","ACTIVE","Ampang 88 Speedmart",2021,2021-07,"July",3,14.7,1.3,33.3
"NusaExpress","ACTIVE","Ampang 88 Speedmart",2021,2021-08,"August",2,9.8,0,50
"NusaExpress","ACTIVE","Ampang 88 Speedmart",2021,2021-11,"November",1,4.9,5,0
"NusaExpress","ACTIVE","Ampang 88 Speedmart",2021,2021-12,"December",2,11.8,2,50
"NusaExpress","ACTIVE","Ampang 88 Speedmart",2022,2022-01,"January",1,8.9,2,0
"NusaExpress","ACTIVE","Ampang 88 Speedmart",2022,2022-02,"February",1,4.9,3,0
"NusaExpress","ACTIVE","Ampang 88 Speedmart",2022,2022-03,"March",1,6.9,0,100
"NusaExpress","ACTIVE","Ampang 88 Speedmart",2022,2022-04,"April",2,13.8,-.5,100
"NusaExpress","ACTIVE","Ampang 88 Speedmart",2022,2022-06,"June",1,4.9,1,0
"NusaExpress","ACTIVE","Ampang 88 Speedmart",2022,2022-08,"August",1,8.9,-1,100
"NusaExpress","ACTIVE","Ampang 88 Speedmart",2022,2022-09,"September",2,9.8,2.5,0
"NusaExpress","ACTIVE","Ampang 88 Speedmart",2023,2023-04,"April",2,9.8,-1,100
"NusaExpress","ACTIVE","Ampang 88 Speedmart",2023,2023-06,"June",1,8.9,-1,100
"NusaExpress","ACTIVE","Ampang 88 Speedmart",2023,2023-07,"July",2,9.8,-.5,100
"NusaExpress","ACTIVE","Ampang 88 Speedmart",2023,2023-09,"September",1,4.9,3,0
"NusaExpress","ACTIVE","Ampang 88 Speedmart",2023,2023-11,"November",3,14.7,-.7,66.7
"NusaExpress","ACTIVE","Ampang 88 Speedmart",2023,2023-12,"December",1,4.9,1,0
"NusaExpress","ACTIVE","Ampang 88 Speedmart",2024,2024-02,"February",1,4.9,-1,100
"NusaExpress","ACTIVE","Ampang 88 Speedmart",2024,2024-03,"March",1,4.9,-3,100
"NusaExpress","ACTIVE","Ampang 88 Speedmart",2024,2024-04,"April",2,9.8,-.5,50
"NusaExpress","ACTIVE","Ampang 88 Speedmart",2024,2024-08,"August",1,4.9,-2,100
"NusaExpress","ACTIVE","Ampang 88 Speedmart",2024,2024-09,"September",3,14.7,-.3,66.7
"NusaExpress","ACTIVE","Ampang 88 Speedmart",2024,2024-10,"October",3,14.7,.3,33.3
"NusaExpress","ACTIVE","Ampang 88 Speedmart",2025,2025-02,"February",1,4.9,-3,100
"NusaExpress","ACTIVE","Ampang 88 Speedmart",2025,2025-04,"April",1,4.9,1,0
"NusaExpress","ACTIVE","Ampang 88 Speedmart",2025,2025-06,"June",1,4.9,-3,100
"NusaExpress","ACTIVE","Ampang 88 Speedmart",2025,2025-07,"July",1,4.9,2,0
"NusaExpress","ACTIVE","Ampang 88 Speedmart",2025,2025-08,"August",2,9.8,-1.5,100
"NusaExpress","ACTIVE","Ampang 88 Speedmart",2025,2025-09,"September",1,4.9,1,0
"NusaExpress","ACTIVE","Ampang 88 Speedmart",2025,2025-10,"October",1,4.9,-1,100
"NusaExpress","ACTIVE","Ampang 88 Speedmart",2025,2025-11,"November",1,4.9,2,0
"NusaExpress","ACTIVE","Ampang 88 Speedmart",2025,2025-12,"December",2,9.8,1.5,50
"NusaExpress","ACTIVE","Ampang 88 Speedmart",2026,2026-01,"January",3,14.7,.7,33.3
"NusaExpress","ACTIVE","Ampang 88 Speedmart",2026,2026-06,"June",1,4.9,-1,100
"NusaExpress","ACTIVE","Cheras 88 Speedmart",2020,2020-06,"June",3,16.7,3,0
"NusaExpress","ACTIVE","Cheras 88 Speedmart",2020,2020-07,"July",2,9.8,3.5,0
"NusaExpress","ACTIVE","Cheras 88 Speedmart",2020,2020-09,"September",1,4.9,0,100
"NusaExpress","ACTIVE","Cheras 88 Speedmart",2020,2020-10,"October",1,4.9,2,0
"NusaExpress","ACTIVE","Cheras 88 Speedmart",2020,2020-11,"November",2,9.8,3.5,0
"NusaExpress","ACTIVE","Cheras 88 Speedmart",2020,2020-12,"December",6,29.4,.8,33.3
"NusaExpress","ACTIVE","Cheras 88 Speedmart",2021,2021-02,"February",2,11.8,1.5,50
"NusaExpress","ACTIVE","Cheras 88 Speedmart",2021,2021-03,"March",2,9.8,1,50
"NusaExpress","ACTIVE","Cheras 88 Speedmart",2021,2021-04,"April",1,8.9,1,0
"NusaExpress","ACTIVE","Cheras 88 Speedmart",2021,2021-06,"June",2,11.8,0,50
"NusaExpress","ACTIVE","Cheras 88 Speedmart",2021,2021-07,"July",3,14.7,.7,33.3
"NusaExpress","ACTIVE","Cheras 88 Speedmart",2021,2021-10,"October",1,6.9,-3,100
"NusaExpress","ACTIVE","Cheras 88 Speedmart",2021,2021-11,"November",1,4.9,3,0
"NusaExpress","ACTIVE","Cheras 88 Speedmart",2021,2021-12,"December",2,9.8,.5,50
"NusaExpress","ACTIVE","Cheras 88 Speedmart",2022,2022-02,"February",1,4.9,3,0
"NusaExpress","ACTIVE","Cheras 88 Speedmart",2022,2022-05,"May",1,4.9,2,0
"NusaExpress","ACTIVE","Cheras 88 Speedmart",2022,2022-07,"July",2,15.8,2.5,0
"NusaExpress","ACTIVE","Cheras 88 Speedmart",2022,2022-09,"September",1,4.9,1,0
"NusaExpress","ACTIVE","Cheras 88 Speedmart",2022,2022-11,"November",2,11.8,.5,50
"NusaExpress","ACTIVE","Cheras 88 Speedmart",2023,2023-01,"January",1,4.9,-1,100
"NusaExpress","ACTIVE","Cheras 88 Speedmart",2023,2023-05,"May",1,4.9,1,0
"NusaExpress","ACTIVE","Cheras 88 Speedmart",2023,2023-06,"June",2,9.8,1.5,50
"NusaExpress","ACTIVE","Cheras 88 Speedmart",2023,2023-08,"August",1,4.9,1,0
"NusaExpress","ACTIVE","Cheras 88 Speedmart",2023,2023-10,"October",1,6.9,0,100
"NusaExpress","ACTIVE","Cheras 88 Speedmart",2023,2023-11,"November",2,9.8,1.5,0
"NusaExpress","ACTIVE","Cheras 88 Speedmart",2024,2024-01,"January",2,9.8,.5,50
"NusaExpress","ACTIVE","Cheras 88 Speedmart",2024,2024-03,"March",2,9.8,.5,50
"NusaExpress","ACTIVE","Cheras 88 Speedmart",2024,2024-05,"May",2,13.8,-1.5,100
"NusaExpress","ACTIVE","Cheras 88 Speedmart",2024,2024-06,"June",1,4.9,-2,100
"NusaExpress","ACTIVE","Cheras 88 Speedmart",2024,2024-08,"August",1,4.9,0,100
"NusaExpress","ACTIVE","Cheras 88 Speedmart",2024,2024-11,"November",1,4.9,0,100
"NusaExpress","ACTIVE","Cheras 88 Speedmart",2024,2024-12,"December",3,16.7,0,66.7
"NusaExpress","ACTIVE","Cheras 88 Speedmart",2025,2025-01,"January",1,4.9,-1,100
"NusaExpress","ACTIVE","Cheras 88 Speedmart",2025,2025-02,"February",1,6.9,0,100
"NusaExpress","ACTIVE","Cheras 88 Speedmart",2025,2025-03,"March",3,14.7,.7,33.3
"NusaExpress","ACTIVE","Cheras 88 Speedmart",2025,2025-06,"June",2,9.8,.5,50
"NusaExpress","ACTIVE","Cheras 88 Speedmart",2025,2025-09,"September",2,11.8,-1,100
"NusaExpress","ACTIVE","Cheras 88 Speedmart",2026,2026-01,"January",3,16.7,-1.7,100
"NusaExpress","ACTIVE","Cheras 88 Speedmart",2026,2026-03,"March",1,4.9,-2,100
"NusaExpress","ACTIVE","Cheras 88 Speedmart",2026,2026-06,"June",1,6.9,-1,100
"NusaExpress","ACTIVE","George Town 88 Speedmart",2021,2021-10,"October",1,8.9,1,0
"NusaExpress","ACTIVE","George Town 88 Speedmart",2021,2021-11,"November",1,8.9,1,0
"NusaExpress","ACTIVE","George Town 88 Speedmart",2021,2021-12,"December",2,9.8,.5,50
"NusaExpress","ACTIVE","George Town 88 Speedmart",2022,2022-01,"January",3,18.7,-.3,66.7
"NusaExpress","ACTIVE","George Town 88 Speedmart",2022,2022-03,"March",2,9.8,-.5,100
"NusaExpress","ACTIVE","George Town 88 Speedmart",2022,2022-04,"April",1,4.9,2,0
"NusaExpress","ACTIVE","George Town 88 Speedmart",2022,2022-05,"May",1,4.9,-1,100
"NusaExpress","ACTIVE","George Town 88 Speedmart",2022,2022-07,"July",1,8.9,2,0
"NusaExpress","ACTIVE","George Town 88 Speedmart",2022,2022-08,"August",1,4.9,-2,100
"NusaExpress","ACTIVE","George Town 88 Speedmart",2022,2022-09,"September",3,14.7,-.3,33.3
"NusaExpress","ACTIVE","George Town 88 Speedmart",2022,2022-10,"October",1,4.9,-2,100
"NusaExpress","ACTIVE","George Town 88 Speedmart",2022,2022-11,"November",2,13.8,-1,100
"NusaExpress","ACTIVE","George Town 88 Speedmart",2022,2022-12,"December",2,9.8,-1.5,100
"NusaExpress","ACTIVE","George Town 88 Speedmart",2023,2023-02,"February",3,16.7,.7,66.7
"NusaExpress","ACTIVE","George Town 88 Speedmart",2023,2023-06,"June",1,8.9,1,0
"NusaExpress","ACTIVE","George Town 88 Speedmart",2023,2023-09,"September",2,9.8,-.5,50
"NusaExpress","ACTIVE","George Town 88 Speedmart",2023,2023-11,"November",1,4.9,2,0
"NusaExpress","ACTIVE","George Town 88 Speedmart",2024,2024-01,"January",1,6.9,-1,100
"NusaExpress","ACTIVE","George Town 88 Speedmart",2024,2024-03,"March",1,4.9,1,0
"NusaExpress","ACTIVE","George Town 88 Speedmart",2024,2024-04,"April",2,9.8,-.5,100
"NusaExpress","ACTIVE","George Town 88 Speedmart",2024,2024-05,"May",1,4.9,0,100
"NusaExpress","ACTIVE","George Town 88 Speedmart",2024,2024-06,"June",2,9.8,0,100
"NusaExpress","ACTIVE","George Town 88 Speedmart",2024,2024-07,"July",1,4.9,-1,100
"NusaExpress","ACTIVE","George Town 88 Speedmart",2024,2024-10,"October",1,4.9,-2,100
"NusaExpress","ACTIVE","George Town 88 Speedmart",2025,2025-01,"January",2,9.8,-1,100
"NusaExpress","ACTIVE","George Town 88 Speedmart",2025,2025-06,"June",1,4.9,1,0
"NusaExpress","ACTIVE","George Town 88 Speedmart",2025,2025-09,"September",1,4.9,3,0
"NusaExpress","ACTIVE","George Town 88 Speedmart",2025,2025-10,"October",1,4.9,-1,100
"NusaExpress","ACTIVE","George Town 88 Speedmart",2025,2025-11,"November",2,11.8,0,100
"NusaExpress","ACTIVE","George Town 88 Speedmart",2026,2026-01,"January",1,4.9,0,100
"NusaExpress","ACTIVE","George Town 88 Speedmart",2026,2026-04,"April",2,9.8,-1,100
"NusaExpress","ACTIVE","George Town 88 Speedmart",2026,2026-05,"May",1,6.9,0,100
"NusaExpress","ACTIVE","Ipoh 88 Speedmart",2021,2021-07,"July",1,4.9,-2,100
"NusaExpress","ACTIVE","Ipoh 88 Speedmart",2021,2021-08,"August",1,4.9,1,0
"NusaExpress","ACTIVE","Ipoh 88 Speedmart",2021,2021-09,"September",1,6.9,3,0
"NusaExpress","ACTIVE","Ipoh 88 Speedmart",2021,2021-11,"November",1,4.9,3,0
"NusaExpress","ACTIVE","Ipoh 88 Speedmart",2022,2022-01,"January",1,4.9,-1,100
"NusaExpress","ACTIVE","Ipoh 88 Speedmart",2022,2022-05,"May",1,8.9,0,100
"NusaExpress","ACTIVE","Ipoh 88 Speedmart",2022,2022-06,"June",2,9.8,-1.5,100
"NusaExpress","ACTIVE","Ipoh 88 Speedmart",2022,2022-07,"July",2,11.8,-1.5,100
"NusaExpress","ACTIVE","Ipoh 88 Speedmart",2022,2022-09,"September",1,4.9,-2,100
"NusaExpress","ACTIVE","Ipoh 88 Speedmart",2022,2022-12,"December",1,4.9,1,0
"NusaExpress","ACTIVE","Ipoh 88 Speedmart",2023,2023-01,"January",2,9.8,-1,100
"NusaExpress","ACTIVE","Ipoh 88 Speedmart",2023,2023-02,"February",1,4.9,2,0
"NusaExpress","ACTIVE","Ipoh 88 Speedmart",2023,2023-04,"April",1,4.9,1,0
"NusaExpress","ACTIVE","Ipoh 88 Speedmart",2023,2023-06,"June",1,6.9,-1,100
"NusaExpress","ACTIVE","Ipoh 88 Speedmart",2023,2023-09,"September",2,9.8,-1.5,100
"NusaExpress","ACTIVE","Ipoh 88 Speedmart",2023,2023-12,"December",1,4.9,3,0
"NusaExpress","ACTIVE","Ipoh 88 Speedmart",2024,2024-02,"February",2,9.8,2,0
"NusaExpress","ACTIVE","Ipoh 88 Speedmart",2024,2024-04,"April",2,9.8,0,50
"NusaExpress","ACTIVE","Ipoh 88 Speedmart",2024,2024-07,"July",1,4.9,0,100
"NusaExpress","ACTIVE","Ipoh 88 Speedmart",2024,2024-09,"September",1,4.9,1,0
"NusaExpress","ACTIVE","Ipoh 88 Speedmart",2024,2024-10,"October",1,6.9,2,0
"NusaExpress","ACTIVE","Ipoh 88 Speedmart",2024,2024-12,"December",1,4.9,2,0
"NusaExpress","ACTIVE","Ipoh 88 Speedmart",2025,2025-01,"January",1,6.9,2,0
"NusaExpress","ACTIVE","Ipoh 88 Speedmart",2025,2025-05,"May",1,8.9,-1,100
"NusaExpress","ACTIVE","Ipoh 88 Speedmart",2025,2025-08,"August",1,4.9,-2,100
"NusaExpress","ACTIVE","Ipoh 88 Speedmart",2025,2025-09,"September",2,9.8,-1,100
"NusaExpress","ACTIVE","Ipoh 88 Speedmart",2025,2025-11,"November",2,9.8,-2,100
"NusaExpress","ACTIVE","Ipoh 88 Speedmart",2025,2025-12,"December",1,4.9,1,0
"NusaExpress","ACTIVE","Ipoh 88 Speedmart",2026,2026-02,"February",1,4.9,-1,100
"NusaExpress","ACTIVE","Ipoh 88 Speedmart",2026,2026-03,"March",1,4.9,-2,100
"NusaExpress","ACTIVE","Ipoh 88 Speedmart",2026,2026-04,"April",1,4.9,1,0
"NusaExpress","ACTIVE","Ipoh 88 Speedmart",2026,2026-05,"May",1,4.9,1,0
"NusaExpress","ACTIVE","Ipoh 88 Speedmart",2026,2026-06,"June",2,9.8,0,100
"NusaExpress","ACTIVE","Johor Bahru 88 Speedmart",2021,2021-04,"April",1,4.9,-2,100
"NusaExpress","ACTIVE","Johor Bahru 88 Speedmart",2021,2021-05,"May",2,9.8,.5,50
"NusaExpress","ACTIVE","Johor Bahru 88 Speedmart",2021,2021-06,"June",2,9.8,1,50
"NusaExpress","ACTIVE","Johor Bahru 88 Speedmart",2021,2021-08,"August",1,4.9,0,100
"NusaExpress","ACTIVE","Johor Bahru 88 Speedmart",2021,2021-09,"September",1,4.9,-3,100
"NusaExpress","ACTIVE","Johor Bahru 88 Speedmart",2021,2021-10,"October",1,4.9,1,0
"NusaExpress","ACTIVE","Johor Bahru 88 Speedmart",2021,2021-11,"November",2,9.8,1.5,0
"NusaExpress","ACTIVE","Johor Bahru 88 Speedmart",2021,2021-12,"December",2,9.8,-1,50
"NusaExpress","ACTIVE","Johor Bahru 88 Speedmart",2022,2022-01,"January",1,4.9,4,0
"NusaExpress","ACTIVE","Johor Bahru 88 Speedmart",2022,2022-02,"February",2,9.8,-1,50
"NusaExpress","ACTIVE","Johor Bahru 88 Speedmart",2022,2022-04,"April",1,4.9,2,0
"NusaExpress","ACTIVE","Johor Bahru 88 Speedmart",2022,2022-05,"May",1,6.9,-1,100
"NusaExpress","ACTIVE","Johor Bahru 88 Speedmart",2022,2022-06,"June",1,4.9,1,0
"NusaExpress","ACTIVE","Johor Bahru 88 Speedmart",2022,2022-07,"July",1,4.9,-2,100
"NusaExpress","ACTIVE","Johor Bahru 88 Speedmart",2022,2022-09,"September",1,6.9,1,0
"NusaExpress","ACTIVE","Johor Bahru 88 Speedmart",2022,2022-10,"October",1,6.9,3,0
"NusaExpress","ACTIVE","Johor Bahru 88 Speedmart",2022,2022-12,"December",3,14.7,.7,33.3
"NusaExpress","ACTIVE","Johor Bahru 88 Speedmart",2023,2023-01,"January",1,4.9,2,0
"NusaExpress","ACTIVE","Johor Bahru 88 Speedmart",2023,2023-04,"April",1,4.9,-1,100
"NusaExpress","ACTIVE","Johor Bahru 88 Speedmart",2023,2023-06,"June",2,11.8,0,50
"NusaExpress","ACTIVE","Johor Bahru 88 Speedmart",2023,2023-07,"July",1,4.9,-1,100
"NusaExpress","ACTIVE","Johor Bahru 88 Speedmart",2023,2023-08,"August",1,4.9,1,0
"NusaExpress","ACTIVE","Johor Bahru 88 Speedmart",2024,2024-01,"January",1,4.9,0,100
"NusaExpress","ACTIVE","Johor Bahru 88 Speedmart",2024,2024-06,"June",1,4.9,-1,100
"NusaExpress","ACTIVE","Johor Bahru 88 Speedmart",2024,2024-07,"July",2,9.8,-1.5,100
"NusaExpress","ACTIVE","Johor Bahru 88 Speedmart",2024,2024-09,"September",2,9.8,-1,100
"NusaExpress","ACTIVE","Johor Bahru 88 Speedmart",2024,2024-12,"December",1,4.9,-1,100
"NusaExpress","ACTIVE","Johor Bahru 88 Speedmart",2025,2025-10,"October",2,11.8,-1.5,100
"NusaExpress","ACTIVE","Johor Bahru 88 Speedmart",2025,2025-11,"November",3,14.7,.3,66.7
"NusaExpress","ACTIVE","Johor Bahru 88 Speedmart",2025,2025-12,"December",2,9.8,-1,100
"NusaExpress","ACTIVE","Johor Bahru 88 Speedmart",2026,2026-01,"January",1,4.9,-2,100
"NusaExpress","ACTIVE","Johor Bahru 88 Speedmart",2026,2026-02,"February",2,11.8,-.5,100
"NusaExpress","ACTIVE","Johor Bahru 88 Speedmart",2026,2026-03,"March",1,4.9,-3,100
"NusaExpress","ACTIVE","Johor Bahru 88 Speedmart",2026,2026-04,"April",1,4.9,0,100
"NusaExpress","ACTIVE","Johor Bahru 88 Speedmart",2026,2026-05,"May",1,4.9,-1,100
"NusaExpress","ACTIVE","Klang 88 Speedmart",2021,2021-01,"January",3,16.7,0,66.7
"NusaExpress","ACTIVE","Klang 88 Speedmart",2021,2021-03,"March",1,4.9,2,0
"NusaExpress","ACTIVE","Klang 88 Speedmart",2021,2021-04,"April",2,11.8,.5,50
"NusaExpress","ACTIVE","Klang 88 Speedmart",2021,2021-05,"May",1,4.9,3,0
"NusaExpress","ACTIVE","Klang 88 Speedmart",2021,2021-06,"June",2,11.8,.5,50
"NusaExpress","ACTIVE","Klang 88 Speedmart",2021,2021-07,"July",1,4.9,1,0
"NusaExpress","ACTIVE","Klang 88 Speedmart",2021,2021-12,"December",1,4.9,-1,100
"NusaExpress","ACTIVE","Klang 88 Speedmart",2022,2022-02,"February",1,4.9,0,100
"NusaExpress","ACTIVE","Klang 88 Speedmart",2022,2022-04,"April",1,4.9,1,0
"NusaExpress","ACTIVE","Klang 88 Speedmart",2022,2022-05,"May",1,4.9,-2,100
"NusaExpress","ACTIVE","Klang 88 Speedmart",2022,2022-11,"November",2,9.8,.5,50
"NusaExpress","ACTIVE","Klang 88 Speedmart",2022,2022-12,"December",1,6.9,-2,100
"NusaExpress","ACTIVE","Klang 88 Speedmart",2023,2023-02,"February",1,4.9,3,0
"NusaExpress","ACTIVE","Klang 88 Speedmart",2023,2023-05,"May",2,9.8,2,0
"NusaExpress","ACTIVE","Klang 88 Speedmart",2023,2023-07,"July",1,4.9,-1,100
"NusaExpress","ACTIVE","Klang 88 Speedmart",2023,2023-08,"August",1,4.9,-2,100
"NusaExpress","ACTIVE","Klang 88 Speedmart",2023,2023-11,"November",3,14.7,.3,66.7
"NusaExpress","ACTIVE","Klang 88 Speedmart",2023,2023-12,"December",2,11.8,1,50
"NusaExpress","ACTIVE","Klang 88 Speedmart",2024,2024-01,"January",3,22.7,1.3,33.3
"NusaExpress","ACTIVE","Klang 88 Speedmart",2024,2024-02,"February",1,6.9,0,100
"NusaExpress","ACTIVE","Klang 88 Speedmart",2024,2024-03,"March",2,9.8,0,50
"NusaExpress","ACTIVE","Klang 88 Speedmart",2024,2024-07,"July",1,4.9,1,0
"NusaExpress","ACTIVE","Klang 88 Speedmart",2024,2024-09,"September",1,8.9,0,100
"NusaExpress","ACTIVE","Klang 88 Speedmart",2024,2024-11,"November",1,4.9,3,0
"NusaExpress","ACTIVE","Klang 88 Speedmart",2024,2024-12,"December",1,4.9,1,0
"NusaExpress","ACTIVE","Klang 88 Speedmart",2025,2025-05,"May",1,4.9,2,0
"NusaExpress","ACTIVE","Klang 88 Speedmart",2025,2025-06,"June",2,9.8,-.5,50
"NusaExpress","ACTIVE","Klang 88 Speedmart",2025,2025-07,"July",1,4.9,1,0
"NusaExpress","ACTIVE","Klang 88 Speedmart",2025,2025-08,"August",1,6.9,2,0
"NusaExpress","ACTIVE","Klang 88 Speedmart",2025,2025-09,"September",1,6.9,-1,100
"NusaExpress","ACTIVE","Klang 88 Speedmart",2025,2025-10,"October",1,4.9,-1,100
"NusaExpress","ACTIVE","Klang 88 Speedmart",2025,2025-11,"November",1,4.9,2,0
"NusaExpress","ACTIVE","Klang 88 Speedmart",2025,2025-12,"December",2,9.8,0,50
"NusaExpress","ACTIVE","Klang 88 Speedmart",2026,2026-02,"February",1,6.9,-3,100
"NusaExpress","ACTIVE","Klang 88 Speedmart",2026,2026-03,"March",3,14.7,-1.7,100
"NusaExpress","ACTIVE","Klang 88 Speedmart",2026,2026-05,"May",3,16.7,-.7,100
"NusaExpress","ACTIVE","Klang 88 Speedmart",2026,2026-06,"June",3,14.7,-.7,66.7
"NusaExpress","ACTIVE","Kota Kinabalu 88 Speedmart",2023,2023-04,"April",1,4.9,-1,100
"NusaExpress","ACTIVE","Kota Kinabalu 88 Speedmart",2023,2023-06,"June",1,4.9,3,0
"NusaExpress","ACTIVE","Kota Kinabalu 88 Speedmart",2023,2023-09,"September",1,4.9,-2,100
"NusaExpress","ACTIVE","Kota Kinabalu 88 Speedmart",2023,2023-11,"November",1,4.9,2,0
"NusaExpress","ACTIVE","Kota Kinabalu 88 Speedmart",2023,2023-12,"December",1,4.9,-2,100
"NusaExpress","ACTIVE","Kota Kinabalu 88 Speedmart",2024,2024-01,"January",1,4.9,0,100
"NusaExpress","ACTIVE","Kota Kinabalu 88 Speedmart",2024,2024-02,"February",2,9.8,0,100
"NusaExpress","ACTIVE","Kota Kinabalu 88 Speedmart",2024,2024-04,"April",2,9.8,-.5,50
"NusaExpress","ACTIVE","Kota Kinabalu 88 Speedmart",2024,2024-07,"July",1,4.9,1,0
"NusaExpress","ACTIVE","Kota Kinabalu 88 Speedmart",2024,2024-08,"August",1,4.9,0,100
"NusaExpress","ACTIVE","Kota Kinabalu 88 Speedmart",2024,2024-09,"September",2,11.8,-.5,50
"NusaExpress","ACTIVE","Kota Kinabalu 88 Speedmart",2024,2024-10,"October",1,4.9,-1,100
"NusaExpress","ACTIVE","Kota Kinabalu 88 Speedmart",2024,2024-12,"December",2,9.8,-.5,50
"NusaExpress","ACTIVE","Kota Kinabalu 88 Speedmart",2025,2025-01,"January",1,4.9,-1,100
"NusaExpress","ACTIVE","Kota Kinabalu 88 Speedmart",2025,2025-06,"June",2,9.8,0,100
"NusaExpress","ACTIVE","Kota Kinabalu 88 Speedmart",2025,2025-09,"September",1,4.9,2,0
"NusaExpress","ACTIVE","Kota Kinabalu 88 Speedmart",2025,2025-10,"October",1,6.9,-1,100
"NusaExpress","ACTIVE","Kota Kinabalu 88 Speedmart",2025,2025-11,"November",2,9.8,-.5,100
"NusaExpress","ACTIVE","Kota Kinabalu 88 Speedmart",2025,2025-12,"December",2,11.8,2,0
"NusaExpress","ACTIVE","Kota Kinabalu 88 Speedmart",2026,2026-01,"January",1,4.9,-1,100
"NusaExpress","ACTIVE","Kota Kinabalu 88 Speedmart",2026,2026-02,"February",1,4.9,1,0
"NusaExpress","ACTIVE","Kota Kinabalu 88 Speedmart",2026,2026-03,"March",1,4.9,1,0
"NusaExpress","ACTIVE","Kota Kinabalu 88 Speedmart",2026,2026-05,"May",1,4.9,-1,100
"NusaExpress","ACTIVE","Kota Kinabalu 88 Speedmart",2026,2026-06,"June",3,14.7,-1.7,100
"NusaExpress","ACTIVE","Kuching 88 Speedmart",2023,2023-07,"July",3,16.7,1.3,33.3
"NusaExpress","ACTIVE","Kuching 88 Speedmart",2023,2023-10,"October",2,11.8,1.5,50
"NusaExpress","ACTIVE","Kuching 88 Speedmart",2023,2023-11,"November",2,9.8,3,0
"NusaExpress","ACTIVE","Kuching 88 Speedmart",2023,2023-12,"December",1,4.9,-2,100
"NusaExpress","ACTIVE","Kuching 88 Speedmart",2024,2024-01,"January",4,21.6,0,50
"NusaExpress","ACTIVE","Kuching 88 Speedmart",2024,2024-03,"March",1,4.9,0,100
"NusaExpress","ACTIVE","Kuching 88 Speedmart",2024,2024-04,"April",1,4.9,-1,100
"NusaExpress","ACTIVE","Kuching 88 Speedmart",2024,2024-06,"June",1,4.9,-1,100
"NusaExpress","ACTIVE","Kuching 88 Speedmart",2024,2024-08,"August",1,4.9,-1,100
"NusaExpress","ACTIVE","Kuching 88 Speedmart",2024,2024-09,"September",1,4.9,-1,100
"NusaExpress","ACTIVE","Kuching 88 Speedmart",2024,2024-10,"October",1,4.9,-3,100
"NusaExpress","ACTIVE","Kuching 88 Speedmart",2024,2024-12,"December",2,9.8,.5,50
"NusaExpress","ACTIVE","Kuching 88 Speedmart",2025,2025-01,"January",2,9.8,1.5,50
"NusaExpress","ACTIVE","Kuching 88 Speedmart",2025,2025-05,"May",2,9.8,0,100
"NusaExpress","ACTIVE","Kuching 88 Speedmart",2025,2025-06,"June",2,9.8,-1,100
"NusaExpress","ACTIVE","Kuching 88 Speedmart",2025,2025-07,"July",1,4.9,2,0
"NusaExpress","ACTIVE","Kuching 88 Speedmart",2025,2025-08,"August",1,8.9,1,0
"NusaExpress","ACTIVE","Melaka 88 Speedmart",2022,2022-06,"June",2,9.8,1,0
"NusaExpress","ACTIVE","Melaka 88 Speedmart",2022,2022-07,"July",2,9.8,.5,50
"NusaExpress","ACTIVE","Melaka 88 Speedmart",2022,2022-09,"September",1,4.9,-1,100
"NusaExpress","ACTIVE","Melaka 88 Speedmart",2022,2022-11,"November",1,4.9,1,0
"NusaExpress","ACTIVE","Melaka 88 Speedmart",2023,2023-01,"January",2,9.8,-.5,100
"NusaExpress","ACTIVE","Melaka 88 Speedmart",2023,2023-03,"March",1,4.9,1,0
"NusaExpress","ACTIVE","Melaka 88 Speedmart",2023,2023-05,"May",1,4.9,2,0
"NusaExpress","ACTIVE","Melaka 88 Speedmart",2023,2023-06,"June",2,9.8,3,0
"NusaExpress","ACTIVE","Melaka 88 Speedmart",2023,2023-08,"August",1,4.9,1,0
"NusaExpress","ACTIVE","Melaka 88 Speedmart",2023,2023-09,"September",1,4.9,1,0
"NusaExpress","ACTIVE","Melaka 88 Speedmart",2023,2023-11,"November",1,4.9,3,0
"NusaExpress","ACTIVE","Melaka 88 Speedmart",2023,2023-12,"December",1,4.9,-3,100
"NusaExpress","ACTIVE","Melaka 88 Speedmart",2024,2024-02,"February",2,9.8,-.5,100
"NusaExpress","ACTIVE","Melaka 88 Speedmart",2024,2024-04,"April",4,19.6,.3,50
"NusaExpress","ACTIVE","Melaka 88 Speedmart",2024,2024-07,"July",1,4.9,-2,100
"NusaExpress","ACTIVE","Melaka 88 Speedmart",2024,2024-10,"October",1,4.9,1,0
"NusaExpress","ACTIVE","Melaka 88 Speedmart",2024,2024-11,"November",2,9.8,-1,100
"NusaExpress","ACTIVE","Melaka 88 Speedmart",2024,2024-12,"December",1,4.9,0,100
"NusaExpress","ACTIVE","Melaka 88 Speedmart",2025,2025-01,"January",2,9.8,-.5,100
"NusaExpress","ACTIVE","Melaka 88 Speedmart",2025,2025-03,"March",2,9.8,.5,50
"NusaExpress","ACTIVE","Melaka 88 Speedmart",2025,2025-07,"July",1,4.9,0,100
"NusaExpress","ACTIVE","Melaka 88 Speedmart",2025,2025-08,"August",1,4.9,-1,100
"NusaExpress","ACTIVE","Melaka 88 Speedmart",2025,2025-09,"September",1,4.9,-2,100
"NusaExpress","ACTIVE","Melaka 88 Speedmart",2025,2025-10,"October",1,4.9,1,0
"NusaExpress","ACTIVE","Melaka 88 Speedmart",2025,2025-12,"December",2,11.8,.5,50
"NusaExpress","ACTIVE","Melaka 88 Speedmart",2026,2026-01,"January",1,4.9,1,0
"NusaExpress","ACTIVE","Melaka 88 Speedmart",2026,2026-03,"March",1,4.9,0,100
"NusaExpress","ACTIVE","Melaka 88 Speedmart",2026,2026-04,"April",1,4.9,-2,100
"NusaExpress","ACTIVE","Melaka 88 Speedmart",2026,2026-06,"June",1,4.9,0,100
"NusaExpress","ACTIVE","Petaling Jaya 88 Speedmart",2020,2020-07,"July",2,9.8,3,0
"NusaExpress","ACTIVE","Petaling Jaya 88 Speedmart",2020,2020-09,"September",2,9.8,-.5,100
"NusaExpress","ACTIVE","Petaling Jaya 88 Speedmart",2020,2020-11,"November",2,9.8,-.5,50
"NusaExpress","ACTIVE","Petaling Jaya 88 Speedmart",2020,2020-12,"December",4,23.6,1.5,25
"NusaExpress","ACTIVE","Petaling Jaya 88 Speedmart",2021,2021-01,"January",2,9.8,1.5,50
"NusaExpress","ACTIVE","Petaling Jaya 88 Speedmart",2021,2021-04,"April",1,4.9,4,0
"NusaExpress","ACTIVE","Petaling Jaya 88 Speedmart",2021,2021-05,"May",2,9.8,1.5,50
"NusaExpress","ACTIVE","Petaling Jaya 88 Speedmart",2021,2021-06,"June",1,4.9,1,0
"NusaExpress","ACTIVE","Petaling Jaya 88 Speedmart",2021,2021-08,"August",1,4.9,0,100
"NusaExpress","ACTIVE","Petaling Jaya 88 Speedmart",2021,2021-09,"September",2,9.8,-3,100
"NusaExpress","ACTIVE","Petaling Jaya 88 Speedmart",2021,2021-10,"October",1,4.9,4,0
"NusaExpress","ACTIVE","Petaling Jaya 88 Speedmart",2021,2021-11,"November",2,9.8,1,50
"NusaExpress","ACTIVE","Petaling Jaya 88 Speedmart",2022,2022-01,"January",1,4.9,2,0
"NusaExpress","ACTIVE","Petaling Jaya 88 Speedmart",2022,2022-04,"April",1,4.9,1,0
"NusaExpress","ACTIVE","Petaling Jaya 88 Speedmart",2022,2022-05,"May",1,4.9,-1,100
"NusaExpress","ACTIVE","Petaling Jaya 88 Speedmart",2022,2022-08,"August",1,4.9,-2,100
"NusaExpress","ACTIVE","Petaling Jaya 88 Speedmart",2022,2022-11,"November",1,6.9,1,0
"NusaExpress","ACTIVE","Petaling Jaya 88 Speedmart",2022,2022-12,"December",1,4.9,1,0
"NusaExpress","ACTIVE","Petaling Jaya 88 Speedmart",2023,2023-01,"January",1,4.9,0,100
"NusaExpress","ACTIVE","Petaling Jaya 88 Speedmart",2023,2023-05,"May",1,4.9,1,0
"NusaExpress","ACTIVE","Petaling Jaya 88 Speedmart",2023,2023-06,"June",1,4.9,1,0
"NusaExpress","ACTIVE","Petaling Jaya 88 Speedmart",2023,2023-10,"October",1,4.9,1,0
"NusaExpress","ACTIVE","Petaling Jaya 88 Speedmart",2023,2023-12,"December",3,14.7,.7,66.7
"NusaExpress","ACTIVE","Petaling Jaya 88 Speedmart",2024,2024-01,"January",2,11.8,-1,100
"NusaExpress","ACTIVE","Petaling Jaya 88 Speedmart",2024,2024-03,"March",3,14.7,-.3,100
"NusaExpress","ACTIVE","Petaling Jaya 88 Speedmart",2024,2024-04,"April",1,4.9,-2,100
"NusaExpress","ACTIVE","Petaling Jaya 88 Speedmart",2024,2024-06,"June",1,4.9,0,100
"NusaExpress","ACTIVE","Petaling Jaya 88 Speedmart",2024,2024-07,"July",2,11.8,.5,50
"NusaExpress","ACTIVE","Petaling Jaya 88 Speedmart",2024,2024-08,"August",1,4.9,-2,100
"NusaExpress","ACTIVE","Petaling Jaya 88 Speedmart",2024,2024-10,"October",1,4.9,1,0
"NusaExpress","ACTIVE","Petaling Jaya 88 Speedmart",2024,2024-11,"November",2,9.8,1,0
"NusaExpress","ACTIVE","Petaling Jaya 88 Speedmart",2024,2024-12,"December",4,21.6,-.8,75
"NusaExpress","ACTIVE","Petaling Jaya 88 Speedmart",2025,2025-06,"June",2,9.8,-1,100
"NusaExpress","ACTIVE","Petaling Jaya 88 Speedmart",2025,2025-08,"August",1,4.9,-3,100
"NusaExpress","ACTIVE","Petaling Jaya 88 Speedmart",2025,2025-10,"October",1,4.9,0,100
"NusaExpress","ACTIVE","Petaling Jaya 88 Speedmart",2025,2025-11,"November",1,4.9,2,0
"NusaExpress","ACTIVE","Petaling Jaya 88 Speedmart",2025,2025-12,"December",6,33.4,.8,33.3
"NusaExpress","ACTIVE","Petaling Jaya 88 Speedmart",2026,2026-01,"January",3,16.7,0,66.7
"NusaExpress","ACTIVE","Petaling Jaya 88 Speedmart",2026,2026-02,"February",3,14.7,-.7,66.7
"NusaExpress","ACTIVE","Petaling Jaya 88 Speedmart",2026,2026-03,"March",1,4.9,-1,100
"NusaExpress","ACTIVE","Petaling Jaya 88 Speedmart",2026,2026-04,"April",1,4.9,0,100
"NusaExpress","ACTIVE","Petaling Jaya 88 Speedmart",2026,2026-05,"May",1,4.9,-1,100
"NusaExpress","ACTIVE","Petaling Jaya 88 Speedmart",2026,2026-06,"June",2,11.8,-.5,50
"NusaExpress","ACTIVE","Seremban 88 Speedmart",2022,2022-01,"January",2,11.8,-1.5,100
"NusaExpress","ACTIVE","Seremban 88 Speedmart",2022,2022-02,"February",2,9.8,1,50
"NusaExpress","ACTIVE","Seremban 88 Speedmart",2022,2022-03,"March",1,4.9,2,0
"NusaExpress","ACTIVE","Seremban 88 Speedmart",2022,2022-05,"May",1,4.9,0,100
"NusaExpress","ACTIVE","Seremban 88 Speedmart",2022,2022-06,"June",1,6.9,2,0
"NusaExpress","ACTIVE","Seremban 88 Speedmart",2022,2022-07,"July",2,9.8,.5,50
"NusaExpress","ACTIVE","Seremban 88 Speedmart",2022,2022-11,"November",2,9.8,.5,50
"NusaExpress","ACTIVE","Seremban 88 Speedmart",2023,2023-01,"January",1,4.9,-2,100
"NusaExpress","ACTIVE","Seremban 88 Speedmart",2023,2023-02,"February",2,13.8,1,50
"NusaExpress","ACTIVE","Seremban 88 Speedmart",2023,2023-11,"November",2,9.8,1,50
"NusaExpress","ACTIVE","Seremban 88 Speedmart",2023,2023-12,"December",1,4.9,2,0
"NusaExpress","ACTIVE","Seremban 88 Speedmart",2024,2024-01,"January",1,4.9,-1,100
"NusaExpress","ACTIVE","Seremban 88 Speedmart",2024,2024-06,"June",1,4.9,-1,100
"NusaExpress","ACTIVE","Seremban 88 Speedmart",2024,2024-11,"November",2,11.8,.5,50
"NusaExpress","ACTIVE","Seremban 88 Speedmart",2024,2024-12,"December",1,4.9,-1,100
"NusaExpress","ACTIVE","Seremban 88 Speedmart",2025,2025-02,"February",4,19.6,.3,50
"NusaExpress","ACTIVE","Seremban 88 Speedmart",2025,2025-05,"May",2,9.8,.5,50
"NusaExpress","ACTIVE","Seremban 88 Speedmart",2025,2025-06,"June",3,14.7,.7,33.3
"NusaExpress","ACTIVE","Seremban 88 Speedmart",2025,2025-08,"August",1,4.9,2,0
"NusaExpress","ACTIVE","Seremban 88 Speedmart",2025,2025-09,"September",2,9.8,-.5,50
"NusaExpress","ACTIVE","Seremban 88 Speedmart",2025,2025-10,"October",2,9.8,-1.5,100
"NusaExpress","ACTIVE","Seremban 88 Speedmart",2025,2025-12,"December",2,9.8,0,100
"NusaExpress","ACTIVE","Seremban 88 Speedmart",2026,2026-01,"January",2,11.8,0,100
"NusaExpress","ACTIVE","Seremban 88 Speedmart",2026,2026-02,"February",2,11.8,1,50
"NusaExpress","ACTIVE","Shah Alam 88 Speedmart",2020,2020-10,"October",2,9.8,.5,50
"NusaExpress","ACTIVE","Shah Alam 88 Speedmart",2020,2020-11,"November",7,40.3,1.1,28.6
"NusaExpress","ACTIVE","Shah Alam 88 Speedmart",2020,2020-12,"December",2,9.8,1,50
"NusaExpress","ACTIVE","Shah Alam 88 Speedmart",2021,2021-01,"January",1,4.9,2,0
"NusaExpress","ACTIVE","Shah Alam 88 Speedmart",2021,2021-02,"February",2,15.8,-2,100
"NusaExpress","ACTIVE","Shah Alam 88 Speedmart",2021,2021-03,"March",2,9.8,0,50
"NusaExpress","ACTIVE","Shah Alam 88 Speedmart",2021,2021-04,"April",1,4.9,5,0
"NusaExpress","ACTIVE","Shah Alam 88 Speedmart",2021,2021-05,"May",2,11.8,.5,50
"NusaExpress","ACTIVE","Shah Alam 88 Speedmart",2021,2021-07,"July",1,4.9,3,0
"NusaExpress","ACTIVE","Shah Alam 88 Speedmart",2021,2021-08,"August",2,9.8,0,50
"NusaExpress","ACTIVE","Shah Alam 88 Speedmart",2021,2021-11,"November",2,9.8,1.5,0
"NusaExpress","ACTIVE","Shah Alam 88 Speedmart",2021,2021-12,"December",2,9.8,2,0
"NusaExpress","ACTIVE","Shah Alam 88 Speedmart",2022,2022-02,"February",1,4.9,2,0
"NusaExpress","ACTIVE","Shah Alam 88 Speedmart",2022,2022-05,"May",2,9.8,1,50
"NusaExpress","ACTIVE","Shah Alam 88 Speedmart",2022,2022-06,"June",1,4.9,-2,100
"NusaExpress","ACTIVE","Shah Alam 88 Speedmart",2022,2022-07,"July",1,4.9,1,0
"NusaExpress","ACTIVE","Shah Alam 88 Speedmart",2022,2022-08,"August",1,4.9,2,0
"NusaExpress","ACTIVE","Shah Alam 88 Speedmart",2022,2022-09,"September",2,9.8,1.5,50
"NusaExpress","ACTIVE","Shah Alam 88 Speedmart",2023,2023-01,"January",1,4.9,0,100
"NusaExpress","ACTIVE","Shah Alam 88 Speedmart",2023,2023-03,"March",1,4.9,0,100
"NusaExpress","ACTIVE","Shah Alam 88 Speedmart",2023,2023-04,"April",1,4.9,-1,100
"NusaExpress","ACTIVE","Shah Alam 88 Speedmart",2023,2023-05,"May",1,4.9,-1,100
"NusaExpress","ACTIVE","Shah Alam 88 Speedmart",2023,2023-06,"June",2,11.8,1.5,0
"NusaExpress","ACTIVE","Shah Alam 88 Speedmart",2023,2023-07,"July",2,9.8,2,0
"NusaExpress","ACTIVE","Shah Alam 88 Speedmart",2023,2023-09,"September",1,4.9,-1,100
"NusaExpress","ACTIVE","Shah Alam 88 Speedmart",2023,2023-10,"October",1,4.9,2,0
"NusaExpress","ACTIVE","Shah Alam 88 Speedmart",2024,2024-02,"February",2,9.8,-2,100
"NusaExpress","ACTIVE","Shah Alam 88 Speedmart",2024,2024-03,"March",2,9.8,-1,100
"NusaExpress","ACTIVE","Shah Alam 88 Speedmart",2024,2024-04,"April",1,4.9,-2,100
"NusaExpress","ACTIVE","Shah Alam 88 Speedmart",2024,2024-08,"August",1,4.9,2,0
"NusaExpress","ACTIVE","Shah Alam 88 Speedmart",2024,2024-10,"October",1,8.9,0,100
"NusaExpress","ACTIVE","Shah Alam 88 Speedmart",2024,2024-12,"December",1,4.9,-2,100
"NusaExpress","ACTIVE","Shah Alam 88 Speedmart",2025,2025-04,"April",2,9.8,0,50
"NusaExpress","ACTIVE","Shah Alam 88 Speedmart",2025,2025-05,"May",1,4.9,1,0
"NusaExpress","ACTIVE","Shah Alam 88 Speedmart",2025,2025-11,"November",1,4.9,1,0
"NusaExpress","ACTIVE","Shah Alam 88 Speedmart",2025,2025-12,"December",1,6.9,-2,100
"NusaExpress","ACTIVE","Shah Alam 88 Speedmart",2026,2026-01,"January",2,13.8,-1,100
"NusaExpress","ACTIVE","Shah Alam 88 Speedmart",2026,2026-02,"February",1,4.9,-1,100
"NusaExpress","ACTIVE","Shah Alam 88 Speedmart",2026,2026-04,"April",3,14.7,-1.7,100
"NusaExpress","ACTIVE","Shah Alam 88 Speedmart",2026,2026-05,"May",2,9.8,1,0
"NusaExpress","ACTIVE","Shah Alam 88 Speedmart",2026,2026-06,"June",1,4.9,0,100
"RiskyRoutes Delivery","INACTIVE","Ampang 88 Speedmart",2020,2020-01,"January",6,31.4,-.5,83.3
"RiskyRoutes Delivery","INACTIVE","Ampang 88 Speedmart",2020,2020-02,"February",7,38.3,1.3,28.6
"RiskyRoutes Delivery","INACTIVE","Ampang 88 Speedmart",2020,2020-03,"March",4,21.6,3.3,25
"RiskyRoutes Delivery","INACTIVE","Ampang 88 Speedmart",2020,2020-04,"April",1,4.9,0,100
"RiskyRoutes Delivery","INACTIVE","Ampang 88 Speedmart",2020,2020-05,"May",4,19.6,2.5,25
"RiskyRoutes Delivery","INACTIVE","Ampang 88 Speedmart",2020,2020-06,"June",5,24.5,.4,60
"RiskyRoutes Delivery","INACTIVE","Ampang 88 Speedmart",2020,2020-11,"November",2,11.8,4,0
"RiskyRoutes Delivery","INACTIVE","Ampang 88 Speedmart",2020,2020-12,"December",5,24.5,.6,40
"RiskyRoutes Delivery","INACTIVE","Ampang 88 Speedmart",2021,2021-01,"January",2,13.8,3,0
"RiskyRoutes Delivery","INACTIVE","Ampang 88 Speedmart",2021,2021-02,"February",2,9.8,1.5,50
"RiskyRoutes Delivery","INACTIVE","Ampang 88 Speedmart",2021,2021-03,"March",1,4.9,2,0
"RiskyRoutes Delivery","INACTIVE","Ampang 88 Speedmart",2021,2021-04,"April",1,4.9,4,0
"RiskyRoutes Delivery","INACTIVE","Ampang 88 Speedmart",2021,2021-05,"May",1,4.9,3,0
"RiskyRoutes Delivery","INACTIVE","Ampang 88 Speedmart",2021,2021-06,"June",1,4.9,2,0
"RiskyRoutes Delivery","INACTIVE","Ampang 88 Speedmart",2021,2021-08,"August",1,4.9,4,0
"RiskyRoutes Delivery","INACTIVE","Ampang 88 Speedmart",2021,2021-09,"September",2,9.8,1.5,50
"RiskyRoutes Delivery","INACTIVE","Ampang 88 Speedmart",2021,2021-12,"December",2,9.8,.5,50
"RiskyRoutes Delivery","INACTIVE","Ampang 88 Speedmart",2022,2022-01,"January",1,4.9,2,0
"RiskyRoutes Delivery","INACTIVE","Ampang 88 Speedmart",2022,2022-06,"June",3,14.7,2.7,0
"RiskyRoutes Delivery","INACTIVE","Ampang 88 Speedmart",2022,2022-10,"October",1,4.9,2,0
"RiskyRoutes Delivery","INACTIVE","Ampang 88 Speedmart",2022,2022-11,"November",2,9.8,3,0
"RiskyRoutes Delivery","INACTIVE","Ampang 88 Speedmart",2022,2022-12,"December",4,21.6,2.3,0
"RiskyRoutes Delivery","INACTIVE","Ampang 88 Speedmart",2023,2023-01,"January",1,4.9,1,0
"RiskyRoutes Delivery","INACTIVE","Ampang 88 Speedmart",2023,2023-02,"February",1,8.9,2,0
"RiskyRoutes Delivery","INACTIVE","Ampang 88 Speedmart",2023,2023-05,"May",1,6.9,0,100
"RiskyRoutes Delivery","INACTIVE","Ampang 88 Speedmart",2023,2023-08,"August",1,4.9,-2,100
"RiskyRoutes Delivery","INACTIVE","Cheras 88 Speedmart",2020,2020-04,"April",1,4.9,4,0
"RiskyRoutes Delivery","INACTIVE","Cheras 88 Speedmart",2020,2020-05,"May",2,11.8,3.5,0
"RiskyRoutes Delivery","INACTIVE","Cheras 88 Speedmart",2020,2020-06,"June",1,4.9,1,0
"RiskyRoutes Delivery","INACTIVE","Cheras 88 Speedmart",2020,2020-07,"July",1,4.9,1,0
"RiskyRoutes Delivery","INACTIVE","Cheras 88 Speedmart",2020,2020-08,"August",2,11.8,2.5,50
"RiskyRoutes Delivery","INACTIVE","Cheras 88 Speedmart",2020,2020-09,"September",3,18.7,-.7,66.7
"RiskyRoutes Delivery","INACTIVE","Cheras 88 Speedmart",2020,2020-11,"November",1,4.9,1,0
"RiskyRoutes Delivery","INACTIVE","Cheras 88 Speedmart",2020,2020-12,"December",5,28.5,1,60
"RiskyRoutes Delivery","INACTIVE","Cheras 88 Speedmart",2021,2021-01,"January",2,13.8,.5,50
"RiskyRoutes Delivery","INACTIVE","Cheras 88 Speedmart",2021,2021-02,"February",2,9.8,-.5,50
"RiskyRoutes Delivery","INACTIVE","Cheras 88 Speedmart",2021,2021-03,"March",1,4.9,1,0
"RiskyRoutes Delivery","INACTIVE","Cheras 88 Speedmart",2021,2021-05,"May",1,4.9,-2,100
"RiskyRoutes Delivery","INACTIVE","Cheras 88 Speedmart",2021,2021-09,"September",2,13.8,.5,50
"RiskyRoutes Delivery","INACTIVE","Cheras 88 Speedmart",2021,2021-12,"December",2,9.8,-.5,50
"RiskyRoutes Delivery","INACTIVE","Cheras 88 Speedmart",2022,2022-01,"January",1,4.9,1,0
"RiskyRoutes Delivery","INACTIVE","Cheras 88 Speedmart",2022,2022-02,"February",1,4.9,-2,100
"RiskyRoutes Delivery","INACTIVE","Cheras 88 Speedmart",2022,2022-05,"May",1,4.9,1,0
"RiskyRoutes Delivery","INACTIVE","Cheras 88 Speedmart",2022,2022-08,"August",2,9.8,0,50
"RiskyRoutes Delivery","INACTIVE","Cheras 88 Speedmart",2022,2022-09,"September",1,4.9,3,0
"RiskyRoutes Delivery","INACTIVE","Cheras 88 Speedmart",2023,2023-04,"April",1,6.9,1,0
"RiskyRoutes Delivery","INACTIVE","Cheras 88 Speedmart",2023,2023-05,"May",1,4.9,1,0
"RiskyRoutes Delivery","INACTIVE","George Town 88 Speedmart",2021,2021-10,"October",1,4.9,1,0
"RiskyRoutes Delivery","INACTIVE","George Town 88 Speedmart",2021,2021-12,"December",1,4.9,0,100
"RiskyRoutes Delivery","INACTIVE","George Town 88 Speedmart",2022,2022-01,"January",1,4.9,-2,100
"RiskyRoutes Delivery","INACTIVE","George Town 88 Speedmart",2022,2022-05,"May",1,4.9,-1,100
"RiskyRoutes Delivery","INACTIVE","George Town 88 Speedmart",2022,2022-08,"August",1,4.9,1,0
"RiskyRoutes Delivery","INACTIVE","George Town 88 Speedmart",2022,2022-10,"October",1,4.9,-1,100
"RiskyRoutes Delivery","INACTIVE","George Town 88 Speedmart",2022,2022-11,"November",1,4.9,-3,100
"RiskyRoutes Delivery","INACTIVE","George Town 88 Speedmart",2022,2022-12,"December",2,9.8,2.5,0
"RiskyRoutes Delivery","INACTIVE","George Town 88 Speedmart",2023,2023-01,"January",1,4.9,-1,100
"RiskyRoutes Delivery","INACTIVE","George Town 88 Speedmart",2023,2023-03,"March",1,4.9,1,0
"RiskyRoutes Delivery","INACTIVE","George Town 88 Speedmart",2023,2023-04,"April",1,4.9,0,100
"RiskyRoutes Delivery","INACTIVE","Ipoh 88 Speedmart",2021,2021-08,"August",3,14.7,-.3,66.7
"RiskyRoutes Delivery","INACTIVE","Ipoh 88 Speedmart",2021,2021-10,"October",2,9.8,-1,100
"RiskyRoutes Delivery","INACTIVE","Ipoh 88 Speedmart",2021,2021-11,"November",1,4.9,0,100
"RiskyRoutes Delivery","INACTIVE","Ipoh 88 Speedmart",2021,2021-12,"December",1,4.9,-1,100
"RiskyRoutes Delivery","INACTIVE","Ipoh 88 Speedmart",2022,2022-01,"January",1,4.9,1,0
"RiskyRoutes Delivery","INACTIVE","Ipoh 88 Speedmart",2022,2022-02,"February",2,13.8,1,50
"RiskyRoutes Delivery","INACTIVE","Ipoh 88 Speedmart",2022,2022-03,"March",2,9.8,-1,100
"RiskyRoutes Delivery","INACTIVE","Ipoh 88 Speedmart",2022,2022-06,"June",1,6.9,1,0
"RiskyRoutes Delivery","INACTIVE","Ipoh 88 Speedmart",2022,2022-07,"July",1,4.9,0,100
"RiskyRoutes Delivery","INACTIVE","Ipoh 88 Speedmart",2022,2022-08,"August",1,6.9,-1,100
"RiskyRoutes Delivery","INACTIVE","Ipoh 88 Speedmart",2022,2022-09,"September",1,4.9,1,0
"RiskyRoutes Delivery","INACTIVE","Ipoh 88 Speedmart",2022,2022-10,"October",1,4.9,0,100
"RiskyRoutes Delivery","INACTIVE","Ipoh 88 Speedmart",2022,2022-12,"December",1,6.9,2,0
"RiskyRoutes Delivery","INACTIVE","Ipoh 88 Speedmart",2023,2023-07,"July",2,9.8,1.5,50
"RiskyRoutes Delivery","INACTIVE","Johor Bahru 88 Speedmart",2021,2021-05,"May",1,4.9,3,0
"RiskyRoutes Delivery","INACTIVE","Johor Bahru 88 Speedmart",2021,2021-06,"June",2,9.8,2,0
"RiskyRoutes Delivery","INACTIVE","Johor Bahru 88 Speedmart",2021,2021-07,"July",1,6.9,2,0
"RiskyRoutes Delivery","INACTIVE","Johor Bahru 88 Speedmart",2021,2021-08,"August",1,4.9,2,0
"RiskyRoutes Delivery","INACTIVE","Johor Bahru 88 Speedmart",2021,2021-09,"September",3,14.7,-.7,66.7
"RiskyRoutes Delivery","INACTIVE","Johor Bahru 88 Speedmart",2021,2021-12,"December",1,4.9,1,0
"RiskyRoutes Delivery","INACTIVE","Johor Bahru 88 Speedmart",2022,2022-01,"January",1,4.9,0,100
"RiskyRoutes Delivery","INACTIVE","Johor Bahru 88 Speedmart",2022,2022-02,"February",1,4.9,0,100
"RiskyRoutes Delivery","INACTIVE","Johor Bahru 88 Speedmart",2022,2022-03,"March",4,21.6,.5,25
"RiskyRoutes Delivery","INACTIVE","Johor Bahru 88 Speedmart",2022,2022-05,"May",1,4.9,2,0
"RiskyRoutes Delivery","INACTIVE","Johor Bahru 88 Speedmart",2022,2022-07,"July",1,4.9,-3,100
"RiskyRoutes Delivery","INACTIVE","Johor Bahru 88 Speedmart",2022,2022-08,"August",2,9.8,0,50
"RiskyRoutes Delivery","INACTIVE","Johor Bahru 88 Speedmart",2022,2022-09,"September",1,4.9,1,0
"RiskyRoutes Delivery","INACTIVE","Johor Bahru 88 Speedmart",2023,2023-01,"January",2,9.8,1.5,0
"RiskyRoutes Delivery","INACTIVE","Johor Bahru 88 Speedmart",2023,2023-05,"May",1,4.9,3,0
"RiskyRoutes Delivery","INACTIVE","Johor Bahru 88 Speedmart",2023,2023-07,"July",1,4.9,-1,100
"RiskyRoutes Delivery","INACTIVE","Klang 88 Speedmart",2021,2021-03,"March",1,4.9,1,0
"RiskyRoutes Delivery","INACTIVE","Klang 88 Speedmart",2021,2021-04,"April",1,4.9,-1,100
"RiskyRoutes Delivery","INACTIVE","Klang 88 Speedmart",2021,2021-05,"May",3,14.7,1.3,33.3
"RiskyRoutes Delivery","INACTIVE","Klang 88 Speedmart",2021,2021-08,"August",1,4.9,0,100
"RiskyRoutes Delivery","INACTIVE","Klang 88 Speedmart",2021,2021-10,"October",1,4.9,3,0
"RiskyRoutes Delivery","INACTIVE","Klang 88 Speedmart",2021,2021-11,"November",1,4.9,2,0
"RiskyRoutes Delivery","INACTIVE","Klang 88 Speedmart",2021,2021-12,"December",4,19.6,.3,50
"RiskyRoutes Delivery","INACTIVE","Klang 88 Speedmart",2022,2022-01,"January",1,4.9,0,100
"RiskyRoutes Delivery","INACTIVE","Klang 88 Speedmart",2022,2022-02,"February",1,4.9,-1,100
"RiskyRoutes Delivery","INACTIVE","Klang 88 Speedmart",2022,2022-04,"April",1,4.9,3,0
"RiskyRoutes Delivery","INACTIVE","Klang 88 Speedmart",2022,2022-05,"May",1,4.9,3,0
"RiskyRoutes Delivery","INACTIVE","Klang 88 Speedmart",2022,2022-06,"June",2,11.8,-1.5,100
"RiskyRoutes Delivery","INACTIVE","Klang 88 Speedmart",2022,2022-07,"July",2,11.8,2.5,0
"RiskyRoutes Delivery","INACTIVE","Klang 88 Speedmart",2022,2022-10,"October",1,4.9,0,100
"RiskyRoutes Delivery","INACTIVE","Klang 88 Speedmart",2023,2023-01,"January",2,9.8,2.5,0
"RiskyRoutes Delivery","INACTIVE","Klang 88 Speedmart",2023,2023-03,"March",1,4.9,-3,100
"RiskyRoutes Delivery","INACTIVE","Klang 88 Speedmart",2023,2023-04,"April",1,4.9,2,0
"RiskyRoutes Delivery","INACTIVE","Klang 88 Speedmart",2023,2023-11,"November",1,4.9,-1,100
"RiskyRoutes Delivery","INACTIVE","Klang 88 Speedmart",2024,2024-01,"January",1,4.9,0,100
"RiskyRoutes Delivery","INACTIVE","Kota Kinabalu 88 Speedmart",2023,2023-01,"January",1,4.9,0,100
"RiskyRoutes Delivery","INACTIVE","Kota Kinabalu 88 Speedmart",2023,2023-06,"June",1,4.9,3,0
"RiskyRoutes Delivery","INACTIVE","Kota Kinabalu 88 Speedmart",2023,2023-11,"November",1,4.9,1,0
"RiskyRoutes Delivery","INACTIVE","Kuching 88 Speedmart",2023,2023-10,"October",1,4.9,-2,100
"RiskyRoutes Delivery","INACTIVE","Kuching 88 Speedmart",2023,2023-11,"November",1,4.9,2,0
"RiskyRoutes Delivery","INACTIVE","Kuching 88 Speedmart",2024,2024-02,"February",1,4.9,-3,100
"RiskyRoutes Delivery","INACTIVE","Kuching 88 Speedmart",2024,2024-03,"March",1,4.9,-1,100
"RiskyRoutes Delivery","INACTIVE","Melaka 88 Speedmart",2022,2022-11,"November",1,4.9,0,100
"RiskyRoutes Delivery","INACTIVE","Melaka 88 Speedmart",2022,2022-12,"December",2,9.8,0,50
"RiskyRoutes Delivery","INACTIVE","Melaka 88 Speedmart",2023,2023-01,"January",1,4.9,3,0
"RiskyRoutes Delivery","INACTIVE","Melaka 88 Speedmart",2023,2023-02,"February",1,4.9,2,0
"RiskyRoutes Delivery","INACTIVE","Melaka 88 Speedmart",2023,2023-05,"May",1,4.9,-1,100
"RiskyRoutes Delivery","INACTIVE","Petaling Jaya 88 Speedmart",2020,2020-07,"July",3,16.7,1.7,33.3
"RiskyRoutes Delivery","INACTIVE","Petaling Jaya 88 Speedmart",2020,2020-08,"August",2,11.8,2.5,0
"RiskyRoutes Delivery","INACTIVE","Petaling Jaya 88 Speedmart",2020,2020-11,"November",3,14.7,3,33.3
"RiskyRoutes Delivery","INACTIVE","Petaling Jaya 88 Speedmart",2020,2020-12,"December",3,16.7,2.7,0
"RiskyRoutes Delivery","INACTIVE","Petaling Jaya 88 Speedmart",2021,2021-01,"January",2,9.8,2.5,0
"RiskyRoutes Delivery","INACTIVE","Petaling Jaya 88 Speedmart",2021,2021-02,"February",1,4.9,1,0
"RiskyRoutes Delivery","INACTIVE","Petaling Jaya 88 Speedmart",2021,2021-04,"April",1,4.9,2,0
"RiskyRoutes Delivery","INACTIVE","Petaling Jaya 88 Speedmart",2021,2021-06,"June",2,9.8,0,100
"RiskyRoutes Delivery","INACTIVE","Petaling Jaya 88 Speedmart",2021,2021-07,"July",1,6.9,-2,100
"RiskyRoutes Delivery","INACTIVE","Petaling Jaya 88 Speedmart",2021,2021-08,"August",1,4.9,1,0
"RiskyRoutes Delivery","INACTIVE","Petaling Jaya 88 Speedmart",2021,2021-10,"October",1,4.9,-1,100
"RiskyRoutes Delivery","INACTIVE","Petaling Jaya 88 Speedmart",2021,2021-11,"November",1,4.9,1,0
"RiskyRoutes Delivery","INACTIVE","Petaling Jaya 88 Speedmart",2021,2021-12,"December",2,9.8,2,0
"RiskyRoutes Delivery","INACTIVE","Petaling Jaya 88 Speedmart",2022,2022-02,"February",1,4.9,-1,100
"RiskyRoutes Delivery","INACTIVE","Petaling Jaya 88 Speedmart",2022,2022-04,"April",1,4.9,2,0
"RiskyRoutes Delivery","INACTIVE","Petaling Jaya 88 Speedmart",2022,2022-11,"November",2,9.8,-1.5,100
"RiskyRoutes Delivery","INACTIVE","Petaling Jaya 88 Speedmart",2022,2022-12,"December",1,4.9,-1,100
"RiskyRoutes Delivery","INACTIVE","Petaling Jaya 88 Speedmart",2023,2023-01,"January",1,4.9,-2,100
"RiskyRoutes Delivery","INACTIVE","Petaling Jaya 88 Speedmart",2023,2023-02,"February",1,6.9,-1,100
"RiskyRoutes Delivery","INACTIVE","Petaling Jaya 88 Speedmart",2023,2023-03,"March",1,4.9,2,0
"RiskyRoutes Delivery","INACTIVE","Petaling Jaya 88 Speedmart",2023,2023-04,"April",3,14.7,0,66.7
"RiskyRoutes Delivery","INACTIVE","Petaling Jaya 88 Speedmart",2023,2023-06,"June",1,4.9,0,100
"RiskyRoutes Delivery","INACTIVE","Petaling Jaya 88 Speedmart",2023,2023-11,"November",1,4.9,-2,100
"RiskyRoutes Delivery","INACTIVE","Seremban 88 Speedmart",2022,2022-01,"January",1,4.9,-1,100
"RiskyRoutes Delivery","INACTIVE","Seremban 88 Speedmart",2022,2022-02,"February",1,4.9,2,0
"RiskyRoutes Delivery","INACTIVE","Seremban 88 Speedmart",2022,2022-03,"March",3,14.7,0,66.7
"RiskyRoutes Delivery","INACTIVE","Seremban 88 Speedmart",2022,2022-04,"April",1,4.9,0,100
"RiskyRoutes Delivery","INACTIVE","Seremban 88 Speedmart",2022,2022-05,"May",1,6.9,-2,100
"RiskyRoutes Delivery","INACTIVE","Seremban 88 Speedmart",2022,2022-06,"June",1,4.9,3,0
"RiskyRoutes Delivery","INACTIVE","Seremban 88 Speedmart",2022,2022-11,"November",1,8.9,-2,100
"RiskyRoutes Delivery","INACTIVE","Seremban 88 Speedmart",2022,2022-12,"December",1,4.9,-2,100
"RiskyRoutes Delivery","INACTIVE","Seremban 88 Speedmart",2023,2023-01,"January",1,4.9,2,0
"RiskyRoutes Delivery","INACTIVE","Seremban 88 Speedmart",2023,2023-03,"March",1,4.9,1,0
"RiskyRoutes Delivery","INACTIVE","Seremban 88 Speedmart",2023,2023-04,"April",3,14.7,-.7,66.7
"RiskyRoutes Delivery","INACTIVE","Seremban 88 Speedmart",2023,2023-05,"May",1,6.9,1,0
"RiskyRoutes Delivery","INACTIVE","Seremban 88 Speedmart",2023,2023-06,"June",1,4.9,-2,100
"RiskyRoutes Delivery","INACTIVE","Shah Alam 88 Speedmart",2020,2020-10,"October",2,11.8,.5,50
"RiskyRoutes Delivery","INACTIVE","Shah Alam 88 Speedmart",2020,2020-11,"November",2,9.8,-2,100
"RiskyRoutes Delivery","INACTIVE","Shah Alam 88 Speedmart",2021,2021-01,"January",2,9.8,1,50
"RiskyRoutes Delivery","INACTIVE","Shah Alam 88 Speedmart",2021,2021-02,"February",1,4.9,-1,100
"RiskyRoutes Delivery","INACTIVE","Shah Alam 88 Speedmart",2021,2021-04,"April",1,4.9,-1,100
"RiskyRoutes Delivery","INACTIVE","Shah Alam 88 Speedmart",2021,2021-05,"May",1,4.9,0,100
"RiskyRoutes Delivery","INACTIVE","Shah Alam 88 Speedmart",2021,2021-06,"June",4,19.6,.8,50
"RiskyRoutes Delivery","INACTIVE","Shah Alam 88 Speedmart",2021,2021-07,"July",2,13.8,-.5,50
"RiskyRoutes Delivery","INACTIVE","Shah Alam 88 Speedmart",2021,2021-08,"August",1,4.9,1,0
"RiskyRoutes Delivery","INACTIVE","Shah Alam 88 Speedmart",2021,2021-12,"December",2,9.8,3,0
"RiskyRoutes Delivery","INACTIVE","Shah Alam 88 Speedmart",2022,2022-01,"January",1,6.9,0,100
"RiskyRoutes Delivery","INACTIVE","Shah Alam 88 Speedmart",2022,2022-04,"April",1,4.9,-1,100
"RiskyRoutes Delivery","INACTIVE","Shah Alam 88 Speedmart",2022,2022-05,"May",1,4.9,-1,100
"RiskyRoutes Delivery","INACTIVE","Shah Alam 88 Speedmart",2022,2022-06,"June",1,4.9,-2,100
"RiskyRoutes Delivery","INACTIVE","Shah Alam 88 Speedmart",2022,2022-08,"August",1,4.9,1,0
"RiskyRoutes Delivery","INACTIVE","Shah Alam 88 Speedmart",2022,2022-10,"October",1,4.9,1,0
"RiskyRoutes Delivery","INACTIVE","Shah Alam 88 Speedmart",2023,2023-01,"January",1,4.9,-1,100
"RiskyRoutes Delivery","INACTIVE","Shah Alam 88 Speedmart",2023,2023-02,"February",2,9.8,-1.5,100
"RiskyRoutes Delivery","INACTIVE","Shah Alam 88 Speedmart",2023,2023-05,"May",2,9.8,1,50
"SlowButSure Logistics","ACTIVE","Ampang 88 Speedmart",2020,2020-01,"January",12,62.8,-.6,83.3
"SlowButSure Logistics","ACTIVE","Ampang 88 Speedmart",2020,2020-02,"February",14,70.6,-.1,64.3
"SlowButSure Logistics","ACTIVE","Ampang 88 Speedmart",2020,2020-03,"March",8,45.2,-.4,62.5
"SlowButSure Logistics","ACTIVE","Ampang 88 Speedmart",2020,2020-04,"April",2,9.8,0,50
"SlowButSure Logistics","ACTIVE","Ampang 88 Speedmart",2020,2020-05,"May",5,26.5,-.4,80
"SlowButSure Logistics","ACTIVE","Ampang 88 Speedmart",2020,2020-06,"June",8,41.2,-.9,100
"SlowButSure Logistics","ACTIVE","Ampang 88 Speedmart",2020,2020-07,"July",5,26.5,0,80
"SlowButSure Logistics","ACTIVE","Ampang 88 Speedmart",2020,2020-08,"August",3,14.7,-1.3,100
"SlowButSure Logistics","ACTIVE","Ampang 88 Speedmart",2020,2020-10,"October",3,16.7,-1.7,100
"SlowButSure Logistics","ACTIVE","Ampang 88 Speedmart",2020,2020-11,"November",2,9.8,-1,100
"SlowButSure Logistics","ACTIVE","Ampang 88 Speedmart",2020,2020-12,"December",4,21.6,-1.5,100
"SlowButSure Logistics","ACTIVE","Ampang 88 Speedmart",2021,2021-01,"January",2,9.8,-1.5,100
"SlowButSure Logistics","ACTIVE","Ampang 88 Speedmart",2021,2021-02,"February",2,9.8,-2.5,100
"SlowButSure Logistics","ACTIVE","Ampang 88 Speedmart",2021,2021-03,"March",1,4.9,0,100
"SlowButSure Logistics","ACTIVE","Ampang 88 Speedmart",2021,2021-04,"April",2,9.8,-.5,100
"SlowButSure Logistics","ACTIVE","Ampang 88 Speedmart",2021,2021-05,"May",4,19.6,-.8,100
"SlowButSure Logistics","ACTIVE","Ampang 88 Speedmart",2021,2021-06,"June",2,9.8,-1.5,100
"SlowButSure Logistics","ACTIVE","Ampang 88 Speedmart",2021,2021-07,"July",3,14.7,-.3,66.7
"SlowButSure Logistics","ACTIVE","Ampang 88 Speedmart",2021,2021-08,"August",2,13.8,-1,100
"SlowButSure Logistics","ACTIVE","Ampang 88 Speedmart",2021,2021-09,"September",1,8.9,-2,100
"SlowButSure Logistics","ACTIVE","Ampang 88 Speedmart",2021,2021-11,"November",1,4.9,0,100
"SlowButSure Logistics","ACTIVE","Ampang 88 Speedmart",2021,2021-12,"December",4,19.6,-1,100
"SlowButSure Logistics","ACTIVE","Ampang 88 Speedmart",2022,2022-02,"February",2,13.8,-.5,100
"SlowButSure Logistics","ACTIVE","Ampang 88 Speedmart",2022,2022-03,"March",2,11.8,-2,100
"SlowButSure Logistics","ACTIVE","Ampang 88 Speedmart",2022,2022-04,"April",2,11.8,-2,100
"SlowButSure Logistics","ACTIVE","Ampang 88 Speedmart",2022,2022-07,"July",1,4.9,-2,100
"SlowButSure Logistics","ACTIVE","Ampang 88 Speedmart",2022,2022-08,"August",1,4.9,0,100
"SlowButSure Logistics","ACTIVE","Ampang 88 Speedmart",2022,2022-09,"September",1,4.9,-1,100
"SlowButSure Logistics","ACTIVE","Ampang 88 Speedmart",2022,2022-10,"October",3,14.7,-.7,100
"SlowButSure Logistics","ACTIVE","Ampang 88 Speedmart",2022,2022-11,"November",3,18.7,-1,66.7
"SlowButSure Logistics","ACTIVE","Ampang 88 Speedmart",2022,2022-12,"December",3,14.7,-.3,100
"SlowButSure Logistics","ACTIVE","Ampang 88 Speedmart",2023,2023-01,"January",1,4.9,0,100
"SlowButSure Logistics","ACTIVE","Ampang 88 Speedmart",2023,2023-02,"February",2,9.8,-.5,50
"SlowButSure Logistics","ACTIVE","Ampang 88 Speedmart",2023,2023-03,"March",2,9.8,-2,100
"SlowButSure Logistics","ACTIVE","Ampang 88 Speedmart",2023,2023-05,"May",1,6.9,0,100
"SlowButSure Logistics","ACTIVE","Ampang 88 Speedmart",2023,2023-06,"June",1,4.9,-1,100
"SlowButSure Logistics","ACTIVE","Ampang 88 Speedmart",2023,2023-07,"July",1,6.9,-2,100
"SlowButSure Logistics","ACTIVE","Ampang 88 Speedmart",2023,2023-08,"August",2,9.8,0,100
"SlowButSure Logistics","ACTIVE","Ampang 88 Speedmart",2023,2023-10,"October",3,14.7,-.7,100
"SlowButSure Logistics","ACTIVE","Ampang 88 Speedmart",2023,2023-11,"November",3,14.7,-1.7,100
"SlowButSure Logistics","ACTIVE","Ampang 88 Speedmart",2023,2023-12,"December",3,18.7,-1.3,100
"SlowButSure Logistics","ACTIVE","Ampang 88 Speedmart",2024,2024-01,"January",1,4.9,-3,100
"SlowButSure Logistics","ACTIVE","Ampang 88 Speedmart",2024,2024-02,"February",1,4.9,1,0
"SlowButSure Logistics","ACTIVE","Ampang 88 Speedmart",2024,2024-03,"March",4,21.6,-.5,75
"SlowButSure Logistics","ACTIVE","Ampang 88 Speedmart",2024,2024-04,"April",1,4.9,-1,100
"SlowButSure Logistics","ACTIVE","Ampang 88 Speedmart",2024,2024-05,"May",1,4.9,1,0
"SlowButSure Logistics","ACTIVE","Ampang 88 Speedmart",2024,2024-06,"June",1,4.9,-2,100
"SlowButSure Logistics","ACTIVE","Ampang 88 Speedmart",2024,2024-10,"October",2,9.8,-1,100
"SlowButSure Logistics","ACTIVE","Ampang 88 Speedmart",2024,2024-11,"November",2,9.8,-.5,100
"SlowButSure Logistics","ACTIVE","Ampang 88 Speedmart",2024,2024-12,"December",4,23.6,-2,100
"SlowButSure Logistics","ACTIVE","Ampang 88 Speedmart",2025,2025-01,"January",1,8.9,-1,100
"SlowButSure Logistics","ACTIVE","Ampang 88 Speedmart",2025,2025-02,"February",2,9.8,-1.5,100
"SlowButSure Logistics","ACTIVE","Ampang 88 Speedmart",2025,2025-04,"April",1,6.9,-3,100
"SlowButSure Logistics","ACTIVE","Ampang 88 Speedmart",2025,2025-05,"May",1,6.9,0,100
"SlowButSure Logistics","ACTIVE","Ampang 88 Speedmart",2025,2025-06,"June",3,18.7,-2,100
"SlowButSure Logistics","ACTIVE","Ampang 88 Speedmart",2025,2025-07,"July",2,9.8,-1.5,100
"SlowButSure Logistics","ACTIVE","Ampang 88 Speedmart",2025,2025-09,"September",2,13.8,-1,100
"SlowButSure Logistics","ACTIVE","Ampang 88 Speedmart",2025,2025-10,"October",2,13.8,-1,100
"SlowButSure Logistics","ACTIVE","Ampang 88 Speedmart",2025,2025-11,"November",3,14.7,-1,100
"SlowButSure Logistics","ACTIVE","Ampang 88 Speedmart",2025,2025-12,"December",3,16.7,-1,100
"SlowButSure Logistics","ACTIVE","Ampang 88 Speedmart",2026,2026-04,"April",1,6.9,-3,100
"SlowButSure Logistics","ACTIVE","Ampang 88 Speedmart",2026,2026-06,"June",2,9.8,0,100
"SlowButSure Logistics","ACTIVE","Cheras 88 Speedmart",2020,2020-04,"April",4,19.6,0,75
"SlowButSure Logistics","ACTIVE","Cheras 88 Speedmart",2020,2020-05,"May",9,46.1,-.9,88.9
"SlowButSure Logistics","ACTIVE","Cheras 88 Speedmart",2020,2020-06,"June",3,14.7,-1,100
"SlowButSure Logistics","ACTIVE","Cheras 88 Speedmart",2020,2020-07,"July",5,24.5,-1.2,100
"SlowButSure Logistics","ACTIVE","Cheras 88 Speedmart",2020,2020-08,"August",2,11.8,-.5,100
"SlowButSure Logistics","ACTIVE","Cheras 88 Speedmart",2020,2020-09,"September",1,4.9,0,100
"SlowButSure Logistics","ACTIVE","Cheras 88 Speedmart",2020,2020-10,"October",2,15.8,-.5,100
"SlowButSure Logistics","ACTIVE","Cheras 88 Speedmart",2020,2020-11,"November",3,18.7,0,66.7
"SlowButSure Logistics","ACTIVE","Cheras 88 Speedmart",2020,2020-12,"December",3,16.7,-.7,100
"SlowButSure Logistics","ACTIVE","Cheras 88 Speedmart",2021,2021-01,"January",4,23.6,-1,75
"SlowButSure Logistics","ACTIVE","Cheras 88 Speedmart",2021,2021-02,"February",2,11.8,-1.5,100
"SlowButSure Logistics","ACTIVE","Cheras 88 Speedmart",2021,2021-03,"March",3,14.7,-1.3,100
"SlowButSure Logistics","ACTIVE","Cheras 88 Speedmart",2021,2021-05,"May",2,9.8,-.5,100
"SlowButSure Logistics","ACTIVE","Cheras 88 Speedmart",2021,2021-06,"June",3,14.7,-.3,100
"SlowButSure Logistics","ACTIVE","Cheras 88 Speedmart",2021,2021-07,"July",1,6.9,-1,100
"SlowButSure Logistics","ACTIVE","Cheras 88 Speedmart",2021,2021-08,"August",1,4.9,-2,100
"SlowButSure Logistics","ACTIVE","Cheras 88 Speedmart",2021,2021-09,"September",1,4.9,-2,100
"SlowButSure Logistics","ACTIVE","Cheras 88 Speedmart",2021,2021-11,"November",2,11.8,-2,100
"SlowButSure Logistics","ACTIVE","Cheras 88 Speedmart",2021,2021-12,"December",1,4.9,0,100
"SlowButSure Logistics","ACTIVE","Cheras 88 Speedmart",2022,2022-01,"January",1,4.9,0,100
"SlowButSure Logistics","ACTIVE","Cheras 88 Speedmart",2022,2022-02,"February",2,13.8,-1.5,100
"SlowButSure Logistics","ACTIVE","Cheras 88 Speedmart",2022,2022-03,"March",1,4.9,1,0
"SlowButSure Logistics","ACTIVE","Cheras 88 Speedmart",2022,2022-04,"April",3,14.7,-2,100
"SlowButSure Logistics","ACTIVE","Cheras 88 Speedmart",2022,2022-06,"June",1,4.9,0,100
"SlowButSure Logistics","ACTIVE","Cheras 88 Speedmart",2022,2022-08,"August",1,4.9,-3,100
"SlowButSure Logistics","ACTIVE","Cheras 88 Speedmart",2022,2022-09,"September",1,4.9,1,0
"SlowButSure Logistics","ACTIVE","Cheras 88 Speedmart",2022,2022-10,"October",1,4.9,-1,100
"SlowButSure Logistics","ACTIVE","Cheras 88 Speedmart",2022,2022-11,"November",5,24.5,-1.6,100
"SlowButSure Logistics","ACTIVE","Cheras 88 Speedmart",2022,2022-12,"December",2,9.8,-1,100
"SlowButSure Logistics","ACTIVE","Cheras 88 Speedmart",2023,2023-01,"January",4,19.6,-2,100
"SlowButSure Logistics","ACTIVE","Cheras 88 Speedmart",2023,2023-02,"February",2,11.8,-.5,100
"SlowButSure Logistics","ACTIVE","Cheras 88 Speedmart",2023,2023-03,"March",2,11.8,-2,100
"SlowButSure Logistics","ACTIVE","Cheras 88 Speedmart",2023,2023-04,"April",1,4.9,-2,100
"SlowButSure Logistics","ACTIVE","Cheras 88 Speedmart",2023,2023-05,"May",1,4.9,-1,100
"SlowButSure Logistics","ACTIVE","Cheras 88 Speedmart",2023,2023-07,"July",2,9.8,-1,100
"SlowButSure Logistics","ACTIVE","Cheras 88 Speedmart",2023,2023-08,"August",1,6.9,0,100
"SlowButSure Logistics","ACTIVE","Cheras 88 Speedmart",2023,2023-10,"October",2,9.8,-1,100
"SlowButSure Logistics","ACTIVE","Cheras 88 Speedmart",2023,2023-11,"November",1,6.9,-2,100
"SlowButSure Logistics","ACTIVE","Cheras 88 Speedmart",2023,2023-12,"December",4,19.6,-1.3,75
"SlowButSure Logistics","ACTIVE","Cheras 88 Speedmart",2024,2024-01,"January",1,4.9,-2,100
"SlowButSure Logistics","ACTIVE","Cheras 88 Speedmart",2024,2024-02,"February",2,9.8,-1.5,100
"SlowButSure Logistics","ACTIVE","Cheras 88 Speedmart",2024,2024-04,"April",1,4.9,0,100
"SlowButSure Logistics","ACTIVE","Cheras 88 Speedmart",2024,2024-05,"May",2,11.8,0,100
"SlowButSure Logistics","ACTIVE","Cheras 88 Speedmart",2024,2024-06,"June",4,19.6,-1,100
"SlowButSure Logistics","ACTIVE","Cheras 88 Speedmart",2024,2024-07,"July",1,4.9,0,100
"SlowButSure Logistics","ACTIVE","Cheras 88 Speedmart",2024,2024-09,"September",2,13.8,-1,100
"SlowButSure Logistics","ACTIVE","Cheras 88 Speedmart",2024,2024-10,"October",2,9.8,-.5,100
"SlowButSure Logistics","ACTIVE","Cheras 88 Speedmart",2024,2024-11,"November",1,4.9,-2,100
"SlowButSure Logistics","ACTIVE","Cheras 88 Speedmart",2024,2024-12,"December",4,19.6,-1,100
"SlowButSure Logistics","ACTIVE","Cheras 88 Speedmart",2025,2025-03,"March",3,14.7,0,66.7
"SlowButSure Logistics","ACTIVE","Cheras 88 Speedmart",2025,2025-06,"June",2,9.8,-2,100
"SlowButSure Logistics","ACTIVE","Cheras 88 Speedmart",2025,2025-07,"July",1,6.9,-1,100
"SlowButSure Logistics","ACTIVE","Cheras 88 Speedmart",2025,2025-08,"August",1,4.9,-1,100
"SlowButSure Logistics","ACTIVE","Cheras 88 Speedmart",2025,2025-09,"September",1,4.9,1,0
"SlowButSure Logistics","ACTIVE","Cheras 88 Speedmart",2025,2025-11,"November",1,4.9,0,100
"SlowButSure Logistics","ACTIVE","Cheras 88 Speedmart",2025,2025-12,"December",5,28.5,-1.4,100
"SlowButSure Logistics","ACTIVE","Cheras 88 Speedmart",2026,2026-02,"February",2,9.8,-1.5,100
"SlowButSure Logistics","ACTIVE","Cheras 88 Speedmart",2026,2026-03,"March",4,23.6,-1.3,100
"SlowButSure Logistics","ACTIVE","Cheras 88 Speedmart",2026,2026-04,"April",1,4.9,-2,100
"SlowButSure Logistics","ACTIVE","Cheras 88 Speedmart",2026,2026-07,"July",1,4.9,-1,100
"SlowButSure Logistics","ACTIVE","George Town 88 Speedmart",2021,2021-10,"October",2,9.8,-2.5,100
"SlowButSure Logistics","ACTIVE","George Town 88 Speedmart",2021,2021-11,"November",2,9.8,-1.5,100
"SlowButSure Logistics","ACTIVE","George Town 88 Speedmart",2021,2021-12,"December",2,9.8,-.5,100
"SlowButSure Logistics","ACTIVE","George Town 88 Speedmart",2022,2022-01,"January",1,4.9,-2,100
"SlowButSure Logistics","ACTIVE","George Town 88 Speedmart",2022,2022-04,"April",1,4.9,-1,100
"SlowButSure Logistics","ACTIVE","George Town 88 Speedmart",2022,2022-08,"August",3,14.7,-1.3,100
"SlowButSure Logistics","ACTIVE","George Town 88 Speedmart",2022,2022-10,"October",1,4.9,0,100
"SlowButSure Logistics","ACTIVE","George Town 88 Speedmart",2022,2022-11,"November",1,4.9,-2,100
"SlowButSure Logistics","ACTIVE","George Town 88 Speedmart",2022,2022-12,"December",2,11.8,0,50
"SlowButSure Logistics","ACTIVE","George Town 88 Speedmart",2023,2023-01,"January",2,13.8,-1,100
"SlowButSure Logistics","ACTIVE","George Town 88 Speedmart",2023,2023-03,"March",1,4.9,0,100
"SlowButSure Logistics","ACTIVE","George Town 88 Speedmart",2023,2023-04,"April",1,4.9,0,100
"SlowButSure Logistics","ACTIVE","George Town 88 Speedmart",2023,2023-05,"May",1,4.9,-1,100
"SlowButSure Logistics","ACTIVE","George Town 88 Speedmart",2023,2023-06,"June",2,9.8,-1.5,100
"SlowButSure Logistics","ACTIVE","George Town 88 Speedmart",2023,2023-07,"July",1,4.9,0,100
"SlowButSure Logistics","ACTIVE","George Town 88 Speedmart",2023,2023-10,"October",2,11.8,-1.5,100
"SlowButSure Logistics","ACTIVE","George Town 88 Speedmart",2023,2023-11,"November",1,4.9,-3,100
"SlowButSure Logistics","ACTIVE","George Town 88 Speedmart",2023,2023-12,"December",3,14.7,-1.3,100
"SlowButSure Logistics","ACTIVE","George Town 88 Speedmart",2024,2024-01,"January",1,4.9,-2,100
"SlowButSure Logistics","ACTIVE","George Town 88 Speedmart",2024,2024-03,"March",1,4.9,-3,100
"SlowButSure Logistics","ACTIVE","George Town 88 Speedmart",2024,2024-04,"April",1,4.9,0,100
"SlowButSure Logistics","ACTIVE","George Town 88 Speedmart",2024,2024-05,"May",1,4.9,-1,100
"SlowButSure Logistics","ACTIVE","George Town 88 Speedmart",2024,2024-06,"June",1,4.9,-2,100
"SlowButSure Logistics","ACTIVE","George Town 88 Speedmart",2024,2024-07,"July",3,14.7,-1.3,100
"SlowButSure Logistics","ACTIVE","George Town 88 Speedmart",2024,2024-08,"August",1,6.9,-1,100
"SlowButSure Logistics","ACTIVE","George Town 88 Speedmart",2024,2024-09,"September",1,4.9,-2,100
"SlowButSure Logistics","ACTIVE","George Town 88 Speedmart",2024,2024-10,"October",1,6.9,-2,100
"SlowButSure Logistics","ACTIVE","George Town 88 Speedmart",2024,2024-12,"December",4,19.6,-2,100
"SlowButSure Logistics","ACTIVE","George Town 88 Speedmart",2025,2025-01,"January",2,9.8,-.5,50
"SlowButSure Logistics","ACTIVE","George Town 88 Speedmart",2025,2025-03,"March",1,4.9,-1,100
"SlowButSure Logistics","ACTIVE","George Town 88 Speedmart",2025,2025-04,"April",1,4.9,-1,100
"SlowButSure Logistics","ACTIVE","George Town 88 Speedmart",2025,2025-07,"July",1,4.9,-2,100
"SlowButSure Logistics","ACTIVE","George Town 88 Speedmart",2025,2025-09,"September",2,9.8,-1.5,100
"SlowButSure Logistics","ACTIVE","George Town 88 Speedmart",2025,2025-11,"November",1,4.9,-1,100
"SlowButSure Logistics","ACTIVE","George Town 88 Speedmart",2025,2025-12,"December",3,16.7,-.7,66.7
"SlowButSure Logistics","ACTIVE","George Town 88 Speedmart",2026,2026-02,"February",1,4.9,-1,100
"SlowButSure Logistics","ACTIVE","George Town 88 Speedmart",2026,2026-05,"May",1,4.9,-1,100
"SlowButSure Logistics","ACTIVE","George Town 88 Speedmart",2026,2026-06,"June",3,14.7,0,66.7
"SlowButSure Logistics","ACTIVE","Ipoh 88 Speedmart",2021,2021-09,"September",2,9.8,-1,100
"SlowButSure Logistics","ACTIVE","Ipoh 88 Speedmart",2021,2021-11,"November",3,16.7,-1.7,100
"SlowButSure Logistics","ACTIVE","Ipoh 88 Speedmart",2021,2021-12,"December",1,4.9,-2,100
"SlowButSure Logistics","ACTIVE","Ipoh 88 Speedmart",2022,2022-01,"January",2,9.8,-1,100
"SlowButSure Logistics","ACTIVE","Ipoh 88 Speedmart",2022,2022-03,"March",1,4.9,-3,100
"SlowButSure Logistics","ACTIVE","Ipoh 88 Speedmart",2022,2022-05,"May",2,11.8,-.5,100
"SlowButSure Logistics","ACTIVE","Ipoh 88 Speedmart",2022,2022-07,"July",1,4.9,-1,100
"SlowButSure Logistics","ACTIVE","Ipoh 88 Speedmart",2022,2022-08,"August",3,18.7,0,66.7
"SlowButSure Logistics","ACTIVE","Ipoh 88 Speedmart",2022,2022-09,"September",2,11.8,-1.5,100
"SlowButSure Logistics","ACTIVE","Ipoh 88 Speedmart",2022,2022-11,"November",2,9.8,-.5,50
"SlowButSure Logistics","ACTIVE","Ipoh 88 Speedmart",2022,2022-12,"December",2,9.8,-.5,100
"SlowButSure Logistics","ACTIVE","Ipoh 88 Speedmart",2023,2023-02,"February",1,4.9,-3,100
"SlowButSure Logistics","ACTIVE","Ipoh 88 Speedmart",2023,2023-03,"March",1,4.9,-1,100
"SlowButSure Logistics","ACTIVE","Ipoh 88 Speedmart",2023,2023-05,"May",1,4.9,-1,100
"SlowButSure Logistics","ACTIVE","Ipoh 88 Speedmart",2023,2023-06,"June",2,9.8,-1.5,100
"SlowButSure Logistics","ACTIVE","Ipoh 88 Speedmart",2023,2023-09,"September",1,6.9,-1,100
"SlowButSure Logistics","ACTIVE","Ipoh 88 Speedmart",2024,2024-01,"January",1,4.9,0,100
"SlowButSure Logistics","ACTIVE","Ipoh 88 Speedmart",2024,2024-02,"February",1,4.9,0,100
"SlowButSure Logistics","ACTIVE","Ipoh 88 Speedmart",2024,2024-03,"March",1,4.9,-1,100
"SlowButSure Logistics","ACTIVE","Ipoh 88 Speedmart",2024,2024-05,"May",1,4.9,-1,100
"SlowButSure Logistics","ACTIVE","Ipoh 88 Speedmart",2024,2024-06,"June",4,21.6,-1,100
"SlowButSure Logistics","ACTIVE","Ipoh 88 Speedmart",2024,2024-07,"July",2,11.8,-1,100
"SlowButSure Logistics","ACTIVE","Ipoh 88 Speedmart",2024,2024-08,"August",1,6.9,-1,100
"SlowButSure Logistics","ACTIVE","Ipoh 88 Speedmart",2024,2024-09,"September",3,14.7,-1.7,100
"SlowButSure Logistics","ACTIVE","Ipoh 88 Speedmart",2024,2024-10,"October",1,6.9,0,100
"SlowButSure Logistics","ACTIVE","Ipoh 88 Speedmart",2024,2024-11,"November",1,4.9,-1,100
"SlowButSure Logistics","ACTIVE","Ipoh 88 Speedmart",2024,2024-12,"December",3,16.7,-1.7,100
"SlowButSure Logistics","ACTIVE","Ipoh 88 Speedmart",2025,2025-01,"January",2,11.8,-.5,100
"SlowButSure Logistics","ACTIVE","Ipoh 88 Speedmart",2025,2025-02,"February",1,6.9,-1,100
"SlowButSure Logistics","ACTIVE","Ipoh 88 Speedmart",2025,2025-03,"March",2,11.8,-.5,100
"SlowButSure Logistics","ACTIVE","Ipoh 88 Speedmart",2025,2025-04,"April",1,4.9,-3,100
"SlowButSure Logistics","ACTIVE","Ipoh 88 Speedmart",2025,2025-05,"May",1,4.9,0,100
"SlowButSure Logistics","ACTIVE","Ipoh 88 Speedmart",2025,2025-06,"June",1,4.9,-1,100
"SlowButSure Logistics","ACTIVE","Ipoh 88 Speedmart",2025,2025-07,"July",2,11.8,-1,50
"SlowButSure Logistics","ACTIVE","Ipoh 88 Speedmart",2025,2025-08,"August",2,9.8,-2,100
"SlowButSure Logistics","ACTIVE","Ipoh 88 Speedmart",2025,2025-10,"October",2,9.8,-1.5,100
"SlowButSure Logistics","ACTIVE","Ipoh 88 Speedmart",2025,2025-12,"December",2,11.8,0,50
"SlowButSure Logistics","ACTIVE","Ipoh 88 Speedmart",2026,2026-01,"January",4,19.6,-1,100
"SlowButSure Logistics","ACTIVE","Ipoh 88 Speedmart",2026,2026-04,"April",1,4.9,0,100
"SlowButSure Logistics","ACTIVE","Ipoh 88 Speedmart",2026,2026-05,"May",1,6.9,-2,100
"SlowButSure Logistics","ACTIVE","Ipoh 88 Speedmart",2026,2026-06,"June",3,16.7,-1.7,100
"SlowButSure Logistics","ACTIVE","Johor Bahru 88 Speedmart",2021,2021-04,"April",3,14.7,-1.7,100
"SlowButSure Logistics","ACTIVE","Johor Bahru 88 Speedmart",2021,2021-05,"May",3,18.7,-1.3,100
"SlowButSure Logistics","ACTIVE","Johor Bahru 88 Speedmart",2021,2021-06,"June",3,14.7,-1,66.7
"SlowButSure Logistics","ACTIVE","Johor Bahru 88 Speedmart",2021,2021-07,"July",2,9.8,-.5,100
"SlowButSure Logistics","ACTIVE","Johor Bahru 88 Speedmart",2021,2021-09,"September",2,11.8,-.5,100
"SlowButSure Logistics","ACTIVE","Johor Bahru 88 Speedmart",2021,2021-11,"November",3,14.7,-1,100
"SlowButSure Logistics","ACTIVE","Johor Bahru 88 Speedmart",2022,2022-01,"January",3,14.7,-1.3,100
"SlowButSure Logistics","ACTIVE","Johor Bahru 88 Speedmart",2022,2022-02,"February",1,4.9,-1,100
"SlowButSure Logistics","ACTIVE","Johor Bahru 88 Speedmart",2022,2022-03,"March",2,9.8,-1,100
"SlowButSure Logistics","ACTIVE","Johor Bahru 88 Speedmart",2022,2022-04,"April",1,4.9,-1,100
"SlowButSure Logistics","ACTIVE","Johor Bahru 88 Speedmart",2022,2022-05,"May",1,4.9,-1,100
"SlowButSure Logistics","ACTIVE","Johor Bahru 88 Speedmart",2022,2022-06,"June",3,14.7,-1.7,100
"SlowButSure Logistics","ACTIVE","Johor Bahru 88 Speedmart",2022,2022-07,"July",1,4.9,0,100
"SlowButSure Logistics","ACTIVE","Johor Bahru 88 Speedmart",2022,2022-08,"August",1,4.9,1,0
"SlowButSure Logistics","ACTIVE","Johor Bahru 88 Speedmart",2022,2022-09,"September",1,4.9,-3,100
"SlowButSure Logistics","ACTIVE","Johor Bahru 88 Speedmart",2022,2022-10,"October",2,11.8,-1.5,100
"SlowButSure Logistics","ACTIVE","Johor Bahru 88 Speedmart",2022,2022-11,"November",2,13.8,-1,100
"SlowButSure Logistics","ACTIVE","Johor Bahru 88 Speedmart",2022,2022-12,"December",3,14.7,-1.3,100
"SlowButSure Logistics","ACTIVE","Johor Bahru 88 Speedmart",2023,2023-01,"January",1,4.9,-3,100
"SlowButSure Logistics","ACTIVE","Johor Bahru 88 Speedmart",2023,2023-02,"February",1,4.9,1,0
"SlowButSure Logistics","ACTIVE","Johor Bahru 88 Speedmart",2023,2023-04,"April",2,11.8,-1,100
"SlowButSure Logistics","ACTIVE","Johor Bahru 88 Speedmart",2023,2023-06,"June",1,4.9,-1,100
"SlowButSure Logistics","ACTIVE","Johor Bahru 88 Speedmart",2023,2023-09,"September",3,14.7,-.7,100
"SlowButSure Logistics","ACTIVE","Johor Bahru 88 Speedmart",2023,2023-12,"December",3,16.7,-1,100
"SlowButSure Logistics","ACTIVE","Johor Bahru 88 Speedmart",2024,2024-01,"January",1,4.9,-1,100
"SlowButSure Logistics","ACTIVE","Johor Bahru 88 Speedmart",2024,2024-03,"March",1,4.9,-1,100
"SlowButSure Logistics","ACTIVE","Johor Bahru 88 Speedmart",2024,2024-04,"April",1,4.9,-1,100
"SlowButSure Logistics","ACTIVE","Johor Bahru 88 Speedmart",2024,2024-05,"May",2,11.8,-1.5,100
"SlowButSure Logistics","ACTIVE","Johor Bahru 88 Speedmart",2024,2024-06,"June",1,4.9,-1,100
"SlowButSure Logistics","ACTIVE","Johor Bahru 88 Speedmart",2024,2024-09,"September",3,14.7,-.7,100
"SlowButSure Logistics","ACTIVE","Johor Bahru 88 Speedmart",2024,2024-11,"November",5,30.5,-.6,80
"SlowButSure Logistics","ACTIVE","Johor Bahru 88 Speedmart",2024,2024-12,"December",5,24.5,-1.6,100
"SlowButSure Logistics","ACTIVE","Johor Bahru 88 Speedmart",2025,2025-01,"January",2,9.8,-2,100
"SlowButSure Logistics","ACTIVE","Johor Bahru 88 Speedmart",2025,2025-02,"February",1,4.9,0,100
"SlowButSure Logistics","ACTIVE","Johor Bahru 88 Speedmart",2025,2025-03,"March",3,18.7,-1.3,100
"SlowButSure Logistics","ACTIVE","Johor Bahru 88 Speedmart",2025,2025-04,"April",2,11.8,-1.5,100
"SlowButSure Logistics","ACTIVE","Johor Bahru 88 Speedmart",2025,2025-05,"May",1,4.9,0,100
"SlowButSure Logistics","ACTIVE","Johor Bahru 88 Speedmart",2025,2025-07,"July",1,4.9,0,100
"SlowButSure Logistics","ACTIVE","Johor Bahru 88 Speedmart",2025,2025-08,"August",1,4.9,-2,100
"SlowButSure Logistics","ACTIVE","Johor Bahru 88 Speedmart",2025,2025-09,"September",2,9.8,-1.5,100
"SlowButSure Logistics","ACTIVE","Johor Bahru 88 Speedmart",2025,2025-10,"October",1,4.9,-2,100
"SlowButSure Logistics","ACTIVE","Johor Bahru 88 Speedmart",2025,2025-11,"November",2,9.8,-1.5,100
"SlowButSure Logistics","ACTIVE","Johor Bahru 88 Speedmart",2025,2025-12,"December",3,14.7,-1.7,100
"SlowButSure Logistics","ACTIVE","Johor Bahru 88 Speedmart",2026,2026-01,"January",3,16.7,-.7,66.7
"SlowButSure Logistics","ACTIVE","Johor Bahru 88 Speedmart",2026,2026-02,"February",4,23.6,-.8,100
"SlowButSure Logistics","ACTIVE","Johor Bahru 88 Speedmart",2026,2026-03,"March",2,11.8,-1.5,100
"SlowButSure Logistics","ACTIVE","Johor Bahru 88 Speedmart",2026,2026-05,"May",1,4.9,1,0
"SlowButSure Logistics","ACTIVE","Johor Bahru 88 Speedmart",2026,2026-06,"June",1,4.9,0,100
"SlowButSure Logistics","ACTIVE","Klang 88 Speedmart",2021,2021-01,"January",1,4.9,-3,100
"SlowButSure Logistics","ACTIVE","Klang 88 Speedmart",2021,2021-02,"February",1,4.9,-2,100
"SlowButSure Logistics","ACTIVE","Klang 88 Speedmart",2021,2021-03,"March",1,4.9,-2,100
"SlowButSure Logistics","ACTIVE","Klang 88 Speedmart",2021,2021-04,"April",2,9.8,1,0
"SlowButSure Logistics","ACTIVE","Klang 88 Speedmart",2021,2021-05,"May",1,4.9,-2,100
"SlowButSure Logistics","ACTIVE","Klang 88 Speedmart",2021,2021-07,"July",1,4.9,1,0
"SlowButSure Logistics","ACTIVE","Klang 88 Speedmart",2021,2021-08,"August",1,4.9,-1,100
"SlowButSure Logistics","ACTIVE","Klang 88 Speedmart",2021,2021-09,"September",1,6.9,-1,100
"SlowButSure Logistics","ACTIVE","Klang 88 Speedmart",2021,2021-10,"October",1,6.9,0,100
"SlowButSure Logistics","ACTIVE","Klang 88 Speedmart",2021,2021-11,"November",2,9.8,-2,100
"SlowButSure Logistics","ACTIVE","Klang 88 Speedmart",2021,2021-12,"December",4,19.6,-1.5,100
"SlowButSure Logistics","ACTIVE","Klang 88 Speedmart",2022,2022-01,"January",1,4.9,0,100
"SlowButSure Logistics","ACTIVE","Klang 88 Speedmart",2022,2022-04,"April",1,6.9,-3,100
"SlowButSure Logistics","ACTIVE","Klang 88 Speedmart",2022,2022-06,"June",1,4.9,-2,100
"SlowButSure Logistics","ACTIVE","Klang 88 Speedmart",2022,2022-08,"August",1,6.9,-1,100
"SlowButSure Logistics","ACTIVE","Klang 88 Speedmart",2022,2022-12,"December",2,11.8,-1,100
"SlowButSure Logistics","ACTIVE","Klang 88 Speedmart",2023,2023-01,"January",1,4.9,1,0
"SlowButSure Logistics","ACTIVE","Klang 88 Speedmart",2023,2023-03,"March",1,4.9,-1,100
"SlowButSure Logistics","ACTIVE","Klang 88 Speedmart",2023,2023-04,"April",2,9.8,0,100
"SlowButSure Logistics","ACTIVE","Klang 88 Speedmart",2023,2023-05,"May",1,4.9,-1,100
"SlowButSure Logistics","ACTIVE","Klang 88 Speedmart",2023,2023-06,"June",2,9.8,-.5,100
"SlowButSure Logistics","ACTIVE","Klang 88 Speedmart",2023,2023-07,"July",1,4.9,0,100
"SlowButSure Logistics","ACTIVE","Klang 88 Speedmart",2023,2023-08,"August",2,9.8,-2,100
"SlowButSure Logistics","ACTIVE","Klang 88 Speedmart",2023,2023-11,"November",3,14.7,-.7,66.7
"SlowButSure Logistics","ACTIVE","Klang 88 Speedmart",2023,2023-12,"December",2,9.8,-1.5,100
"SlowButSure Logistics","ACTIVE","Klang 88 Speedmart",2024,2024-01,"January",2,9.8,-2,100
"SlowButSure Logistics","ACTIVE","Klang 88 Speedmart",2024,2024-02,"February",1,4.9,-2,100
"SlowButSure Logistics","ACTIVE","Klang 88 Speedmart",2024,2024-03,"March",3,14.7,-.3,66.7
"SlowButSure Logistics","ACTIVE","Klang 88 Speedmart",2024,2024-05,"May",2,9.8,0,100
"SlowButSure Logistics","ACTIVE","Klang 88 Speedmart",2024,2024-06,"June",1,4.9,1,0
"SlowButSure Logistics","ACTIVE","Klang 88 Speedmart",2024,2024-07,"July",2,13.8,-2,100
"SlowButSure Logistics","ACTIVE","Klang 88 Speedmart",2024,2024-08,"August",2,11.8,-2,100
"SlowButSure Logistics","ACTIVE","Klang 88 Speedmart",2024,2024-10,"October",2,9.8,-1,100
"SlowButSure Logistics","ACTIVE","Klang 88 Speedmart",2024,2024-11,"November",2,9.8,-2,100
"SlowButSure Logistics","ACTIVE","Klang 88 Speedmart",2024,2024-12,"December",2,9.8,-1.5,100
"SlowButSure Logistics","ACTIVE","Klang 88 Speedmart",2025,2025-01,"January",2,9.8,-1.5,100
"SlowButSure Logistics","ACTIVE","Klang 88 Speedmart",2025,2025-02,"February",3,14.7,-1.7,100
"SlowButSure Logistics","ACTIVE","Klang 88 Speedmart",2025,2025-03,"March",1,4.9,0,100
"SlowButSure Logistics","ACTIVE","Klang 88 Speedmart",2025,2025-04,"April",1,4.9,-2,100
"SlowButSure Logistics","ACTIVE","Klang 88 Speedmart",2025,2025-06,"June",1,4.9,-1,100
"SlowButSure Logistics","ACTIVE","Klang 88 Speedmart",2025,2025-07,"July",1,4.9,0,100
"SlowButSure Logistics","ACTIVE","Klang 88 Speedmart",2025,2025-08,"August",1,4.9,-3,100
"SlowButSure Logistics","ACTIVE","Klang 88 Speedmart",2025,2025-10,"October",2,9.8,.5,50
"SlowButSure Logistics","ACTIVE","Klang 88 Speedmart",2025,2025-11,"November",2,9.8,-1.5,100
"SlowButSure Logistics","ACTIVE","Klang 88 Speedmart",2025,2025-12,"December",5,26.5,-1.4,100
"SlowButSure Logistics","ACTIVE","Klang 88 Speedmart",2026,2026-01,"January",1,4.9,-1,100
"SlowButSure Logistics","ACTIVE","Klang 88 Speedmart",2026,2026-02,"February",1,4.9,-1,100
"SlowButSure Logistics","ACTIVE","Klang 88 Speedmart",2026,2026-03,"March",3,20.7,-1,100
"SlowButSure Logistics","ACTIVE","Klang 88 Speedmart",2026,2026-05,"May",3,16.7,-.7,100
"SlowButSure Logistics","ACTIVE","Klang 88 Speedmart",2026,2026-06,"June",2,11.8,-1.5,100
"SlowButSure Logistics","ACTIVE","Kota Kinabalu 88 Speedmart",2023,2023-01,"January",2,11.8,0,100
"SlowButSure Logistics","ACTIVE","Kota Kinabalu 88 Speedmart",2023,2023-03,"March",1,4.9,-2,100
"SlowButSure Logistics","ACTIVE","Kota Kinabalu 88 Speedmart",2023,2023-04,"April",5,30.5,-1.8,100
"SlowButSure Logistics","ACTIVE","Kota Kinabalu 88 Speedmart",2023,2023-05,"May",1,4.9,-2,100
"SlowButSure Logistics","ACTIVE","Kota Kinabalu 88 Speedmart",2023,2023-06,"June",1,4.9,1,0
"SlowButSure Logistics","ACTIVE","Kota Kinabalu 88 Speedmart",2023,2023-07,"July",4,21.6,-1.8,100
"SlowButSure Logistics","ACTIVE","Kota Kinabalu 88 Speedmart",2023,2023-09,"September",1,4.9,-2,100
"SlowButSure Logistics","ACTIVE","Kota Kinabalu 88 Speedmart",2023,2023-10,"October",3,14.7,-1.3,100
"SlowButSure Logistics","ACTIVE","Kota Kinabalu 88 Speedmart",2024,2024-01,"January",1,4.9,-3,100
"SlowButSure Logistics","ACTIVE","Kota Kinabalu 88 Speedmart",2024,2024-02,"February",1,4.9,0,100
"SlowButSure Logistics","ACTIVE","Kota Kinabalu 88 Speedmart",2024,2024-03,"March",1,4.9,-2,100
"SlowButSure Logistics","ACTIVE","Kota Kinabalu 88 Speedmart",2024,2024-04,"April",2,11.8,-1,100
"SlowButSure Logistics","ACTIVE","Kota Kinabalu 88 Speedmart",2024,2024-07,"July",2,9.8,-2.5,100
"SlowButSure Logistics","ACTIVE","Kota Kinabalu 88 Speedmart",2024,2024-09,"September",1,4.9,-1,100
"SlowButSure Logistics","ACTIVE","Kota Kinabalu 88 Speedmart",2024,2024-10,"October",2,9.8,-1,100
"SlowButSure Logistics","ACTIVE","Kota Kinabalu 88 Speedmart",2024,2024-11,"November",1,4.9,0,100
"SlowButSure Logistics","ACTIVE","Kota Kinabalu 88 Speedmart",2024,2024-12,"December",4,25.6,-.8,100
"SlowButSure Logistics","ACTIVE","Kota Kinabalu 88 Speedmart",2025,2025-01,"January",3,14.7,-.7,100
"SlowButSure Logistics","ACTIVE","Kota Kinabalu 88 Speedmart",2025,2025-02,"February",1,4.9,-2,100
"SlowButSure Logistics","ACTIVE","Kota Kinabalu 88 Speedmart",2025,2025-03,"March",2,9.8,-1,100
"SlowButSure Logistics","ACTIVE","Kota Kinabalu 88 Speedmart",2025,2025-05,"May",1,4.9,-3,100
"SlowButSure Logistics","ACTIVE","Kota Kinabalu 88 Speedmart",2025,2025-06,"June",1,4.9,-2,100
"SlowButSure Logistics","ACTIVE","Kota Kinabalu 88 Speedmart",2025,2025-07,"July",2,9.8,-1,100
"SlowButSure Logistics","ACTIVE","Kota Kinabalu 88 Speedmart",2025,2025-10,"October",1,4.9,0,100
"SlowButSure Logistics","ACTIVE","Kota Kinabalu 88 Speedmart",2025,2025-11,"November",3,14.7,-1,100
"SlowButSure Logistics","ACTIVE","Kota Kinabalu 88 Speedmart",2025,2025-12,"December",1,4.9,-1,100
"SlowButSure Logistics","ACTIVE","Kota Kinabalu 88 Speedmart",2026,2026-01,"January",3,14.7,-1,100
"SlowButSure Logistics","ACTIVE","Kota Kinabalu 88 Speedmart",2026,2026-03,"March",1,4.9,-2,100
"SlowButSure Logistics","ACTIVE","Kota Kinabalu 88 Speedmart",2026,2026-04,"April",2,9.8,-1.5,100
"SlowButSure Logistics","ACTIVE","Kota Kinabalu 88 Speedmart",2026,2026-05,"May",3,14.7,-2.7,100
"SlowButSure Logistics","ACTIVE","Kota Kinabalu 88 Speedmart",2026,2026-06,"June",2,9.8,-.5,100
"SlowButSure Logistics","ACTIVE","Kuching 88 Speedmart",2023,2023-09,"September",2,9.8,-1.5,100
"SlowButSure Logistics","ACTIVE","Kuching 88 Speedmart",2023,2023-10,"October",2,11.8,-2,100
"SlowButSure Logistics","ACTIVE","Kuching 88 Speedmart",2023,2023-11,"November",2,9.8,-2.5,100
"SlowButSure Logistics","ACTIVE","Kuching 88 Speedmart",2023,2023-12,"December",3,18.7,-.3,66.7
"SlowButSure Logistics","ACTIVE","Kuching 88 Speedmart",2024,2024-02,"February",4,19.6,-.5,100
"SlowButSure Logistics","ACTIVE","Kuching 88 Speedmart",2024,2024-05,"May",1,4.9,1,0
"SlowButSure Logistics","ACTIVE","Kuching 88 Speedmart",2024,2024-06,"June",2,11.8,-2.5,100
"SlowButSure Logistics","ACTIVE","Kuching 88 Speedmart",2024,2024-07,"July",1,4.9,-2,100
"SlowButSure Logistics","ACTIVE","Kuching 88 Speedmart",2024,2024-09,"September",1,4.9,-1,100
"SlowButSure Logistics","ACTIVE","Kuching 88 Speedmart",2024,2024-11,"November",2,17.8,-1,100
"SlowButSure Logistics","ACTIVE","Kuching 88 Speedmart",2024,2024-12,"December",4,21.6,-.5,75
"SlowButSure Logistics","ACTIVE","Kuching 88 Speedmart",2025,2025-03,"March",3,16.7,-2.3,100
"SlowButSure Logistics","ACTIVE","Kuching 88 Speedmart",2025,2025-04,"April",1,4.9,1,0
"SlowButSure Logistics","ACTIVE","Kuching 88 Speedmart",2025,2025-05,"May",1,6.9,0,100
"SlowButSure Logistics","ACTIVE","Kuching 88 Speedmart",2025,2025-06,"June",1,4.9,0,100
"SlowButSure Logistics","ACTIVE","Kuching 88 Speedmart",2025,2025-07,"July",1,4.9,-2,100
"SlowButSure Logistics","ACTIVE","Kuching 88 Speedmart",2025,2025-08,"August",1,4.9,-1,100
"SlowButSure Logistics","ACTIVE","Melaka 88 Speedmart",2022,2022-06,"June",2,11.8,-2,100
"SlowButSure Logistics","ACTIVE","Melaka 88 Speedmart",2022,2022-07,"July",1,4.9,-2,100
"SlowButSure Logistics","ACTIVE","Melaka 88 Speedmart",2022,2022-08,"August",3,16.7,-1,66.7
"SlowButSure Logistics","ACTIVE","Melaka 88 Speedmart",2022,2022-09,"September",1,4.9,0,100
"SlowButSure Logistics","ACTIVE","Melaka 88 Speedmart",2022,2022-10,"October",2,9.8,-.5,50
"SlowButSure Logistics","ACTIVE","Melaka 88 Speedmart",2022,2022-11,"November",2,9.8,-1,100
"SlowButSure Logistics","ACTIVE","Melaka 88 Speedmart",2022,2022-12,"December",2,13.8,-2.5,100
"SlowButSure Logistics","ACTIVE","Melaka 88 Speedmart",2023,2023-01,"January",1,4.9,-2,100
"SlowButSure Logistics","ACTIVE","Melaka 88 Speedmart",2023,2023-04,"April",2,11.8,-1,100
"SlowButSure Logistics","ACTIVE","Melaka 88 Speedmart",2023,2023-05,"May",2,9.8,-1,100
"SlowButSure Logistics","ACTIVE","Melaka 88 Speedmart",2023,2023-06,"June",2,9.8,-.5,100
"SlowButSure Logistics","ACTIVE","Melaka 88 Speedmart",2023,2023-08,"August",1,4.9,0,100
"SlowButSure Logistics","ACTIVE","Melaka 88 Speedmart",2023,2023-12,"December",2,9.8,0,100
"SlowButSure Logistics","ACTIVE","Melaka 88 Speedmart",2024,2024-01,"January",3,18.7,-1.3,66.7
"SlowButSure Logistics","ACTIVE","Melaka 88 Speedmart",2024,2024-02,"February",3,14.7,-.3,66.7
"SlowButSure Logistics","ACTIVE","Melaka 88 Speedmart",2024,2024-03,"March",3,18.7,-2,100
"SlowButSure Logistics","ACTIVE","Melaka 88 Speedmart",2024,2024-06,"June",2,9.8,-2,100
"SlowButSure Logistics","ACTIVE","Melaka 88 Speedmart",2024,2024-07,"July",4,19.6,-2,100
"SlowButSure Logistics","ACTIVE","Melaka 88 Speedmart",2024,2024-08,"August",2,9.8,-2.5,100
"SlowButSure Logistics","ACTIVE","Melaka 88 Speedmart",2024,2024-09,"September",1,4.9,-2,100
"SlowButSure Logistics","ACTIVE","Melaka 88 Speedmart",2024,2024-10,"October",1,6.9,0,100
"SlowButSure Logistics","ACTIVE","Melaka 88 Speedmart",2024,2024-11,"November",1,4.9,0,100
"SlowButSure Logistics","ACTIVE","Melaka 88 Speedmart",2024,2024-12,"December",2,9.8,-.5,100
"SlowButSure Logistics","ACTIVE","Melaka 88 Speedmart",2025,2025-03,"March",1,4.9,-2,100
"SlowButSure Logistics","ACTIVE","Melaka 88 Speedmart",2025,2025-05,"May",2,9.8,-1,100
"SlowButSure Logistics","ACTIVE","Melaka 88 Speedmart",2025,2025-06,"June",3,14.7,-1.7,100
"SlowButSure Logistics","ACTIVE","Melaka 88 Speedmart",2025,2025-07,"July",3,18.7,-1.7,100
"SlowButSure Logistics","ACTIVE","Melaka 88 Speedmart",2025,2025-08,"August",1,4.9,1,0
"SlowButSure Logistics","ACTIVE","Melaka 88 Speedmart",2025,2025-10,"October",2,11.8,0,50
"SlowButSure Logistics","ACTIVE","Melaka 88 Speedmart",2025,2025-11,"November",1,6.9,-1,100
"SlowButSure Logistics","ACTIVE","Melaka 88 Speedmart",2025,2025-12,"December",3,14.7,-2,100
"SlowButSure Logistics","ACTIVE","Melaka 88 Speedmart",2026,2026-01,"January",2,9.8,-1,100
"SlowButSure Logistics","ACTIVE","Melaka 88 Speedmart",2026,2026-02,"February",2,9.8,-1,100
"SlowButSure Logistics","ACTIVE","Melaka 88 Speedmart",2026,2026-03,"March",1,4.9,-1,100
"SlowButSure Logistics","ACTIVE","Melaka 88 Speedmart",2026,2026-04,"April",2,11.8,-1.5,100
"SlowButSure Logistics","ACTIVE","Melaka 88 Speedmart",2026,2026-05,"May",1,4.9,0,100
"SlowButSure Logistics","ACTIVE","Melaka 88 Speedmart",2026,2026-06,"June",1,4.9,0,100
"SlowButSure Logistics","ACTIVE","Petaling Jaya 88 Speedmart",2020,2020-07,"July",3,18.7,-.7,66.7
"SlowButSure Logistics","ACTIVE","Petaling Jaya 88 Speedmart",2020,2020-08,"August",6,29.4,-.3,83.3
"SlowButSure Logistics","ACTIVE","Petaling Jaya 88 Speedmart",2020,2020-09,"September",4,21.6,-.3,75
"SlowButSure Logistics","ACTIVE","Petaling Jaya 88 Speedmart",2020,2020-11,"November",7,34.3,-1.3,100
"SlowButSure Logistics","ACTIVE","Petaling Jaya 88 Speedmart",2020,2020-12,"December",4,19.6,-.8,75
"SlowButSure Logistics","ACTIVE","Petaling Jaya 88 Speedmart",2021,2021-01,"January",2,9.8,0,100
"SlowButSure Logistics","ACTIVE","Petaling Jaya 88 Speedmart",2021,2021-03,"March",2,9.8,-.5,100
"SlowButSure Logistics","ACTIVE","Petaling Jaya 88 Speedmart",2021,2021-04,"April",4,21.6,-1,100
"SlowButSure Logistics","ACTIVE","Petaling Jaya 88 Speedmart",2021,2021-05,"May",3,20.7,-.7,100
"SlowButSure Logistics","ACTIVE","Petaling Jaya 88 Speedmart",2021,2021-06,"June",3,14.7,-1,100
"SlowButSure Logistics","ACTIVE","Petaling Jaya 88 Speedmart",2021,2021-09,"September",2,11.8,-.5,100
"SlowButSure Logistics","ACTIVE","Petaling Jaya 88 Speedmart",2021,2021-10,"October",2,11.8,-1.5,100
"SlowButSure Logistics","ACTIVE","Petaling Jaya 88 Speedmart",2021,2021-11,"November",4,19.6,-1,100
"SlowButSure Logistics","ACTIVE","Petaling Jaya 88 Speedmart",2021,2021-12,"December",3,14.7,-1.7,100
"SlowButSure Logistics","ACTIVE","Petaling Jaya 88 Speedmart",2022,2022-01,"January",1,4.9,-3,100
"SlowButSure Logistics","ACTIVE","Petaling Jaya 88 Speedmart",2022,2022-02,"February",1,6.9,-2,100
"SlowButSure Logistics","ACTIVE","Petaling Jaya 88 Speedmart",2022,2022-03,"March",1,4.9,1,0
"SlowButSure Logistics","ACTIVE","Petaling Jaya 88 Speedmart",2022,2022-05,"May",1,4.9,-2,100
"SlowButSure Logistics","ACTIVE","Petaling Jaya 88 Speedmart",2022,2022-07,"July",2,15.8,-.5,100
"SlowButSure Logistics","ACTIVE","Petaling Jaya 88 Speedmart",2022,2022-10,"October",3,16.7,-1.3,100
"SlowButSure Logistics","ACTIVE","Petaling Jaya 88 Speedmart",2022,2022-11,"November",1,4.9,-1,100
"SlowButSure Logistics","ACTIVE","Petaling Jaya 88 Speedmart",2022,2022-12,"December",2,9.8,-1,100
"SlowButSure Logistics","ACTIVE","Petaling Jaya 88 Speedmart",2023,2023-03,"March",3,14.7,-1.3,100
"SlowButSure Logistics","ACTIVE","Petaling Jaya 88 Speedmart",2023,2023-04,"April",2,9.8,-2,100
"SlowButSure Logistics","ACTIVE","Petaling Jaya 88 Speedmart",2023,2023-05,"May",3,20.7,-1.3,100
"SlowButSure Logistics","ACTIVE","Petaling Jaya 88 Speedmart",2023,2023-06,"June",1,4.9,0,100
"SlowButSure Logistics","ACTIVE","Petaling Jaya 88 Speedmart",2023,2023-08,"August",1,4.9,1,0
"SlowButSure Logistics","ACTIVE","Petaling Jaya 88 Speedmart",2023,2023-09,"September",1,4.9,-2,100
"SlowButSure Logistics","ACTIVE","Petaling Jaya 88 Speedmart",2023,2023-10,"October",2,13.8,-1.5,100
"SlowButSure Logistics","ACTIVE","Petaling Jaya 88 Speedmart",2023,2023-11,"November",4,27.6,-.8,100
"SlowButSure Logistics","ACTIVE","Petaling Jaya 88 Speedmart",2023,2023-12,"December",4,21.6,-.8,100
"SlowButSure Logistics","ACTIVE","Petaling Jaya 88 Speedmart",2024,2024-03,"March",1,4.9,-2,100
"SlowButSure Logistics","ACTIVE","Petaling Jaya 88 Speedmart",2024,2024-05,"May",2,9.8,-.5,100
"SlowButSure Logistics","ACTIVE","Petaling Jaya 88 Speedmart",2024,2024-06,"June",2,9.8,-.5,100
"SlowButSure Logistics","ACTIVE","Petaling Jaya 88 Speedmart",2024,2024-07,"July",1,4.9,-2,100
"SlowButSure Logistics","ACTIVE","Petaling Jaya 88 Speedmart",2024,2024-09,"September",2,9.8,-1,100
"SlowButSure Logistics","ACTIVE","Petaling Jaya 88 Speedmart",2024,2024-12,"December",2,9.8,-.5,100
"SlowButSure Logistics","ACTIVE","Petaling Jaya 88 Speedmart",2025,2025-01,"January",1,6.9,-1,100
"SlowButSure Logistics","ACTIVE","Petaling Jaya 88 Speedmart",2025,2025-02,"February",1,4.9,0,100
"SlowButSure Logistics","ACTIVE","Petaling Jaya 88 Speedmart",2025,2025-03,"March",4,19.6,-1.3,100
"SlowButSure Logistics","ACTIVE","Petaling Jaya 88 Speedmart",2025,2025-04,"April",2,9.8,-1.5,100
"SlowButSure Logistics","ACTIVE","Petaling Jaya 88 Speedmart",2025,2025-06,"June",3,14.7,-1.7,100
"SlowButSure Logistics","ACTIVE","Petaling Jaya 88 Speedmart",2025,2025-08,"August",1,8.9,-2,100
"SlowButSure Logistics","ACTIVE","Petaling Jaya 88 Speedmart",2025,2025-09,"September",1,4.9,0,100
"SlowButSure Logistics","ACTIVE","Petaling Jaya 88 Speedmart",2025,2025-10,"October",1,4.9,-1,100
"SlowButSure Logistics","ACTIVE","Petaling Jaya 88 Speedmart",2025,2025-11,"November",2,9.8,0,100
"SlowButSure Logistics","ACTIVE","Petaling Jaya 88 Speedmart",2025,2025-12,"December",3,14.7,-1.3,100
"SlowButSure Logistics","ACTIVE","Petaling Jaya 88 Speedmart",2026,2026-01,"January",3,16.7,-.3,66.7
"SlowButSure Logistics","ACTIVE","Petaling Jaya 88 Speedmart",2026,2026-02,"February",2,11.8,-1,100
"SlowButSure Logistics","ACTIVE","Petaling Jaya 88 Speedmart",2026,2026-03,"March",1,4.9,-1,100
"SlowButSure Logistics","ACTIVE","Petaling Jaya 88 Speedmart",2026,2026-04,"April",2,11.8,-1,100
"SlowButSure Logistics","ACTIVE","Petaling Jaya 88 Speedmart",2026,2026-05,"May",3,14.7,-1,100
"SlowButSure Logistics","ACTIVE","Petaling Jaya 88 Speedmart",2026,2026-06,"June",3,18.7,-1,100
"SlowButSure Logistics","ACTIVE","Seremban 88 Speedmart",2022,2022-01,"January",3,16.7,-1.7,100
"SlowButSure Logistics","ACTIVE","Seremban 88 Speedmart",2022,2022-05,"May",4,27.6,-.8,100
"SlowButSure Logistics","ACTIVE","Seremban 88 Speedmart",2022,2022-07,"July",3,14.7,-.3,100
"SlowButSure Logistics","ACTIVE","Seremban 88 Speedmart",2022,2022-09,"September",3,14.7,0,66.7
"SlowButSure Logistics","ACTIVE","Seremban 88 Speedmart",2022,2022-10,"October",2,11.8,-1,100
"SlowButSure Logistics","ACTIVE","Seremban 88 Speedmart",2022,2022-12,"December",5,24.5,-.8,100
"SlowButSure Logistics","ACTIVE","Seremban 88 Speedmart",2023,2023-01,"January",3,16.7,-1.3,100
"SlowButSure Logistics","ACTIVE","Seremban 88 Speedmart",2023,2023-02,"February",1,4.9,-1,100
"SlowButSure Logistics","ACTIVE","Seremban 88 Speedmart",2023,2023-03,"March",1,6.9,-1,100
"SlowButSure Logistics","ACTIVE","Seremban 88 Speedmart",2023,2023-04,"April",2,9.8,-1.5,100
"SlowButSure Logistics","ACTIVE","Seremban 88 Speedmart",2023,2023-07,"July",3,14.7,-.7,66.7
"SlowButSure Logistics","ACTIVE","Seremban 88 Speedmart",2023,2023-08,"August",2,9.8,0,100
"SlowButSure Logistics","ACTIVE","Seremban 88 Speedmart",2023,2023-09,"September",1,4.9,-3,100
"SlowButSure Logistics","ACTIVE","Seremban 88 Speedmart",2023,2023-10,"October",1,4.9,1,0
"SlowButSure Logistics","ACTIVE","Seremban 88 Speedmart",2023,2023-11,"November",1,6.9,-1,100
"SlowButSure Logistics","ACTIVE","Seremban 88 Speedmart",2023,2023-12,"December",4,23.6,-1,100
"SlowButSure Logistics","ACTIVE","Seremban 88 Speedmart",2024,2024-02,"February",2,11.8,-.5,50
"SlowButSure Logistics","ACTIVE","Seremban 88 Speedmart",2024,2024-04,"April",1,4.9,-3,100
"SlowButSure Logistics","ACTIVE","Seremban 88 Speedmart",2024,2024-05,"May",2,9.8,-2.5,100
"SlowButSure Logistics","ACTIVE","Seremban 88 Speedmart",2024,2024-06,"June",2,9.8,-2,100
"SlowButSure Logistics","ACTIVE","Seremban 88 Speedmart",2024,2024-09,"September",1,4.9,-1,100
"SlowButSure Logistics","ACTIVE","Seremban 88 Speedmart",2024,2024-10,"October",1,4.9,0,100
"SlowButSure Logistics","ACTIVE","Seremban 88 Speedmart",2024,2024-11,"November",1,4.9,-1,100
"SlowButSure Logistics","ACTIVE","Seremban 88 Speedmart",2024,2024-12,"December",2,13.8,-1,100
"SlowButSure Logistics","ACTIVE","Seremban 88 Speedmart",2025,2025-01,"January",1,4.9,1,0
"SlowButSure Logistics","ACTIVE","Seremban 88 Speedmart",2025,2025-03,"March",1,4.9,-2,100
"SlowButSure Logistics","ACTIVE","Seremban 88 Speedmart",2025,2025-04,"April",2,9.8,-1,100
"SlowButSure Logistics","ACTIVE","Seremban 88 Speedmart",2025,2025-05,"May",1,4.9,-1,100
"SlowButSure Logistics","ACTIVE","Seremban 88 Speedmart",2025,2025-06,"June",2,9.8,-1,100
"SlowButSure Logistics","ACTIVE","Seremban 88 Speedmart",2025,2025-07,"July",3,14.7,-.7,66.7
"SlowButSure Logistics","ACTIVE","Seremban 88 Speedmart",2025,2025-11,"November",1,4.9,-3,100
"SlowButSure Logistics","ACTIVE","Seremban 88 Speedmart",2025,2025-12,"December",2,13.8,-.5,100
"SlowButSure Logistics","ACTIVE","Seremban 88 Speedmart",2026,2026-01,"January",1,4.9,-1,100
"SlowButSure Logistics","ACTIVE","Seremban 88 Speedmart",2026,2026-02,"February",2,9.8,0,100
"SlowButSure Logistics","ACTIVE","Seremban 88 Speedmart",2026,2026-03,"March",2,11.8,-.5,100
"SlowButSure Logistics","ACTIVE","Seremban 88 Speedmart",2026,2026-04,"April",2,9.8,-2,100
"SlowButSure Logistics","ACTIVE","Seremban 88 Speedmart",2026,2026-05,"May",3,16.7,-2,100
"SlowButSure Logistics","ACTIVE","Seremban 88 Speedmart",2026,2026-06,"June",4,21.6,-1.5,100
"SlowButSure Logistics","ACTIVE","Shah Alam 88 Speedmart",2020,2020-10,"October",2,11.8,-.5,100
"SlowButSure Logistics","ACTIVE","Shah Alam 88 Speedmart",2020,2020-11,"November",3,14.7,-.3,100
"SlowButSure Logistics","ACTIVE","Shah Alam 88 Speedmart",2020,2020-12,"December",7,36.3,-.7,85.7
"SlowButSure Logistics","ACTIVE","Shah Alam 88 Speedmart",2021,2021-01,"January",2,9.8,-1.5,100
"SlowButSure Logistics","ACTIVE","Shah Alam 88 Speedmart",2021,2021-02,"February",4,19.6,-2,100
"SlowButSure Logistics","ACTIVE","Shah Alam 88 Speedmart",2021,2021-03,"March",4,19.6,-1,100
"SlowButSure Logistics","ACTIVE","Shah Alam 88 Speedmart",2021,2021-05,"May",1,4.9,0,100
"SlowButSure Logistics","ACTIVE","Shah Alam 88 Speedmart",2021,2021-06,"June",1,4.9,-1,100
"SlowButSure Logistics","ACTIVE","Shah Alam 88 Speedmart",2021,2021-08,"August",2,9.8,-1,100
"SlowButSure Logistics","ACTIVE","Shah Alam 88 Speedmart",2021,2021-11,"November",2,13.8,0,100
"SlowButSure Logistics","ACTIVE","Shah Alam 88 Speedmart",2021,2021-12,"December",5,26.5,-.2,80
"SlowButSure Logistics","ACTIVE","Shah Alam 88 Speedmart",2022,2022-01,"January",3,14.7,-1.3,100
"SlowButSure Logistics","ACTIVE","Shah Alam 88 Speedmart",2022,2022-03,"March",3,14.7,-2,100
"SlowButSure Logistics","ACTIVE","Shah Alam 88 Speedmart",2022,2022-04,"April",1,4.9,-1,100
"SlowButSure Logistics","ACTIVE","Shah Alam 88 Speedmart",2022,2022-05,"May",1,4.9,-1,100
"SlowButSure Logistics","ACTIVE","Shah Alam 88 Speedmart",2022,2022-06,"June",4,19.6,-.8,100
"SlowButSure Logistics","ACTIVE","Shah Alam 88 Speedmart",2022,2022-09,"September",1,4.9,1,0
"SlowButSure Logistics","ACTIVE","Shah Alam 88 Speedmart",2022,2022-10,"October",2,9.8,-1,100
"SlowButSure Logistics","ACTIVE","Shah Alam 88 Speedmart",2022,2022-11,"November",2,9.8,-1,100
"SlowButSure Logistics","ACTIVE","Shah Alam 88 Speedmart",2022,2022-12,"December",4,19.6,-.8,100
"SlowButSure Logistics","ACTIVE","Shah Alam 88 Speedmart",2023,2023-01,"January",1,6.9,0,100
"SlowButSure Logistics","ACTIVE","Shah Alam 88 Speedmart",2023,2023-02,"February",1,6.9,0,100
"SlowButSure Logistics","ACTIVE","Shah Alam 88 Speedmart",2023,2023-04,"April",1,6.9,-1,100
"SlowButSure Logistics","ACTIVE","Shah Alam 88 Speedmart",2023,2023-05,"May",1,4.9,-2,100
"SlowButSure Logistics","ACTIVE","Shah Alam 88 Speedmart",2023,2023-06,"June",2,13.8,-.5,100
"SlowButSure Logistics","ACTIVE","Shah Alam 88 Speedmart",2023,2023-09,"September",2,9.8,-.5,100
"SlowButSure Logistics","ACTIVE","Shah Alam 88 Speedmart",2023,2023-12,"December",3,14.7,-1.3,100
"SlowButSure Logistics","ACTIVE","Shah Alam 88 Speedmart",2024,2024-02,"February",1,4.9,-2,100
"SlowButSure Logistics","ACTIVE","Shah Alam 88 Speedmart",2024,2024-03,"March",1,6.9,-2,100
"SlowButSure Logistics","ACTIVE","Shah Alam 88 Speedmart",2024,2024-04,"April",1,4.9,-1,100
"SlowButSure Logistics","ACTIVE","Shah Alam 88 Speedmart",2024,2024-06,"June",1,6.9,1,0
"SlowButSure Logistics","ACTIVE","Shah Alam 88 Speedmart",2024,2024-07,"July",2,9.8,-.5,100
"SlowButSure Logistics","ACTIVE","Shah Alam 88 Speedmart",2024,2024-08,"August",1,4.9,-1,100
"SlowButSure Logistics","ACTIVE","Shah Alam 88 Speedmart",2024,2024-10,"October",1,4.9,0,100
"SlowButSure Logistics","ACTIVE","Shah Alam 88 Speedmart",2024,2024-12,"December",2,9.8,-.5,100
"SlowButSure Logistics","ACTIVE","Shah Alam 88 Speedmart",2025,2025-02,"February",2,9.8,-2,100
"SlowButSure Logistics","ACTIVE","Shah Alam 88 Speedmart",2025,2025-04,"April",1,4.9,-1,100
"SlowButSure Logistics","ACTIVE","Shah Alam 88 Speedmart",2025,2025-05,"May",4,21.6,-1,100
"SlowButSure Logistics","ACTIVE","Shah Alam 88 Speedmart",2025,2025-06,"June",1,4.9,-2,100
"SlowButSure Logistics","ACTIVE","Shah Alam 88 Speedmart",2025,2025-07,"July",1,6.9,-3,100
"SlowButSure Logistics","ACTIVE","Shah Alam 88 Speedmart",2025,2025-09,"September",1,4.9,0,100
"SlowButSure Logistics","ACTIVE","Shah Alam 88 Speedmart",2025,2025-10,"October",1,4.9,-1,100
"SlowButSure Logistics","ACTIVE","Shah Alam 88 Speedmart",2025,2025-11,"November",3,18.7,-1,100
"SlowButSure Logistics","ACTIVE","Shah Alam 88 Speedmart",2026,2026-01,"January",1,4.9,-3,100
"SlowButSure Logistics","ACTIVE","Shah Alam 88 Speedmart",2026,2026-02,"February",1,4.9,-2,100
"SlowButSure Logistics","ACTIVE","Shah Alam 88 Speedmart",2026,2026-03,"March",2,9.8,-1.5,100
"SlowButSure Logistics","ACTIVE","Shah Alam 88 Speedmart",2026,2026-04,"April",1,6.9,-2,100
"SlowButSure Logistics","ACTIVE","Shah Alam 88 Speedmart",2026,2026-05,"May",1,4.9,-1,100
"SlowButSure Logistics","ACTIVE","Shah Alam 88 Speedmart",2026,2026-06,"June",2,11.8,-.5,100
"SwiftSend Logistics","ACTIVE","Ampang 88 Speedmart",2020,2020-01,"January",6,37.4,1,50
"SwiftSend Logistics","ACTIVE","Ampang 88 Speedmart",2020,2020-02,"February",5,26.5,1.6,20
"SwiftSend Logistics","ACTIVE","Ampang 88 Speedmart",2020,2020-03,"March",8,41.2,1.5,25
"SwiftSend Logistics","ACTIVE","Ampang 88 Speedmart",2020,2020-04,"April",2,9.8,0,50
"SwiftSend Logistics","ACTIVE","Ampang 88 Speedmart",2020,2020-05,"May",3,16.7,-.3,66.7
"SwiftSend Logistics","ACTIVE","Ampang 88 Speedmart",2020,2020-06,"June",7,42.3,.9,57.1
"SwiftSend Logistics","ACTIVE","Ampang 88 Speedmart",2020,2020-07,"July",1,4.9,-1,100
"SwiftSend Logistics","ACTIVE","Ampang 88 Speedmart",2020,2020-09,"September",3,14.7,1.3,33.3
"SwiftSend Logistics","ACTIVE","Ampang 88 Speedmart",2020,2020-10,"October",1,4.9,4,0
"SwiftSend Logistics","ACTIVE","Ampang 88 Speedmart",2020,2020-12,"December",3,14.7,1.7,33.3
"SwiftSend Logistics","ACTIVE","Ampang 88 Speedmart",2021,2021-02,"February",2,9.8,1,50
"SwiftSend Logistics","ACTIVE","Ampang 88 Speedmart",2021,2021-03,"March",3,14.7,.7,66.7
"SwiftSend Logistics","ACTIVE","Ampang 88 Speedmart",2021,2021-04,"April",1,4.9,-1,100
"SwiftSend Logistics","ACTIVE","Ampang 88 Speedmart",2021,2021-05,"May",2,9.8,1.5,50
"SwiftSend Logistics","ACTIVE","Ampang 88 Speedmart",2021,2021-06,"June",2,9.8,1,0
"SwiftSend Logistics","ACTIVE","Ampang 88 Speedmart",2021,2021-07,"July",1,4.9,2,0
"SwiftSend Logistics","ACTIVE","Ampang 88 Speedmart",2021,2021-11,"November",2,9.8,-2,100
"SwiftSend Logistics","ACTIVE","Ampang 88 Speedmart",2022,2022-01,"January",4,21.6,.8,50
"SwiftSend Logistics","ACTIVE","Ampang 88 Speedmart",2022,2022-02,"February",4,21.6,-1,100
"SwiftSend Logistics","ACTIVE","Ampang 88 Speedmart",2022,2022-04,"April",2,9.8,2,0
"SwiftSend Logistics","ACTIVE","Ampang 88 Speedmart",2022,2022-08,"August",1,4.9,-2,100
"SwiftSend Logistics","ACTIVE","Ampang 88 Speedmart",2022,2022-10,"October",1,4.9,-1,100
"SwiftSend Logistics","ACTIVE","Ampang 88 Speedmart",2022,2022-11,"November",3,14.7,2,0
"SwiftSend Logistics","ACTIVE","Ampang 88 Speedmart",2023,2023-01,"January",1,4.9,3,0
"SwiftSend Logistics","ACTIVE","Ampang 88 Speedmart",2023,2023-02,"February",1,4.9,2,0
"SwiftSend Logistics","ACTIVE","Ampang 88 Speedmart",2023,2023-03,"March",2,9.8,1.5,0
"SwiftSend Logistics","ACTIVE","Ampang 88 Speedmart",2023,2023-07,"July",1,6.9,-1,100
"SwiftSend Logistics","ACTIVE","Ampang 88 Speedmart",2023,2023-08,"August",1,4.9,-1,100
"SwiftSend Logistics","ACTIVE","Ampang 88 Speedmart",2023,2023-09,"September",1,4.9,-1,100
"SwiftSend Logistics","ACTIVE","Ampang 88 Speedmart",2023,2023-11,"November",1,4.9,-1,100
"SwiftSend Logistics","ACTIVE","Ampang 88 Speedmart",2023,2023-12,"December",1,4.9,0,100
"SwiftSend Logistics","ACTIVE","Ampang 88 Speedmart",2024,2024-03,"March",1,4.9,0,100
"SwiftSend Logistics","ACTIVE","Ampang 88 Speedmart",2024,2024-04,"April",1,4.9,-1,100
"SwiftSend Logistics","ACTIVE","Ampang 88 Speedmart",2024,2024-07,"July",1,6.9,-2,100
"SwiftSend Logistics","ACTIVE","Ampang 88 Speedmart",2024,2024-10,"October",1,4.9,-1,100
"SwiftSend Logistics","ACTIVE","Ampang 88 Speedmart",2024,2024-11,"November",1,4.9,1,0
"SwiftSend Logistics","ACTIVE","Ampang 88 Speedmart",2024,2024-12,"December",1,4.9,0,100
"SwiftSend Logistics","ACTIVE","Ampang 88 Speedmart",2025,2025-01,"January",1,4.9,2,0
"SwiftSend Logistics","ACTIVE","Ampang 88 Speedmart",2025,2025-02,"February",1,4.9,0,100
"SwiftSend Logistics","ACTIVE","Ampang 88 Speedmart",2025,2025-03,"March",1,4.9,0,100
"SwiftSend Logistics","ACTIVE","Ampang 88 Speedmart",2025,2025-05,"May",1,6.9,0,100
"SwiftSend Logistics","ACTIVE","Ampang 88 Speedmart",2025,2025-06,"June",1,4.9,-1,100
"SwiftSend Logistics","ACTIVE","Ampang 88 Speedmart",2025,2025-08,"August",1,4.9,-1,100
"SwiftSend Logistics","ACTIVE","Ampang 88 Speedmart",2025,2025-09,"September",1,4.9,-1,100
"SwiftSend Logistics","ACTIVE","Ampang 88 Speedmart",2025,2025-11,"November",1,4.9,-2,100
"SwiftSend Logistics","ACTIVE","Ampang 88 Speedmart",2025,2025-12,"December",1,4.9,0,100
"SwiftSend Logistics","ACTIVE","Ampang 88 Speedmart",2026,2026-06,"June",2,9.8,.5,50
"SwiftSend Logistics","ACTIVE","Cheras 88 Speedmart",2020,2020-04,"April",1,4.9,4,0
"SwiftSend Logistics","ACTIVE","Cheras 88 Speedmart",2020,2020-05,"May",4,21.6,.5,50
"SwiftSend Logistics","ACTIVE","Cheras 88 Speedmart",2020,2020-06,"June",1,4.9,6,0
"SwiftSend Logistics","ACTIVE","Cheras 88 Speedmart",2020,2020-07,"July",1,4.9,4,0
"SwiftSend Logistics","ACTIVE","Cheras 88 Speedmart",2020,2020-09,"September",1,4.9,0,100
"SwiftSend Logistics","ACTIVE","Cheras 88 Speedmart",2020,2020-10,"October",1,4.9,-2,100
"SwiftSend Logistics","ACTIVE","Cheras 88 Speedmart",2020,2020-11,"November",2,9.8,1,50
"SwiftSend Logistics","ACTIVE","Cheras 88 Speedmart",2021,2021-01,"January",2,9.8,.5,50
"SwiftSend Logistics","ACTIVE","Cheras 88 Speedmart",2021,2021-02,"February",3,14.7,.3,33.3
"SwiftSend Logistics","ACTIVE","Cheras 88 Speedmart",2021,2021-03,"March",2,9.8,1,50
"SwiftSend Logistics","ACTIVE","Cheras 88 Speedmart",2021,2021-04,"April",1,4.9,0,100
"SwiftSend Logistics","ACTIVE","Cheras 88 Speedmart",2021,2021-05,"May",1,6.9,-1,100
"SwiftSend Logistics","ACTIVE","Cheras 88 Speedmart",2021,2021-10,"October",2,9.8,-1,100
"SwiftSend Logistics","ACTIVE","Cheras 88 Speedmart",2022,2022-02,"February",1,8.9,3,0
"SwiftSend Logistics","ACTIVE","Cheras 88 Speedmart",2022,2022-03,"March",1,4.9,0,100
"SwiftSend Logistics","ACTIVE","Cheras 88 Speedmart",2022,2022-05,"May",2,9.8,-1.5,100
"SwiftSend Logistics","ACTIVE","Cheras 88 Speedmart",2022,2022-08,"August",1,4.9,1,0
"SwiftSend Logistics","ACTIVE","Cheras 88 Speedmart",2022,2022-11,"November",1,4.9,1,0
"SwiftSend Logistics","ACTIVE","Cheras 88 Speedmart",2023,2023-01,"January",3,14.7,0,33.3
"SwiftSend Logistics","ACTIVE","Cheras 88 Speedmart",2023,2023-03,"March",1,4.9,-1,100
"SwiftSend Logistics","ACTIVE","Cheras 88 Speedmart",2023,2023-06,"June",1,4.9,4,0
"SwiftSend Logistics","ACTIVE","Cheras 88 Speedmart",2023,2023-07,"July",1,8.9,0,100
"SwiftSend Logistics","ACTIVE","Cheras 88 Speedmart",2023,2023-09,"September",1,6.9,3,0
"SwiftSend Logistics","ACTIVE","Cheras 88 Speedmart",2023,2023-10,"October",1,4.9,-2,100
"SwiftSend Logistics","ACTIVE","Cheras 88 Speedmart",2023,2023-12,"December",1,4.9,3,0
"SwiftSend Logistics","ACTIVE","Cheras 88 Speedmart",2024,2024-02,"February",1,4.9,-1,100
"SwiftSend Logistics","ACTIVE","Cheras 88 Speedmart",2024,2024-03,"March",1,4.9,-2,100
"SwiftSend Logistics","ACTIVE","Cheras 88 Speedmart",2024,2024-05,"May",1,4.9,0,100
"SwiftSend Logistics","ACTIVE","Cheras 88 Speedmart",2024,2024-06,"June",1,6.9,-1,100
"SwiftSend Logistics","ACTIVE","Cheras 88 Speedmart",2024,2024-09,"September",1,4.9,0,100
"SwiftSend Logistics","ACTIVE","Cheras 88 Speedmart",2024,2024-12,"December",1,4.9,-3,100
"SwiftSend Logistics","ACTIVE","Cheras 88 Speedmart",2025,2025-03,"March",1,4.9,-1,100
"SwiftSend Logistics","ACTIVE","Cheras 88 Speedmart",2025,2025-04,"April",2,9.8,1,0
"SwiftSend Logistics","ACTIVE","Cheras 88 Speedmart",2025,2025-06,"June",3,14.7,1.3,0
"SwiftSend Logistics","ACTIVE","Cheras 88 Speedmart",2025,2025-10,"October",1,6.9,-2,100
"SwiftSend Logistics","ACTIVE","Cheras 88 Speedmart",2025,2025-11,"November",2,11.8,-1.5,100
"SwiftSend Logistics","ACTIVE","Cheras 88 Speedmart",2026,2026-01,"January",3,16.7,0,66.7
"SwiftSend Logistics","ACTIVE","Cheras 88 Speedmart",2026,2026-02,"February",2,11.8,.5,50
"SwiftSend Logistics","ACTIVE","Cheras 88 Speedmart",2026,2026-05,"May",1,4.9,-1,100
"SwiftSend Logistics","ACTIVE","George Town 88 Speedmart",2021,2021-12,"December",3,14.7,1.3,0
"SwiftSend Logistics","ACTIVE","George Town 88 Speedmart",2022,2022-02,"February",1,4.9,0,100
"SwiftSend Logistics","ACTIVE","George Town 88 Speedmart",2022,2022-03,"March",1,4.9,1,0
"SwiftSend Logistics","ACTIVE","George Town 88 Speedmart",2022,2022-07,"July",4,25.6,-1,100
"SwiftSend Logistics","ACTIVE","George Town 88 Speedmart",2022,2022-09,"September",2,13.8,2,0
"SwiftSend Logistics","ACTIVE","George Town 88 Speedmart",2022,2022-10,"October",1,4.9,1,0
"SwiftSend Logistics","ACTIVE","George Town 88 Speedmart",2022,2022-12,"December",1,4.9,2,0
"SwiftSend Logistics","ACTIVE","George Town 88 Speedmart",2023,2023-03,"March",1,4.9,-1,100
"SwiftSend Logistics","ACTIVE","George Town 88 Speedmart",2023,2023-05,"May",1,4.9,2,0
"SwiftSend Logistics","ACTIVE","George Town 88 Speedmart",2023,2023-07,"July",1,4.9,-1,100
"SwiftSend Logistics","ACTIVE","George Town 88 Speedmart",2023,2023-10,"October",1,8.9,4,0
"SwiftSend Logistics","ACTIVE","George Town 88 Speedmart",2023,2023-12,"December",2,15.8,0,50
"SwiftSend Logistics","ACTIVE","George Town 88 Speedmart",2024,2024-01,"January",1,4.9,0,100
"SwiftSend Logistics","ACTIVE","George Town 88 Speedmart",2024,2024-02,"February",1,6.9,2,0
"SwiftSend Logistics","ACTIVE","George Town 88 Speedmart",2024,2024-03,"March",1,4.9,-2,100
"SwiftSend Logistics","ACTIVE","George Town 88 Speedmart",2024,2024-05,"May",1,4.9,-3,100
"SwiftSend Logistics","ACTIVE","George Town 88 Speedmart",2024,2024-07,"July",1,8.9,-2,100
"SwiftSend Logistics","ACTIVE","George Town 88 Speedmart",2024,2024-10,"October",1,4.9,1,0
"SwiftSend Logistics","ACTIVE","George Town 88 Speedmart",2024,2024-12,"December",1,4.9,2,0
"SwiftSend Logistics","ACTIVE","George Town 88 Speedmart",2025,2025-01,"January",1,4.9,-3,100
"SwiftSend Logistics","ACTIVE","George Town 88 Speedmart",2025,2025-03,"March",2,9.8,.5,50
"SwiftSend Logistics","ACTIVE","George Town 88 Speedmart",2025,2025-08,"August",1,4.9,0,100
"SwiftSend Logistics","ACTIVE","George Town 88 Speedmart",2025,2025-09,"September",1,4.9,-1,100
"SwiftSend Logistics","ACTIVE","George Town 88 Speedmart",2025,2025-10,"October",2,9.8,-1,100
"SwiftSend Logistics","ACTIVE","George Town 88 Speedmart",2025,2025-12,"December",1,4.9,-1,100
"SwiftSend Logistics","ACTIVE","George Town 88 Speedmart",2026,2026-01,"January",2,13.8,0,100
"SwiftSend Logistics","ACTIVE","George Town 88 Speedmart",2026,2026-02,"February",1,6.9,1,0
"SwiftSend Logistics","ACTIVE","George Town 88 Speedmart",2026,2026-04,"April",2,9.8,-.5,100
"SwiftSend Logistics","ACTIVE","George Town 88 Speedmart",2026,2026-05,"May",2,9.8,-.5,100
"SwiftSend Logistics","ACTIVE","George Town 88 Speedmart",2026,2026-06,"June",1,4.9,-1,100
"SwiftSend Logistics","ACTIVE","Ipoh 88 Speedmart",2021,2021-07,"July",1,4.9,1,0
"SwiftSend Logistics","ACTIVE","Ipoh 88 Speedmart",2021,2021-08,"August",2,11.8,.5,50
"SwiftSend Logistics","ACTIVE","Ipoh 88 Speedmart",2021,2021-09,"September",2,9.8,2.5,0
"SwiftSend Logistics","ACTIVE","Ipoh 88 Speedmart",2021,2021-12,"December",2,9.8,0,50
"SwiftSend Logistics","ACTIVE","Ipoh 88 Speedmart",2022,2022-03,"March",1,4.9,-1,100
"SwiftSend Logistics","ACTIVE","Ipoh 88 Speedmart",2022,2022-11,"November",1,4.9,3,0
"SwiftSend Logistics","ACTIVE","Ipoh 88 Speedmart",2022,2022-12,"December",1,6.9,1,0
"SwiftSend Logistics","ACTIVE","Ipoh 88 Speedmart",2023,2023-01,"January",1,4.9,0,100
"SwiftSend Logistics","ACTIVE","Ipoh 88 Speedmart",2023,2023-03,"March",1,4.9,1,0
"SwiftSend Logistics","ACTIVE","Ipoh 88 Speedmart",2023,2023-05,"May",2,11.8,.5,50
"SwiftSend Logistics","ACTIVE","Ipoh 88 Speedmart",2023,2023-10,"October",1,4.9,2,0
"SwiftSend Logistics","ACTIVE","Ipoh 88 Speedmart",2024,2024-01,"January",2,9.8,2,0
"SwiftSend Logistics","ACTIVE","Ipoh 88 Speedmart",2024,2024-02,"February",1,4.9,-1,100
"SwiftSend Logistics","ACTIVE","Ipoh 88 Speedmart",2024,2024-03,"March",1,4.9,1,0
"SwiftSend Logistics","ACTIVE","Ipoh 88 Speedmart",2024,2024-04,"April",2,13.8,1.5,0
"SwiftSend Logistics","ACTIVE","Ipoh 88 Speedmart",2024,2024-06,"June",1,4.9,-2,100
"SwiftSend Logistics","ACTIVE","Ipoh 88 Speedmart",2024,2024-11,"November",1,4.9,2,0
"SwiftSend Logistics","ACTIVE","Ipoh 88 Speedmart",2025,2025-01,"January",1,4.9,-1,100
"SwiftSend Logistics","ACTIVE","Ipoh 88 Speedmart",2025,2025-04,"April",2,9.8,-1.5,100
"SwiftSend Logistics","ACTIVE","Ipoh 88 Speedmart",2025,2025-06,"June",2,9.8,0,50
"SwiftSend Logistics","ACTIVE","Ipoh 88 Speedmart",2025,2025-07,"July",2,11.8,0,50
"SwiftSend Logistics","ACTIVE","Ipoh 88 Speedmart",2025,2025-08,"August",2,9.8,-2,100
"SwiftSend Logistics","ACTIVE","Ipoh 88 Speedmart",2025,2025-09,"September",2,11.8,1,50
"SwiftSend Logistics","ACTIVE","Ipoh 88 Speedmart",2025,2025-10,"October",1,4.9,0,100
"SwiftSend Logistics","ACTIVE","Ipoh 88 Speedmart",2025,2025-12,"December",1,4.9,1,0
"SwiftSend Logistics","ACTIVE","Ipoh 88 Speedmart",2026,2026-02,"February",4,19.6,-1.5,100
"SwiftSend Logistics","ACTIVE","Ipoh 88 Speedmart",2026,2026-03,"March",1,4.9,0,100
"SwiftSend Logistics","ACTIVE","Ipoh 88 Speedmart",2026,2026-04,"April",1,6.9,0,100
"SwiftSend Logistics","ACTIVE","Ipoh 88 Speedmart",2026,2026-06,"June",3,18.7,.3,66.7
"SwiftSend Logistics","ACTIVE","Johor Bahru 88 Speedmart",2021,2021-04,"April",1,4.9,0,100
"SwiftSend Logistics","ACTIVE","Johor Bahru 88 Speedmart",2021,2021-06,"June",1,4.9,3,0
"SwiftSend Logistics","ACTIVE","Johor Bahru 88 Speedmart",2021,2021-07,"July",2,9.8,3,0
"SwiftSend Logistics","ACTIVE","Johor Bahru 88 Speedmart",2021,2021-08,"August",1,4.9,5,0
"SwiftSend Logistics","ACTIVE","Johor Bahru 88 Speedmart",2021,2021-10,"October",1,4.9,-1,100
"SwiftSend Logistics","ACTIVE","Johor Bahru 88 Speedmart",2021,2021-11,"November",1,4.9,0,100
"SwiftSend Logistics","ACTIVE","Johor Bahru 88 Speedmart",2021,2021-12,"December",2,11.8,2,0
"SwiftSend Logistics","ACTIVE","Johor Bahru 88 Speedmart",2022,2022-01,"January",3,14.7,.3,33.3
"SwiftSend Logistics","ACTIVE","Johor Bahru 88 Speedmart",2022,2022-02,"February",1,4.9,0,100
"SwiftSend Logistics","ACTIVE","Johor Bahru 88 Speedmart",2022,2022-03,"March",1,4.9,-1,100
"SwiftSend Logistics","ACTIVE","Johor Bahru 88 Speedmart",2022,2022-04,"April",1,4.9,3,0
"SwiftSend Logistics","ACTIVE","Johor Bahru 88 Speedmart",2022,2022-05,"May",1,4.9,-1,100
"SwiftSend Logistics","ACTIVE","Johor Bahru 88 Speedmart",2022,2022-08,"August",1,8.9,0,100
"SwiftSend Logistics","ACTIVE","Johor Bahru 88 Speedmart",2022,2022-09,"September",1,4.9,4,0
"SwiftSend Logistics","ACTIVE","Johor Bahru 88 Speedmart",2022,2022-10,"October",2,9.8,1.5,50
"SwiftSend Logistics","ACTIVE","Johor Bahru 88 Speedmart",2022,2022-11,"November",2,13.8,0,50
"SwiftSend Logistics","ACTIVE","Johor Bahru 88 Speedmart",2022,2022-12,"December",1,4.9,3,0
"SwiftSend Logistics","ACTIVE","Johor Bahru 88 Speedmart",2023,2023-04,"April",2,9.8,1,0
"SwiftSend Logistics","ACTIVE","Johor Bahru 88 Speedmart",2023,2023-05,"May",2,9.8,.5,50
"SwiftSend Logistics","ACTIVE","Johor Bahru 88 Speedmart",2023,2023-07,"July",2,11.8,1.5,50
"SwiftSend Logistics","ACTIVE","Johor Bahru 88 Speedmart",2023,2023-11,"November",1,4.9,2,0
"SwiftSend Logistics","ACTIVE","Johor Bahru 88 Speedmart",2023,2023-12,"December",1,4.9,2,0
"SwiftSend Logistics","ACTIVE","Johor Bahru 88 Speedmart",2024,2024-01,"January",1,4.9,0,100
"SwiftSend Logistics","ACTIVE","Johor Bahru 88 Speedmart",2024,2024-03,"March",1,4.9,-2,100
"SwiftSend Logistics","ACTIVE","Johor Bahru 88 Speedmart",2024,2024-04,"April",1,6.9,-1,100
"SwiftSend Logistics","ACTIVE","Johor Bahru 88 Speedmart",2024,2024-07,"July",2,9.8,2,0
"SwiftSend Logistics","ACTIVE","Johor Bahru 88 Speedmart",2024,2024-09,"September",1,4.9,-1,100
"SwiftSend Logistics","ACTIVE","Johor Bahru 88 Speedmart",2024,2024-10,"October",2,9.8,1,50
"SwiftSend Logistics","ACTIVE","Johor Bahru 88 Speedmart",2024,2024-11,"November",1,4.9,-1,100
"SwiftSend Logistics","ACTIVE","Johor Bahru 88 Speedmart",2024,2024-12,"December",1,4.9,0,100
"SwiftSend Logistics","ACTIVE","Johor Bahru 88 Speedmart",2025,2025-01,"January",1,4.9,-1,100
"SwiftSend Logistics","ACTIVE","Johor Bahru 88 Speedmart",2025,2025-07,"July",1,4.9,1,0
"SwiftSend Logistics","ACTIVE","Johor Bahru 88 Speedmart",2025,2025-08,"August",2,9.8,-2.5,100
"SwiftSend Logistics","ACTIVE","Johor Bahru 88 Speedmart",2025,2025-09,"September",3,16.7,-1.7,100
"SwiftSend Logistics","ACTIVE","Johor Bahru 88 Speedmart",2025,2025-11,"November",1,4.9,-1,100
"SwiftSend Logistics","ACTIVE","Johor Bahru 88 Speedmart",2025,2025-12,"December",4,23.6,0,75
"SwiftSend Logistics","ACTIVE","Johor Bahru 88 Speedmart",2026,2026-01,"January",1,8.9,-2,100
"SwiftSend Logistics","ACTIVE","Johor Bahru 88 Speedmart",2026,2026-03,"March",2,9.8,-2.5,100
"SwiftSend Logistics","ACTIVE","Johor Bahru 88 Speedmart",2026,2026-06,"June",1,4.9,-1,100
"SwiftSend Logistics","ACTIVE","Klang 88 Speedmart",2021,2021-01,"January",1,4.9,2,0
"SwiftSend Logistics","ACTIVE","Klang 88 Speedmart",2021,2021-02,"February",1,4.9,-1,100
"SwiftSend Logistics","ACTIVE","Klang 88 Speedmart",2021,2021-03,"March",1,4.9,2,0
"SwiftSend Logistics","ACTIVE","Klang 88 Speedmart",2021,2021-05,"May",1,4.9,-1,100
"SwiftSend Logistics","ACTIVE","Klang 88 Speedmart",2021,2021-06,"June",1,4.9,1,0
"SwiftSend Logistics","ACTIVE","Klang 88 Speedmart",2021,2021-09,"September",1,6.9,1,0
"SwiftSend Logistics","ACTIVE","Klang 88 Speedmart",2021,2021-11,"November",2,13.8,1,50
"SwiftSend Logistics","ACTIVE","Klang 88 Speedmart",2022,2022-03,"March",1,4.9,-3,100
"SwiftSend Logistics","ACTIVE","Klang 88 Speedmart",2022,2022-06,"June",1,4.9,1,0
"SwiftSend Logistics","ACTIVE","Klang 88 Speedmart",2022,2022-12,"December",2,9.8,1,50
"SwiftSend Logistics","ACTIVE","Klang 88 Speedmart",2023,2023-02,"February",1,4.9,0,100
"SwiftSend Logistics","ACTIVE","Klang 88 Speedmart",2023,2023-03,"March",2,11.8,1,50
"SwiftSend Logistics","ACTIVE","Klang 88 Speedmart",2023,2023-04,"April",3,16.7,.7,33.3
"SwiftSend Logistics","ACTIVE","Klang 88 Speedmart",2023,2023-06,"June",2,9.8,0,100
"SwiftSend Logistics","ACTIVE","Klang 88 Speedmart",2023,2023-09,"September",1,4.9,3,0
"SwiftSend Logistics","ACTIVE","Klang 88 Speedmart",2023,2023-11,"November",1,4.9,1,0
"SwiftSend Logistics","ACTIVE","Klang 88 Speedmart",2023,2023-12,"December",2,9.8,.5,50
"SwiftSend Logistics","ACTIVE","Klang 88 Speedmart",2024,2024-06,"June",2,13.8,-.5,50
"SwiftSend Logistics","ACTIVE","Klang 88 Speedmart",2024,2024-07,"July",1,4.9,0,100
"SwiftSend Logistics","ACTIVE","Klang 88 Speedmart",2024,2024-08,"August",1,4.9,2,0
"SwiftSend Logistics","ACTIVE","Klang 88 Speedmart",2024,2024-10,"October",2,9.8,-2.5,100
"SwiftSend Logistics","ACTIVE","Klang 88 Speedmart",2024,2024-11,"November",1,4.9,-1,100
"SwiftSend Logistics","ACTIVE","Klang 88 Speedmart",2025,2025-01,"January",1,4.9,-3,100
"SwiftSend Logistics","ACTIVE","Klang 88 Speedmart",2025,2025-07,"July",1,4.9,-2,100
"SwiftSend Logistics","ACTIVE","Klang 88 Speedmart",2025,2025-09,"September",1,6.9,0,100
"SwiftSend Logistics","ACTIVE","Klang 88 Speedmart",2025,2025-11,"November",3,16.7,-1,100
"SwiftSend Logistics","ACTIVE","Klang 88 Speedmart",2025,2025-12,"December",2,9.8,-1,100
"SwiftSend Logistics","ACTIVE","Klang 88 Speedmart",2026,2026-01,"January",2,9.8,-1,50
"SwiftSend Logistics","ACTIVE","Klang 88 Speedmart",2026,2026-02,"February",1,4.9,0,100
"SwiftSend Logistics","ACTIVE","Klang 88 Speedmart",2026,2026-03,"March",1,4.9,1,0
"SwiftSend Logistics","ACTIVE","Klang 88 Speedmart",2026,2026-06,"June",1,4.9,2,0
"SwiftSend Logistics","ACTIVE","Kota Kinabalu 88 Speedmart",2023,2023-01,"January",2,9.8,1,0
"SwiftSend Logistics","ACTIVE","Kota Kinabalu 88 Speedmart",2023,2023-02,"February",1,4.9,0,100
"SwiftSend Logistics","ACTIVE","Kota Kinabalu 88 Speedmart",2023,2023-03,"March",3,14.7,1,33.3
"SwiftSend Logistics","ACTIVE","Kota Kinabalu 88 Speedmart",2023,2023-04,"April",1,4.9,1,0
"SwiftSend Logistics","ACTIVE","Kota Kinabalu 88 Speedmart",2023,2023-05,"May",1,4.9,1,0
"SwiftSend Logistics","ACTIVE","Kota Kinabalu 88 Speedmart",2023,2023-06,"June",1,4.9,-1,100
"SwiftSend Logistics","ACTIVE","Kota Kinabalu 88 Speedmart",2023,2023-07,"July",1,4.9,2,0
"SwiftSend Logistics","ACTIVE","Kota Kinabalu 88 Speedmart",2023,2023-10,"October",2,11.8,0,50
"SwiftSend Logistics","ACTIVE","Kota Kinabalu 88 Speedmart",2023,2023-12,"December",1,4.9,1,0
"SwiftSend Logistics","ACTIVE","Kota Kinabalu 88 Speedmart",2024,2024-03,"March",1,4.9,-1,100
"SwiftSend Logistics","ACTIVE","Kota Kinabalu 88 Speedmart",2024,2024-04,"April",1,6.9,-1,100
"SwiftSend Logistics","ACTIVE","Kota Kinabalu 88 Speedmart",2024,2024-05,"May",1,4.9,1,0
"SwiftSend Logistics","ACTIVE","Kota Kinabalu 88 Speedmart",2024,2024-06,"June",1,4.9,-1,100
"SwiftSend Logistics","ACTIVE","Kota Kinabalu 88 Speedmart",2024,2024-10,"October",1,4.9,-1,100
"SwiftSend Logistics","ACTIVE","Kota Kinabalu 88 Speedmart",2024,2024-12,"December",1,4.9,0,100
"SwiftSend Logistics","ACTIVE","Kota Kinabalu 88 Speedmart",2025,2025-02,"February",1,4.9,1,0
"SwiftSend Logistics","ACTIVE","Kota Kinabalu 88 Speedmart",2025,2025-03,"March",1,4.9,-3,100
"SwiftSend Logistics","ACTIVE","Kota Kinabalu 88 Speedmart",2025,2025-04,"April",1,4.9,2,0
"SwiftSend Logistics","ACTIVE","Kota Kinabalu 88 Speedmart",2025,2025-07,"July",1,6.9,-1,100
"SwiftSend Logistics","ACTIVE","Kota Kinabalu 88 Speedmart",2025,2025-08,"August",2,9.8,0,50
"SwiftSend Logistics","ACTIVE","Kota Kinabalu 88 Speedmart",2025,2025-09,"September",1,4.9,-1,100
"SwiftSend Logistics","ACTIVE","Kota Kinabalu 88 Speedmart",2025,2025-10,"October",1,4.9,-1,100
"SwiftSend Logistics","ACTIVE","Kota Kinabalu 88 Speedmart",2025,2025-11,"November",4,19.6,-1,100
"SwiftSend Logistics","ACTIVE","Kota Kinabalu 88 Speedmart",2025,2025-12,"December",1,6.9,-1,100
"SwiftSend Logistics","ACTIVE","Kota Kinabalu 88 Speedmart",2026,2026-02,"February",3,14.7,-2.3,100
"SwiftSend Logistics","ACTIVE","Kota Kinabalu 88 Speedmart",2026,2026-05,"May",1,8.9,-2,100
"SwiftSend Logistics","ACTIVE","Kuching 88 Speedmart",2023,2023-08,"August",1,4.9,1,0
"SwiftSend Logistics","ACTIVE","Kuching 88 Speedmart",2023,2023-11,"November",1,8.9,1,0
"SwiftSend Logistics","ACTIVE","Kuching 88 Speedmart",2023,2023-12,"December",1,4.9,3,0
"SwiftSend Logistics","ACTIVE","Kuching 88 Speedmart",2024,2024-01,"January",1,4.9,2,0
"SwiftSend Logistics","ACTIVE","Kuching 88 Speedmart",2024,2024-02,"February",1,4.9,3,0
"SwiftSend Logistics","ACTIVE","Kuching 88 Speedmart",2024,2024-06,"June",1,6.9,2,0
"SwiftSend Logistics","ACTIVE","Kuching 88 Speedmart",2024,2024-08,"August",1,4.9,2,0
"SwiftSend Logistics","ACTIVE","Kuching 88 Speedmart",2024,2024-11,"November",1,4.9,-1,100
"SwiftSend Logistics","ACTIVE","Kuching 88 Speedmart",2025,2025-03,"March",1,4.9,-2,100
"SwiftSend Logistics","ACTIVE","Kuching 88 Speedmart",2025,2025-08,"August",1,4.9,2,0
"SwiftSend Logistics","ACTIVE","Melaka 88 Speedmart",2022,2022-10,"October",3,18.7,.3,66.7
"SwiftSend Logistics","ACTIVE","Melaka 88 Speedmart",2022,2022-11,"November",1,4.9,0,100
"SwiftSend Logistics","ACTIVE","Melaka 88 Speedmart",2023,2023-02,"February",1,4.9,1,0
"SwiftSend Logistics","ACTIVE","Melaka 88 Speedmart",2023,2023-03,"March",1,4.9,2,0
"SwiftSend Logistics","ACTIVE","Melaka 88 Speedmart",2023,2023-05,"May",1,4.9,-1,100
"SwiftSend Logistics","ACTIVE","Melaka 88 Speedmart",2023,2023-07,"July",1,4.9,-2,100
"SwiftSend Logistics","ACTIVE","Melaka 88 Speedmart",2023,2023-12,"December",1,4.9,2,0
"SwiftSend Logistics","ACTIVE","Melaka 88 Speedmart",2024,2024-02,"February",1,4.9,1,0
"SwiftSend Logistics","ACTIVE","Melaka 88 Speedmart",2024,2024-03,"March",2,11.8,1.5,0
"SwiftSend Logistics","ACTIVE","Melaka 88 Speedmart",2024,2024-05,"May",1,4.9,0,100
"SwiftSend Logistics","ACTIVE","Melaka 88 Speedmart",2024,2024-07,"July",1,4.9,1,0
"SwiftSend Logistics","ACTIVE","Melaka 88 Speedmart",2024,2024-08,"August",1,4.9,-2,100
"SwiftSend Logistics","ACTIVE","Melaka 88 Speedmart",2024,2024-09,"September",1,4.9,0,100
"SwiftSend Logistics","ACTIVE","Melaka 88 Speedmart",2024,2024-12,"December",2,9.8,2,0
"SwiftSend Logistics","ACTIVE","Melaka 88 Speedmart",2025,2025-01,"January",1,4.9,-3,100
"SwiftSend Logistics","ACTIVE","Melaka 88 Speedmart",2025,2025-02,"February",2,9.8,-.5,50
"SwiftSend Logistics","ACTIVE","Melaka 88 Speedmart",2025,2025-05,"May",1,4.9,-2,100
"SwiftSend Logistics","ACTIVE","Melaka 88 Speedmart",2025,2025-06,"June",3,16.7,.3,33.3
"SwiftSend Logistics","ACTIVE","Melaka 88 Speedmart",2025,2025-07,"July",1,6.9,3,0
"SwiftSend Logistics","ACTIVE","Melaka 88 Speedmart",2025,2025-09,"September",1,4.9,-2,100
"SwiftSend Logistics","ACTIVE","Melaka 88 Speedmart",2025,2025-11,"November",3,16.7,-1,66.7
"SwiftSend Logistics","ACTIVE","Melaka 88 Speedmart",2025,2025-12,"December",1,4.9,-1,100
"SwiftSend Logistics","ACTIVE","Melaka 88 Speedmart",2026,2026-02,"February",2,11.8,-2,100
"SwiftSend Logistics","ACTIVE","Melaka 88 Speedmart",2026,2026-03,"March",1,4.9,0,100
"SwiftSend Logistics","ACTIVE","Melaka 88 Speedmart",2026,2026-07,"July",1,4.9,0,100
"SwiftSend Logistics","ACTIVE","Petaling Jaya 88 Speedmart",2020,2020-08,"August",1,4.9,0,100
"SwiftSend Logistics","ACTIVE","Petaling Jaya 88 Speedmart",2020,2020-09,"September",1,4.9,0,100
"SwiftSend Logistics","ACTIVE","Petaling Jaya 88 Speedmart",2020,2020-10,"October",2,11.8,-.5,100
"SwiftSend Logistics","ACTIVE","Petaling Jaya 88 Speedmart",2020,2020-11,"November",2,11.8,3,0
"SwiftSend Logistics","ACTIVE","Petaling Jaya 88 Speedmart",2020,2020-12,"December",1,8.9,4,0
"SwiftSend Logistics","ACTIVE","Petaling Jaya 88 Speedmart",2021,2021-03,"March",1,4.9,2,0
"SwiftSend Logistics","ACTIVE","Petaling Jaya 88 Speedmart",2021,2021-06,"June",5,24.5,.6,40
"SwiftSend Logistics","ACTIVE","Petaling Jaya 88 Speedmart",2021,2021-07,"July",1,4.9,-1,100
"SwiftSend Logistics","ACTIVE","Petaling Jaya 88 Speedmart",2021,2021-09,"September",1,4.9,1,0
"SwiftSend Logistics","ACTIVE","Petaling Jaya 88 Speedmart",2021,2021-10,"October",1,6.9,1,0
"SwiftSend Logistics","ACTIVE","Petaling Jaya 88 Speedmart",2021,2021-11,"November",1,8.9,-2,100
"SwiftSend Logistics","ACTIVE","Petaling Jaya 88 Speedmart",2022,2022-05,"May",1,4.9,0,100
"SwiftSend Logistics","ACTIVE","Petaling Jaya 88 Speedmart",2022,2022-12,"December",1,4.9,1,0
"SwiftSend Logistics","ACTIVE","Petaling Jaya 88 Speedmart",2023,2023-01,"January",1,6.9,0,100
"SwiftSend Logistics","ACTIVE","Petaling Jaya 88 Speedmart",2023,2023-05,"May",2,9.8,0,50
"SwiftSend Logistics","ACTIVE","Petaling Jaya 88 Speedmart",2023,2023-12,"December",2,9.8,0,100
"SwiftSend Logistics","ACTIVE","Petaling Jaya 88 Speedmart",2024,2024-03,"March",2,11.8,0,50
"SwiftSend Logistics","ACTIVE","Petaling Jaya 88 Speedmart",2024,2024-06,"June",1,4.9,-2,100
"SwiftSend Logistics","ACTIVE","Petaling Jaya 88 Speedmart",2024,2024-08,"August",1,4.9,-2,100
"SwiftSend Logistics","ACTIVE","Petaling Jaya 88 Speedmart",2024,2024-09,"September",3,14.7,-1.3,100
"SwiftSend Logistics","ACTIVE","Petaling Jaya 88 Speedmart",2024,2024-10,"October",1,4.9,-1,100
"SwiftSend Logistics","ACTIVE","Petaling Jaya 88 Speedmart",2024,2024-11,"November",2,11.8,0,50
"SwiftSend Logistics","ACTIVE","Petaling Jaya 88 Speedmart",2024,2024-12,"December",1,4.9,-1,100
"SwiftSend Logistics","ACTIVE","Petaling Jaya 88 Speedmart",2025,2025-01,"January",3,14.7,.7,33.3
"SwiftSend Logistics","ACTIVE","Petaling Jaya 88 Speedmart",2025,2025-04,"April",3,20.7,-.3,66.7
"SwiftSend Logistics","ACTIVE","Petaling Jaya 88 Speedmart",2025,2025-05,"May",1,4.9,-1,100
"SwiftSend Logistics","ACTIVE","Petaling Jaya 88 Speedmart",2025,2025-09,"September",1,4.9,-1,100
"SwiftSend Logistics","ACTIVE","Petaling Jaya 88 Speedmart",2025,2025-10,"October",5,24.5,.2,80
"SwiftSend Logistics","ACTIVE","Petaling Jaya 88 Speedmart",2025,2025-11,"November",1,4.9,1,0
"SwiftSend Logistics","ACTIVE","Petaling Jaya 88 Speedmart",2025,2025-12,"December",1,4.9,1,0
"SwiftSend Logistics","ACTIVE","Petaling Jaya 88 Speedmart",2026,2026-04,"April",2,13.8,-1,100
"SwiftSend Logistics","ACTIVE","Petaling Jaya 88 Speedmart",2026,2026-05,"May",2,11.8,-2,100
"SwiftSend Logistics","ACTIVE","Petaling Jaya 88 Speedmart",2026,2026-06,"June",1,4.9,-1,100
"SwiftSend Logistics","ACTIVE","Petaling Jaya 88 Speedmart",2026,2026-07,"July",1,4.9,-1,100
"SwiftSend Logistics","ACTIVE","Seremban 88 Speedmart",2022,2022-01,"January",1,4.9,3,0
"SwiftSend Logistics","ACTIVE","Seremban 88 Speedmart",2022,2022-04,"April",1,4.9,0,100
"SwiftSend Logistics","ACTIVE","Seremban 88 Speedmart",2022,2022-06,"June",1,4.9,-3,100
"SwiftSend Logistics","ACTIVE","Seremban 88 Speedmart",2022,2022-08,"August",2,9.8,3,0
"SwiftSend Logistics","ACTIVE","Seremban 88 Speedmart",2022,2022-09,"September",2,9.8,-1,100
"SwiftSend Logistics","ACTIVE","Seremban 88 Speedmart",2023,2023-03,"March",1,4.9,0,100
"SwiftSend Logistics","ACTIVE","Seremban 88 Speedmart",2023,2023-05,"May",1,4.9,-3,100
"SwiftSend Logistics","ACTIVE","Seremban 88 Speedmart",2023,2023-06,"June",1,4.9,1,0
"SwiftSend Logistics","ACTIVE","Seremban 88 Speedmart",2023,2023-10,"October",1,6.9,0,100
"SwiftSend Logistics","ACTIVE","Seremban 88 Speedmart",2023,2023-11,"November",2,9.8,-2,100
"SwiftSend Logistics","ACTIVE","Seremban 88 Speedmart",2024,2024-04,"April",2,9.8,.5,50
"SwiftSend Logistics","ACTIVE","Seremban 88 Speedmart",2024,2024-06,"June",2,11.8,1,50
"SwiftSend Logistics","ACTIVE","Seremban 88 Speedmart",2024,2024-09,"September",1,4.9,2,0
"SwiftSend Logistics","ACTIVE","Seremban 88 Speedmart",2024,2024-11,"November",2,9.8,-1,100
"SwiftSend Logistics","ACTIVE","Seremban 88 Speedmart",2024,2024-12,"December",1,6.9,-2,100
"SwiftSend Logistics","ACTIVE","Seremban 88 Speedmart",2025,2025-01,"January",1,4.9,1,0
"SwiftSend Logistics","ACTIVE","Seremban 88 Speedmart",2025,2025-02,"February",2,9.8,.5,50
"SwiftSend Logistics","ACTIVE","Seremban 88 Speedmart",2025,2025-03,"March",1,4.9,0,100
"SwiftSend Logistics","ACTIVE","Seremban 88 Speedmart",2025,2025-04,"April",4,21.6,.5,50
"SwiftSend Logistics","ACTIVE","Seremban 88 Speedmart",2025,2025-05,"May",1,4.9,1,0
"SwiftSend Logistics","ACTIVE","Seremban 88 Speedmart",2025,2025-06,"June",1,4.9,-3,100
"SwiftSend Logistics","ACTIVE","Seremban 88 Speedmart",2025,2025-07,"July",1,4.9,-1,100
"SwiftSend Logistics","ACTIVE","Seremban 88 Speedmart",2025,2025-08,"August",1,4.9,-2,100
"SwiftSend Logistics","ACTIVE","Seremban 88 Speedmart",2025,2025-10,"October",1,4.9,2,0
"SwiftSend Logistics","ACTIVE","Seremban 88 Speedmart",2025,2025-11,"November",3,14.7,.3,66.7
"SwiftSend Logistics","ACTIVE","Seremban 88 Speedmart",2025,2025-12,"December",2,9.8,.5,50
"SwiftSend Logistics","ACTIVE","Seremban 88 Speedmart",2026,2026-04,"April",1,4.9,-1,100
"SwiftSend Logistics","ACTIVE","Seremban 88 Speedmart",2026,2026-06,"June",1,8.9,1,0
"SwiftSend Logistics","ACTIVE","Shah Alam 88 Speedmart",2020,2020-10,"October",2,9.8,2.5,0
"SwiftSend Logistics","ACTIVE","Shah Alam 88 Speedmart",2020,2020-11,"November",3,20.7,3.3,0
"SwiftSend Logistics","ACTIVE","Shah Alam 88 Speedmart",2020,2020-12,"December",3,16.7,1.3,33.3
"SwiftSend Logistics","ACTIVE","Shah Alam 88 Speedmart",2021,2021-01,"January",1,4.9,1,0
"SwiftSend Logistics","ACTIVE","Shah Alam 88 Speedmart",2021,2021-02,"February",1,6.9,3,0
"SwiftSend Logistics","ACTIVE","Shah Alam 88 Speedmart",2021,2021-03,"March",1,4.9,-2,100
"SwiftSend Logistics","ACTIVE","Shah Alam 88 Speedmart",2021,2021-06,"June",2,11.8,3,0
"SwiftSend Logistics","ACTIVE","Shah Alam 88 Speedmart",2021,2021-07,"July",1,4.9,-2,100
"SwiftSend Logistics","ACTIVE","Shah Alam 88 Speedmart",2021,2021-09,"September",4,19.6,.5,50
"SwiftSend Logistics","ACTIVE","Shah Alam 88 Speedmart",2021,2021-10,"October",2,9.8,0,50
"SwiftSend Logistics","ACTIVE","Shah Alam 88 Speedmart",2021,2021-11,"November",1,4.9,2,0
"SwiftSend Logistics","ACTIVE","Shah Alam 88 Speedmart",2021,2021-12,"December",2,9.8,1,50
"SwiftSend Logistics","ACTIVE","Shah Alam 88 Speedmart",2022,2022-01,"January",1,4.9,0,100
"SwiftSend Logistics","ACTIVE","Shah Alam 88 Speedmart",2022,2022-04,"April",3,16.7,-.3,100
"SwiftSend Logistics","ACTIVE","Shah Alam 88 Speedmart",2022,2022-05,"May",1,4.9,1,0
"SwiftSend Logistics","ACTIVE","Shah Alam 88 Speedmart",2022,2022-07,"July",1,4.9,2,0
"SwiftSend Logistics","ACTIVE","Shah Alam 88 Speedmart",2022,2022-08,"August",2,9.8,-.5,100
"SwiftSend Logistics","ACTIVE","Shah Alam 88 Speedmart",2022,2022-09,"September",1,4.9,0,100
"SwiftSend Logistics","ACTIVE","Shah Alam 88 Speedmart",2022,2022-11,"November",1,4.9,3,0
"SwiftSend Logistics","ACTIVE","Shah Alam 88 Speedmart",2023,2023-02,"February",1,4.9,0,100
"SwiftSend Logistics","ACTIVE","Shah Alam 88 Speedmart",2023,2023-03,"March",1,6.9,-2,100
"SwiftSend Logistics","ACTIVE","Shah Alam 88 Speedmart",2023,2023-08,"August",1,4.9,-2,100
"SwiftSend Logistics","ACTIVE","Shah Alam 88 Speedmart",2023,2023-09,"September",1,6.9,-1,100
"SwiftSend Logistics","ACTIVE","Shah Alam 88 Speedmart",2024,2024-02,"February",2,9.8,0,100
"SwiftSend Logistics","ACTIVE","Shah Alam 88 Speedmart",2024,2024-05,"May",1,4.9,0,100
"SwiftSend Logistics","ACTIVE","Shah Alam 88 Speedmart",2024,2024-06,"June",1,6.9,-1,100
"SwiftSend Logistics","ACTIVE","Shah Alam 88 Speedmart",2024,2024-10,"October",1,4.9,1,0
"SwiftSend Logistics","ACTIVE","Shah Alam 88 Speedmart",2024,2024-11,"November",1,4.9,1,0
"SwiftSend Logistics","ACTIVE","Shah Alam 88 Speedmart",2024,2024-12,"December",3,14.7,.3,33.3
"SwiftSend Logistics","ACTIVE","Shah Alam 88 Speedmart",2025,2025-02,"February",1,4.9,2,0
"SwiftSend Logistics","ACTIVE","Shah Alam 88 Speedmart",2025,2025-05,"May",1,4.9,-1,100
"SwiftSend Logistics","ACTIVE","Shah Alam 88 Speedmart",2025,2025-07,"July",1,4.9,-1,100
"SwiftSend Logistics","ACTIVE","Shah Alam 88 Speedmart",2025,2025-08,"August",2,9.8,-.5,100
"SwiftSend Logistics","ACTIVE","Shah Alam 88 Speedmart",2025,2025-10,"October",2,13.8,0,100
"SwiftSend Logistics","ACTIVE","Shah Alam 88 Speedmart",2025,2025-12,"December",1,6.9,-1,100
"SwiftSend Logistics","ACTIVE","Shah Alam 88 Speedmart",2026,2026-01,"January",4,19.6,-.8,75
"SwiftSend Logistics","ACTIVE","Shah Alam 88 Speedmart",2026,2026-02,"February",2,9.8,-.5,100
"SwiftSend Logistics","ACTIVE","Shah Alam 88 Speedmart",2026,2026-06,"June",1,4.9,-2,100
"UrbanParcel","ACTIVE","Ampang 88 Speedmart",2020,2020-01,"January",2,13.8,0,50
"UrbanParcel","ACTIVE","Ampang 88 Speedmart",2020,2020-02,"February",5,26.5,1.6,20
"UrbanParcel","ACTIVE","Ampang 88 Speedmart",2020,2020-03,"March",3,16.7,2,33.3
"UrbanParcel","ACTIVE","Ampang 88 Speedmart",2020,2020-04,"April",4,19.6,2,25
"UrbanParcel","ACTIVE","Ampang 88 Speedmart",2020,2020-05,"May",1,4.9,3,0
"UrbanParcel","ACTIVE","Ampang 88 Speedmart",2020,2020-06,"June",7,36.3,.4,57.1
"UrbanParcel","ACTIVE","Ampang 88 Speedmart",2020,2020-07,"July",2,11.8,2.5,0
"UrbanParcel","ACTIVE","Ampang 88 Speedmart",2020,2020-08,"August",1,4.9,-1,100
"UrbanParcel","ACTIVE","Ampang 88 Speedmart",2020,2020-09,"September",2,9.8,3.5,0
"UrbanParcel","ACTIVE","Ampang 88 Speedmart",2020,2020-10,"October",3,18.7,2,0
"UrbanParcel","ACTIVE","Ampang 88 Speedmart",2020,2020-11,"November",3,14.7,-.3,100
"UrbanParcel","ACTIVE","Ampang 88 Speedmart",2020,2020-12,"December",1,4.9,2,0
"UrbanParcel","ACTIVE","Ampang 88 Speedmart",2021,2021-02,"February",3,14.7,0,66.7
"UrbanParcel","ACTIVE","Ampang 88 Speedmart",2021,2021-03,"March",2,9.8,1.5,50
"UrbanParcel","ACTIVE","Ampang 88 Speedmart",2021,2021-06,"June",3,14.7,-.3,100
"UrbanParcel","ACTIVE","Ampang 88 Speedmart",2021,2021-08,"August",1,4.9,2,0
"UrbanParcel","ACTIVE","Ampang 88 Speedmart",2021,2021-09,"September",1,4.9,2,0
"UrbanParcel","ACTIVE","Ampang 88 Speedmart",2021,2021-10,"October",1,4.9,-1,100
"UrbanParcel","ACTIVE","Ampang 88 Speedmart",2021,2021-11,"November",2,9.8,-1.5,100
"UrbanParcel","ACTIVE","Ampang 88 Speedmart",2021,2021-12,"December",2,9.8,2,0
"UrbanParcel","ACTIVE","Ampang 88 Speedmart",2022,2022-01,"January",1,4.9,3,0
"UrbanParcel","ACTIVE","Ampang 88 Speedmart",2022,2022-05,"May",1,4.9,1,0
"UrbanParcel","ACTIVE","Ampang 88 Speedmart",2022,2022-07,"July",1,4.9,2,0
"UrbanParcel","ACTIVE","Ampang 88 Speedmart",2022,2022-08,"August",1,6.9,2,0
"UrbanParcel","ACTIVE","Ampang 88 Speedmart",2022,2022-11,"November",1,4.9,0,100
"UrbanParcel","ACTIVE","Ampang 88 Speedmart",2022,2022-12,"December",2,9.8,1,50
"UrbanParcel","ACTIVE","Ampang 88 Speedmart",2023,2023-05,"May",1,8.9,0,100
"UrbanParcel","ACTIVE","Ampang 88 Speedmart",2023,2023-06,"June",2,9.8,.5,50
"UrbanParcel","ACTIVE","Ampang 88 Speedmart",2023,2023-07,"July",1,4.9,-3,100
"UrbanParcel","ACTIVE","Ampang 88 Speedmart",2023,2023-09,"September",3,14.7,1.7,33.3
"UrbanParcel","ACTIVE","Ampang 88 Speedmart",2023,2023-12,"December",2,9.8,1,50
"UrbanParcel","ACTIVE","Ampang 88 Speedmart",2024,2024-02,"February",1,4.9,0,100
"UrbanParcel","ACTIVE","Ampang 88 Speedmart",2024,2024-03,"March",1,4.9,1,0
"UrbanParcel","ACTIVE","Ampang 88 Speedmart",2024,2024-04,"April",1,4.9,-2,100
"UrbanParcel","ACTIVE","Ampang 88 Speedmart",2024,2024-06,"June",1,4.9,-1,100
"UrbanParcel","ACTIVE","Ampang 88 Speedmart",2024,2024-07,"July",1,4.9,-2,100
"UrbanParcel","ACTIVE","Ampang 88 Speedmart",2024,2024-08,"August",1,4.9,0,100
"UrbanParcel","ACTIVE","Ampang 88 Speedmart",2024,2024-10,"October",2,9.8,.5,50
"UrbanParcel","ACTIVE","Ampang 88 Speedmart",2024,2024-12,"December",3,16.7,-2,100
"UrbanParcel","ACTIVE","Ampang 88 Speedmart",2025,2025-03,"March",1,4.9,2,0
"UrbanParcel","ACTIVE","Ampang 88 Speedmart",2025,2025-05,"May",1,4.9,-3,100
"UrbanParcel","ACTIVE","Ampang 88 Speedmart",2025,2025-06,"June",1,4.9,1,0
"UrbanParcel","ACTIVE","Ampang 88 Speedmart",2025,2025-09,"September",2,9.8,-1,100
"UrbanParcel","ACTIVE","Ampang 88 Speedmart",2025,2025-12,"December",2,9.8,-.5,100
"UrbanParcel","ACTIVE","Ampang 88 Speedmart",2026,2026-02,"February",2,13.8,-.5,50
"UrbanParcel","ACTIVE","Ampang 88 Speedmart",2026,2026-03,"March",2,9.8,-1.5,100
"UrbanParcel","ACTIVE","Ampang 88 Speedmart",2026,2026-05,"May",1,6.9,2,0
"UrbanParcel","ACTIVE","Ampang 88 Speedmart",2026,2026-06,"June",2,9.8,0,50
"UrbanParcel","ACTIVE","Cheras 88 Speedmart",2020,2020-04,"April",2,11.8,-.5,50
"UrbanParcel","ACTIVE","Cheras 88 Speedmart",2020,2020-05,"May",3,16.7,.3,66.7
"UrbanParcel","ACTIVE","Cheras 88 Speedmart",2020,2020-06,"June",4,19.6,0,75
"UrbanParcel","ACTIVE","Cheras 88 Speedmart",2020,2020-08,"August",2,9.8,3,0
"UrbanParcel","ACTIVE","Cheras 88 Speedmart",2020,2020-10,"October",5,24.5,2,20
"UrbanParcel","ACTIVE","Cheras 88 Speedmart",2020,2020-11,"November",1,4.9,-1,100
"UrbanParcel","ACTIVE","Cheras 88 Speedmart",2021,2021-04,"April",1,4.9,-2,100
"UrbanParcel","ACTIVE","Cheras 88 Speedmart",2021,2021-05,"May",1,4.9,-1,100
"UrbanParcel","ACTIVE","Cheras 88 Speedmart",2021,2021-06,"June",2,9.8,4,0
"UrbanParcel","ACTIVE","Cheras 88 Speedmart",2021,2021-07,"July",1,4.9,4,0
"UrbanParcel","ACTIVE","Cheras 88 Speedmart",2021,2021-08,"August",1,6.9,-1,100
"UrbanParcel","ACTIVE","Cheras 88 Speedmart",2021,2021-09,"September",1,4.9,2,0
"UrbanParcel","ACTIVE","Cheras 88 Speedmart",2021,2021-10,"October",1,6.9,-1,100
"UrbanParcel","ACTIVE","Cheras 88 Speedmart",2021,2021-11,"November",1,6.9,3,0
"UrbanParcel","ACTIVE","Cheras 88 Speedmart",2021,2021-12,"December",2,9.8,.5,50
"UrbanParcel","ACTIVE","Cheras 88 Speedmart",2022,2022-06,"June",1,4.9,-2,100
"UrbanParcel","ACTIVE","Cheras 88 Speedmart",2022,2022-07,"July",1,4.9,0,100
"UrbanParcel","ACTIVE","Cheras 88 Speedmart",2022,2022-08,"August",2,9.8,-.5,50
"UrbanParcel","ACTIVE","Cheras 88 Speedmart",2022,2022-09,"September",3,16.7,-.3,100
"UrbanParcel","ACTIVE","Cheras 88 Speedmart",2022,2022-10,"October",1,4.9,1,0
"UrbanParcel","ACTIVE","Cheras 88 Speedmart",2022,2022-12,"December",3,16.7,0,33.3
"UrbanParcel","ACTIVE","Cheras 88 Speedmart",2023,2023-02,"February",1,4.9,0,100
"UrbanParcel","ACTIVE","Cheras 88 Speedmart",2023,2023-04,"April",2,11.8,-1,100
"UrbanParcel","ACTIVE","Cheras 88 Speedmart",2023,2023-07,"July",1,6.9,-1,100
"UrbanParcel","ACTIVE","Cheras 88 Speedmart",2023,2023-09,"September",1,4.9,-2,100
"UrbanParcel","ACTIVE","Cheras 88 Speedmart",2023,2023-11,"November",1,4.9,-1,100
"UrbanParcel","ACTIVE","Cheras 88 Speedmart",2023,2023-12,"December",2,9.8,0,50
"UrbanParcel","ACTIVE","Cheras 88 Speedmart",2024,2024-01,"January",1,4.9,-2,100
"UrbanParcel","ACTIVE","Cheras 88 Speedmart",2024,2024-02,"February",1,4.9,-1,100
"UrbanParcel","ACTIVE","Cheras 88 Speedmart",2024,2024-04,"April",1,4.9,1,0
"UrbanParcel","ACTIVE","Cheras 88 Speedmart",2024,2024-06,"June",1,4.9,-1,100
"UrbanParcel","ACTIVE","Cheras 88 Speedmart",2024,2024-07,"July",2,11.8,-2,100
"UrbanParcel","ACTIVE","Cheras 88 Speedmart",2024,2024-11,"November",2,11.8,0,50
"UrbanParcel","ACTIVE","Cheras 88 Speedmart",2025,2025-01,"January",1,4.9,-2,100
"UrbanParcel","ACTIVE","Cheras 88 Speedmart",2025,2025-02,"February",2,9.8,-.5,100
"UrbanParcel","ACTIVE","Cheras 88 Speedmart",2025,2025-03,"March",2,9.8,-.5,50
"UrbanParcel","ACTIVE","Cheras 88 Speedmart",2025,2025-06,"June",1,4.9,1,0
"UrbanParcel","ACTIVE","Cheras 88 Speedmart",2025,2025-07,"July",1,4.9,-1,100
"UrbanParcel","ACTIVE","Cheras 88 Speedmart",2025,2025-10,"October",1,4.9,2,0
"UrbanParcel","ACTIVE","Cheras 88 Speedmart",2026,2026-01,"January",1,4.9,-1,100
"UrbanParcel","ACTIVE","Cheras 88 Speedmart",2026,2026-02,"February",1,4.9,-3,100
"UrbanParcel","ACTIVE","Cheras 88 Speedmart",2026,2026-03,"March",1,4.9,0,100
"UrbanParcel","ACTIVE","Cheras 88 Speedmart",2026,2026-04,"April",2,9.8,0,50
"UrbanParcel","ACTIVE","Cheras 88 Speedmart",2026,2026-06,"June",2,9.8,-.5,100
"UrbanParcel","ACTIVE","George Town 88 Speedmart",2021,2021-11,"November",1,4.9,-1,100
"UrbanParcel","ACTIVE","George Town 88 Speedmart",2021,2021-12,"December",1,4.9,3,0
"UrbanParcel","ACTIVE","George Town 88 Speedmart",2022,2022-02,"February",1,4.9,-2,100
"UrbanParcel","ACTIVE","George Town 88 Speedmart",2022,2022-04,"April",1,4.9,1,0
"UrbanParcel","ACTIVE","George Town 88 Speedmart",2022,2022-05,"May",1,4.9,0,100
"UrbanParcel","ACTIVE","George Town 88 Speedmart",2022,2022-08,"August",1,4.9,3,0
"UrbanParcel","ACTIVE","George Town 88 Speedmart",2022,2022-12,"December",1,4.9,0,100
"UrbanParcel","ACTIVE","George Town 88 Speedmart",2023,2023-01,"January",7,38.3,-.4,71.4
"UrbanParcel","ACTIVE","George Town 88 Speedmart",2023,2023-03,"March",2,9.8,1,0
"UrbanParcel","ACTIVE","George Town 88 Speedmart",2023,2023-05,"May",1,4.9,3,0
"UrbanParcel","ACTIVE","George Town 88 Speedmart",2023,2023-06,"June",1,4.9,1,0
"UrbanParcel","ACTIVE","George Town 88 Speedmart",2023,2023-12,"December",1,4.9,4,0
"UrbanParcel","ACTIVE","George Town 88 Speedmart",2024,2024-01,"January",1,4.9,0,100
"UrbanParcel","ACTIVE","George Town 88 Speedmart",2024,2024-02,"February",1,4.9,1,0
"UrbanParcel","ACTIVE","George Town 88 Speedmart",2024,2024-03,"March",2,9.8,0,50
"UrbanParcel","ACTIVE","George Town 88 Speedmart",2024,2024-05,"May",2,9.8,.5,50
"UrbanParcel","ACTIVE","George Town 88 Speedmart",2024,2024-08,"August",1,4.9,2,0
"UrbanParcel","ACTIVE","George Town 88 Speedmart",2024,2024-09,"September",2,9.8,-1.5,100
"UrbanParcel","ACTIVE","George Town 88 Speedmart",2024,2024-11,"November",1,4.9,0,100
"UrbanParcel","ACTIVE","George Town 88 Speedmart",2024,2024-12,"December",3,14.7,-1,100
"UrbanParcel","ACTIVE","George Town 88 Speedmart",2025,2025-02,"February",1,4.9,-2,100
"UrbanParcel","ACTIVE","George Town 88 Speedmart",2025,2025-03,"March",2,9.8,0,100
"UrbanParcel","ACTIVE","George Town 88 Speedmart",2025,2025-04,"April",1,6.9,0,100
"UrbanParcel","ACTIVE","George Town 88 Speedmart",2025,2025-05,"May",1,8.9,1,0
"UrbanParcel","ACTIVE","George Town 88 Speedmart",2025,2025-06,"June",1,4.9,0,100
"UrbanParcel","ACTIVE","George Town 88 Speedmart",2025,2025-10,"October",1,4.9,1,0
"UrbanParcel","ACTIVE","George Town 88 Speedmart",2025,2025-11,"November",1,4.9,-1,100
"UrbanParcel","ACTIVE","George Town 88 Speedmart",2025,2025-12,"December",1,4.9,-1,100
"UrbanParcel","ACTIVE","George Town 88 Speedmart",2026,2026-01,"January",3,14.7,-.3,66.7
"UrbanParcel","ACTIVE","George Town 88 Speedmart",2026,2026-03,"March",2,9.8,-2,100
"UrbanParcel","ACTIVE","George Town 88 Speedmart",2026,2026-05,"May",1,6.9,1,0
"UrbanParcel","ACTIVE","George Town 88 Speedmart",2026,2026-06,"June",1,4.9,-2,100
"UrbanParcel","ACTIVE","Ipoh 88 Speedmart",2021,2021-08,"August",1,4.9,0,100
"UrbanParcel","ACTIVE","Ipoh 88 Speedmart",2021,2021-09,"September",1,4.9,3,0
"UrbanParcel","ACTIVE","Ipoh 88 Speedmart",2021,2021-12,"December",1,4.9,4,0
"UrbanParcel","ACTIVE","Ipoh 88 Speedmart",2022,2022-01,"January",2,11.8,-.5,100
"UrbanParcel","ACTIVE","Ipoh 88 Speedmart",2022,2022-04,"April",1,4.9,2,0
"UrbanParcel","ACTIVE","Ipoh 88 Speedmart",2022,2022-06,"June",1,4.9,0,100
"UrbanParcel","ACTIVE","Ipoh 88 Speedmart",2022,2022-09,"September",1,4.9,3,0
"UrbanParcel","ACTIVE","Ipoh 88 Speedmart",2022,2022-12,"December",1,4.9,-2,100
"UrbanParcel","ACTIVE","Ipoh 88 Speedmart",2023,2023-01,"January",2,11.8,-1.5,100
"UrbanParcel","ACTIVE","Ipoh 88 Speedmart",2023,2023-02,"February",1,4.9,-2,100
"UrbanParcel","ACTIVE","Ipoh 88 Speedmart",2023,2023-05,"May",1,4.9,0,100
"UrbanParcel","ACTIVE","Ipoh 88 Speedmart",2023,2023-12,"December",4,21.6,-.8,50
"UrbanParcel","ACTIVE","Ipoh 88 Speedmart",2024,2024-04,"April",1,4.9,-1,100
"UrbanParcel","ACTIVE","Ipoh 88 Speedmart",2024,2024-06,"June",1,4.9,1,0
"UrbanParcel","ACTIVE","Ipoh 88 Speedmart",2024,2024-09,"September",1,4.9,1,0
"UrbanParcel","ACTIVE","Ipoh 88 Speedmart",2024,2024-11,"November",2,9.8,1,50
"UrbanParcel","ACTIVE","Ipoh 88 Speedmart",2024,2024-12,"December",3,14.7,0,66.7
"UrbanParcel","ACTIVE","Ipoh 88 Speedmart",2025,2025-01,"January",2,9.8,-1,100
"UrbanParcel","ACTIVE","Ipoh 88 Speedmart",2025,2025-02,"February",1,6.9,-1,100
"UrbanParcel","ACTIVE","Ipoh 88 Speedmart",2025,2025-08,"August",1,4.9,-3,100
"UrbanParcel","ACTIVE","Ipoh 88 Speedmart",2025,2025-10,"October",2,13.8,.5,50
"UrbanParcel","ACTIVE","Ipoh 88 Speedmart",2026,2026-02,"February",3,14.7,-1.3,100
"UrbanParcel","ACTIVE","Ipoh 88 Speedmart",2026,2026-03,"March",1,4.9,2,0
"UrbanParcel","ACTIVE","Ipoh 88 Speedmart",2026,2026-05,"May",1,4.9,-1,100
"UrbanParcel","ACTIVE","Ipoh 88 Speedmart",2026,2026-06,"June",1,4.9,2,0
"UrbanParcel","ACTIVE","Johor Bahru 88 Speedmart",2021,2021-07,"July",1,4.9,-1,100
"UrbanParcel","ACTIVE","Johor Bahru 88 Speedmart",2021,2021-09,"September",1,4.9,0,100
"UrbanParcel","ACTIVE","Johor Bahru 88 Speedmart",2021,2021-11,"November",1,4.9,-1,100
"UrbanParcel","ACTIVE","Johor Bahru 88 Speedmart",2021,2021-12,"December",1,4.9,2,0
"UrbanParcel","ACTIVE","Johor Bahru 88 Speedmart",2022,2022-03,"March",1,4.9,1,0
"UrbanParcel","ACTIVE","Johor Bahru 88 Speedmart",2022,2022-04,"April",1,4.9,0,100
"UrbanParcel","ACTIVE","Johor Bahru 88 Speedmart",2022,2022-06,"June",2,9.8,0,50
"UrbanParcel","ACTIVE","Johor Bahru 88 Speedmart",2022,2022-08,"August",1,4.9,1,0
"UrbanParcel","ACTIVE","Johor Bahru 88 Speedmart",2022,2022-09,"September",2,9.8,0,100
"UrbanParcel","ACTIVE","Johor Bahru 88 Speedmart",2022,2022-10,"October",1,4.9,-3,100
"UrbanParcel","ACTIVE","Johor Bahru 88 Speedmart",2022,2022-12,"December",2,9.8,.5,50
"UrbanParcel","ACTIVE","Johor Bahru 88 Speedmart",2023,2023-05,"May",1,4.9,2,0
"UrbanParcel","ACTIVE","Johor Bahru 88 Speedmart",2023,2023-06,"June",3,16.7,2,33.3
"UrbanParcel","ACTIVE","Johor Bahru 88 Speedmart",2023,2023-08,"August",2,9.8,-1,100
"UrbanParcel","ACTIVE","Johor Bahru 88 Speedmart",2023,2023-09,"September",1,4.9,1,0
"UrbanParcel","ACTIVE","Johor Bahru 88 Speedmart",2023,2023-10,"October",1,4.9,1,0
"UrbanParcel","ACTIVE","Johor Bahru 88 Speedmart",2024,2024-07,"July",1,4.9,0,100
"UrbanParcel","ACTIVE","Johor Bahru 88 Speedmart",2024,2024-08,"August",2,9.8,1.5,0
"UrbanParcel","ACTIVE","Johor Bahru 88 Speedmart",2025,2025-01,"January",2,9.8,2,0
"UrbanParcel","ACTIVE","Johor Bahru 88 Speedmart",2025,2025-03,"March",1,4.9,2,0
"UrbanParcel","ACTIVE","Johor Bahru 88 Speedmart",2025,2025-06,"June",1,4.9,1,0
"UrbanParcel","ACTIVE","Johor Bahru 88 Speedmart",2025,2025-07,"July",2,9.8,0,100
"UrbanParcel","ACTIVE","Johor Bahru 88 Speedmart",2025,2025-09,"September",3,14.7,-.7,66.7
"UrbanParcel","ACTIVE","Johor Bahru 88 Speedmart",2025,2025-11,"November",2,9.8,0,50
"UrbanParcel","ACTIVE","Johor Bahru 88 Speedmart",2025,2025-12,"December",3,14.7,-.7,66.7
"UrbanParcel","ACTIVE","Johor Bahru 88 Speedmart",2026,2026-01,"January",2,9.8,-1.5,100
"UrbanParcel","ACTIVE","Johor Bahru 88 Speedmart",2026,2026-04,"April",1,4.9,-2,100
"UrbanParcel","ACTIVE","Johor Bahru 88 Speedmart",2026,2026-05,"May",1,4.9,0,100
"UrbanParcel","ACTIVE","Johor Bahru 88 Speedmart",2026,2026-06,"June",4,21.6,-1,75
"UrbanParcel","ACTIVE","Klang 88 Speedmart",2021,2021-02,"February",1,4.9,3,0
"UrbanParcel","ACTIVE","Klang 88 Speedmart",2021,2021-03,"March",2,9.8,1.5,50
"UrbanParcel","ACTIVE","Klang 88 Speedmart",2021,2021-04,"April",1,4.9,3,0
"UrbanParcel","ACTIVE","Klang 88 Speedmart",2021,2021-08,"August",2,9.8,.5,50
"UrbanParcel","ACTIVE","Klang 88 Speedmart",2021,2021-09,"September",1,4.9,2,0
"UrbanParcel","ACTIVE","Klang 88 Speedmart",2021,2021-11,"November",1,4.9,-3,100
"UrbanParcel","ACTIVE","Klang 88 Speedmart",2021,2021-12,"December",1,4.9,0,100
"UrbanParcel","ACTIVE","Klang 88 Speedmart",2022,2022-03,"March",1,4.9,2,0
"UrbanParcel","ACTIVE","Klang 88 Speedmart",2022,2022-04,"April",1,4.9,3,0
"UrbanParcel","ACTIVE","Klang 88 Speedmart",2022,2022-08,"August",2,13.8,0,100
"UrbanParcel","ACTIVE","Klang 88 Speedmart",2022,2022-09,"September",1,8.9,-1,100
"UrbanParcel","ACTIVE","Klang 88 Speedmart",2022,2022-12,"December",2,9.8,1,50
"UrbanParcel","ACTIVE","Klang 88 Speedmart",2023,2023-01,"January",1,4.9,0,100
"UrbanParcel","ACTIVE","Klang 88 Speedmart",2023,2023-04,"April",2,11.8,1,0
"UrbanParcel","ACTIVE","Klang 88 Speedmart",2023,2023-06,"June",4,19.6,.3,50
"UrbanParcel","ACTIVE","Klang 88 Speedmart",2023,2023-12,"December",1,4.9,3,0
"UrbanParcel","ACTIVE","Klang 88 Speedmart",2024,2024-01,"January",2,9.8,-.5,100
"UrbanParcel","ACTIVE","Klang 88 Speedmart",2024,2024-02,"February",1,4.9,2,0
"UrbanParcel","ACTIVE","Klang 88 Speedmart",2024,2024-03,"March",2,11.8,-1,100
"UrbanParcel","ACTIVE","Klang 88 Speedmart",2024,2024-06,"June",1,4.9,0,100
"UrbanParcel","ACTIVE","Klang 88 Speedmart",2024,2024-07,"July",2,9.8,-.5,100
"UrbanParcel","ACTIVE","Klang 88 Speedmart",2024,2024-08,"August",1,8.9,2,0
"UrbanParcel","ACTIVE","Klang 88 Speedmart",2024,2024-09,"September",2,11.8,.5,50
"UrbanParcel","ACTIVE","Klang 88 Speedmart",2024,2024-12,"December",2,9.8,.5,50
"UrbanParcel","ACTIVE","Klang 88 Speedmart",2025,2025-01,"January",2,11.8,1,0
"UrbanParcel","ACTIVE","Klang 88 Speedmart",2025,2025-03,"March",1,4.9,-1,100
"UrbanParcel","ACTIVE","Klang 88 Speedmart",2025,2025-06,"June",1,4.9,1,0
"UrbanParcel","ACTIVE","Klang 88 Speedmart",2025,2025-07,"July",2,9.8,1.5,0
"UrbanParcel","ACTIVE","Klang 88 Speedmart",2025,2025-08,"August",1,4.9,0,100
"UrbanParcel","ACTIVE","Klang 88 Speedmart",2025,2025-12,"December",2,9.8,-1.5,100
"UrbanParcel","ACTIVE","Klang 88 Speedmart",2026,2026-02,"February",2,11.8,0,50
"UrbanParcel","ACTIVE","Klang 88 Speedmart",2026,2026-03,"March",1,4.9,2,0
"UrbanParcel","ACTIVE","Klang 88 Speedmart",2026,2026-04,"April",3,16.7,-1,100
"UrbanParcel","ACTIVE","Kota Kinabalu 88 Speedmart",2023,2023-01,"January",1,6.9,2,0
"UrbanParcel","ACTIVE","Kota Kinabalu 88 Speedmart",2023,2023-02,"February",1,4.9,2,0
"UrbanParcel","ACTIVE","Kota Kinabalu 88 Speedmart",2023,2023-04,"April",1,4.9,3,0
"UrbanParcel","ACTIVE","Kota Kinabalu 88 Speedmart",2023,2023-05,"May",1,6.9,2,0
"UrbanParcel","ACTIVE","Kota Kinabalu 88 Speedmart",2023,2023-10,"October",1,4.9,1,0
"UrbanParcel","ACTIVE","Kota Kinabalu 88 Speedmart",2023,2023-12,"December",2,9.8,-.5,100
"UrbanParcel","ACTIVE","Kota Kinabalu 88 Speedmart",2024,2024-02,"February",2,9.8,-1,100
"UrbanParcel","ACTIVE","Kota Kinabalu 88 Speedmart",2024,2024-03,"March",1,4.9,-3,100
"UrbanParcel","ACTIVE","Kota Kinabalu 88 Speedmart",2024,2024-05,"May",1,4.9,0,100
"UrbanParcel","ACTIVE","Kota Kinabalu 88 Speedmart",2024,2024-06,"June",1,4.9,-1,100
"UrbanParcel","ACTIVE","Kota Kinabalu 88 Speedmart",2024,2024-07,"July",1,8.9,-1,100
"UrbanParcel","ACTIVE","Kota Kinabalu 88 Speedmart",2024,2024-11,"November",3,16.7,.3,33.3
"UrbanParcel","ACTIVE","Kota Kinabalu 88 Speedmart",2024,2024-12,"December",2,9.8,-.5,100
"UrbanParcel","ACTIVE","Kota Kinabalu 88 Speedmart",2025,2025-01,"January",2,9.8,0,50
"UrbanParcel","ACTIVE","Kota Kinabalu 88 Speedmart",2025,2025-03,"March",1,4.9,-1,100
"UrbanParcel","ACTIVE","Kota Kinabalu 88 Speedmart",2025,2025-06,"June",1,4.9,1,0
"UrbanParcel","ACTIVE","Kota Kinabalu 88 Speedmart",2025,2025-07,"July",1,4.9,-1,100
"UrbanParcel","ACTIVE","Kota Kinabalu 88 Speedmart",2025,2025-08,"August",3,16.7,-1,100
"UrbanParcel","ACTIVE","Kota Kinabalu 88 Speedmart",2025,2025-09,"September",2,9.8,-1.5,100
"UrbanParcel","ACTIVE","Kota Kinabalu 88 Speedmart",2025,2025-10,"October",2,9.8,0,50
"UrbanParcel","ACTIVE","Kota Kinabalu 88 Speedmart",2025,2025-11,"November",1,6.9,0,100
"UrbanParcel","ACTIVE","Kota Kinabalu 88 Speedmart",2026,2026-01,"January",1,4.9,1,0
"UrbanParcel","ACTIVE","Kota Kinabalu 88 Speedmart",2026,2026-02,"February",1,4.9,-2,100
"UrbanParcel","ACTIVE","Kota Kinabalu 88 Speedmart",2026,2026-06,"June",1,8.9,-2,100
"UrbanParcel","ACTIVE","Kuching 88 Speedmart",2023,2023-07,"July",1,4.9,2,0
"UrbanParcel","ACTIVE","Kuching 88 Speedmart",2023,2023-08,"August",1,4.9,0,100
"UrbanParcel","ACTIVE","Kuching 88 Speedmart",2023,2023-09,"September",1,6.9,2,0
"UrbanParcel","ACTIVE","Kuching 88 Speedmart",2023,2023-10,"October",1,4.9,-1,100
"UrbanParcel","ACTIVE","Kuching 88 Speedmart",2023,2023-11,"November",1,4.9,-1,100
"UrbanParcel","ACTIVE","Kuching 88 Speedmart",2023,2023-12,"December",2,9.8,-1,100
"UrbanParcel","ACTIVE","Kuching 88 Speedmart",2024,2024-01,"January",1,4.9,0,100
"UrbanParcel","ACTIVE","Kuching 88 Speedmart",2024,2024-02,"February",3,16.7,0,66.7
"UrbanParcel","ACTIVE","Kuching 88 Speedmart",2024,2024-04,"April",1,4.9,0,100
"UrbanParcel","ACTIVE","Kuching 88 Speedmart",2024,2024-07,"July",1,8.9,-2,100
"UrbanParcel","ACTIVE","Kuching 88 Speedmart",2024,2024-11,"November",4,23.6,-.3,75
"UrbanParcel","ACTIVE","Kuching 88 Speedmart",2024,2024-12,"December",1,4.9,0,100
"UrbanParcel","ACTIVE","Kuching 88 Speedmart",2025,2025-01,"January",2,9.8,0,50
"UrbanParcel","ACTIVE","Kuching 88 Speedmart",2025,2025-02,"February",1,6.9,-2,100
"UrbanParcel","ACTIVE","Kuching 88 Speedmart",2025,2025-05,"May",2,9.8,-1,100
"UrbanParcel","ACTIVE","Kuching 88 Speedmart",2025,2025-06,"June",1,4.9,-2,100
"UrbanParcel","ACTIVE","Kuching 88 Speedmart",2025,2025-07,"July",1,4.9,-3,100
"UrbanParcel","ACTIVE","Kuching 88 Speedmart",2025,2025-08,"August",1,4.9,0,100
"UrbanParcel","ACTIVE","Melaka 88 Speedmart",2022,2022-06,"June",1,4.9,0,100
"UrbanParcel","ACTIVE","Melaka 88 Speedmart",2022,2022-08,"August",1,4.9,-1,100
"UrbanParcel","ACTIVE","Melaka 88 Speedmart",2022,2022-09,"September",2,11.8,2,0
"UrbanParcel","ACTIVE","Melaka 88 Speedmart",2022,2022-11,"November",1,4.9,2,0
"UrbanParcel","ACTIVE","Melaka 88 Speedmart",2023,2023-02,"February",1,4.9,1,0
"UrbanParcel","ACTIVE","Melaka 88 Speedmart",2023,2023-03,"March",2,9.8,-.5,100
"UrbanParcel","ACTIVE","Melaka 88 Speedmart",2023,2023-05,"May",1,4.9,-1,100
"UrbanParcel","ACTIVE","Melaka 88 Speedmart",2023,2023-08,"August",2,11.8,1.5,0
"UrbanParcel","ACTIVE","Melaka 88 Speedmart",2023,2023-10,"October",2,9.8,.5,50
"UrbanParcel","ACTIVE","Melaka 88 Speedmart",2024,2024-03,"March",1,4.9,2,0
"UrbanParcel","ACTIVE","Melaka 88 Speedmart",2024,2024-05,"May",1,4.9,-2,100
"UrbanParcel","ACTIVE","Melaka 88 Speedmart",2024,2024-07,"July",1,4.9,2,0
"UrbanParcel","ACTIVE","Melaka 88 Speedmart",2024,2024-09,"September",1,4.9,-1,100
"UrbanParcel","ACTIVE","Melaka 88 Speedmart",2024,2024-11,"November",1,4.9,1,0
"UrbanParcel","ACTIVE","Melaka 88 Speedmart",2024,2024-12,"December",1,4.9,-1,100
"UrbanParcel","ACTIVE","Melaka 88 Speedmart",2025,2025-01,"January",2,9.8,-1,50
"UrbanParcel","ACTIVE","Melaka 88 Speedmart",2025,2025-02,"February",4,19.6,-.8,100
"UrbanParcel","ACTIVE","Melaka 88 Speedmart",2025,2025-03,"March",3,18.7,-.7,100
"UrbanParcel","ACTIVE","Melaka 88 Speedmart",2025,2025-04,"April",1,4.9,1,0
"UrbanParcel","ACTIVE","Melaka 88 Speedmart",2025,2025-06,"June",2,9.8,1,0
"UrbanParcel","ACTIVE","Melaka 88 Speedmart",2025,2025-08,"August",2,9.8,0,100
"UrbanParcel","ACTIVE","Melaka 88 Speedmart",2025,2025-09,"September",1,4.9,1,0
"UrbanParcel","ACTIVE","Melaka 88 Speedmart",2025,2025-10,"October",1,4.9,0,100
"UrbanParcel","ACTIVE","Melaka 88 Speedmart",2025,2025-11,"November",1,4.9,0,100
"UrbanParcel","ACTIVE","Melaka 88 Speedmart",2025,2025-12,"December",2,9.8,0,100
"UrbanParcel","ACTIVE","Melaka 88 Speedmart",2026,2026-02,"February",1,4.9,-1,100
"UrbanParcel","ACTIVE","Melaka 88 Speedmart",2026,2026-03,"March",3,14.7,-1.3,100
"UrbanParcel","ACTIVE","Melaka 88 Speedmart",2026,2026-04,"April",2,9.8,-.5,100
"UrbanParcel","ACTIVE","Melaka 88 Speedmart",2026,2026-06,"June",2,11.8,-1.5,100
"UrbanParcel","ACTIVE","Petaling Jaya 88 Speedmart",2020,2020-08,"August",1,4.9,3,0
"UrbanParcel","ACTIVE","Petaling Jaya 88 Speedmart",2020,2020-09,"September",3,14.7,1.7,0
"UrbanParcel","ACTIVE","Petaling Jaya 88 Speedmart",2020,2020-11,"November",1,4.9,6,0
"UrbanParcel","ACTIVE","Petaling Jaya 88 Speedmart",2020,2020-12,"December",3,16.7,2.7,33.3
"UrbanParcel","ACTIVE","Petaling Jaya 88 Speedmart",2021,2021-01,"January",1,4.9,4,0
"UrbanParcel","ACTIVE","Petaling Jaya 88 Speedmart",2021,2021-02,"February",1,4.9,2,0
"UrbanParcel","ACTIVE","Petaling Jaya 88 Speedmart",2021,2021-03,"March",2,11.8,0,50
"UrbanParcel","ACTIVE","Petaling Jaya 88 Speedmart",2021,2021-04,"April",1,4.9,0,100
"UrbanParcel","ACTIVE","Petaling Jaya 88 Speedmart",2021,2021-06,"June",1,4.9,1,0
"UrbanParcel","ACTIVE","Petaling Jaya 88 Speedmart",2021,2021-09,"September",1,4.9,3,0
"UrbanParcel","ACTIVE","Petaling Jaya 88 Speedmart",2021,2021-10,"October",1,4.9,0,100
"UrbanParcel","ACTIVE","Petaling Jaya 88 Speedmart",2021,2021-11,"November",3,14.7,2.3,0
"UrbanParcel","ACTIVE","Petaling Jaya 88 Speedmart",2022,2022-01,"January",2,9.8,-1.5,100
"UrbanParcel","ACTIVE","Petaling Jaya 88 Speedmart",2022,2022-03,"March",3,14.7,1,66.7
"UrbanParcel","ACTIVE","Petaling Jaya 88 Speedmart",2022,2022-04,"April",1,4.9,1,0
"UrbanParcel","ACTIVE","Petaling Jaya 88 Speedmart",2022,2022-05,"May",1,4.9,-2,100
"UrbanParcel","ACTIVE","Petaling Jaya 88 Speedmart",2022,2022-07,"July",1,4.9,2,0
"UrbanParcel","ACTIVE","Petaling Jaya 88 Speedmart",2022,2022-09,"September",1,4.9,1,0
"UrbanParcel","ACTIVE","Petaling Jaya 88 Speedmart",2022,2022-10,"October",1,4.9,1,0
"UrbanParcel","ACTIVE","Petaling Jaya 88 Speedmart",2022,2022-11,"November",1,4.9,-2,100
"UrbanParcel","ACTIVE","Petaling Jaya 88 Speedmart",2022,2022-12,"December",3,14.7,0,66.7
"UrbanParcel","ACTIVE","Petaling Jaya 88 Speedmart",2023,2023-03,"March",1,8.9,0,100
"UrbanParcel","ACTIVE","Petaling Jaya 88 Speedmart",2023,2023-07,"July",1,4.9,2,0
"UrbanParcel","ACTIVE","Petaling Jaya 88 Speedmart",2023,2023-08,"August",1,4.9,1,0
"UrbanParcel","ACTIVE","Petaling Jaya 88 Speedmart",2023,2023-09,"September",1,4.9,0,100
"UrbanParcel","ACTIVE","Petaling Jaya 88 Speedmart",2023,2023-11,"November",1,6.9,0,100
"UrbanParcel","ACTIVE","Petaling Jaya 88 Speedmart",2023,2023-12,"December",3,14.7,.7,33.3
"UrbanParcel","ACTIVE","Petaling Jaya 88 Speedmart",2024,2024-01,"January",1,4.9,1,0
"UrbanParcel","ACTIVE","Petaling Jaya 88 Speedmart",2024,2024-03,"March",1,4.9,-1,100
"UrbanParcel","ACTIVE","Petaling Jaya 88 Speedmart",2024,2024-04,"April",1,4.9,-1,100
"UrbanParcel","ACTIVE","Petaling Jaya 88 Speedmart",2024,2024-06,"June",1,4.9,0,100
"UrbanParcel","ACTIVE","Petaling Jaya 88 Speedmart",2024,2024-08,"August",1,8.9,-3,100
"UrbanParcel","ACTIVE","Petaling Jaya 88 Speedmart",2024,2024-11,"November",1,4.9,1,0
"UrbanParcel","ACTIVE","Petaling Jaya 88 Speedmart",2024,2024-12,"December",1,4.9,1,0
"UrbanParcel","ACTIVE","Petaling Jaya 88 Speedmart",2025,2025-01,"January",1,4.9,-1,100
"UrbanParcel","ACTIVE","Petaling Jaya 88 Speedmart",2025,2025-02,"February",1,4.9,1,0
"UrbanParcel","ACTIVE","Petaling Jaya 88 Speedmart",2025,2025-04,"April",3,16.7,-1.3,66.7
"UrbanParcel","ACTIVE","Petaling Jaya 88 Speedmart",2025,2025-08,"August",3,16.7,-1.3,100
"UrbanParcel","ACTIVE","Petaling Jaya 88 Speedmart",2025,2025-10,"October",2,9.8,0,50
"UrbanParcel","ACTIVE","Petaling Jaya 88 Speedmart",2025,2025-12,"December",1,4.9,0,100
"UrbanParcel","ACTIVE","Petaling Jaya 88 Speedmart",2026,2026-01,"January",1,8.9,2,0
"UrbanParcel","ACTIVE","Petaling Jaya 88 Speedmart",2026,2026-05,"May",1,4.9,-2,100
"UrbanParcel","ACTIVE","Petaling Jaya 88 Speedmart",2026,2026-06,"June",1,4.9,0,100
"UrbanParcel","ACTIVE","Seremban 88 Speedmart",2022,2022-03,"March",1,4.9,-3,100
"UrbanParcel","ACTIVE","Seremban 88 Speedmart",2022,2022-05,"May",2,13.8,3,0
"UrbanParcel","ACTIVE","Seremban 88 Speedmart",2022,2022-06,"June",1,6.9,-1,100
"UrbanParcel","ACTIVE","Seremban 88 Speedmart",2022,2022-07,"July",1,6.9,-1,100
"UrbanParcel","ACTIVE","Seremban 88 Speedmart",2022,2022-08,"August",1,4.9,0,100
"UrbanParcel","ACTIVE","Seremban 88 Speedmart",2022,2022-09,"September",1,4.9,0,100
"UrbanParcel","ACTIVE","Seremban 88 Speedmart",2022,2022-10,"October",1,4.9,-1,100
"UrbanParcel","ACTIVE","Seremban 88 Speedmart",2022,2022-11,"November",2,13.8,-1.5,100
"UrbanParcel","ACTIVE","Seremban 88 Speedmart",2022,2022-12,"December",1,4.9,1,0
"UrbanParcel","ACTIVE","Seremban 88 Speedmart",2023,2023-01,"January",2,9.8,1,50
"UrbanParcel","ACTIVE","Seremban 88 Speedmart",2023,2023-06,"June",1,4.9,-1,100
"UrbanParcel","ACTIVE","Seremban 88 Speedmart",2023,2023-07,"July",1,4.9,4,0
"UrbanParcel","ACTIVE","Seremban 88 Speedmart",2023,2023-08,"August",1,4.9,0,100
"UrbanParcel","ACTIVE","Seremban 88 Speedmart",2023,2023-11,"November",1,4.9,2,0
"UrbanParcel","ACTIVE","Seremban 88 Speedmart",2024,2024-03,"March",1,8.9,-1,100
"UrbanParcel","ACTIVE","Seremban 88 Speedmart",2024,2024-04,"April",2,9.8,-1,100
"UrbanParcel","ACTIVE","Seremban 88 Speedmart",2024,2024-05,"May",1,4.9,0,100
"UrbanParcel","ACTIVE","Seremban 88 Speedmart",2024,2024-06,"June",2,11.8,1.5,0
"UrbanParcel","ACTIVE","Seremban 88 Speedmart",2024,2024-08,"August",1,4.9,-1,100
"UrbanParcel","ACTIVE","Seremban 88 Speedmart",2024,2024-10,"October",2,9.8,0,100
"UrbanParcel","ACTIVE","Seremban 88 Speedmart",2024,2024-11,"November",2,9.8,2,0
"UrbanParcel","ACTIVE","Seremban 88 Speedmart",2024,2024-12,"December",1,4.9,-3,100
"UrbanParcel","ACTIVE","Seremban 88 Speedmart",2025,2025-01,"January",1,4.9,0,100
"UrbanParcel","ACTIVE","Seremban 88 Speedmart",2025,2025-02,"February",2,15.8,.5,50
"UrbanParcel","ACTIVE","Seremban 88 Speedmart",2025,2025-10,"October",2,9.8,-1,100
"UrbanParcel","ACTIVE","Seremban 88 Speedmart",2025,2025-11,"November",2,9.8,1,50
"UrbanParcel","ACTIVE","Seremban 88 Speedmart",2025,2025-12,"December",4,19.6,1.3,25
"UrbanParcel","ACTIVE","Seremban 88 Speedmart",2026,2026-02,"February",1,8.9,1,0
"UrbanParcel","ACTIVE","Seremban 88 Speedmart",2026,2026-03,"March",1,4.9,0,100
"UrbanParcel","ACTIVE","Shah Alam 88 Speedmart",2020,2020-10,"October",1,6.9,4,0
"UrbanParcel","ACTIVE","Shah Alam 88 Speedmart",2020,2020-11,"November",1,4.9,3,0
"UrbanParcel","ACTIVE","Shah Alam 88 Speedmart",2020,2020-12,"December",4,19.6,1,25
"UrbanParcel","ACTIVE","Shah Alam 88 Speedmart",2021,2021-01,"January",1,4.9,-2,100
"UrbanParcel","ACTIVE","Shah Alam 88 Speedmart",2021,2021-02,"February",2,9.8,1.5,0
"UrbanParcel","ACTIVE","Shah Alam 88 Speedmart",2021,2021-03,"March",1,4.9,3,0
"UrbanParcel","ACTIVE","Shah Alam 88 Speedmart",2021,2021-05,"May",1,4.9,1,0
"UrbanParcel","ACTIVE","Shah Alam 88 Speedmart",2021,2021-06,"June",1,4.9,0,100
"UrbanParcel","ACTIVE","Shah Alam 88 Speedmart",2021,2021-07,"July",1,4.9,5,0
"UrbanParcel","ACTIVE","Shah Alam 88 Speedmart",2021,2021-08,"August",1,6.9,3,0
"UrbanParcel","ACTIVE","Shah Alam 88 Speedmart",2021,2021-09,"September",1,4.9,0,100
"UrbanParcel","ACTIVE","Shah Alam 88 Speedmart",2021,2021-10,"October",1,4.9,-1,100
"UrbanParcel","ACTIVE","Shah Alam 88 Speedmart",2022,2022-04,"April",1,4.9,0,100
"UrbanParcel","ACTIVE","Shah Alam 88 Speedmart",2022,2022-05,"May",5,26.5,.6,60
"UrbanParcel","ACTIVE","Shah Alam 88 Speedmart",2022,2022-06,"June",1,4.9,0,100
"UrbanParcel","ACTIVE","Shah Alam 88 Speedmart",2022,2022-10,"October",2,11.8,2,0
"UrbanParcel","ACTIVE","Shah Alam 88 Speedmart",2022,2022-11,"November",1,4.9,-2,100
"UrbanParcel","ACTIVE","Shah Alam 88 Speedmart",2022,2022-12,"December",1,8.9,1,0
"UrbanParcel","ACTIVE","Shah Alam 88 Speedmart",2023,2023-05,"May",1,4.9,0,100
"UrbanParcel","ACTIVE","Shah Alam 88 Speedmart",2023,2023-10,"October",1,4.9,0,100
"UrbanParcel","ACTIVE","Shah Alam 88 Speedmart",2024,2024-01,"January",1,6.9,-2,100
"UrbanParcel","ACTIVE","Shah Alam 88 Speedmart",2024,2024-03,"March",1,4.9,0,100
"UrbanParcel","ACTIVE","Shah Alam 88 Speedmart",2024,2024-04,"April",2,9.8,.5,50
"UrbanParcel","ACTIVE","Shah Alam 88 Speedmart",2024,2024-07,"July",1,4.9,-1,100
"UrbanParcel","ACTIVE","Shah Alam 88 Speedmart",2024,2024-09,"September",1,6.9,-1,100
"UrbanParcel","ACTIVE","Shah Alam 88 Speedmart",2024,2024-11,"November",1,4.9,-1,100
"UrbanParcel","ACTIVE","Shah Alam 88 Speedmart",2024,2024-12,"December",4,19.6,1.3,25
"UrbanParcel","ACTIVE","Shah Alam 88 Speedmart",2025,2025-02,"February",1,4.9,1,0
"UrbanParcel","ACTIVE","Shah Alam 88 Speedmart",2025,2025-04,"April",1,4.9,-3,100
"UrbanParcel","ACTIVE","Shah Alam 88 Speedmart",2025,2025-05,"May",1,4.9,0,100
"UrbanParcel","ACTIVE","Shah Alam 88 Speedmart",2025,2025-07,"July",1,4.9,-1,100
"UrbanParcel","ACTIVE","Shah Alam 88 Speedmart",2025,2025-08,"August",1,8.9,-3,100
"UrbanParcel","ACTIVE","Shah Alam 88 Speedmart",2025,2025-11,"November",1,4.9,-2,100
"UrbanParcel","ACTIVE","Shah Alam 88 Speedmart",2025,2025-12,"December",1,4.9,-1,100
"UrbanParcel","ACTIVE","Shah Alam 88 Speedmart",2026,2026-01,"January",3,14.7,-.7,100
"UrbanParcel","ACTIVE","Shah Alam 88 Speedmart",2026,2026-05,"May",1,4.9,0,100
