Staff_Name,Role,Branch_Name,Cal_Year,Cal_Year_Month,Cal_Month_Name,Orders_Processed,Revenue_Handled,Avg_Revenue_Per_Order,Employment_Status
"Ahmad Abdullah","MANAGER","Kota Kinabalu 88 Speedmart",2023,2023-01,"January",8,416.05,52.01,ACTIVE
"Ahmad Abdullah","MANAGER","Kota Kinabalu 88 Speedmart",2023,2023-02,"February",6,127.81,21.3,ACTIVE
"Ahmad Abdullah","MANAGER","Kota Kinabalu 88 Speedmart",2023,2023-03,"March",8,352.74,44.09,ACTIVE
"Ahmad Abdullah","MANAGER","Kota Kinabalu 88 Speedmart",2023,2023-04,"April",10,361.52,36.15,ACTIVE
"Ahmad Abdullah","MANAGER","Kota Kinabalu 88 Speedmart",2023,2023-05,"May",8,283.71,35.46,ACTIVE
"Ahmad Abdullah","MANAGER","Kota Kinabalu 88 Speedmart",2023,2023-06,"June",9,261.88,29.1,ACTIVE
"Ahmad Abdullah","MANAGER","Kota Kinabalu 88 Speedmart",2023,2023-07,"July",7,203.87,29.12,ACTIVE
"Ahmad Abdullah","MANAGER","Kota Kinabalu 88 Speedmart",2023,2023-08,"August",5,223.17,44.63,ACTIVE
"Ahmad Abdullah","MANAGER","Kota Kinabalu 88 Speedmart",2023,2023-09,"September",6,224.54,37.42,ACTIVE
"Ahmad Abdullah","MANAGER","Kota Kinabalu 88 Speedmart",2023,2023-10,"October",11,535.4,48.67,ACTIVE
"Ahmad Abdullah","MANAGER","Kota Kinabalu 88 Speedmart",2023,2023-11,"November",8,182.28,22.79,ACTIVE
"Ahmad Abdullah","MANAGER","Kota Kinabalu 88 Speedmart",2023,2023-12,"December",12,312.98,26.08,ACTIVE
"Ahmad Abdullah","MANAGER","Kota Kinabalu 88 Speedmart",2024,2024-01,"January",7,181.43,25.92,ACTIVE
"Ahmad Abdullah","MANAGER","Kota Kinabalu 88 Speedmart",2024,2024-02,"February",10,778.01,77.8,ACTIVE
"Ahmad Abdullah","MANAGER","Kota Kinabalu 88 Speedmart",2024,2024-03,"March",5,266.61,53.32,ACTIVE
"Ahmad Abdullah","MANAGER","Kota Kinabalu 88 Speedmart",2024,2024-04,"April",10,252.42,25.24,ACTIVE
"Ahmad Abdullah","MANAGER","Kota Kinabalu 88 Speedmart",2024,2024-05,"May",6,133.05,22.18,ACTIVE
"Ahmad Abdullah","MANAGER","Kota Kinabalu 88 Speedmart",2024,2024-06,"June",11,413.12,37.56,ACTIVE
"Ahmad Abdullah","MANAGER","Kota Kinabalu 88 Speedmart",2024,2024-07,"July",5,239.89,47.98,ACTIVE
"Ahmad Abdullah","MANAGER","Kota Kinabalu 88 Speedmart",2024,2024-08,"August",5,221.74,44.35,ACTIVE
"Ahmad Abdullah","MANAGER","Kota Kinabalu 88 Speedmart",2024,2024-09,"September",9,548.18,60.91,ACTIVE
"Ahmad Abdullah","MANAGER","Kota Kinabalu 88 Speedmart",2024,2024-10,"October",4,130.5,32.63,ACTIVE
"Ahmad Abdullah","MANAGER","Kota Kinabalu 88 Speedmart",2024,2024-11,"November",14,623.6,44.54,ACTIVE
"Ahmad Abdullah","MANAGER","Kota Kinabalu 88 Speedmart",2024,2024-12,"December",12,429.08,35.76,ACTIVE
"Ahmad Abdullah","MANAGER","Kota Kinabalu 88 Speedmart",2025,2025-01,"January",9,326.35,36.26,ACTIVE
"Ahmad Abdullah","MANAGER","Kota Kinabalu 88 Speedmart",2025,2025-02,"February",3,106.43,35.48,ACTIVE
"Ahmad Abdullah","MANAGER","Kota Kinabalu 88 Speedmart",2025,2025-03,"March",7,172.46,24.64,ACTIVE
"Ahmad Abdullah","MANAGER","Kota Kinabalu 88 Speedmart",2025,2025-04,"April",4,144.03,36.01,ACTIVE
"Ahmad Abdullah","MANAGER","Kota Kinabalu 88 Speedmart",2025,2025-05,"May",5,236.67,47.33,ACTIVE
"Ahmad Abdullah","MANAGER","Kota Kinabalu 88 Speedmart",2025,2025-06,"June",14,354.3,25.31,ACTIVE
"Ahmad Abdullah","MANAGER","Kota Kinabalu 88 Speedmart",2025,2025-07,"July",7,352.8,50.4,ACTIVE
"Ahmad Abdullah","MANAGER","Kota Kinabalu 88 Speedmart",2025,2025-08,"August",11,354.55,32.23,ACTIVE
"Ahmad Abdullah","MANAGER","Kota Kinabalu 88 Speedmart",2025,2025-09,"September",10,383.39,38.34,ACTIVE
"Ahmad Abdullah","MANAGER","Kota Kinabalu 88 Speedmart",2025,2025-10,"October",10,541.92,54.19,ACTIVE
"Ahmad Abdullah","MANAGER","Kota Kinabalu 88 Speedmart",2025,2025-11,"November",14,859.79,61.41,ACTIVE
"Ahmad Abdullah","MANAGER","Kota Kinabalu 88 Speedmart",2025,2025-12,"December",20,594.13,29.71,ACTIVE
"Ahmad Abdullah","MANAGER","Kota Kinabalu 88 Speedmart",2026,2026-01,"January",7,178.99,25.57,ACTIVE
"Ahmad Abdullah","MANAGER","Kota Kinabalu 88 Speedmart",2026,2026-02,"February",11,416.35,37.85,ACTIVE
"Ahmad Abdullah","MANAGER","Kota Kinabalu 88 Speedmart",2026,2026-03,"March",10,506.61,50.66,ACTIVE
"Ahmad Abdullah","MANAGER","Kota Kinabalu 88 Speedmart",2026,2026-04,"April",7,138.62,19.8,ACTIVE
"Ahmad Abdullah","MANAGER","Kota Kinabalu 88 Speedmart",2026,2026-05,"May",10,470.52,47.05,ACTIVE
"Ahmad Abdullah","MANAGER","Kota Kinabalu 88 Speedmart",2026,2026-06,"June",13,595.65,45.82,ACTIVE
"Ahmad Ahmad","CASHIER","Johor Bahru 88 Speedmart",2021,2021-06,"June",12,669.54,55.8,ACTIVE
"Ahmad Ahmad","CASHIER","Johor Bahru 88 Speedmart",2021,2021-07,"July",7,210.99,30.14,ACTIVE
"Ahmad Ahmad","CASHIER","Johor Bahru 88 Speedmart",2021,2021-08,"August",17,457.78,26.93,ACTIVE
"Ahmad Ahmad","CASHIER","Johor Bahru 88 Speedmart",2021,2021-09,"September",5,145.83,29.17,ACTIVE
"Ahmad Ahmad","CASHIER","Johor Bahru 88 Speedmart",2021,2021-10,"October",10,359.16,35.92,ACTIVE
"Ahmad Ahmad","CASHIER","Johor Bahru 88 Speedmart",2021,2021-11,"November",12,391.65,32.64,ACTIVE
"Ahmad Ahmad","CASHIER","Johor Bahru 88 Speedmart",2021,2021-12,"December",23,812.9,35.34,ACTIVE
"Ahmad Ahmad","CASHIER","Johor Bahru 88 Speedmart",2022,2022-01,"January",10,263.71,26.37,ACTIVE
"Ahmad Ahmad","CASHIER","Johor Bahru 88 Speedmart",2022,2022-02,"February",5,108.7,21.74,ACTIVE
"Ahmad Ahmad","CASHIER","Johor Bahru 88 Speedmart",2022,2022-03,"March",4,185.95,46.49,ACTIVE
"Ahmad Ahmad","CASHIER","Johor Bahru 88 Speedmart",2022,2022-04,"April",7,229.26,32.75,ACTIVE
"Ahmad Ahmad","CASHIER","Johor Bahru 88 Speedmart",2022,2022-05,"May",5,225.6,45.12,ACTIVE
"Ahmad Ahmad","CASHIER","Johor Bahru 88 Speedmart",2022,2022-06,"June",9,209.66,23.3,ACTIVE
"Ahmad Ahmad","CASHIER","Johor Bahru 88 Speedmart",2022,2022-07,"July",9,463.89,51.54,ACTIVE
"Ahmad Ahmad","CASHIER","Johor Bahru 88 Speedmart",2022,2022-08,"August",10,301.17,30.12,ACTIVE
"Ahmad Ahmad","CASHIER","Johor Bahru 88 Speedmart",2022,2022-09,"September",6,200.25,33.38,ACTIVE
"Ahmad Ahmad","CASHIER","Johor Bahru 88 Speedmart",2022,2022-10,"October",3,224.53,74.84,ACTIVE
"Ahmad Ahmad","CASHIER","Johor Bahru 88 Speedmart",2022,2022-11,"November",8,490.48,61.31,ACTIVE
"Ahmad Ahmad","CASHIER","Johor Bahru 88 Speedmart",2022,2022-12,"December",15,607.13,40.48,ACTIVE
"Ahmad Ahmad","CASHIER","Johor Bahru 88 Speedmart",2023,2023-01,"January",5,180.53,36.11,ACTIVE
"Ahmad Ahmad","CASHIER","Johor Bahru 88 Speedmart",2023,2023-02,"February",2,65.05,32.53,ACTIVE
"Ahmad Ahmad","CASHIER","Johor Bahru 88 Speedmart",2023,2023-03,"March",3,205.01,68.34,ACTIVE
"Ahmad Ahmad","CASHIER","Johor Bahru 88 Speedmart",2023,2023-04,"April",10,389.09,38.91,ACTIVE
"Ahmad Ahmad","CASHIER","Johor Bahru 88 Speedmart",2023,2023-05,"May",6,389.43,64.91,ACTIVE
"Ahmad Ahmad","CASHIER","Johor Bahru 88 Speedmart",2023,2023-06,"June",5,165.51,33.1,ACTIVE
"Ahmad Ahmad","CASHIER","Johor Bahru 88 Speedmart",2023,2023-07,"July",6,164.99,27.5,ACTIVE
"Ahmad Ahmad","CASHIER","Johor Bahru 88 Speedmart",2023,2023-08,"August",5,243,48.6,ACTIVE
"Ahmad Ahmad","CASHIER","Johor Bahru 88 Speedmart",2023,2023-09,"September",4,107.83,26.96,ACTIVE
"Ahmad Ahmad","CASHIER","Johor Bahru 88 Speedmart",2023,2023-10,"October",7,257.83,36.83,ACTIVE
"Ahmad Ahmad","CASHIER","Johor Bahru 88 Speedmart",2023,2023-11,"November",12,548.24,45.69,ACTIVE
"Ahmad Ahmad","CASHIER","Johor Bahru 88 Speedmart",2023,2023-12,"December",15,734.47,48.96,ACTIVE
"Ahmad Ahmad","CASHIER","Johor Bahru 88 Speedmart",2024,2024-01,"January",9,117.48,13.05,ACTIVE
"Ahmad Ahmad","CASHIER","Johor Bahru 88 Speedmart",2024,2024-02,"February",9,242.74,26.97,ACTIVE
"Ahmad Ahmad","CASHIER","Johor Bahru 88 Speedmart",2024,2024-03,"March",1,63.12,63.12,ACTIVE
"Ahmad Ahmad","CASHIER","Johor Bahru 88 Speedmart",2024,2024-04,"April",7,125.12,17.87,ACTIVE
"Ahmad Ahmad","CASHIER","Johor Bahru 88 Speedmart",2024,2024-05,"May",6,227.13,37.86,ACTIVE
"Ahmad Ahmad","CASHIER","Johor Bahru 88 Speedmart",2024,2024-06,"June",9,511.45,56.83,ACTIVE
"Ahmad Ahmad","CASHIER","Johor Bahru 88 Speedmart",2024,2024-07,"July",7,430.27,61.47,ACTIVE
"Ahmad Ahmad","CASHIER","Johor Bahru 88 Speedmart",2024,2024-08,"August",6,258.3,43.05,ACTIVE
"Ahmad Ahmad","CASHIER","Johor Bahru 88 Speedmart",2024,2024-09,"September",6,135.71,22.62,ACTIVE
"Ahmad Ahmad","CASHIER","Johor Bahru 88 Speedmart",2024,2024-10,"October",5,195.28,39.06,ACTIVE
"Ahmad Ahmad","CASHIER","Johor Bahru 88 Speedmart",2024,2024-11,"November",5,501.61,100.32,ACTIVE
"Ahmad Ahmad","CASHIER","Johor Bahru 88 Speedmart",2024,2024-12,"December",9,451.35,50.15,ACTIVE
"Ahmad Ahmad","CASHIER","Johor Bahru 88 Speedmart",2025,2025-01,"January",7,250.76,35.82,ACTIVE
"Ahmad Ahmad","CASHIER","Johor Bahru 88 Speedmart",2025,2025-02,"February",6,151.13,25.19,ACTIVE
"Ahmad Ahmad","CASHIER","Johor Bahru 88 Speedmart",2025,2025-03,"March",4,139.68,34.92,ACTIVE
"Ahmad Ahmad","CASHIER","Johor Bahru 88 Speedmart",2025,2025-04,"April",10,341.62,34.16,ACTIVE
"Ahmad Ahmad","CASHIER","Johor Bahru 88 Speedmart",2025,2025-05,"May",10,466.34,46.63,ACTIVE
"Ahmad Ahmad","CASHIER","Johor Bahru 88 Speedmart",2025,2025-06,"June",12,671.55,55.96,ACTIVE
"Ahmad Ahmad","CASHIER","Johor Bahru 88 Speedmart",2025,2025-07,"July",4,74.83,18.71,ACTIVE
"Ahmad Ahmad","CASHIER","Johor Bahru 88 Speedmart",2025,2025-08,"August",6,176.6,29.43,ACTIVE
"Ahmad Ahmad","CASHIER","Johor Bahru 88 Speedmart",2025,2025-09,"September",6,81.1,13.52,ACTIVE
"Ahmad Ahmad","CASHIER","Johor Bahru 88 Speedmart",2025,2025-10,"October",7,177.15,25.31,ACTIVE
"Ahmad Ahmad","CASHIER","Johor Bahru 88 Speedmart",2025,2025-11,"November",7,132.33,18.9,ACTIVE
"Ahmad Ahmad","CASHIER","Johor Bahru 88 Speedmart",2025,2025-12,"December",25,1005.45,40.22,ACTIVE
"Ahmad Ahmad","CASHIER","Johor Bahru 88 Speedmart",2026,2026-01,"January",9,476.57,52.95,ACTIVE
"Ahmad Ahmad","CASHIER","Johor Bahru 88 Speedmart",2026,2026-02,"February",11,552.72,50.25,ACTIVE
"Ahmad Ahmad","CASHIER","Johor Bahru 88 Speedmart",2026,2026-03,"March",12,534.53,44.54,ACTIVE
"Ahmad Ahmad","CASHIER","Johor Bahru 88 Speedmart",2026,2026-04,"April",5,261.01,52.2,ACTIVE
"Ahmad Ahmad","CASHIER","Johor Bahru 88 Speedmart",2026,2026-05,"May",13,448.72,34.52,ACTIVE
"Ahmad Ahmad","CASHIER","Johor Bahru 88 Speedmart",2026,2026-06,"June",10,398.2,39.82,ACTIVE
"Ahmad Ali","CASHIER","Kota Kinabalu 88 Speedmart",2023,2023-01,"January",13,499.98,38.46,ACTIVE
"Ahmad Ali","CASHIER","Kota Kinabalu 88 Speedmart",2023,2023-02,"February",3,205.18,68.39,ACTIVE
"Ahmad Ali","CASHIER","Kota Kinabalu 88 Speedmart",2023,2023-03,"March",5,125.68,25.14,ACTIVE
"Ahmad Ali","CASHIER","Kota Kinabalu 88 Speedmart",2023,2023-04,"April",8,443.34,55.42,ACTIVE
"Ahmad Ali","CASHIER","Kota Kinabalu 88 Speedmart",2023,2023-05,"May",13,644.63,49.59,ACTIVE
"Ahmad Ali","CASHIER","Kota Kinabalu 88 Speedmart",2023,2023-06,"June",14,479.55,34.25,ACTIVE
"Ahmad Ali","CASHIER","Kota Kinabalu 88 Speedmart",2023,2023-07,"July",9,249.37,27.71,ACTIVE
"Ahmad Ali","CASHIER","Kota Kinabalu 88 Speedmart",2023,2023-08,"August",9,330.49,36.72,ACTIVE
"Ahmad Ali","CASHIER","Kota Kinabalu 88 Speedmart",2023,2023-09,"September",6,132.99,22.17,ACTIVE
"Ahmad Ali","CASHIER","Kota Kinabalu 88 Speedmart",2023,2023-10,"October",9,402.41,44.71,ACTIVE
"Ahmad Ali","CASHIER","Kota Kinabalu 88 Speedmart",2023,2023-11,"November",8,290.58,36.32,ACTIVE
"Ahmad Ali","CASHIER","Kota Kinabalu 88 Speedmart",2023,2023-12,"December",14,468.41,33.46,ACTIVE
"Ahmad Ali","CASHIER","Kota Kinabalu 88 Speedmart",2024,2024-01,"January",6,351.67,58.61,ACTIVE
"Ahmad Ali","CASHIER","Kota Kinabalu 88 Speedmart",2024,2024-02,"February",6,232.36,38.73,ACTIVE
"Ahmad Ali","CASHIER","Kota Kinabalu 88 Speedmart",2024,2024-03,"March",3,125.18,41.73,ACTIVE
"Ahmad Ali","CASHIER","Kota Kinabalu 88 Speedmart",2024,2024-04,"April",6,399.14,66.52,ACTIVE
"Ahmad Ali","CASHIER","Kota Kinabalu 88 Speedmart",2024,2024-05,"May",5,130.46,26.09,ACTIVE
"Ahmad Ali","CASHIER","Kota Kinabalu 88 Speedmart",2024,2024-06,"June",8,546.3,68.29,ACTIVE
"Ahmad Ali","CASHIER","Kota Kinabalu 88 Speedmart",2024,2024-07,"July",6,217.33,36.22,ACTIVE
"Ahmad Ali","CASHIER","Kota Kinabalu 88 Speedmart",2024,2024-08,"August",4,185.48,46.37,ACTIVE
"Ahmad Ali","CASHIER","Kota Kinabalu 88 Speedmart",2024,2024-09,"September",7,290.68,41.53,ACTIVE
"Ahmad Ali","CASHIER","Kota Kinabalu 88 Speedmart",2024,2024-10,"October",4,222.04,55.51,ACTIVE
"Ahmad Ali","CASHIER","Kota Kinabalu 88 Speedmart",2024,2024-11,"November",8,387.49,48.44,ACTIVE
"Ahmad Ali","CASHIER","Kota Kinabalu 88 Speedmart",2024,2024-12,"December",11,261.5,23.77,ACTIVE
"Ahmad Ali","CASHIER","Kota Kinabalu 88 Speedmart",2025,2025-01,"January",3,132.11,44.04,ACTIVE
"Ahmad Ali","CASHIER","Kota Kinabalu 88 Speedmart",2025,2025-02,"February",4,145.97,36.49,ACTIVE
"Ahmad Ali","CASHIER","Kota Kinabalu 88 Speedmart",2025,2025-03,"March",5,176.85,35.37,ACTIVE
"Ahmad Ali","CASHIER","Kota Kinabalu 88 Speedmart",2025,2025-04,"April",5,201.94,40.39,ACTIVE
"Ahmad Ali","CASHIER","Kota Kinabalu 88 Speedmart",2025,2025-05,"May",9,282.55,31.39,ACTIVE
"Ahmad Ali","CASHIER","Kota Kinabalu 88 Speedmart",2025,2025-06,"June",12,304.03,25.34,ACTIVE
"Ahmad Ali","CASHIER","Kota Kinabalu 88 Speedmart",2025,2025-07,"July",10,450.44,45.04,ACTIVE
"Ahmad Ali","CASHIER","Kota Kinabalu 88 Speedmart",2025,2025-08,"August",9,406.71,45.19,ACTIVE
"Ahmad Ali","CASHIER","Kota Kinabalu 88 Speedmart",2025,2025-09,"September",10,655.96,65.6,ACTIVE
"Ahmad Ali","CASHIER","Kota Kinabalu 88 Speedmart",2025,2025-10,"October",11,302.66,27.51,ACTIVE
"Ahmad Ali","CASHIER","Kota Kinabalu 88 Speedmart",2025,2025-11,"November",10,279.2,27.92,ACTIVE
"Ahmad Ali","CASHIER","Kota Kinabalu 88 Speedmart",2025,2025-12,"December",27,809.85,29.99,ACTIVE
"Ahmad Ali","CASHIER","Kota Kinabalu 88 Speedmart",2026,2026-01,"January",8,298.59,37.32,ACTIVE
"Ahmad Ali","CASHIER","Kota Kinabalu 88 Speedmart",2026,2026-02,"February",11,219.37,19.94,ACTIVE
"Ahmad Ali","CASHIER","Kota Kinabalu 88 Speedmart",2026,2026-03,"March",11,474.13,43.1,ACTIVE
"Ahmad Ali","CASHIER","Kota Kinabalu 88 Speedmart",2026,2026-04,"April",7,239.43,34.2,ACTIVE
"Ahmad Ali","CASHIER","Kota Kinabalu 88 Speedmart",2026,2026-05,"May",8,402.97,50.37,ACTIVE
"Ahmad Ali","CASHIER","Kota Kinabalu 88 Speedmart",2026,2026-06,"June",5,222.55,44.51,ACTIVE
"Ahmad Hussein","CASHIER","Seremban 88 Speedmart",2022,2022-01,"January",14,452.98,32.36,ACTIVE
"Ahmad Hussein","CASHIER","Seremban 88 Speedmart",2022,2022-02,"February",6,179.64,29.94,ACTIVE
"Ahmad Hussein","CASHIER","Seremban 88 Speedmart",2022,2022-03,"March",8,330.19,41.27,ACTIVE
"Ahmad Hussein","CASHIER","Seremban 88 Speedmart",2022,2022-04,"April",4,157.03,39.26,ACTIVE
"Ahmad Hussein","CASHIER","Seremban 88 Speedmart",2022,2022-05,"May",4,241.09,60.27,ACTIVE
"Ahmad Hussein","CASHIER","Seremban 88 Speedmart",2022,2022-06,"June",9,154.9,17.21,ACTIVE
"Ahmad Hussein","CASHIER","Seremban 88 Speedmart",2022,2022-07,"July",5,260.6,52.12,ACTIVE
"Ahmad Hussein","CASHIER","Seremban 88 Speedmart",2022,2022-08,"August",8,437.4,54.68,ACTIVE
"Ahmad Hussein","CASHIER","Seremban 88 Speedmart",2022,2022-09,"September",8,341.78,42.72,ACTIVE
"Ahmad Hussein","CASHIER","Seremban 88 Speedmart",2022,2022-10,"October",5,254,50.8,ACTIVE
"Ahmad Hussein","CASHIER","Seremban 88 Speedmart",2022,2022-11,"November",12,295.41,24.62,ACTIVE
"Ahmad Hussein","CASHIER","Seremban 88 Speedmart",2022,2022-12,"December",9,257.36,28.6,ACTIVE
"Ahmad Hussein","CASHIER","Seremban 88 Speedmart",2023,2023-01,"January",8,208.62,26.08,ACTIVE
"Ahmad Hussein","CASHIER","Seremban 88 Speedmart",2023,2023-02,"February",2,19.84,9.92,ACTIVE
"Ahmad Hussein","CASHIER","Seremban 88 Speedmart",2023,2023-03,"March",8,429.81,53.73,ACTIVE
"Ahmad Hussein","CASHIER","Seremban 88 Speedmart",2023,2023-04,"April",10,323.47,32.35,ACTIVE
"Ahmad Hussein","CASHIER","Seremban 88 Speedmart",2023,2023-05,"May",9,310.67,34.52,ACTIVE
"Ahmad Hussein","CASHIER","Seremban 88 Speedmart",2023,2023-06,"June",6,509.66,84.94,ACTIVE
"Ahmad Hussein","CASHIER","Seremban 88 Speedmart",2023,2023-07,"July",4,164.89,41.22,ACTIVE
"Ahmad Hussein","CASHIER","Seremban 88 Speedmart",2023,2023-08,"August",3,105.37,35.12,ACTIVE
"Ahmad Hussein","CASHIER","Seremban 88 Speedmart",2023,2023-09,"September",3,163.19,54.4,ACTIVE
"Ahmad Hussein","CASHIER","Seremban 88 Speedmart",2023,2023-10,"October",10,311.53,31.15,ACTIVE
"Ahmad Hussein","CASHIER","Seremban 88 Speedmart",2023,2023-11,"November",10,390.16,39.02,ACTIVE
"Ahmad Hussein","CASHIER","Seremban 88 Speedmart",2023,2023-12,"December",11,327.18,29.74,ACTIVE
"Ahmad Hussein","CASHIER","Seremban 88 Speedmart",2024,2024-01,"January",10,500.7,50.07,ACTIVE
"Ahmad Hussein","CASHIER","Seremban 88 Speedmart",2024,2024-02,"February",6,261.04,43.51,ACTIVE
"Ahmad Hussein","CASHIER","Seremban 88 Speedmart",2024,2024-03,"March",5,222.07,44.41,ACTIVE
"Ahmad Hussein","CASHIER","Seremban 88 Speedmart",2024,2024-04,"April",6,302.13,50.36,ACTIVE
"Ahmad Hussein","CASHIER","Seremban 88 Speedmart",2024,2024-05,"May",8,249.38,31.17,ACTIVE
"Ahmad Hussein","CASHIER","Seremban 88 Speedmart",2024,2024-06,"June",12,492.05,41,ACTIVE
"Ahmad Hussein","CASHIER","Seremban 88 Speedmart",2024,2024-07,"July",10,437.51,43.75,ACTIVE
"Ahmad Hussein","CASHIER","Seremban 88 Speedmart",2024,2024-08,"August",8,509.75,63.72,ACTIVE
"Ahmad Hussein","CASHIER","Seremban 88 Speedmart",2024,2024-09,"September",6,135.49,22.58,ACTIVE
"Ahmad Hussein","CASHIER","Seremban 88 Speedmart",2024,2024-10,"October",8,270.36,33.8,ACTIVE
"Ahmad Hussein","CASHIER","Seremban 88 Speedmart",2024,2024-11,"November",8,214.33,26.79,ACTIVE
"Ahmad Hussein","CASHIER","Seremban 88 Speedmart",2024,2024-12,"December",16,545.87,34.12,ACTIVE
"Ahmad Hussein","CASHIER","Seremban 88 Speedmart",2025,2025-01,"January",17,581.65,34.21,ACTIVE
"Ahmad Hussein","CASHIER","Seremban 88 Speedmart",2025,2025-02,"February",10,396.61,39.66,ACTIVE
"Ahmad Hussein","CASHIER","Seremban 88 Speedmart",2025,2025-03,"March",10,329.64,32.96,ACTIVE
"Ahmad Hussein","CASHIER","Seremban 88 Speedmart",2025,2025-04,"April",5,181.54,36.31,ACTIVE
"Ahmad Hussein","CASHIER","Seremban 88 Speedmart",2025,2025-05,"May",6,187.24,31.21,ACTIVE
"Ahmad Hussein","CASHIER","Seremban 88 Speedmart",2025,2025-06,"June",11,318.29,28.94,ACTIVE
"Ahmad Hussein","CASHIER","Seremban 88 Speedmart",2025,2025-07,"July",12,571.92,47.66,ACTIVE
"Ahmad Hussein","CASHIER","Seremban 88 Speedmart",2025,2025-08,"August",7,290.55,41.51,ACTIVE
"Ahmad Hussein","CASHIER","Seremban 88 Speedmart",2025,2025-09,"September",5,136.93,27.39,ACTIVE
"Ahmad Hussein","CASHIER","Seremban 88 Speedmart",2025,2025-10,"October",4,102.94,25.74,ACTIVE
"Ahmad Hussein","CASHIER","Seremban 88 Speedmart",2025,2025-11,"November",6,237.87,39.65,ACTIVE
"Ahmad Hussein","CASHIER","Seremban 88 Speedmart",2025,2025-12,"December",16,733.35,45.83,ACTIVE
"Ahmad Hussein","CASHIER","Seremban 88 Speedmart",2026,2026-01,"January",20,627.35,31.37,ACTIVE
"Ahmad Hussein","CASHIER","Seremban 88 Speedmart",2026,2026-02,"February",16,485.58,30.35,ACTIVE
"Ahmad Hussein","CASHIER","Seremban 88 Speedmart",2026,2026-03,"March",7,380.25,54.32,ACTIVE
"Ahmad Hussein","CASHIER","Seremban 88 Speedmart",2026,2026-04,"April",10,618.09,61.81,ACTIVE
"Ahmad Hussein","CASHIER","Seremban 88 Speedmart",2026,2026-05,"May",7,266.54,38.08,ACTIVE
"Ahmad Hussein","CASHIER","Seremban 88 Speedmart",2026,2026-06,"June",13,484.57,37.27,ACTIVE
"Ahmad Othman","CASHIER","Kuching 88 Speedmart",2023,2023-06,"June",1,2.8,2.8,RESIGNED
"Ahmad Othman","CASHIER","Kuching 88 Speedmart",2023,2023-07,"July",8,352.89,44.11,RESIGNED
"Ahmad Othman","CASHIER","Kuching 88 Speedmart",2023,2023-08,"August",2,93.93,46.97,RESIGNED
"Ahmad Othman","CASHIER","Kuching 88 Speedmart",2023,2023-09,"September",3,140.47,46.82,RESIGNED
"Ahmad Othman","CASHIER","Kuching 88 Speedmart",2023,2023-10,"October",13,340.2,26.17,RESIGNED
"Ahmad Othman","CASHIER","Kuching 88 Speedmart",2023,2023-11,"November",10,625.39,62.54,RESIGNED
"Ahmad Othman","CASHIER","Kuching 88 Speedmart",2023,2023-12,"December",18,705.21,39.18,RESIGNED
"Ahmad Othman","CASHIER","Kuching 88 Speedmart",2024,2024-01,"January",12,240.58,20.05,RESIGNED
"Ahmad Othman","CASHIER","Kuching 88 Speedmart",2024,2024-02,"February",9,506.4,56.27,RESIGNED
"Ahmad Othman","CASHIER","Kuching 88 Speedmart",2024,2024-03,"March",8,195.97,24.5,RESIGNED
"Ahmad Othman","CASHIER","Kuching 88 Speedmart",2024,2024-04,"April",7,305.86,43.69,RESIGNED
"Ahmad Othman","CASHIER","Kuching 88 Speedmart",2024,2024-05,"May",11,479.92,43.63,RESIGNED
"Ahmad Othman","CASHIER","Kuching 88 Speedmart",2024,2024-06,"June",7,260.74,37.25,RESIGNED
"Ahmad Othman","CASHIER","Kuching 88 Speedmart",2024,2024-07,"July",7,688.08,98.3,RESIGNED
"Ahmad Othman","CASHIER","Kuching 88 Speedmart",2024,2024-08,"August",6,153.36,25.56,RESIGNED
"Ahmad Othman","CASHIER","Kuching 88 Speedmart",2024,2024-09,"September",6,193.79,32.3,RESIGNED
"Ahmad Othman","CASHIER","Kuching 88 Speedmart",2024,2024-10,"October",7,346.03,49.43,RESIGNED
"Ahmad Othman","CASHIER","Kuching 88 Speedmart",2024,2024-11,"November",8,345.33,43.17,RESIGNED
"Ahmad Othman","CASHIER","Kuching 88 Speedmart",2024,2024-12,"December",18,556.7,30.93,RESIGNED
"Ahmad Othman","CASHIER","Kuching 88 Speedmart",2025,2025-01,"January",15,496.65,33.11,RESIGNED
"Ahmad Othman","CASHIER","Kuching 88 Speedmart",2025,2025-02,"February",5,219.16,43.83,RESIGNED
"Ahmad Othman","CASHIER","Kuching 88 Speedmart",2025,2025-03,"March",13,660.47,50.81,RESIGNED
"Ahmad Othman","CASHIER","Kuching 88 Speedmart",2025,2025-04,"April",11,356.08,32.37,RESIGNED
"Ahmad Othman","CASHIER","Kuching 88 Speedmart",2025,2025-05,"May",7,437.32,62.47,RESIGNED
"Ahmad Othman","CASHIER","Kuching 88 Speedmart",2025,2025-06,"June",10,219.83,21.98,RESIGNED
"Ahmad Othman","CASHIER","Kuching 88 Speedmart",2025,2025-07,"July",10,354.84,35.48,RESIGNED
"Ahmad Othman","CASHIER","Kuching 88 Speedmart",2025,2025-08,"August",4,95.44,23.86,RESIGNED
"Ahmad Razak","MANAGER","Cheras 88 Speedmart",2020,2020-04,"April",23,922.29,40.1,ACTIVE
"Ahmad Razak","MANAGER","Cheras 88 Speedmart",2020,2020-05,"May",44,1223.94,27.82,ACTIVE
"Ahmad Razak","MANAGER","Cheras 88 Speedmart",2020,2020-06,"June",45,1354.12,30.09,ACTIVE
"Ahmad Razak","MANAGER","Cheras 88 Speedmart",2020,2020-07,"July",38,1406.85,37.02,ACTIVE
"Ahmad Razak","MANAGER","Cheras 88 Speedmart",2020,2020-08,"August",20,829.71,41.49,ACTIVE
"Ahmad Razak","MANAGER","Cheras 88 Speedmart",2020,2020-09,"September",12,297.29,24.77,ACTIVE
"Ahmad Razak","MANAGER","Cheras 88 Speedmart",2020,2020-10,"October",14,823.57,58.83,ACTIVE
"Ahmad Razak","MANAGER","Cheras 88 Speedmart",2020,2020-11,"November",24,707.42,29.48,ACTIVE
"Ahmad Razak","MANAGER","Cheras 88 Speedmart",2020,2020-12,"December",26,1109.16,42.66,ACTIVE
"Ahmad Razak","MANAGER","Cheras 88 Speedmart",2021,2021-01,"January",15,529.2,35.28,ACTIVE
"Ahmad Razak","MANAGER","Cheras 88 Speedmart",2021,2021-02,"February",13,499.6,38.43,ACTIVE
"Ahmad Razak","MANAGER","Cheras 88 Speedmart",2021,2021-03,"March",19,718.94,37.84,ACTIVE
"Ahmad Razak","MANAGER","Cheras 88 Speedmart",2021,2021-04,"April",12,628.1,52.34,ACTIVE
"Ahmad Razak","MANAGER","Cheras 88 Speedmart",2021,2021-05,"May",8,234.66,29.33,ACTIVE
"Ahmad Razak","MANAGER","Cheras 88 Speedmart",2021,2021-06,"June",23,1071.08,46.57,ACTIVE
"Ahmad Razak","MANAGER","Cheras 88 Speedmart",2021,2021-07,"July",5,71.22,14.24,ACTIVE
"Ahmad Razak","MANAGER","Cheras 88 Speedmart",2021,2021-08,"August",7,130.46,18.64,ACTIVE
"Ahmad Razak","MANAGER","Cheras 88 Speedmart",2021,2021-09,"September",10,364.62,36.46,ACTIVE
"Ahmad Razak","MANAGER","Cheras 88 Speedmart",2021,2021-10,"October",10,530.7,53.07,ACTIVE
"Ahmad Razak","MANAGER","Cheras 88 Speedmart",2021,2021-11,"November",15,517.84,34.52,ACTIVE
"Ahmad Razak","MANAGER","Cheras 88 Speedmart",2021,2021-12,"December",17,434.18,25.54,ACTIVE
"Ahmad Razak","MANAGER","Cheras 88 Speedmart",2022,2022-01,"January",9,241.7,26.86,ACTIVE
"Ahmad Razak","MANAGER","Cheras 88 Speedmart",2022,2022-02,"February",5,204.62,40.92,ACTIVE
"Ahmad Razak","MANAGER","Cheras 88 Speedmart",2022,2022-03,"March",3,136.73,45.58,ACTIVE
"Ahmad Razak","MANAGER","Cheras 88 Speedmart",2022,2022-04,"April",9,250.9,27.88,ACTIVE
"Ahmad Razak","MANAGER","Cheras 88 Speedmart",2022,2022-05,"May",9,266.17,29.57,ACTIVE
"Ahmad Razak","MANAGER","Cheras 88 Speedmart",2022,2022-06,"June",8,166.71,20.84,ACTIVE
"Ahmad Razak","MANAGER","Cheras 88 Speedmart",2022,2022-07,"July",6,410.84,68.47,ACTIVE
"Ahmad Razak","MANAGER","Cheras 88 Speedmart",2022,2022-08,"August",8,302.03,37.75,ACTIVE
"Ahmad Razak","MANAGER","Cheras 88 Speedmart",2022,2022-09,"September",6,117.76,19.63,ACTIVE
"Ahmad Razak","MANAGER","Cheras 88 Speedmart",2022,2022-10,"October",8,291.3,36.41,ACTIVE
"Ahmad Razak","MANAGER","Cheras 88 Speedmart",2022,2022-11,"November",10,238.52,23.85,ACTIVE
"Ahmad Razak","MANAGER","Cheras 88 Speedmart",2022,2022-12,"December",8,391.75,48.97,ACTIVE
"Ahmad Razak","MANAGER","Cheras 88 Speedmart",2023,2023-01,"January",3,43.74,14.58,ACTIVE
"Ahmad Razak","MANAGER","Cheras 88 Speedmart",2023,2023-02,"February",9,172.88,19.21,ACTIVE
"Ahmad Razak","MANAGER","Cheras 88 Speedmart",2023,2023-03,"March",6,156.51,26.09,ACTIVE
"Ahmad Razak","MANAGER","Cheras 88 Speedmart",2023,2023-04,"April",5,270.48,54.1,ACTIVE
"Ahmad Razak","MANAGER","Cheras 88 Speedmart",2023,2023-05,"May",6,256.93,42.82,ACTIVE
"Ahmad Razak","MANAGER","Cheras 88 Speedmart",2023,2023-06,"June",12,504.97,42.08,ACTIVE
"Ahmad Razak","MANAGER","Cheras 88 Speedmart",2023,2023-07,"July",8,280.58,35.07,ACTIVE
"Ahmad Razak","MANAGER","Cheras 88 Speedmart",2023,2023-08,"August",6,223.31,37.22,ACTIVE
"Ahmad Razak","MANAGER","Cheras 88 Speedmart",2023,2023-09,"September",5,218.04,43.61,ACTIVE
"Ahmad Razak","MANAGER","Cheras 88 Speedmart",2023,2023-10,"October",6,183.56,30.59,ACTIVE
"Ahmad Razak","MANAGER","Cheras 88 Speedmart",2023,2023-11,"November",12,502.35,41.86,ACTIVE
"Ahmad Razak","MANAGER","Cheras 88 Speedmart",2023,2023-12,"December",16,520.47,32.53,ACTIVE
"Ahmad Razak","MANAGER","Cheras 88 Speedmart",2024,2024-01,"January",5,283.72,56.74,ACTIVE
"Ahmad Razak","MANAGER","Cheras 88 Speedmart",2024,2024-02,"February",12,346.81,28.9,ACTIVE
"Ahmad Razak","MANAGER","Cheras 88 Speedmart",2024,2024-03,"March",4,201.01,50.25,ACTIVE
"Ahmad Razak","MANAGER","Cheras 88 Speedmart",2024,2024-04,"April",10,321.51,32.15,ACTIVE
"Ahmad Razak","MANAGER","Cheras 88 Speedmart",2024,2024-05,"May",5,175.74,35.15,ACTIVE
"Ahmad Razak","MANAGER","Cheras 88 Speedmart",2024,2024-06,"June",5,134.42,26.88,ACTIVE
"Ahmad Razak","MANAGER","Cheras 88 Speedmart",2024,2024-07,"July",7,257.65,36.81,ACTIVE
"Ahmad Razak","MANAGER","Cheras 88 Speedmart",2024,2024-08,"August",8,190.16,23.77,ACTIVE
"Ahmad Razak","MANAGER","Cheras 88 Speedmart",2024,2024-09,"September",10,300.55,30.06,ACTIVE
"Ahmad Razak","MANAGER","Cheras 88 Speedmart",2024,2024-10,"October",9,369.45,41.05,ACTIVE
"Ahmad Razak","MANAGER","Cheras 88 Speedmart",2024,2024-11,"November",4,186.1,46.53,ACTIVE
"Ahmad Razak","MANAGER","Cheras 88 Speedmart",2024,2024-12,"December",6,176.26,29.38,ACTIVE
"Ahmad Razak","MANAGER","Cheras 88 Speedmart",2025,2025-01,"January",10,385.83,38.58,ACTIVE
"Ahmad Razak","MANAGER","Cheras 88 Speedmart",2025,2025-02,"February",5,77.98,15.6,ACTIVE
"Ahmad Razak","MANAGER","Cheras 88 Speedmart",2025,2025-03,"March",8,276.56,34.57,ACTIVE
"Ahmad Razak","MANAGER","Cheras 88 Speedmart",2025,2025-04,"April",6,179.82,29.97,ACTIVE
"Ahmad Razak","MANAGER","Cheras 88 Speedmart",2025,2025-05,"May",10,567.88,56.79,ACTIVE
"Ahmad Razak","MANAGER","Cheras 88 Speedmart",2025,2025-06,"June",10,239.52,23.95,ACTIVE
"Ahmad Razak","MANAGER","Cheras 88 Speedmart",2025,2025-07,"July",8,336.83,42.1,ACTIVE
"Ahmad Razak","MANAGER","Cheras 88 Speedmart",2025,2025-08,"August",6,255.73,42.62,ACTIVE
"Ahmad Razak","MANAGER","Cheras 88 Speedmart",2025,2025-09,"September",5,242.34,48.47,ACTIVE
"Ahmad Razak","MANAGER","Cheras 88 Speedmart",2025,2025-10,"October",10,442.42,44.24,ACTIVE
"Ahmad Razak","MANAGER","Cheras 88 Speedmart",2025,2025-11,"November",5,298.31,59.66,ACTIVE
"Ahmad Razak","MANAGER","Cheras 88 Speedmart",2025,2025-12,"December",16,451.96,28.25,ACTIVE
"Ahmad Razak","MANAGER","Cheras 88 Speedmart",2026,2026-01,"January",6,153.96,25.66,ACTIVE
"Ahmad Razak","MANAGER","Cheras 88 Speedmart",2026,2026-02,"February",8,324.14,40.52,ACTIVE
"Ahmad Razak","MANAGER","Cheras 88 Speedmart",2026,2026-03,"March",11,269.85,24.53,ACTIVE
"Ahmad Razak","MANAGER","Cheras 88 Speedmart",2026,2026-04,"April",8,244.06,30.51,ACTIVE
"Ahmad Razak","MANAGER","Cheras 88 Speedmart",2026,2026-05,"May",7,224.33,32.05,ACTIVE
"Ahmad Razak","MANAGER","Cheras 88 Speedmart",2026,2026-06,"June",19,831.02,43.74,ACTIVE
"Ali Ali","MANAGER","Klang 88 Speedmart",2021,2021-01,"January",15,509.94,34,ACTIVE
"Ali Ali","MANAGER","Klang 88 Speedmart",2021,2021-02,"February",16,521.82,32.61,ACTIVE
"Ali Ali","MANAGER","Klang 88 Speedmart",2021,2021-03,"March",5,355.19,71.04,ACTIVE
"Ali Ali","MANAGER","Klang 88 Speedmart",2021,2021-04,"April",7,219.09,31.3,ACTIVE
"Ali Ali","MANAGER","Klang 88 Speedmart",2021,2021-05,"May",16,534.61,33.41,ACTIVE
"Ali Ali","MANAGER","Klang 88 Speedmart",2021,2021-06,"June",8,228.02,28.5,ACTIVE
"Ali Ali","MANAGER","Klang 88 Speedmart",2021,2021-07,"July",10,654.86,65.49,ACTIVE
"Ali Ali","MANAGER","Klang 88 Speedmart",2021,2021-08,"August",10,453.58,45.36,ACTIVE
"Ali Ali","MANAGER","Klang 88 Speedmart",2021,2021-09,"September",4,149.9,37.48,ACTIVE
"Ali Ali","MANAGER","Klang 88 Speedmart",2021,2021-10,"October",6,164.33,27.39,ACTIVE
"Ali Ali","MANAGER","Klang 88 Speedmart",2021,2021-11,"November",8,331.75,41.47,ACTIVE
"Ali Ali","MANAGER","Klang 88 Speedmart",2021,2021-12,"December",21,670.53,31.93,ACTIVE
"Ali Ali","MANAGER","Klang 88 Speedmart",2022,2022-01,"January",7,275.98,39.43,ACTIVE
"Ali Ali","MANAGER","Klang 88 Speedmart",2022,2022-02,"February",10,242.73,24.27,ACTIVE
"Ali Ali","MANAGER","Klang 88 Speedmart",2022,2022-03,"March",8,558.12,69.77,ACTIVE
"Ali Ali","MANAGER","Klang 88 Speedmart",2022,2022-04,"April",5,142.21,28.44,ACTIVE
"Ali Ali","MANAGER","Klang 88 Speedmart",2022,2022-05,"May",11,393.68,35.79,ACTIVE
"Ali Ali","MANAGER","Klang 88 Speedmart",2022,2022-06,"June",6,238.58,39.76,ACTIVE
"Ali Ali","MANAGER","Klang 88 Speedmart",2022,2022-07,"July",10,325.05,32.51,ACTIVE
"Ali Ali","MANAGER","Klang 88 Speedmart",2022,2022-08,"August",3,115.48,38.49,ACTIVE
"Ali Ali","MANAGER","Klang 88 Speedmart",2022,2022-09,"September",9,362.38,40.26,ACTIVE
"Ali Ali","MANAGER","Klang 88 Speedmart",2022,2022-10,"October",6,162.74,27.12,ACTIVE
"Ali Ali","MANAGER","Klang 88 Speedmart",2022,2022-11,"November",9,397.94,44.22,ACTIVE
"Ali Ali","MANAGER","Klang 88 Speedmart",2022,2022-12,"December",13,453.67,34.9,ACTIVE
"Ali Ali","MANAGER","Klang 88 Speedmart",2023,2023-01,"January",12,299.72,24.98,ACTIVE
"Ali Ali","MANAGER","Klang 88 Speedmart",2023,2023-02,"February",7,144.22,20.6,ACTIVE
"Ali Ali","MANAGER","Klang 88 Speedmart",2023,2023-03,"March",14,428.68,30.62,ACTIVE
"Ali Ali","MANAGER","Klang 88 Speedmart",2023,2023-04,"April",6,177.59,29.6,ACTIVE
"Ali Ali","MANAGER","Klang 88 Speedmart",2023,2023-05,"May",6,191.43,31.91,ACTIVE
"Ali Ali","MANAGER","Klang 88 Speedmart",2023,2023-06,"June",7,254.56,36.37,ACTIVE
"Ali Ali","MANAGER","Klang 88 Speedmart",2023,2023-07,"July",7,291.88,41.7,ACTIVE
"Ali Ali","MANAGER","Klang 88 Speedmart",2023,2023-08,"August",4,109.5,27.38,ACTIVE
"Ali Ali","MANAGER","Klang 88 Speedmart",2023,2023-09,"September",5,262.99,52.6,ACTIVE
"Ali Ali","MANAGER","Klang 88 Speedmart",2023,2023-10,"October",3,188.65,62.88,ACTIVE
"Ali Ali","MANAGER","Klang 88 Speedmart",2023,2023-11,"November",7,262.3,37.47,ACTIVE
"Ali Ali","MANAGER","Klang 88 Speedmart",2023,2023-12,"December",13,371.6,28.58,ACTIVE
"Ali Ali","MANAGER","Klang 88 Speedmart",2024,2024-01,"January",8,399.24,49.91,ACTIVE
"Ali Ali","MANAGER","Klang 88 Speedmart",2024,2024-02,"February",10,702.72,70.27,ACTIVE
"Ali Ali","MANAGER","Klang 88 Speedmart",2024,2024-03,"March",10,377.67,37.77,ACTIVE
"Ali Ali","MANAGER","Klang 88 Speedmart",2024,2024-04,"April",8,214.24,26.78,ACTIVE
"Ali Ali","MANAGER","Klang 88 Speedmart",2024,2024-05,"May",11,518.72,47.16,ACTIVE
"Ali Ali","MANAGER","Klang 88 Speedmart",2024,2024-06,"June",10,243.49,24.35,ACTIVE
"Ali Ali","MANAGER","Klang 88 Speedmart",2024,2024-07,"July",10,185.28,18.53,ACTIVE
"Ali Ali","MANAGER","Klang 88 Speedmart",2024,2024-08,"August",3,115.24,38.41,ACTIVE
"Ali Ali","MANAGER","Klang 88 Speedmart",2024,2024-09,"September",11,413.98,37.63,ACTIVE
"Ali Ali","MANAGER","Klang 88 Speedmart",2024,2024-10,"October",4,196.04,49.01,ACTIVE
"Ali Ali","MANAGER","Klang 88 Speedmart",2024,2024-11,"November",6,377.47,62.91,ACTIVE
"Ali Ali","MANAGER","Klang 88 Speedmart",2024,2024-12,"December",16,585.29,36.58,ACTIVE
"Ali Ali","MANAGER","Klang 88 Speedmart",2025,2025-01,"January",10,403.68,40.37,ACTIVE
"Ali Ali","MANAGER","Klang 88 Speedmart",2025,2025-02,"February",8,233.32,29.17,ACTIVE
"Ali Ali","MANAGER","Klang 88 Speedmart",2025,2025-03,"March",10,351.93,35.19,ACTIVE
"Ali Ali","MANAGER","Klang 88 Speedmart",2025,2025-04,"April",8,374.27,46.78,ACTIVE
"Ali Ali","MANAGER","Klang 88 Speedmart",2025,2025-05,"May",14,777.36,55.53,ACTIVE
"Ali Ali","MANAGER","Klang 88 Speedmart",2025,2025-06,"June",14,462.53,33.04,ACTIVE
"Ali Ali","MANAGER","Klang 88 Speedmart",2025,2025-07,"July",9,636.88,70.76,ACTIVE
"Ali Ali","MANAGER","Klang 88 Speedmart",2025,2025-08,"August",13,487.6,37.51,ACTIVE
"Ali Ali","MANAGER","Klang 88 Speedmart",2025,2025-09,"September",8,341.96,42.75,ACTIVE
"Ali Ali","MANAGER","Klang 88 Speedmart",2025,2025-10,"October",13,407.14,31.32,ACTIVE
"Ali Ali","MANAGER","Klang 88 Speedmart",2025,2025-11,"November",20,537.95,26.9,ACTIVE
"Ali Ali","MANAGER","Klang 88 Speedmart",2025,2025-12,"December",25,1005.45,40.22,ACTIVE
"Ali Ali","MANAGER","Klang 88 Speedmart",2026,2026-01,"January",10,281.46,28.15,ACTIVE
"Ali Ali","MANAGER","Klang 88 Speedmart",2026,2026-02,"February",19,925.28,48.7,ACTIVE
"Ali Ali","MANAGER","Klang 88 Speedmart",2026,2026-03,"March",15,744.55,49.64,ACTIVE
"Ali Ali","MANAGER","Klang 88 Speedmart",2026,2026-04,"April",11,273.11,24.83,ACTIVE
"Ali Ali","MANAGER","Klang 88 Speedmart",2026,2026-05,"May",16,927.48,57.97,ACTIVE
"Ali Ali","MANAGER","Klang 88 Speedmart",2026,2026-06,"June",26,1185.51,45.6,ACTIVE
"Ali Hassan","CASHIER","George Town 88 Speedmart",2021,2021-10,"October",9,687.61,76.4,ACTIVE
"Ali Hassan","CASHIER","George Town 88 Speedmart",2021,2021-11,"November",14,601.6,42.97,ACTIVE
"Ali Hassan","CASHIER","George Town 88 Speedmart",2021,2021-12,"December",26,947.79,36.45,ACTIVE
"Ali Hassan","CASHIER","George Town 88 Speedmart",2022,2022-01,"January",11,298.24,27.11,ACTIVE
"Ali Hassan","CASHIER","George Town 88 Speedmart",2022,2022-02,"February",7,244.49,34.93,ACTIVE
"Ali Hassan","CASHIER","George Town 88 Speedmart",2022,2022-03,"March",5,51.28,10.26,ACTIVE
"Ali Hassan","CASHIER","George Town 88 Speedmart",2022,2022-04,"April",8,388.33,48.54,ACTIVE
"Ali Hassan","CASHIER","George Town 88 Speedmart",2022,2022-05,"May",9,222.03,24.67,ACTIVE
"Ali Hassan","CASHIER","George Town 88 Speedmart",2022,2022-06,"June",7,189.66,27.09,ACTIVE
"Ali Hassan","CASHIER","George Town 88 Speedmart",2022,2022-07,"July",9,204.4,22.71,ACTIVE
"Ali Hassan","CASHIER","George Town 88 Speedmart",2022,2022-08,"August",7,162.79,23.26,ACTIVE
"Ali Hassan","CASHIER","George Town 88 Speedmart",2022,2022-09,"September",7,155.16,22.17,ACTIVE
"Ali Hassan","CASHIER","George Town 88 Speedmart",2022,2022-10,"October",9,336.29,37.37,ACTIVE
"Ali Hassan","CASHIER","George Town 88 Speedmart",2022,2022-11,"November",11,417.72,37.97,ACTIVE
"Ali Hassan","CASHIER","George Town 88 Speedmart",2022,2022-12,"December",16,623.25,38.95,ACTIVE
"Ali Hassan","CASHIER","George Town 88 Speedmart",2023,2023-01,"January",6,295.78,49.3,ACTIVE
"Ali Hassan","CASHIER","George Town 88 Speedmart",2023,2023-02,"February",4,329.55,82.39,ACTIVE
"Ali Hassan","CASHIER","George Town 88 Speedmart",2023,2023-03,"March",6,457.16,76.19,ACTIVE
"Ali Hassan","CASHIER","George Town 88 Speedmart",2023,2023-04,"April",7,67.57,9.65,ACTIVE
"Ali Hassan","CASHIER","George Town 88 Speedmart",2023,2023-05,"May",4,146.72,36.68,ACTIVE
"Ali Hassan","CASHIER","George Town 88 Speedmart",2023,2023-06,"June",7,304.43,43.49,ACTIVE
"Ali Hassan","CASHIER","George Town 88 Speedmart",2023,2023-07,"July",7,167.03,23.86,ACTIVE
"Ali Hassan","CASHIER","George Town 88 Speedmart",2023,2023-08,"August",6,374.38,62.4,ACTIVE
"Ali Hassan","CASHIER","George Town 88 Speedmart",2023,2023-09,"September",5,91.07,18.21,ACTIVE
"Ali Hassan","CASHIER","George Town 88 Speedmart",2023,2023-10,"October",4,477.85,119.46,ACTIVE
"Ali Hassan","CASHIER","George Town 88 Speedmart",2023,2023-11,"November",9,291.41,32.38,ACTIVE
"Ali Hassan","CASHIER","George Town 88 Speedmart",2023,2023-12,"December",17,666.51,39.21,ACTIVE
"Ali Hassan","CASHIER","George Town 88 Speedmart",2024,2024-01,"January",7,147.18,21.03,ACTIVE
"Ali Hassan","CASHIER","George Town 88 Speedmart",2024,2024-02,"February",7,412.91,58.99,ACTIVE
"Ali Hassan","CASHIER","George Town 88 Speedmart",2024,2024-03,"March",7,230.29,32.9,ACTIVE
"Ali Hassan","CASHIER","George Town 88 Speedmart",2024,2024-04,"April",3,109.32,36.44,ACTIVE
"Ali Hassan","CASHIER","George Town 88 Speedmart",2024,2024-05,"May",6,411.45,68.58,ACTIVE
"Ali Hassan","CASHIER","George Town 88 Speedmart",2024,2024-06,"June",8,212.89,26.61,ACTIVE
"Ali Hassan","CASHIER","George Town 88 Speedmart",2024,2024-07,"July",7,245.5,35.07,ACTIVE
"Ali Hassan","CASHIER","George Town 88 Speedmart",2024,2024-08,"August",8,237.09,29.64,ACTIVE
"Ali Hassan","CASHIER","George Town 88 Speedmart",2024,2024-09,"September",6,222.15,37.03,ACTIVE
"Ali Hassan","CASHIER","George Town 88 Speedmart",2024,2024-10,"October",6,167.01,27.84,ACTIVE
"Ali Hassan","CASHIER","George Town 88 Speedmart",2024,2024-11,"November",7,243.43,34.78,ACTIVE
"Ali Hassan","CASHIER","George Town 88 Speedmart",2024,2024-12,"December",11,418.48,38.04,ACTIVE
"Ali Hassan","CASHIER","George Town 88 Speedmart",2025,2025-01,"January",8,377.06,47.13,ACTIVE
"Ali Hassan","CASHIER","George Town 88 Speedmart",2025,2025-02,"February",9,374.46,41.61,ACTIVE
"Ali Hassan","CASHIER","George Town 88 Speedmart",2025,2025-03,"March",9,252.21,28.02,ACTIVE
"Ali Hassan","CASHIER","George Town 88 Speedmart",2025,2025-04,"April",4,72.35,18.09,ACTIVE
"Ali Hassan","CASHIER","George Town 88 Speedmart",2025,2025-05,"May",7,320.75,45.82,ACTIVE
"Ali Hassan","CASHIER","George Town 88 Speedmart",2025,2025-06,"June",6,212.13,35.36,ACTIVE
"Ali Hassan","CASHIER","George Town 88 Speedmart",2025,2025-07,"July",13,527.47,40.57,ACTIVE
"Ali Hassan","CASHIER","George Town 88 Speedmart",2025,2025-08,"August",12,493.43,41.12,ACTIVE
"Ali Hassan","CASHIER","George Town 88 Speedmart",2025,2025-09,"September",6,313.94,52.32,ACTIVE
"Ali Hassan","CASHIER","George Town 88 Speedmart",2025,2025-10,"October",12,578.91,48.24,ACTIVE
"Ali Hassan","CASHIER","George Town 88 Speedmart",2025,2025-11,"November",20,593.76,29.69,ACTIVE
"Ali Hassan","CASHIER","George Town 88 Speedmart",2025,2025-12,"December",25,848.07,33.92,ACTIVE
"Ali Hassan","CASHIER","George Town 88 Speedmart",2026,2026-01,"January",8,417.79,52.22,ACTIVE
"Ali Hassan","CASHIER","George Town 88 Speedmart",2026,2026-02,"February",19,685.6,36.08,ACTIVE
"Ali Hassan","CASHIER","George Town 88 Speedmart",2026,2026-03,"March",18,597.38,33.19,ACTIVE
"Ali Hassan","CASHIER","George Town 88 Speedmart",2026,2026-04,"April",13,359.38,27.64,ACTIVE
"Ali Hassan","CASHIER","George Town 88 Speedmart",2026,2026-05,"May",10,331.6,33.16,ACTIVE
"Ali Hassan","CASHIER","George Town 88 Speedmart",2026,2026-06,"June",20,606.12,30.31,ACTIVE
"Ali Othman","CASHIER","George Town 88 Speedmart",2021,2021-10,"October",9,471.57,52.4,RESIGNED
"Ali Othman","CASHIER","George Town 88 Speedmart",2021,2021-11,"November",10,404.39,40.44,RESIGNED
"Ali Othman","CASHIER","George Town 88 Speedmart",2021,2021-12,"December",15,764.55,50.97,RESIGNED
"Ali Othman","CASHIER","George Town 88 Speedmart",2022,2022-01,"January",6,245.05,40.84,RESIGNED
"Ali Othman","CASHIER","George Town 88 Speedmart",2022,2022-02,"February",6,253.27,42.21,RESIGNED
"Ali Othman","CASHIER","George Town 88 Speedmart",2022,2022-03,"March",5,342,68.4,RESIGNED
"Ali Othman","CASHIER","George Town 88 Speedmart",2022,2022-04,"April",4,162.17,40.54,RESIGNED
"Ali Othman","CASHIER","George Town 88 Speedmart",2022,2022-05,"May",16,426.38,26.65,RESIGNED
"Ali Othman","CASHIER","George Town 88 Speedmart",2022,2022-06,"June",10,415.46,41.55,RESIGNED
"Ali Othman","CASHIER","George Town 88 Speedmart",2022,2022-07,"July",10,368.17,36.82,RESIGNED
"Ali Othman","CASHIER","George Town 88 Speedmart",2022,2022-08,"August",10,530.7,53.07,RESIGNED
"Ali Othman","CASHIER","George Town 88 Speedmart",2022,2022-09,"September",6,281.43,46.91,RESIGNED
"Ali Othman","CASHIER","George Town 88 Speedmart",2022,2022-10,"October",5,155.3,31.06,RESIGNED
"Ali Othman","CASHIER","George Town 88 Speedmart",2022,2022-11,"November",9,291.57,32.4,RESIGNED
"Ali Othman","CASHIER","George Town 88 Speedmart",2022,2022-12,"December",17,920.14,54.13,RESIGNED
"Ali Othman","CASHIER","George Town 88 Speedmart",2023,2023-01,"January",13,508.91,39.15,RESIGNED
"Ali Othman","CASHIER","George Town 88 Speedmart",2023,2023-02,"February",4,87.45,21.86,RESIGNED
"Ali Othman","CASHIER","George Town 88 Speedmart",2023,2023-03,"March",5,215.08,43.02,RESIGNED
"Ali Othman","CASHIER","George Town 88 Speedmart",2023,2023-04,"April",1,35.16,35.16,RESIGNED
"Ali Othman","CASHIER","George Town 88 Speedmart",2023,2023-05,"May",5,133.04,26.61,RESIGNED
"Ali Othman","CASHIER","George Town 88 Speedmart",2023,2023-06,"June",5,104.08,20.82,RESIGNED
"Ali Othman","CASHIER","George Town 88 Speedmart",2023,2023-07,"July",2,45.72,22.86,RESIGNED
"Ali Othman","CASHIER","George Town 88 Speedmart",2023,2023-08,"August",2,69.48,34.74,RESIGNED
"Ali Othman","CASHIER","George Town 88 Speedmart",2023,2023-09,"September",4,185.15,46.29,RESIGNED
"Ali Othman","CASHIER","George Town 88 Speedmart",2023,2023-10,"October",5,197.53,39.51,RESIGNED
"Ali Othman","CASHIER","George Town 88 Speedmart",2023,2023-11,"November",10,291.8,29.18,RESIGNED
"Ali Othman","CASHIER","George Town 88 Speedmart",2023,2023-12,"December",14,635.87,45.42,RESIGNED
"Ali Othman","CASHIER","George Town 88 Speedmart",2024,2024-01,"January",8,409.48,51.19,RESIGNED
"Ali Othman","CASHIER","George Town 88 Speedmart",2024,2024-02,"February",11,599.12,54.47,RESIGNED
"Ali Othman","CASHIER","George Town 88 Speedmart",2024,2024-03,"March",2,62.24,31.12,RESIGNED
"Ali Othman","CASHIER","George Town 88 Speedmart",2024,2024-04,"April",10,398.99,39.9,RESIGNED
"Ali Othman","CASHIER","George Town 88 Speedmart",2024,2024-05,"May",1,2.87,2.87,RESIGNED
"Ali Othman","CASHIER","George Town 88 Speedmart",2024,2024-06,"June",11,289.17,26.29,RESIGNED
"Ali Othman","CASHIER","George Town 88 Speedmart",2024,2024-07,"July",10,381.94,38.19,RESIGNED
"Ali Othman","CASHIER","George Town 88 Speedmart",2024,2024-08,"August",7,185.9,26.56,RESIGNED
"Ali Othman","CASHIER","George Town 88 Speedmart",2024,2024-09,"September",5,147.89,29.58,RESIGNED
"Ali Othman","CASHIER","George Town 88 Speedmart",2024,2024-10,"October",7,221.99,31.71,RESIGNED
"Ali Othman","CASHIER","George Town 88 Speedmart",2024,2024-11,"November",7,196.95,28.14,RESIGNED
"Ali Othman","CASHIER","George Town 88 Speedmart",2024,2024-12,"December",21,784.39,37.35,RESIGNED
"Ali Othman","CASHIER","George Town 88 Speedmart",2025,2025-01,"January",14,301.07,21.51,RESIGNED
"Ali Othman","CASHIER","George Town 88 Speedmart",2025,2025-02,"February",6,244.54,40.76,RESIGNED
"Ali Othman","CASHIER","George Town 88 Speedmart",2025,2025-03,"March",10,418.97,41.9,RESIGNED
"Ali Othman","CASHIER","George Town 88 Speedmart",2025,2025-04,"April",6,106.45,17.74,RESIGNED
"Ali Othman","CASHIER","George Town 88 Speedmart",2025,2025-05,"May",4,45.18,11.3,RESIGNED
"Ali Othman","CASHIER","George Town 88 Speedmart",2025,2025-06,"June",8,313.93,39.24,RESIGNED
"Ali Yusof","MANAGER","Petaling Jaya 88 Speedmart",2020,2020-07,"July",21,705.66,33.6,ACTIVE
"Ali Yusof","MANAGER","Petaling Jaya 88 Speedmart",2020,2020-08,"August",20,950.5,47.53,ACTIVE
"Ali Yusof","MANAGER","Petaling Jaya 88 Speedmart",2020,2020-09,"September",20,886.75,44.34,ACTIVE
"Ali Yusof","MANAGER","Petaling Jaya 88 Speedmart",2020,2020-10,"October",13,903.4,69.49,ACTIVE
"Ali Yusof","MANAGER","Petaling Jaya 88 Speedmart",2020,2020-11,"November",20,495.44,24.77,ACTIVE
"Ali Yusof","MANAGER","Petaling Jaya 88 Speedmart",2020,2020-12,"December",35,1200.4,34.3,ACTIVE
"Ali Yusof","MANAGER","Petaling Jaya 88 Speedmart",2021,2021-01,"January",9,373.14,41.46,ACTIVE
"Ali Yusof","MANAGER","Petaling Jaya 88 Speedmart",2021,2021-02,"February",9,498.97,55.44,ACTIVE
"Ali Yusof","MANAGER","Petaling Jaya 88 Speedmart",2021,2021-03,"March",14,625.32,44.67,ACTIVE
"Ali Yusof","MANAGER","Petaling Jaya 88 Speedmart",2021,2021-04,"April",12,375.19,31.27,ACTIVE
"Ali Yusof","MANAGER","Petaling Jaya 88 Speedmart",2021,2021-05,"May",8,518.6,64.83,ACTIVE
"Ali Yusof","MANAGER","Petaling Jaya 88 Speedmart",2021,2021-06,"June",16,400.47,25.03,ACTIVE
"Ali Yusof","MANAGER","Petaling Jaya 88 Speedmart",2021,2021-07,"July",15,607.26,40.48,ACTIVE
"Ali Yusof","MANAGER","Petaling Jaya 88 Speedmart",2021,2021-08,"August",10,398.33,39.83,ACTIVE
"Ali Yusof","MANAGER","Petaling Jaya 88 Speedmart",2021,2021-09,"September",8,248.1,31.01,ACTIVE
"Ali Yusof","MANAGER","Petaling Jaya 88 Speedmart",2021,2021-10,"October",8,377.95,47.24,ACTIVE
"Ali Yusof","MANAGER","Petaling Jaya 88 Speedmart",2021,2021-11,"November",8,268.97,33.62,ACTIVE
"Ali Yusof","MANAGER","Petaling Jaya 88 Speedmart",2021,2021-12,"December",22,723.41,32.88,ACTIVE
"Ali Yusof","MANAGER","Petaling Jaya 88 Speedmart",2022,2022-01,"January",13,459.33,35.33,ACTIVE
"Ali Yusof","MANAGER","Petaling Jaya 88 Speedmart",2022,2022-02,"February",4,112.58,28.15,ACTIVE
"Ali Yusof","MANAGER","Petaling Jaya 88 Speedmart",2022,2022-03,"March",9,255.02,28.34,ACTIVE
"Ali Yusof","MANAGER","Petaling Jaya 88 Speedmart",2022,2022-04,"April",5,72.72,14.54,ACTIVE
"Ali Yusof","MANAGER","Petaling Jaya 88 Speedmart",2022,2022-05,"May",5,164.82,32.96,ACTIVE
"Ali Yusof","MANAGER","Petaling Jaya 88 Speedmart",2022,2022-06,"June",7,203.39,29.06,ACTIVE
"Ali Yusof","MANAGER","Petaling Jaya 88 Speedmart",2022,2022-07,"July",2,30.12,15.06,ACTIVE
"Ali Yusof","MANAGER","Petaling Jaya 88 Speedmart",2022,2022-08,"August",11,424,38.55,ACTIVE
"Ali Yusof","MANAGER","Petaling Jaya 88 Speedmart",2022,2022-09,"September",3,156.82,52.27,ACTIVE
"Ali Yusof","MANAGER","Petaling Jaya 88 Speedmart",2022,2022-10,"October",6,166.88,27.81,ACTIVE
"Ali Yusof","MANAGER","Petaling Jaya 88 Speedmart",2022,2022-11,"November",13,429.84,33.06,ACTIVE
"Ali Yusof","MANAGER","Petaling Jaya 88 Speedmart",2022,2022-12,"December",11,631.37,57.4,ACTIVE
"Ali Yusof","MANAGER","Petaling Jaya 88 Speedmart",2023,2023-01,"January",10,451.22,45.12,ACTIVE
"Ali Yusof","MANAGER","Petaling Jaya 88 Speedmart",2023,2023-02,"February",5,225,45,ACTIVE
"Ali Yusof","MANAGER","Petaling Jaya 88 Speedmart",2023,2023-03,"March",8,299.88,37.49,ACTIVE
"Ali Yusof","MANAGER","Petaling Jaya 88 Speedmart",2023,2023-04,"April",6,121.04,20.17,ACTIVE
"Ali Yusof","MANAGER","Petaling Jaya 88 Speedmart",2023,2023-05,"May",5,360.04,72.01,ACTIVE
"Ali Yusof","MANAGER","Petaling Jaya 88 Speedmart",2023,2023-06,"June",10,541.72,54.17,ACTIVE
"Ali Yusof","MANAGER","Petaling Jaya 88 Speedmart",2023,2023-07,"July",12,251.51,20.96,ACTIVE
"Ali Yusof","MANAGER","Petaling Jaya 88 Speedmart",2023,2023-08,"August",6,493.16,82.19,ACTIVE
"Ali Yusof","MANAGER","Petaling Jaya 88 Speedmart",2023,2023-09,"September",2,110.44,55.22,ACTIVE
"Ali Yusof","MANAGER","Petaling Jaya 88 Speedmart",2023,2023-10,"October",10,355.1,35.51,ACTIVE
"Ali Yusof","MANAGER","Petaling Jaya 88 Speedmart",2023,2023-11,"November",6,443.75,73.96,ACTIVE
"Ali Yusof","MANAGER","Petaling Jaya 88 Speedmart",2023,2023-12,"December",11,399.01,36.27,ACTIVE
"Ali Yusof","MANAGER","Petaling Jaya 88 Speedmart",2024,2024-01,"January",5,241.02,48.2,ACTIVE
"Ali Yusof","MANAGER","Petaling Jaya 88 Speedmart",2024,2024-02,"February",7,268.76,38.39,ACTIVE
"Ali Yusof","MANAGER","Petaling Jaya 88 Speedmart",2024,2024-03,"March",11,235.3,21.39,ACTIVE
"Ali Yusof","MANAGER","Petaling Jaya 88 Speedmart",2024,2024-04,"April",6,262.75,43.79,ACTIVE
"Ali Yusof","MANAGER","Petaling Jaya 88 Speedmart",2024,2024-05,"May",5,497.39,99.48,ACTIVE
"Ali Yusof","MANAGER","Petaling Jaya 88 Speedmart",2024,2024-06,"June",7,360.38,51.48,ACTIVE
"Ali Yusof","MANAGER","Petaling Jaya 88 Speedmart",2024,2024-07,"July",8,647.96,81,ACTIVE
"Ali Yusof","MANAGER","Petaling Jaya 88 Speedmart",2024,2024-08,"August",11,371,33.73,ACTIVE
"Ali Yusof","MANAGER","Petaling Jaya 88 Speedmart",2024,2024-09,"September",11,944.74,85.89,ACTIVE
"Ali Yusof","MANAGER","Petaling Jaya 88 Speedmart",2024,2024-10,"October",5,154.34,30.87,ACTIVE
"Ali Yusof","MANAGER","Petaling Jaya 88 Speedmart",2024,2024-11,"November",7,279.2,39.89,ACTIVE
"Ali Yusof","MANAGER","Petaling Jaya 88 Speedmart",2024,2024-12,"December",14,755.77,53.98,ACTIVE
"Ali Yusof","MANAGER","Petaling Jaya 88 Speedmart",2025,2025-01,"January",13,582.62,44.82,ACTIVE
"Ali Yusof","MANAGER","Petaling Jaya 88 Speedmart",2025,2025-02,"February",6,225.95,37.66,ACTIVE
"Ali Yusof","MANAGER","Petaling Jaya 88 Speedmart",2025,2025-03,"March",4,94.77,23.69,ACTIVE
"Ali Yusof","MANAGER","Petaling Jaya 88 Speedmart",2025,2025-04,"April",10,370.99,37.1,ACTIVE
"Ali Yusof","MANAGER","Petaling Jaya 88 Speedmart",2025,2025-05,"May",9,454.25,50.47,ACTIVE
"Ali Yusof","MANAGER","Petaling Jaya 88 Speedmart",2025,2025-06,"June",8,641.39,80.17,ACTIVE
"Ali Yusof","MANAGER","Petaling Jaya 88 Speedmart",2025,2025-07,"July",4,42.8,10.7,ACTIVE
"Ali Yusof","MANAGER","Petaling Jaya 88 Speedmart",2025,2025-08,"August",9,257.74,28.64,ACTIVE
"Ali Yusof","MANAGER","Petaling Jaya 88 Speedmart",2025,2025-09,"September",9,231.76,25.75,ACTIVE
"Ali Yusof","MANAGER","Petaling Jaya 88 Speedmart",2025,2025-10,"October",6,260.69,43.45,ACTIVE
"Ali Yusof","MANAGER","Petaling Jaya 88 Speedmart",2025,2025-11,"November",7,450.42,64.35,ACTIVE
"Ali Yusof","MANAGER","Petaling Jaya 88 Speedmart",2025,2025-12,"December",15,789.17,52.61,ACTIVE
"Ali Yusof","MANAGER","Petaling Jaya 88 Speedmart",2026,2026-01,"January",13,507.62,39.05,ACTIVE
"Ali Yusof","MANAGER","Petaling Jaya 88 Speedmart",2026,2026-02,"February",3,97.08,32.36,ACTIVE
"Ali Yusof","MANAGER","Petaling Jaya 88 Speedmart",2026,2026-03,"March",4,96.52,24.13,ACTIVE
"Ali Yusof","MANAGER","Petaling Jaya 88 Speedmart",2026,2026-04,"April",3,65.67,21.89,ACTIVE
"Ali Yusof","MANAGER","Petaling Jaya 88 Speedmart",2026,2026-05,"May",18,829.86,46.1,ACTIVE
"Ali Yusof","MANAGER","Petaling Jaya 88 Speedmart",2026,2026-06,"June",12,343.18,28.6,ACTIVE
"Ali Zulkifli","ADMIN","Klang 88 Speedmart",2021,2021-01,"January",19,538.03,28.32,ACTIVE
"Ali Zulkifli","ADMIN","Klang 88 Speedmart",2021,2021-02,"February",16,339.07,21.19,ACTIVE
"Ali Zulkifli","ADMIN","Klang 88 Speedmart",2021,2021-03,"March",16,754.18,47.14,ACTIVE
"Ali Zulkifli","ADMIN","Klang 88 Speedmart",2021,2021-04,"April",11,414.05,37.64,ACTIVE
"Ali Zulkifli","ADMIN","Klang 88 Speedmart",2021,2021-05,"May",15,445.17,29.68,ACTIVE
"Ali Zulkifli","ADMIN","Klang 88 Speedmart",2021,2021-06,"June",13,547.67,42.13,ACTIVE
"Ali Zulkifli","ADMIN","Klang 88 Speedmart",2021,2021-07,"July",12,504.16,42.01,ACTIVE
"Ali Zulkifli","ADMIN","Klang 88 Speedmart",2021,2021-08,"August",3,102.65,34.22,ACTIVE
"Ali Zulkifli","ADMIN","Klang 88 Speedmart",2021,2021-09,"September",11,431.91,39.26,ACTIVE
"Ali Zulkifli","ADMIN","Klang 88 Speedmart",2021,2021-10,"October",7,271.5,38.79,ACTIVE
"Ali Zulkifli","ADMIN","Klang 88 Speedmart",2021,2021-11,"November",8,303.27,37.91,ACTIVE
"Ali Zulkifli","ADMIN","Klang 88 Speedmart",2021,2021-12,"December",24,1077.72,44.91,ACTIVE
"Ali Zulkifli","ADMIN","Klang 88 Speedmart",2022,2022-01,"January",14,706.69,50.48,ACTIVE
"Ali Zulkifli","ADMIN","Klang 88 Speedmart",2022,2022-02,"February",11,266.27,24.21,ACTIVE
"Ali Zulkifli","ADMIN","Klang 88 Speedmart",2022,2022-03,"March",3,61.62,20.54,ACTIVE
"Ali Zulkifli","ADMIN","Klang 88 Speedmart",2022,2022-04,"April",10,363.56,36.36,ACTIVE
"Ali Zulkifli","ADMIN","Klang 88 Speedmart",2022,2022-05,"May",7,104.54,14.93,ACTIVE
"Ali Zulkifli","ADMIN","Klang 88 Speedmart",2022,2022-06,"June",13,734.49,56.5,ACTIVE
"Ali Zulkifli","ADMIN","Klang 88 Speedmart",2022,2022-07,"July",3,36.83,12.28,ACTIVE
"Ali Zulkifli","ADMIN","Klang 88 Speedmart",2022,2022-08,"August",9,539.52,59.95,ACTIVE
"Ali Zulkifli","ADMIN","Klang 88 Speedmart",2022,2022-09,"September",9,896.53,99.61,ACTIVE
"Ali Zulkifli","ADMIN","Klang 88 Speedmart",2022,2022-10,"October",9,237.03,26.34,ACTIVE
"Ali Zulkifli","ADMIN","Klang 88 Speedmart",2022,2022-11,"November",14,449.19,32.09,ACTIVE
"Ali Zulkifli","ADMIN","Klang 88 Speedmart",2022,2022-12,"December",13,439.63,33.82,ACTIVE
"Ali Zulkifli","ADMIN","Klang 88 Speedmart",2023,2023-01,"January",6,220.92,36.82,ACTIVE
"Ali Zulkifli","ADMIN","Klang 88 Speedmart",2023,2023-02,"February",4,161.84,40.46,ACTIVE
"Ali Zulkifli","ADMIN","Klang 88 Speedmart",2023,2023-03,"March",11,417.72,37.97,ACTIVE
"Ali Zulkifli","ADMIN","Klang 88 Speedmart",2023,2023-04,"April",6,186.49,31.08,ACTIVE
"Ali Zulkifli","ADMIN","Klang 88 Speedmart",2023,2023-05,"May",6,104.41,17.4,ACTIVE
"Ali Zulkifli","ADMIN","Klang 88 Speedmart",2023,2023-06,"June",8,306.36,38.3,ACTIVE
"Ali Zulkifli","ADMIN","Klang 88 Speedmart",2023,2023-07,"July",6,200.9,33.48,ACTIVE
"Ali Zulkifli","ADMIN","Klang 88 Speedmart",2023,2023-08,"August",6,278.64,46.44,ACTIVE
"Ali Zulkifli","ADMIN","Klang 88 Speedmart",2023,2023-09,"September",6,259.92,43.32,ACTIVE
"Ali Zulkifli","ADMIN","Klang 88 Speedmart",2023,2023-10,"October",3,103.25,34.42,ACTIVE
"Ali Zulkifli","ADMIN","Klang 88 Speedmart",2023,2023-11,"November",13,525.63,40.43,ACTIVE
"Ali Zulkifli","ADMIN","Klang 88 Speedmart",2023,2023-12,"December",12,278.3,23.19,ACTIVE
"Ali Zulkifli","ADMIN","Klang 88 Speedmart",2024,2024-01,"January",8,268.32,33.54,ACTIVE
"Ali Zulkifli","ADMIN","Klang 88 Speedmart",2024,2024-02,"February",7,239.08,34.15,ACTIVE
"Ali Zulkifli","ADMIN","Klang 88 Speedmart",2024,2024-03,"March",8,394.07,49.26,ACTIVE
"Ali Zulkifli","ADMIN","Klang 88 Speedmart",2024,2024-04,"April",8,188.25,23.53,ACTIVE
"Ali Zulkifli","ADMIN","Klang 88 Speedmart",2024,2024-05,"May",7,397.27,56.75,ACTIVE
"Ali Zulkifli","ADMIN","Klang 88 Speedmart",2024,2024-06,"June",12,394.58,32.88,ACTIVE
"Ali Zulkifli","ADMIN","Klang 88 Speedmart",2024,2024-07,"July",3,142.35,47.45,ACTIVE
"Ali Zulkifli","ADMIN","Klang 88 Speedmart",2024,2024-08,"August",10,554.67,55.47,ACTIVE
"Ali Zulkifli","ADMIN","Klang 88 Speedmart",2024,2024-09,"September",4,76.78,19.2,ACTIVE
"Ali Zulkifli","ADMIN","Klang 88 Speedmart",2024,2024-10,"October",5,149.69,29.94,ACTIVE
"Ali Zulkifli","ADMIN","Klang 88 Speedmart",2024,2024-11,"November",19,866.73,45.62,ACTIVE
"Ali Zulkifli","ADMIN","Klang 88 Speedmart",2024,2024-12,"December",19,394.76,20.78,ACTIVE
"Ali Zulkifli","ADMIN","Klang 88 Speedmart",2025,2025-01,"January",15,664,44.27,ACTIVE
"Ali Zulkifli","ADMIN","Klang 88 Speedmart",2025,2025-02,"February",9,343.21,38.13,ACTIVE
"Ali Zulkifli","ADMIN","Klang 88 Speedmart",2025,2025-03,"March",6,232.55,38.76,ACTIVE
"Ali Zulkifli","ADMIN","Klang 88 Speedmart",2025,2025-04,"April",4,424.56,106.14,ACTIVE
"Ali Zulkifli","ADMIN","Klang 88 Speedmart",2025,2025-05,"May",10,491.51,49.15,ACTIVE
"Ali Zulkifli","ADMIN","Klang 88 Speedmart",2025,2025-06,"June",19,982.27,51.7,ACTIVE
"Ali Zulkifli","ADMIN","Klang 88 Speedmart",2025,2025-07,"July",12,326.15,27.18,ACTIVE
"Ali Zulkifli","ADMIN","Klang 88 Speedmart",2025,2025-08,"August",7,383.37,54.77,ACTIVE
"Ali Zulkifli","ADMIN","Klang 88 Speedmart",2025,2025-09,"September",8,270.5,33.81,ACTIVE
"Ali Zulkifli","ADMIN","Klang 88 Speedmart",2025,2025-10,"October",13,747.03,57.46,ACTIVE
"Ali Zulkifli","ADMIN","Klang 88 Speedmart",2025,2025-11,"November",11,269.13,24.47,ACTIVE
"Ali Zulkifli","ADMIN","Klang 88 Speedmart",2025,2025-12,"December",22,812.14,36.92,ACTIVE
"Ali Zulkifli","ADMIN","Klang 88 Speedmart",2026,2026-01,"January",12,616.84,51.4,ACTIVE
"Ali Zulkifli","ADMIN","Klang 88 Speedmart",2026,2026-02,"February",17,929.97,54.7,ACTIVE
"Ali Zulkifli","ADMIN","Klang 88 Speedmart",2026,2026-03,"March",22,1023.64,46.53,ACTIVE
"Ali Zulkifli","ADMIN","Klang 88 Speedmart",2026,2026-04,"April",8,442.4,55.3,ACTIVE
"Ali Zulkifli","ADMIN","Klang 88 Speedmart",2026,2026-05,"May",9,351.79,39.09,ACTIVE
"Ali Zulkifli","ADMIN","Klang 88 Speedmart",2026,2026-06,"June",17,589.08,34.65,ACTIVE
"Azman Hussein","ADMIN","George Town 88 Speedmart",2021,2021-10,"October",7,276.39,39.48,ACTIVE
"Azman Hussein","ADMIN","George Town 88 Speedmart",2021,2021-11,"November",14,608.4,43.46,ACTIVE
"Azman Hussein","ADMIN","George Town 88 Speedmart",2021,2021-12,"December",14,600.63,42.9,ACTIVE
"Azman Hussein","ADMIN","George Town 88 Speedmart",2022,2022-01,"January",14,267.25,19.09,ACTIVE
"Azman Hussein","ADMIN","George Town 88 Speedmart",2022,2022-02,"February",9,200.01,22.22,ACTIVE
"Azman Hussein","ADMIN","George Town 88 Speedmart",2022,2022-03,"March",9,574.77,63.86,ACTIVE
"Azman Hussein","ADMIN","George Town 88 Speedmart",2022,2022-04,"April",14,429.67,30.69,ACTIVE
"Azman Hussein","ADMIN","George Town 88 Speedmart",2022,2022-05,"May",6,214.15,35.69,ACTIVE
"Azman Hussein","ADMIN","George Town 88 Speedmart",2022,2022-06,"June",4,158.17,39.54,ACTIVE
"Azman Hussein","ADMIN","George Town 88 Speedmart",2022,2022-07,"July",7,167.22,23.89,ACTIVE
"Azman Hussein","ADMIN","George Town 88 Speedmart",2022,2022-08,"August",9,415.74,46.19,ACTIVE
"Azman Hussein","ADMIN","George Town 88 Speedmart",2022,2022-09,"September",6,128.19,21.37,ACTIVE
"Azman Hussein","ADMIN","George Town 88 Speedmart",2022,2022-10,"October",6,246.65,41.11,ACTIVE
"Azman Hussein","ADMIN","George Town 88 Speedmart",2022,2022-11,"November",10,708.74,70.87,ACTIVE
"Azman Hussein","ADMIN","George Town 88 Speedmart",2022,2022-12,"December",14,633.38,45.24,ACTIVE
"Azman Hussein","ADMIN","George Town 88 Speedmart",2023,2023-01,"January",10,347.89,34.79,ACTIVE
"Azman Hussein","ADMIN","George Town 88 Speedmart",2023,2023-02,"February",4,109.19,27.3,ACTIVE
"Azman Hussein","ADMIN","George Town 88 Speedmart",2023,2023-03,"March",12,333.89,27.82,ACTIVE
"Azman Hussein","ADMIN","George Town 88 Speedmart",2023,2023-04,"April",5,316.43,63.29,ACTIVE
"Azman Hussein","ADMIN","George Town 88 Speedmart",2023,2023-05,"May",3,70.31,23.44,ACTIVE
"Azman Hussein","ADMIN","George Town 88 Speedmart",2023,2023-06,"June",7,276.32,39.47,ACTIVE
"Azman Hussein","ADMIN","George Town 88 Speedmart",2023,2023-07,"July",2,92.88,46.44,ACTIVE
"Azman Hussein","ADMIN","George Town 88 Speedmart",2023,2023-08,"August",5,183.1,36.62,ACTIVE
"Azman Hussein","ADMIN","George Town 88 Speedmart",2023,2023-09,"September",6,194.68,32.45,ACTIVE
"Azman Hussein","ADMIN","George Town 88 Speedmart",2023,2023-10,"October",8,477.72,59.72,ACTIVE
"Azman Hussein","ADMIN","George Town 88 Speedmart",2023,2023-11,"November",5,134.93,26.99,ACTIVE
"Azman Hussein","ADMIN","George Town 88 Speedmart",2023,2023-12,"December",15,632.87,42.19,ACTIVE
"Azman Hussein","ADMIN","George Town 88 Speedmart",2024,2024-01,"January",5,135.31,27.06,ACTIVE
"Azman Hussein","ADMIN","George Town 88 Speedmart",2024,2024-02,"February",4,204.97,51.24,ACTIVE
"Azman Hussein","ADMIN","George Town 88 Speedmart",2024,2024-03,"March",9,348.77,38.75,ACTIVE
"Azman Hussein","ADMIN","George Town 88 Speedmart",2024,2024-04,"April",13,455.69,35.05,ACTIVE
"Azman Hussein","ADMIN","George Town 88 Speedmart",2024,2024-05,"May",9,377.58,41.95,ACTIVE
"Azman Hussein","ADMIN","George Town 88 Speedmart",2024,2024-06,"June",10,654.36,65.44,ACTIVE
"Azman Hussein","ADMIN","George Town 88 Speedmart",2024,2024-07,"July",5,285.98,57.2,ACTIVE
"Azman Hussein","ADMIN","George Town 88 Speedmart",2024,2024-08,"August",9,458.98,51,ACTIVE
"Azman Hussein","ADMIN","George Town 88 Speedmart",2024,2024-09,"September",5,174.51,34.9,ACTIVE
"Azman Hussein","ADMIN","George Town 88 Speedmart",2024,2024-10,"October",6,689.95,114.99,ACTIVE
"Azman Hussein","ADMIN","George Town 88 Speedmart",2024,2024-11,"November",11,321.2,29.2,ACTIVE
"Azman Hussein","ADMIN","George Town 88 Speedmart",2024,2024-12,"December",16,558.03,34.88,ACTIVE
"Azman Hussein","ADMIN","George Town 88 Speedmart",2025,2025-01,"January",11,367.22,33.38,ACTIVE
"Azman Hussein","ADMIN","George Town 88 Speedmart",2025,2025-02,"February",7,427.89,61.13,ACTIVE
"Azman Hussein","ADMIN","George Town 88 Speedmart",2025,2025-03,"March",6,147.72,24.62,ACTIVE
"Azman Hussein","ADMIN","George Town 88 Speedmart",2025,2025-04,"April",4,167.52,41.88,ACTIVE
"Azman Hussein","ADMIN","George Town 88 Speedmart",2025,2025-05,"May",6,248.46,41.41,ACTIVE
"Azman Hussein","ADMIN","George Town 88 Speedmart",2025,2025-06,"June",11,594.05,54,ACTIVE
"Azman Hussein","ADMIN","George Town 88 Speedmart",2025,2025-07,"July",6,189.74,31.62,ACTIVE
"Azman Hussein","ADMIN","George Town 88 Speedmart",2025,2025-08,"August",10,373.46,37.35,ACTIVE
"Azman Hussein","ADMIN","George Town 88 Speedmart",2025,2025-09,"September",8,357.39,44.67,ACTIVE
"Azman Hussein","ADMIN","George Town 88 Speedmart",2025,2025-10,"October",10,335.48,33.55,ACTIVE
"Azman Hussein","ADMIN","George Town 88 Speedmart",2025,2025-11,"November",15,486.19,32.41,ACTIVE
"Azman Hussein","ADMIN","George Town 88 Speedmart",2025,2025-12,"December",22,1193.57,54.25,ACTIVE
"Azman Hussein","ADMIN","George Town 88 Speedmart",2026,2026-01,"January",11,501.8,45.62,ACTIVE
"Azman Hussein","ADMIN","George Town 88 Speedmart",2026,2026-02,"February",20,945.82,47.29,ACTIVE
"Azman Hussein","ADMIN","George Town 88 Speedmart",2026,2026-03,"March",9,409.63,45.51,ACTIVE
"Azman Hussein","ADMIN","George Town 88 Speedmart",2026,2026-04,"April",10,390.33,39.03,ACTIVE
"Azman Hussein","ADMIN","George Town 88 Speedmart",2026,2026-05,"May",9,292.97,32.55,ACTIVE
"Azman Hussein","ADMIN","George Town 88 Speedmart",2026,2026-06,"June",15,470.99,31.4,ACTIVE
"Azman Othman","ADMIN","Ampang 88 Speedmart",2020,2020-01,"January",81,3210.11,39.63,ACTIVE
"Azman Othman","ADMIN","Ampang 88 Speedmart",2020,2020-02,"February",55,2278.87,41.43,ACTIVE
"Azman Othman","ADMIN","Ampang 88 Speedmart",2020,2020-03,"March",52,2191.4,42.14,ACTIVE
"Azman Othman","ADMIN","Ampang 88 Speedmart",2020,2020-04,"April",20,817.77,40.89,ACTIVE
"Azman Othman","ADMIN","Ampang 88 Speedmart",2020,2020-05,"May",34,1373.29,40.39,ACTIVE
"Azman Othman","ADMIN","Ampang 88 Speedmart",2020,2020-06,"June",46,1302.45,28.31,ACTIVE
"Azman Othman","ADMIN","Ampang 88 Speedmart",2020,2020-07,"July",20,809.74,40.49,ACTIVE
"Azman Othman","ADMIN","Ampang 88 Speedmart",2020,2020-08,"August",22,959.47,43.61,ACTIVE
"Azman Othman","ADMIN","Ampang 88 Speedmart",2020,2020-09,"September",17,756.03,44.47,ACTIVE
"Azman Othman","ADMIN","Ampang 88 Speedmart",2020,2020-10,"October",17,407.57,23.97,ACTIVE
"Azman Othman","ADMIN","Ampang 88 Speedmart",2020,2020-11,"November",28,815.97,29.14,ACTIVE
"Azman Othman","ADMIN","Ampang 88 Speedmart",2020,2020-12,"December",37,1193.65,32.26,ACTIVE
"Azman Othman","ADMIN","Ampang 88 Speedmart",2021,2021-01,"January",19,610.17,32.11,ACTIVE
"Azman Othman","ADMIN","Ampang 88 Speedmart",2021,2021-02,"February",13,765.89,58.91,ACTIVE
"Azman Othman","ADMIN","Ampang 88 Speedmart",2021,2021-03,"March",12,344.89,28.74,ACTIVE
"Azman Othman","ADMIN","Ampang 88 Speedmart",2021,2021-04,"April",14,458.39,32.74,ACTIVE
"Azman Othman","ADMIN","Ampang 88 Speedmart",2021,2021-05,"May",16,553.01,34.56,ACTIVE
"Azman Othman","ADMIN","Ampang 88 Speedmart",2021,2021-06,"June",16,527.44,32.97,ACTIVE
"Azman Othman","ADMIN","Ampang 88 Speedmart",2021,2021-07,"July",9,490.43,54.49,ACTIVE
"Azman Othman","ADMIN","Ampang 88 Speedmart",2021,2021-08,"August",12,446.43,37.2,ACTIVE
"Azman Othman","ADMIN","Ampang 88 Speedmart",2021,2021-09,"September",8,676.46,84.56,ACTIVE
"Azman Othman","ADMIN","Ampang 88 Speedmart",2021,2021-10,"October",7,108.28,15.47,ACTIVE
"Azman Othman","ADMIN","Ampang 88 Speedmart",2021,2021-11,"November",15,702.54,46.84,ACTIVE
"Azman Othman","ADMIN","Ampang 88 Speedmart",2021,2021-12,"December",19,731.38,38.49,ACTIVE
"Azman Othman","ADMIN","Ampang 88 Speedmart",2022,2022-01,"January",4,168.31,42.08,ACTIVE
"Azman Othman","ADMIN","Ampang 88 Speedmart",2022,2022-02,"February",5,144.85,28.97,ACTIVE
"Azman Othman","ADMIN","Ampang 88 Speedmart",2022,2022-03,"March",9,304.7,33.86,ACTIVE
"Azman Othman","ADMIN","Ampang 88 Speedmart",2022,2022-04,"April",8,600.74,75.09,ACTIVE
"Azman Othman","ADMIN","Ampang 88 Speedmart",2022,2022-05,"May",7,272.11,38.87,ACTIVE
"Azman Othman","ADMIN","Ampang 88 Speedmart",2022,2022-06,"June",7,233.01,33.29,ACTIVE
"Azman Othman","ADMIN","Ampang 88 Speedmart",2022,2022-07,"July",11,473.08,43.01,ACTIVE
"Azman Othman","ADMIN","Ampang 88 Speedmart",2022,2022-08,"August",9,454.71,50.52,ACTIVE
"Azman Othman","ADMIN","Ampang 88 Speedmart",2022,2022-09,"September",5,118.03,23.61,ACTIVE
"Azman Othman","ADMIN","Ampang 88 Speedmart",2022,2022-10,"October",8,317.35,39.67,ACTIVE
"Azman Othman","ADMIN","Ampang 88 Speedmart",2022,2022-11,"November",4,93.08,23.27,ACTIVE
"Azman Othman","ADMIN","Ampang 88 Speedmart",2022,2022-12,"December",18,675.35,37.52,ACTIVE
"Azman Othman","ADMIN","Ampang 88 Speedmart",2023,2023-01,"January",15,722.83,48.19,ACTIVE
"Azman Othman","ADMIN","Ampang 88 Speedmart",2023,2023-02,"February",7,248.02,35.43,ACTIVE
"Azman Othman","ADMIN","Ampang 88 Speedmart",2023,2023-03,"March",8,287.96,36,ACTIVE
"Azman Othman","ADMIN","Ampang 88 Speedmart",2023,2023-04,"April",11,479.32,43.57,ACTIVE
"Azman Othman","ADMIN","Ampang 88 Speedmart",2023,2023-05,"May",8,575.77,71.97,ACTIVE
"Azman Othman","ADMIN","Ampang 88 Speedmart",2023,2023-06,"June",14,497.64,35.55,ACTIVE
"Azman Othman","ADMIN","Ampang 88 Speedmart",2023,2023-07,"July",10,383.49,38.35,ACTIVE
"Azman Othman","ADMIN","Ampang 88 Speedmart",2023,2023-08,"August",6,281.17,46.86,ACTIVE
"Azman Othman","ADMIN","Ampang 88 Speedmart",2023,2023-09,"September",5,215.16,43.03,ACTIVE
"Azman Othman","ADMIN","Ampang 88 Speedmart",2023,2023-10,"October",4,84.59,21.15,ACTIVE
"Azman Othman","ADMIN","Ampang 88 Speedmart",2023,2023-11,"November",16,431.8,26.99,ACTIVE
"Azman Othman","ADMIN","Ampang 88 Speedmart",2023,2023-12,"December",15,451.88,30.13,ACTIVE
"Azman Othman","ADMIN","Ampang 88 Speedmart",2024,2024-01,"January",9,302.39,33.6,ACTIVE
"Azman Othman","ADMIN","Ampang 88 Speedmart",2024,2024-02,"February",8,351.77,43.97,ACTIVE
"Azman Othman","ADMIN","Ampang 88 Speedmart",2024,2024-03,"March",5,134.47,26.89,ACTIVE
"Azman Othman","ADMIN","Ampang 88 Speedmart",2024,2024-04,"April",10,427.04,42.7,ACTIVE
"Azman Othman","ADMIN","Ampang 88 Speedmart",2024,2024-05,"May",5,239.89,47.98,ACTIVE
"Azman Othman","ADMIN","Ampang 88 Speedmart",2024,2024-06,"June",11,476.43,43.31,ACTIVE
"Azman Othman","ADMIN","Ampang 88 Speedmart",2024,2024-07,"July",10,246.99,24.7,ACTIVE
"Azman Othman","ADMIN","Ampang 88 Speedmart",2024,2024-08,"August",13,630.27,48.48,ACTIVE
"Azman Othman","ADMIN","Ampang 88 Speedmart",2024,2024-09,"September",6,295.66,49.28,ACTIVE
"Azman Othman","ADMIN","Ampang 88 Speedmart",2024,2024-10,"October",9,605.64,67.29,ACTIVE
"Azman Othman","ADMIN","Ampang 88 Speedmart",2024,2024-11,"November",16,609.27,38.08,ACTIVE
"Azman Othman","ADMIN","Ampang 88 Speedmart",2024,2024-12,"December",19,583.5,30.71,ACTIVE
"Azman Othman","ADMIN","Ampang 88 Speedmart",2025,2025-01,"January",17,820.95,48.29,ACTIVE
"Azman Othman","ADMIN","Ampang 88 Speedmart",2025,2025-02,"February",11,544.49,49.5,ACTIVE
"Azman Othman","ADMIN","Ampang 88 Speedmart",2025,2025-03,"March",14,668.08,47.72,ACTIVE
"Azman Othman","ADMIN","Ampang 88 Speedmart",2025,2025-04,"April",6,369.7,61.62,ACTIVE
"Azman Othman","ADMIN","Ampang 88 Speedmart",2025,2025-05,"May",9,514.21,57.13,ACTIVE
"Azman Othman","ADMIN","Ampang 88 Speedmart",2025,2025-06,"June",19,480.14,25.27,ACTIVE
"Azman Othman","ADMIN","Ampang 88 Speedmart",2025,2025-07,"July",5,163.03,32.61,ACTIVE
"Azman Othman","ADMIN","Ampang 88 Speedmart",2025,2025-08,"August",10,326.83,32.68,ACTIVE
"Azman Othman","ADMIN","Ampang 88 Speedmart",2025,2025-09,"September",12,780.96,65.08,ACTIVE
"Azman Othman","ADMIN","Ampang 88 Speedmart",2025,2025-10,"October",7,485.79,69.4,ACTIVE
"Azman Othman","ADMIN","Ampang 88 Speedmart",2025,2025-11,"November",14,381.05,27.22,ACTIVE
"Azman Othman","ADMIN","Ampang 88 Speedmart",2025,2025-12,"December",19,494.24,26.01,ACTIVE
"Azman Othman","ADMIN","Ampang 88 Speedmart",2026,2026-01,"January",11,309.18,28.11,ACTIVE
"Azman Othman","ADMIN","Ampang 88 Speedmart",2026,2026-02,"February",13,841.98,64.77,ACTIVE
"Azman Othman","ADMIN","Ampang 88 Speedmart",2026,2026-03,"March",13,655.55,50.43,ACTIVE
"Azman Othman","ADMIN","Ampang 88 Speedmart",2026,2026-04,"April",9,339.62,37.74,ACTIVE
"Azman Othman","ADMIN","Ampang 88 Speedmart",2026,2026-05,"May",7,287.69,41.1,ACTIVE
"Azman Othman","ADMIN","Ampang 88 Speedmart",2026,2026-06,"June",14,617.89,44.14,ACTIVE
"Azman Zulkifli","MANAGER","Ampang 88 Speedmart",2020,2020-01,"January",98,3395.44,34.65,ACTIVE
"Azman Zulkifli","MANAGER","Ampang 88 Speedmart",2020,2020-02,"February",55,2132.34,38.77,ACTIVE
"Azman Zulkifli","MANAGER","Ampang 88 Speedmart",2020,2020-03,"March",61,2386.93,39.13,ACTIVE
"Azman Zulkifli","MANAGER","Ampang 88 Speedmart",2020,2020-04,"April",23,946.27,41.14,ACTIVE
"Azman Zulkifli","MANAGER","Ampang 88 Speedmart",2020,2020-05,"May",35,1513.38,43.24,ACTIVE
"Azman Zulkifli","MANAGER","Ampang 88 Speedmart",2020,2020-06,"June",36,1541.08,42.81,ACTIVE
"Azman Zulkifli","MANAGER","Ampang 88 Speedmart",2020,2020-07,"July",25,718.58,28.74,ACTIVE
"Azman Zulkifli","MANAGER","Ampang 88 Speedmart",2020,2020-08,"August",16,703.89,43.99,ACTIVE
"Azman Zulkifli","MANAGER","Ampang 88 Speedmart",2020,2020-09,"September",11,298.27,27.12,ACTIVE
"Azman Zulkifli","MANAGER","Ampang 88 Speedmart",2020,2020-10,"October",19,911.2,47.96,ACTIVE
"Azman Zulkifli","MANAGER","Ampang 88 Speedmart",2020,2020-11,"November",25,643.9,25.76,ACTIVE
"Azman Zulkifli","MANAGER","Ampang 88 Speedmart",2020,2020-12,"December",27,1300.17,48.15,ACTIVE
"Azman Zulkifli","MANAGER","Ampang 88 Speedmart",2021,2021-01,"January",13,926.86,71.3,ACTIVE
"Azman Zulkifli","MANAGER","Ampang 88 Speedmart",2021,2021-02,"February",14,702.52,50.18,ACTIVE
"Azman Zulkifli","MANAGER","Ampang 88 Speedmart",2021,2021-03,"March",11,288.45,26.22,ACTIVE
"Azman Zulkifli","MANAGER","Ampang 88 Speedmart",2021,2021-04,"April",8,266.89,33.36,ACTIVE
"Azman Zulkifli","MANAGER","Ampang 88 Speedmart",2021,2021-05,"May",21,778.8,37.09,ACTIVE
"Azman Zulkifli","MANAGER","Ampang 88 Speedmart",2021,2021-06,"June",12,377.82,31.49,ACTIVE
"Azman Zulkifli","MANAGER","Ampang 88 Speedmart",2021,2021-07,"July",13,324.32,24.95,ACTIVE
"Azman Zulkifli","MANAGER","Ampang 88 Speedmart",2021,2021-08,"August",12,450.86,37.57,ACTIVE
"Azman Zulkifli","MANAGER","Ampang 88 Speedmart",2021,2021-09,"September",11,292.72,26.61,ACTIVE
"Azman Zulkifli","MANAGER","Ampang 88 Speedmart",2021,2021-10,"October",7,230.47,32.92,ACTIVE
"Azman Zulkifli","MANAGER","Ampang 88 Speedmart",2021,2021-11,"November",14,708.7,50.62,ACTIVE
"Azman Zulkifli","MANAGER","Ampang 88 Speedmart",2021,2021-12,"December",17,681.03,40.06,ACTIVE
"Azman Zulkifli","MANAGER","Ampang 88 Speedmart",2022,2022-01,"January",9,463.09,51.45,ACTIVE
"Azman Zulkifli","MANAGER","Ampang 88 Speedmart",2022,2022-02,"February",5,408.87,81.77,ACTIVE
"Azman Zulkifli","MANAGER","Ampang 88 Speedmart",2022,2022-03,"March",7,405.9,57.99,ACTIVE
"Azman Zulkifli","MANAGER","Ampang 88 Speedmart",2022,2022-04,"April",10,427.01,42.7,ACTIVE
"Azman Zulkifli","MANAGER","Ampang 88 Speedmart",2022,2022-05,"May",6,304.12,50.69,ACTIVE
"Azman Zulkifli","MANAGER","Ampang 88 Speedmart",2022,2022-06,"June",10,346.49,34.65,ACTIVE
"Azman Zulkifli","MANAGER","Ampang 88 Speedmart",2022,2022-07,"July",6,410.58,68.43,ACTIVE
"Azman Zulkifli","MANAGER","Ampang 88 Speedmart",2022,2022-08,"August",8,336.2,42.03,ACTIVE
"Azman Zulkifli","MANAGER","Ampang 88 Speedmart",2022,2022-09,"September",7,204.62,29.23,ACTIVE
"Azman Zulkifli","MANAGER","Ampang 88 Speedmart",2022,2022-10,"October",11,488.27,44.39,ACTIVE
"Azman Zulkifli","MANAGER","Ampang 88 Speedmart",2022,2022-11,"November",9,537.26,59.7,ACTIVE
"Azman Zulkifli","MANAGER","Ampang 88 Speedmart",2022,2022-12,"December",13,305.51,23.5,ACTIVE
"Azman Zulkifli","MANAGER","Ampang 88 Speedmart",2023,2023-01,"January",12,497.18,41.43,ACTIVE
"Azman Zulkifli","MANAGER","Ampang 88 Speedmart",2023,2023-02,"February",8,379.91,47.49,ACTIVE
"Azman Zulkifli","MANAGER","Ampang 88 Speedmart",2023,2023-03,"March",6,231.05,38.51,ACTIVE
"Azman Zulkifli","MANAGER","Ampang 88 Speedmart",2023,2023-04,"April",12,697.39,58.12,ACTIVE
"Azman Zulkifli","MANAGER","Ampang 88 Speedmart",2023,2023-05,"May",5,110.19,22.04,ACTIVE
"Azman Zulkifli","MANAGER","Ampang 88 Speedmart",2023,2023-06,"June",15,498.03,33.2,ACTIVE
"Azman Zulkifli","MANAGER","Ampang 88 Speedmart",2023,2023-07,"July",9,365.69,40.63,ACTIVE
"Azman Zulkifli","MANAGER","Ampang 88 Speedmart",2023,2023-08,"August",6,363.22,60.54,ACTIVE
"Azman Zulkifli","MANAGER","Ampang 88 Speedmart",2023,2023-09,"September",8,283.42,35.43,ACTIVE
"Azman Zulkifli","MANAGER","Ampang 88 Speedmart",2023,2023-10,"October",10,622.22,62.22,ACTIVE
"Azman Zulkifli","MANAGER","Ampang 88 Speedmart",2023,2023-11,"November",18,802.88,44.6,ACTIVE
"Azman Zulkifli","MANAGER","Ampang 88 Speedmart",2023,2023-12,"December",16,615.11,38.44,ACTIVE
"Azman Zulkifli","MANAGER","Ampang 88 Speedmart",2024,2024-01,"January",9,374.84,41.65,ACTIVE
"Azman Zulkifli","MANAGER","Ampang 88 Speedmart",2024,2024-02,"February",14,347.62,24.83,ACTIVE
"Azman Zulkifli","MANAGER","Ampang 88 Speedmart",2024,2024-03,"March",8,358.28,44.79,ACTIVE
"Azman Zulkifli","MANAGER","Ampang 88 Speedmart",2024,2024-04,"April",15,413.57,27.57,ACTIVE
"Azman Zulkifli","MANAGER","Ampang 88 Speedmart",2024,2024-05,"May",9,435.49,48.39,ACTIVE
"Azman Zulkifli","MANAGER","Ampang 88 Speedmart",2024,2024-06,"June",17,678.67,39.92,ACTIVE
"Azman Zulkifli","MANAGER","Ampang 88 Speedmart",2024,2024-07,"July",10,288.56,28.86,ACTIVE
"Azman Zulkifli","MANAGER","Ampang 88 Speedmart",2024,2024-08,"August",8,383.97,48,ACTIVE
"Azman Zulkifli","MANAGER","Ampang 88 Speedmart",2024,2024-09,"September",8,355.67,44.46,ACTIVE
"Azman Zulkifli","MANAGER","Ampang 88 Speedmart",2024,2024-10,"October",12,493.37,41.11,ACTIVE
"Azman Zulkifli","MANAGER","Ampang 88 Speedmart",2024,2024-11,"November",17,405.76,23.87,ACTIVE
"Azman Zulkifli","MANAGER","Ampang 88 Speedmart",2024,2024-12,"December",24,664.25,27.68,ACTIVE
"Azman Zulkifli","MANAGER","Ampang 88 Speedmart",2025,2025-01,"January",9,359.51,39.95,ACTIVE
"Azman Zulkifli","MANAGER","Ampang 88 Speedmart",2025,2025-02,"February",7,431.22,61.6,ACTIVE
"Azman Zulkifli","MANAGER","Ampang 88 Speedmart",2025,2025-03,"March",9,361.87,40.21,ACTIVE
"Azman Zulkifli","MANAGER","Ampang 88 Speedmart",2025,2025-04,"April",9,490.21,54.47,ACTIVE
"Azman Zulkifli","MANAGER","Ampang 88 Speedmart",2025,2025-05,"May",9,251.66,27.96,ACTIVE
"Azman Zulkifli","MANAGER","Ampang 88 Speedmart",2025,2025-06,"June",15,768.42,51.23,ACTIVE
"Azman Zulkifli","MANAGER","Ampang 88 Speedmart",2025,2025-07,"July",5,119.06,23.81,ACTIVE
"Azman Zulkifli","MANAGER","Ampang 88 Speedmart",2025,2025-08,"August",7,138.2,19.74,ACTIVE
"Azman Zulkifli","MANAGER","Ampang 88 Speedmart",2025,2025-09,"September",11,660.87,60.08,ACTIVE
"Azman Zulkifli","MANAGER","Ampang 88 Speedmart",2025,2025-10,"October",14,674.62,48.19,ACTIVE
"Azman Zulkifli","MANAGER","Ampang 88 Speedmart",2025,2025-11,"November",11,479.21,43.56,ACTIVE
"Azman Zulkifli","MANAGER","Ampang 88 Speedmart",2025,2025-12,"December",22,895.68,40.71,ACTIVE
"Azman Zulkifli","MANAGER","Ampang 88 Speedmart",2026,2026-01,"January",8,225.96,28.25,ACTIVE
"Azman Zulkifli","MANAGER","Ampang 88 Speedmart",2026,2026-02,"February",11,353.43,32.13,ACTIVE
"Azman Zulkifli","MANAGER","Ampang 88 Speedmart",2026,2026-03,"March",11,356.23,32.38,ACTIVE
"Azman Zulkifli","MANAGER","Ampang 88 Speedmart",2026,2026-04,"April",6,351.32,58.55,ACTIVE
"Azman Zulkifli","MANAGER","Ampang 88 Speedmart",2026,2026-05,"May",15,727.42,48.49,ACTIVE
"Azman Zulkifli","MANAGER","Ampang 88 Speedmart",2026,2026-06,"June",10,529.02,52.9,ACTIVE
"Fairuz Abdullah","CASHIER","Petaling Jaya 88 Speedmart",2020,2020-09,"September",28,819.2,29.26,ACTIVE
"Fairuz Abdullah","CASHIER","Petaling Jaya 88 Speedmart",2020,2020-10,"October",17,537.12,31.6,ACTIVE
"Fairuz Abdullah","CASHIER","Petaling Jaya 88 Speedmart",2020,2020-11,"November",22,674.24,30.65,ACTIVE
"Fairuz Abdullah","CASHIER","Petaling Jaya 88 Speedmart",2020,2020-12,"December",37,1654.45,44.71,ACTIVE
"Fairuz Abdullah","CASHIER","Petaling Jaya 88 Speedmart",2021,2021-01,"January",14,418.23,29.87,ACTIVE
"Fairuz Abdullah","CASHIER","Petaling Jaya 88 Speedmart",2021,2021-02,"February",15,453.22,30.21,ACTIVE
"Fairuz Abdullah","CASHIER","Petaling Jaya 88 Speedmart",2021,2021-03,"March",13,352.42,27.11,ACTIVE
"Fairuz Abdullah","CASHIER","Petaling Jaya 88 Speedmart",2021,2021-04,"April",10,241.71,24.17,ACTIVE
"Fairuz Abdullah","CASHIER","Petaling Jaya 88 Speedmart",2021,2021-05,"May",18,646.49,35.92,ACTIVE
"Fairuz Abdullah","CASHIER","Petaling Jaya 88 Speedmart",2021,2021-06,"June",16,557.87,34.87,ACTIVE
"Fairuz Abdullah","CASHIER","Petaling Jaya 88 Speedmart",2021,2021-07,"July",6,82.89,13.82,ACTIVE
"Fairuz Abdullah","CASHIER","Petaling Jaya 88 Speedmart",2021,2021-08,"August",13,634.79,48.83,ACTIVE
"Fairuz Abdullah","CASHIER","Petaling Jaya 88 Speedmart",2021,2021-09,"September",12,456.12,38.01,ACTIVE
"Fairuz Abdullah","CASHIER","Petaling Jaya 88 Speedmart",2021,2021-10,"October",9,226.22,25.14,ACTIVE
"Fairuz Abdullah","CASHIER","Petaling Jaya 88 Speedmart",2021,2021-11,"November",17,443.1,26.06,ACTIVE
"Fairuz Abdullah","CASHIER","Petaling Jaya 88 Speedmart",2021,2021-12,"December",13,308.28,23.71,ACTIVE
"Fairuz Abdullah","CASHIER","Petaling Jaya 88 Speedmart",2022,2022-01,"January",6,183.26,30.54,ACTIVE
"Fairuz Abdullah","CASHIER","Petaling Jaya 88 Speedmart",2022,2022-02,"February",10,442.38,44.24,ACTIVE
"Fairuz Abdullah","CASHIER","Petaling Jaya 88 Speedmart",2022,2022-03,"March",4,187.79,46.95,ACTIVE
"Fairuz Abdullah","CASHIER","Petaling Jaya 88 Speedmart",2022,2022-04,"April",8,259.15,32.39,ACTIVE
"Fairuz Abdullah","CASHIER","Petaling Jaya 88 Speedmart",2022,2022-05,"May",8,136.45,17.06,ACTIVE
"Fairuz Abdullah","CASHIER","Petaling Jaya 88 Speedmart",2022,2022-06,"June",10,239.03,23.9,ACTIVE
"Fairuz Abdullah","CASHIER","Petaling Jaya 88 Speedmart",2022,2022-07,"July",11,338.53,30.78,ACTIVE
"Fairuz Abdullah","CASHIER","Petaling Jaya 88 Speedmart",2022,2022-08,"August",12,403.09,33.59,ACTIVE
"Fairuz Abdullah","CASHIER","Petaling Jaya 88 Speedmart",2022,2022-09,"September",11,761.12,69.19,ACTIVE
"Fairuz Abdullah","CASHIER","Petaling Jaya 88 Speedmart",2022,2022-10,"October",6,283.3,47.22,ACTIVE
"Fairuz Abdullah","CASHIER","Petaling Jaya 88 Speedmart",2022,2022-11,"November",13,471.52,36.27,ACTIVE
"Fairuz Abdullah","CASHIER","Petaling Jaya 88 Speedmart",2022,2022-12,"December",9,599.2,66.58,ACTIVE
"Fairuz Abdullah","CASHIER","Petaling Jaya 88 Speedmart",2023,2023-01,"January",5,33.92,6.78,ACTIVE
"Fairuz Abdullah","CASHIER","Petaling Jaya 88 Speedmart",2023,2023-02,"February",4,135.89,33.97,ACTIVE
"Fairuz Abdullah","CASHIER","Petaling Jaya 88 Speedmart",2023,2023-03,"March",5,122.37,24.47,ACTIVE
"Fairuz Abdullah","CASHIER","Petaling Jaya 88 Speedmart",2023,2023-04,"April",6,209.77,34.96,ACTIVE
"Fairuz Abdullah","CASHIER","Petaling Jaya 88 Speedmart",2023,2023-05,"May",4,341.96,85.49,ACTIVE
"Fairuz Abdullah","CASHIER","Petaling Jaya 88 Speedmart",2023,2023-06,"June",8,366.14,45.77,ACTIVE
"Fairuz Abdullah","CASHIER","Petaling Jaya 88 Speedmart",2023,2023-07,"July",7,328.26,46.89,ACTIVE
"Fairuz Abdullah","CASHIER","Petaling Jaya 88 Speedmart",2023,2023-08,"August",4,115.12,28.78,ACTIVE
"Fairuz Abdullah","CASHIER","Petaling Jaya 88 Speedmart",2023,2023-09,"September",7,299.84,42.83,ACTIVE
"Fairuz Abdullah","CASHIER","Petaling Jaya 88 Speedmart",2023,2023-10,"October",9,352.29,39.14,ACTIVE
"Fairuz Abdullah","CASHIER","Petaling Jaya 88 Speedmart",2023,2023-11,"November",6,253.39,42.23,ACTIVE
"Fairuz Abdullah","CASHIER","Petaling Jaya 88 Speedmart",2023,2023-12,"December",15,669.36,44.62,ACTIVE
"Fairuz Abdullah","CASHIER","Petaling Jaya 88 Speedmart",2024,2024-01,"January",2,97.55,48.78,ACTIVE
"Fairuz Abdullah","CASHIER","Petaling Jaya 88 Speedmart",2024,2024-02,"February",7,202.37,28.91,ACTIVE
"Fairuz Abdullah","CASHIER","Petaling Jaya 88 Speedmart",2024,2024-03,"March",13,541.97,41.69,ACTIVE
"Fairuz Abdullah","CASHIER","Petaling Jaya 88 Speedmart",2024,2024-04,"April",10,284.98,28.5,ACTIVE
"Fairuz Abdullah","CASHIER","Petaling Jaya 88 Speedmart",2024,2024-05,"May",4,70.02,17.51,ACTIVE
"Fairuz Abdullah","CASHIER","Petaling Jaya 88 Speedmart",2024,2024-06,"June",6,213.9,35.65,ACTIVE
"Fairuz Abdullah","CASHIER","Petaling Jaya 88 Speedmart",2024,2024-07,"July",7,162.45,23.21,ACTIVE
"Fairuz Abdullah","CASHIER","Petaling Jaya 88 Speedmart",2024,2024-08,"August",4,171.72,42.93,ACTIVE
"Fairuz Abdullah","CASHIER","Petaling Jaya 88 Speedmart",2024,2024-09,"September",6,229.97,38.33,ACTIVE
"Fairuz Abdullah","CASHIER","Petaling Jaya 88 Speedmart",2024,2024-10,"October",7,198.86,28.41,ACTIVE
"Fairuz Abdullah","CASHIER","Petaling Jaya 88 Speedmart",2024,2024-11,"November",7,211.96,30.28,ACTIVE
"Fairuz Abdullah","CASHIER","Petaling Jaya 88 Speedmart",2024,2024-12,"December",22,777.94,35.36,ACTIVE
"Fairuz Abdullah","CASHIER","Petaling Jaya 88 Speedmart",2025,2025-01,"January",11,425.12,38.65,ACTIVE
"Fairuz Abdullah","CASHIER","Petaling Jaya 88 Speedmart",2025,2025-02,"February",4,163.62,40.91,ACTIVE
"Fairuz Abdullah","CASHIER","Petaling Jaya 88 Speedmart",2025,2025-03,"March",5,206.98,41.4,ACTIVE
"Fairuz Abdullah","CASHIER","Petaling Jaya 88 Speedmart",2025,2025-04,"April",10,525.54,52.55,ACTIVE
"Fairuz Abdullah","CASHIER","Petaling Jaya 88 Speedmart",2025,2025-05,"May",5,473.06,94.61,ACTIVE
"Fairuz Abdullah","CASHIER","Petaling Jaya 88 Speedmart",2025,2025-06,"June",9,368.75,40.97,ACTIVE
"Fairuz Abdullah","CASHIER","Petaling Jaya 88 Speedmart",2025,2025-07,"July",7,318.38,45.48,ACTIVE
"Fairuz Abdullah","CASHIER","Petaling Jaya 88 Speedmart",2025,2025-08,"August",11,421.66,38.33,ACTIVE
"Fairuz Abdullah","CASHIER","Petaling Jaya 88 Speedmart",2025,2025-09,"September",7,343.86,49.12,ACTIVE
"Fairuz Abdullah","CASHIER","Petaling Jaya 88 Speedmart",2025,2025-10,"October",11,331.7,30.15,ACTIVE
"Fairuz Abdullah","CASHIER","Petaling Jaya 88 Speedmart",2025,2025-11,"November",9,340.66,37.85,ACTIVE
"Fairuz Abdullah","CASHIER","Petaling Jaya 88 Speedmart",2025,2025-12,"December",14,312.87,22.35,ACTIVE
"Fairuz Abdullah","CASHIER","Petaling Jaya 88 Speedmart",2026,2026-01,"January",8,431.25,53.91,ACTIVE
"Fairuz Abdullah","CASHIER","Petaling Jaya 88 Speedmart",2026,2026-02,"February",16,707.01,44.19,ACTIVE
"Fairuz Abdullah","CASHIER","Petaling Jaya 88 Speedmart",2026,2026-03,"March",8,309.27,38.66,ACTIVE
"Fairuz Abdullah","CASHIER","Petaling Jaya 88 Speedmart",2026,2026-04,"April",8,234.31,29.29,ACTIVE
"Fairuz Abdullah","CASHIER","Petaling Jaya 88 Speedmart",2026,2026-05,"May",6,261.08,43.51,ACTIVE
"Fairuz Abdullah","CASHIER","Petaling Jaya 88 Speedmart",2026,2026-06,"June",10,234.08,23.41,ACTIVE
"Fairuz Ali","CASHIER","Kota Kinabalu 88 Speedmart",2023,2023-01,"January",15,743.4,49.56,ACTIVE
"Fairuz Ali","CASHIER","Kota Kinabalu 88 Speedmart",2023,2023-02,"February",7,194.47,27.78,ACTIVE
"Fairuz Ali","CASHIER","Kota Kinabalu 88 Speedmart",2023,2023-03,"March",8,447.75,55.97,ACTIVE
"Fairuz Ali","CASHIER","Kota Kinabalu 88 Speedmart",2023,2023-04,"April",12,549.86,45.82,ACTIVE
"Fairuz Ali","CASHIER","Kota Kinabalu 88 Speedmart",2023,2023-05,"May",8,341.1,42.64,ACTIVE
"Fairuz Ali","CASHIER","Kota Kinabalu 88 Speedmart",2023,2023-06,"June",9,275.81,30.65,ACTIVE
"Fairuz Ali","CASHIER","Kota Kinabalu 88 Speedmart",2023,2023-07,"July",6,215.65,35.94,ACTIVE
"Fairuz Ali","CASHIER","Kota Kinabalu 88 Speedmart",2023,2023-08,"August",4,65.64,16.41,ACTIVE
"Fairuz Ali","CASHIER","Kota Kinabalu 88 Speedmart",2023,2023-09,"September",7,292.98,41.85,ACTIVE
"Fairuz Ali","CASHIER","Kota Kinabalu 88 Speedmart",2023,2023-10,"October",4,146.93,36.73,ACTIVE
"Fairuz Ali","CASHIER","Kota Kinabalu 88 Speedmart",2023,2023-11,"November",10,377.29,37.73,ACTIVE
"Fairuz Ali","CASHIER","Kota Kinabalu 88 Speedmart",2023,2023-12,"December",11,409.86,37.26,ACTIVE
"Fairuz Ali","CASHIER","Kota Kinabalu 88 Speedmart",2024,2024-01,"January",5,88.19,17.64,ACTIVE
"Fairuz Ali","CASHIER","Kota Kinabalu 88 Speedmart",2024,2024-02,"February",13,316.13,24.32,ACTIVE
"Fairuz Ali","CASHIER","Kota Kinabalu 88 Speedmart",2024,2024-03,"March",7,190.62,27.23,ACTIVE
"Fairuz Ali","CASHIER","Kota Kinabalu 88 Speedmart",2024,2024-04,"April",8,319.83,39.98,ACTIVE
"Fairuz Ali","CASHIER","Kota Kinabalu 88 Speedmart",2024,2024-05,"May",4,95.37,23.84,ACTIVE
"Fairuz Ali","CASHIER","Kota Kinabalu 88 Speedmart",2024,2024-06,"June",6,160.92,26.82,ACTIVE
"Fairuz Ali","CASHIER","Kota Kinabalu 88 Speedmart",2024,2024-07,"July",10,330.13,33.01,ACTIVE
"Fairuz Ali","CASHIER","Kota Kinabalu 88 Speedmart",2024,2024-08,"August",9,666.31,74.03,ACTIVE
"Fairuz Ali","CASHIER","Kota Kinabalu 88 Speedmart",2024,2024-09,"September",7,330.15,47.16,ACTIVE
"Fairuz Ali","CASHIER","Kota Kinabalu 88 Speedmart",2024,2024-10,"October",12,324.08,27.01,ACTIVE
"Fairuz Ali","CASHIER","Kota Kinabalu 88 Speedmart",2024,2024-11,"November",14,392.37,28.03,ACTIVE
"Fairuz Ali","CASHIER","Kota Kinabalu 88 Speedmart",2024,2024-12,"December",21,787.45,37.5,ACTIVE
"Fairuz Ali","CASHIER","Kota Kinabalu 88 Speedmart",2025,2025-01,"January",6,263.39,43.9,ACTIVE
"Fairuz Ali","CASHIER","Kota Kinabalu 88 Speedmart",2025,2025-02,"February",5,161.24,32.25,ACTIVE
"Fairuz Ali","CASHIER","Kota Kinabalu 88 Speedmart",2025,2025-03,"March",8,192.17,24.02,ACTIVE
"Fairuz Ali","CASHIER","Kota Kinabalu 88 Speedmart",2025,2025-04,"April",6,122.68,20.45,ACTIVE
"Fairuz Ali","CASHIER","Kota Kinabalu 88 Speedmart",2025,2025-05,"May",6,198.55,33.09,ACTIVE
"Fairuz Ali","CASHIER","Kota Kinabalu 88 Speedmart",2025,2025-06,"June",4,215,53.75,ACTIVE
"Fairuz Ali","CASHIER","Kota Kinabalu 88 Speedmart",2025,2025-07,"July",8,254.92,31.87,ACTIVE
"Fairuz Ali","CASHIER","Kota Kinabalu 88 Speedmart",2025,2025-08,"August",8,301.1,37.64,ACTIVE
"Fairuz Ali","CASHIER","Kota Kinabalu 88 Speedmart",2025,2025-09,"September",6,282.66,47.11,ACTIVE
"Fairuz Ali","CASHIER","Kota Kinabalu 88 Speedmart",2025,2025-10,"October",11,331.89,30.17,ACTIVE
"Fairuz Ali","CASHIER","Kota Kinabalu 88 Speedmart",2025,2025-11,"November",12,642.66,53.56,ACTIVE
"Fairuz Ali","CASHIER","Kota Kinabalu 88 Speedmart",2025,2025-12,"December",30,1284.01,42.8,ACTIVE
"Fairuz Ali","CASHIER","Kota Kinabalu 88 Speedmart",2026,2026-01,"January",11,593.96,54,ACTIVE
"Fairuz Ali","CASHIER","Kota Kinabalu 88 Speedmart",2026,2026-02,"February",15,905.9,60.39,ACTIVE
"Fairuz Ali","CASHIER","Kota Kinabalu 88 Speedmart",2026,2026-03,"March",8,364.3,45.54,ACTIVE
"Fairuz Ali","CASHIER","Kota Kinabalu 88 Speedmart",2026,2026-04,"April",11,313.03,28.46,ACTIVE
"Fairuz Ali","CASHIER","Kota Kinabalu 88 Speedmart",2026,2026-05,"May",7,198.65,28.38,ACTIVE
"Fairuz Ali","CASHIER","Kota Kinabalu 88 Speedmart",2026,2026-06,"June",15,665.11,44.34,ACTIVE
"Fairuz Hussein","CASHIER","Seremban 88 Speedmart",2022,2022-04,"April",12,290.14,24.18,ACTIVE
"Fairuz Hussein","CASHIER","Seremban 88 Speedmart",2022,2022-05,"May",11,366.91,33.36,ACTIVE
"Fairuz Hussein","CASHIER","Seremban 88 Speedmart",2022,2022-06,"June",4,101.17,25.29,ACTIVE
"Fairuz Hussein","CASHIER","Seremban 88 Speedmart",2022,2022-07,"July",6,303.84,50.64,ACTIVE
"Fairuz Hussein","CASHIER","Seremban 88 Speedmart",2022,2022-08,"August",3,84.17,28.06,ACTIVE
"Fairuz Hussein","CASHIER","Seremban 88 Speedmart",2022,2022-09,"September",6,279.76,46.63,ACTIVE
"Fairuz Hussein","CASHIER","Seremban 88 Speedmart",2022,2022-10,"October",5,270.56,54.11,ACTIVE
"Fairuz Hussein","CASHIER","Seremban 88 Speedmart",2022,2022-11,"November",8,437.09,54.64,ACTIVE
"Fairuz Hussein","CASHIER","Seremban 88 Speedmart",2022,2022-12,"December",13,236.89,18.22,ACTIVE
"Fairuz Hussein","CASHIER","Seremban 88 Speedmart",2023,2023-01,"January",13,537.75,41.37,ACTIVE
"Fairuz Hussein","CASHIER","Seremban 88 Speedmart",2023,2023-02,"February",13,418.89,32.22,ACTIVE
"Fairuz Hussein","CASHIER","Seremban 88 Speedmart",2023,2023-03,"March",12,906.97,75.58,ACTIVE
"Fairuz Hussein","CASHIER","Seremban 88 Speedmart",2023,2023-04,"April",8,145.26,18.16,ACTIVE
"Fairuz Hussein","CASHIER","Seremban 88 Speedmart",2023,2023-05,"May",10,200.93,20.09,ACTIVE
"Fairuz Hussein","CASHIER","Seremban 88 Speedmart",2023,2023-06,"June",11,351.21,31.93,ACTIVE
"Fairuz Hussein","CASHIER","Seremban 88 Speedmart",2023,2023-07,"July",7,262.31,37.47,ACTIVE
"Fairuz Hussein","CASHIER","Seremban 88 Speedmart",2023,2023-08,"August",4,288.09,72.02,ACTIVE
"Fairuz Hussein","CASHIER","Seremban 88 Speedmart",2023,2023-09,"September",2,127.61,63.81,ACTIVE
"Fairuz Hussein","CASHIER","Seremban 88 Speedmart",2023,2023-10,"October",5,137.3,27.46,ACTIVE
"Fairuz Hussein","CASHIER","Seremban 88 Speedmart",2023,2023-11,"November",11,794.02,72.18,ACTIVE
"Fairuz Hussein","CASHIER","Seremban 88 Speedmart",2023,2023-12,"December",14,693.04,49.5,ACTIVE
"Fairuz Hussein","CASHIER","Seremban 88 Speedmart",2024,2024-01,"January",5,189.2,37.84,ACTIVE
"Fairuz Hussein","CASHIER","Seremban 88 Speedmart",2024,2024-02,"February",8,576.14,72.02,ACTIVE
"Fairuz Hussein","CASHIER","Seremban 88 Speedmart",2024,2024-03,"March",8,284.27,35.53,ACTIVE
"Fairuz Hussein","CASHIER","Seremban 88 Speedmart",2024,2024-04,"April",8,189.49,23.69,ACTIVE
"Fairuz Hussein","CASHIER","Seremban 88 Speedmart",2024,2024-05,"May",16,514.23,32.14,ACTIVE
"Fairuz Hussein","CASHIER","Seremban 88 Speedmart",2024,2024-06,"June",16,527.29,32.96,ACTIVE
"Fairuz Hussein","CASHIER","Seremban 88 Speedmart",2024,2024-07,"July",5,126.72,25.34,ACTIVE
"Fairuz Hussein","CASHIER","Seremban 88 Speedmart",2024,2024-08,"August",7,329.82,47.12,ACTIVE
"Fairuz Hussein","CASHIER","Seremban 88 Speedmart",2024,2024-09,"September",7,326.41,46.63,ACTIVE
"Fairuz Hussein","CASHIER","Seremban 88 Speedmart",2024,2024-10,"October",5,60.24,12.05,ACTIVE
"Fairuz Hussein","CASHIER","Seremban 88 Speedmart",2024,2024-11,"November",10,389.58,38.96,ACTIVE
"Fairuz Hussein","CASHIER","Seremban 88 Speedmart",2024,2024-12,"December",14,371.02,26.5,ACTIVE
"Fairuz Hussein","CASHIER","Seremban 88 Speedmart",2025,2025-01,"January",14,409.74,29.27,ACTIVE
"Fairuz Hussein","CASHIER","Seremban 88 Speedmart",2025,2025-02,"February",9,183.4,20.38,ACTIVE
"Fairuz Hussein","CASHIER","Seremban 88 Speedmart",2025,2025-03,"March",10,317.27,31.73,ACTIVE
"Fairuz Hussein","CASHIER","Seremban 88 Speedmart",2025,2025-04,"April",8,256.92,32.12,ACTIVE
"Fairuz Hussein","CASHIER","Seremban 88 Speedmart",2025,2025-05,"May",8,161.22,20.15,ACTIVE
"Fairuz Hussein","CASHIER","Seremban 88 Speedmart",2025,2025-06,"June",8,283.07,35.38,ACTIVE
"Fairuz Hussein","CASHIER","Seremban 88 Speedmart",2025,2025-07,"July",8,219.61,27.45,ACTIVE
"Fairuz Hussein","CASHIER","Seremban 88 Speedmart",2025,2025-08,"August",11,360.29,32.75,ACTIVE
"Fairuz Hussein","CASHIER","Seremban 88 Speedmart",2025,2025-09,"September",15,809.47,53.96,ACTIVE
"Fairuz Hussein","CASHIER","Seremban 88 Speedmart",2025,2025-10,"October",6,120.3,20.05,ACTIVE
"Fairuz Hussein","CASHIER","Seremban 88 Speedmart",2025,2025-11,"November",10,272.33,27.23,ACTIVE
"Fairuz Hussein","CASHIER","Seremban 88 Speedmart",2025,2025-12,"December",18,561.09,31.17,ACTIVE
"Fairuz Hussein","CASHIER","Seremban 88 Speedmart",2026,2026-01,"January",11,362.35,32.94,ACTIVE
"Fairuz Hussein","CASHIER","Seremban 88 Speedmart",2026,2026-02,"February",9,535.65,59.52,ACTIVE
"Fairuz Hussein","CASHIER","Seremban 88 Speedmart",2026,2026-03,"March",8,437.17,54.65,ACTIVE
"Fairuz Hussein","CASHIER","Seremban 88 Speedmart",2026,2026-04,"April",15,551.49,36.77,ACTIVE
"Fairuz Hussein","CASHIER","Seremban 88 Speedmart",2026,2026-05,"May",10,358.77,35.88,ACTIVE
"Fairuz Hussein","CASHIER","Seremban 88 Speedmart",2026,2026-06,"June",12,576.92,48.08,ACTIVE
"Fairuz Ibrahim","ADMIN","Melaka 88 Speedmart",2022,2022-06,"June",6,329.01,54.84,ACTIVE
"Fairuz Ibrahim","ADMIN","Melaka 88 Speedmart",2022,2022-07,"July",7,294.28,42.04,ACTIVE
"Fairuz Ibrahim","ADMIN","Melaka 88 Speedmart",2022,2022-08,"August",3,67.62,22.54,ACTIVE
"Fairuz Ibrahim","ADMIN","Melaka 88 Speedmart",2022,2022-09,"September",7,268.15,38.31,ACTIVE
"Fairuz Ibrahim","ADMIN","Melaka 88 Speedmart",2022,2022-10,"October",5,205.17,41.03,ACTIVE
"Fairuz Ibrahim","ADMIN","Melaka 88 Speedmart",2022,2022-11,"November",8,212.76,26.6,ACTIVE
"Fairuz Ibrahim","ADMIN","Melaka 88 Speedmart",2022,2022-12,"December",12,582.95,48.58,ACTIVE
"Fairuz Ibrahim","ADMIN","Melaka 88 Speedmart",2023,2023-01,"January",3,198.14,66.05,ACTIVE
"Fairuz Ibrahim","ADMIN","Melaka 88 Speedmart",2023,2023-02,"February",6,140.99,23.5,ACTIVE
"Fairuz Ibrahim","ADMIN","Melaka 88 Speedmart",2023,2023-03,"March",7,192.87,27.55,ACTIVE
"Fairuz Ibrahim","ADMIN","Melaka 88 Speedmart",2023,2023-04,"April",6,152.34,25.39,ACTIVE
"Fairuz Ibrahim","ADMIN","Melaka 88 Speedmart",2023,2023-05,"May",8,105.65,13.21,ACTIVE
"Fairuz Ibrahim","ADMIN","Melaka 88 Speedmart",2023,2023-06,"June",5,252.21,50.44,ACTIVE
"Fairuz Ibrahim","ADMIN","Melaka 88 Speedmart",2023,2023-07,"July",5,61.23,12.25,ACTIVE
"Fairuz Ibrahim","ADMIN","Melaka 88 Speedmart",2023,2023-08,"August",8,178.11,22.26,ACTIVE
"Fairuz Ibrahim","ADMIN","Melaka 88 Speedmart",2023,2023-09,"September",4,71.38,17.85,ACTIVE
"Fairuz Ibrahim","ADMIN","Melaka 88 Speedmart",2023,2023-10,"October",9,372.9,41.43,ACTIVE
"Fairuz Ibrahim","ADMIN","Melaka 88 Speedmart",2023,2023-11,"November",10,469.29,46.93,ACTIVE
"Fairuz Ibrahim","ADMIN","Melaka 88 Speedmart",2023,2023-12,"December",17,968.19,56.95,ACTIVE
"Fairuz Ibrahim","ADMIN","Melaka 88 Speedmart",2024,2024-01,"January",4,167.6,41.9,ACTIVE
"Fairuz Ibrahim","ADMIN","Melaka 88 Speedmart",2024,2024-02,"February",4,77.4,19.35,ACTIVE
"Fairuz Ibrahim","ADMIN","Melaka 88 Speedmart",2024,2024-03,"March",7,304.26,43.47,ACTIVE
"Fairuz Ibrahim","ADMIN","Melaka 88 Speedmart",2024,2024-04,"April",3,306.86,102.29,ACTIVE
"Fairuz Ibrahim","ADMIN","Melaka 88 Speedmart",2024,2024-05,"May",6,421.5,70.25,ACTIVE
"Fairuz Ibrahim","ADMIN","Melaka 88 Speedmart",2024,2024-06,"June",9,270.32,30.04,ACTIVE
"Fairuz Ibrahim","ADMIN","Melaka 88 Speedmart",2024,2024-07,"July",10,389.67,38.97,ACTIVE
"Fairuz Ibrahim","ADMIN","Melaka 88 Speedmart",2024,2024-08,"August",7,181.89,25.98,ACTIVE
"Fairuz Ibrahim","ADMIN","Melaka 88 Speedmart",2024,2024-09,"September",3,82.09,27.36,ACTIVE
"Fairuz Ibrahim","ADMIN","Melaka 88 Speedmart",2024,2024-10,"October",8,248.63,31.08,ACTIVE
"Fairuz Ibrahim","ADMIN","Melaka 88 Speedmart",2024,2024-11,"November",13,639.25,49.17,ACTIVE
"Fairuz Ibrahim","ADMIN","Melaka 88 Speedmart",2024,2024-12,"December",12,531.01,44.25,ACTIVE
"Fairuz Ibrahim","ADMIN","Melaka 88 Speedmart",2025,2025-01,"January",9,541.3,60.14,ACTIVE
"Fairuz Ibrahim","ADMIN","Melaka 88 Speedmart",2025,2025-02,"February",10,345.92,34.59,ACTIVE
"Fairuz Ibrahim","ADMIN","Melaka 88 Speedmart",2025,2025-03,"March",4,123.84,30.96,ACTIVE
"Fairuz Ibrahim","ADMIN","Melaka 88 Speedmart",2025,2025-04,"April",7,441.42,63.06,ACTIVE
"Fairuz Ibrahim","ADMIN","Melaka 88 Speedmart",2025,2025-05,"May",7,590.22,84.32,ACTIVE
"Fairuz Ibrahim","ADMIN","Melaka 88 Speedmart",2025,2025-06,"June",13,489.78,37.68,ACTIVE
"Fairuz Ibrahim","ADMIN","Melaka 88 Speedmart",2025,2025-07,"July",2,75.14,37.57,ACTIVE
"Fairuz Ibrahim","ADMIN","Melaka 88 Speedmart",2025,2025-08,"August",8,214.98,26.87,ACTIVE
"Fairuz Ibrahim","ADMIN","Melaka 88 Speedmart",2025,2025-09,"September",4,229.29,57.32,ACTIVE
"Fairuz Ibrahim","ADMIN","Melaka 88 Speedmart",2025,2025-10,"October",7,208.27,29.75,ACTIVE
"Fairuz Ibrahim","ADMIN","Melaka 88 Speedmart",2025,2025-11,"November",8,570.13,71.27,ACTIVE
"Fairuz Ibrahim","ADMIN","Melaka 88 Speedmart",2025,2025-12,"December",17,998.68,58.75,ACTIVE
"Fairuz Ibrahim","ADMIN","Melaka 88 Speedmart",2026,2026-01,"January",9,245.22,27.25,ACTIVE
"Fairuz Ibrahim","ADMIN","Melaka 88 Speedmart",2026,2026-02,"February",15,428.85,28.59,ACTIVE
"Fairuz Ibrahim","ADMIN","Melaka 88 Speedmart",2026,2026-03,"March",6,226.69,37.78,ACTIVE
"Fairuz Ibrahim","ADMIN","Melaka 88 Speedmart",2026,2026-04,"April",5,170.91,34.18,ACTIVE
"Fairuz Ibrahim","ADMIN","Melaka 88 Speedmart",2026,2026-05,"May",15,604.1,40.27,ACTIVE
"Fairuz Ibrahim","ADMIN","Melaka 88 Speedmart",2026,2026-06,"June",9,416.09,46.23,ACTIVE
"Fairuz Salleh","CASHIER","Klang 88 Speedmart",2021,2021-01,"January",14,495.78,35.41,ACTIVE
"Fairuz Salleh","CASHIER","Klang 88 Speedmart",2021,2021-02,"February",21,886.14,42.2,ACTIVE
"Fairuz Salleh","CASHIER","Klang 88 Speedmart",2021,2021-03,"March",7,351.64,50.23,ACTIVE
"Fairuz Salleh","CASHIER","Klang 88 Speedmart",2021,2021-04,"April",7,292.03,41.72,ACTIVE
"Fairuz Salleh","CASHIER","Klang 88 Speedmart",2021,2021-05,"May",16,748.83,46.8,ACTIVE
"Fairuz Salleh","CASHIER","Klang 88 Speedmart",2021,2021-06,"June",16,404.35,25.27,ACTIVE
"Fairuz Salleh","CASHIER","Klang 88 Speedmart",2021,2021-07,"July",6,99.55,16.59,ACTIVE
"Fairuz Salleh","CASHIER","Klang 88 Speedmart",2021,2021-08,"August",11,353.77,32.16,ACTIVE
"Fairuz Salleh","CASHIER","Klang 88 Speedmart",2021,2021-09,"September",10,352.08,35.21,ACTIVE
"Fairuz Salleh","CASHIER","Klang 88 Speedmart",2021,2021-10,"October",6,119.75,19.96,ACTIVE
"Fairuz Salleh","CASHIER","Klang 88 Speedmart",2021,2021-11,"November",14,317.56,22.68,ACTIVE
"Fairuz Salleh","CASHIER","Klang 88 Speedmart",2021,2021-12,"December",13,394.92,30.38,ACTIVE
"Fairuz Salleh","CASHIER","Klang 88 Speedmart",2022,2022-01,"January",7,298.08,42.58,ACTIVE
"Fairuz Salleh","CASHIER","Klang 88 Speedmart",2022,2022-02,"February",5,180.23,36.05,ACTIVE
"Fairuz Salleh","CASHIER","Klang 88 Speedmart",2022,2022-03,"March",8,303.67,37.96,ACTIVE
"Fairuz Salleh","CASHIER","Klang 88 Speedmart",2022,2022-04,"April",4,82.42,20.61,ACTIVE
"Fairuz Salleh","CASHIER","Klang 88 Speedmart",2022,2022-05,"May",5,111.91,22.38,ACTIVE
"Fairuz Salleh","CASHIER","Klang 88 Speedmart",2022,2022-06,"June",8,703.43,87.93,ACTIVE
"Fairuz Salleh","CASHIER","Klang 88 Speedmart",2022,2022-07,"July",5,125.1,25.02,ACTIVE
"Fairuz Salleh","CASHIER","Klang 88 Speedmart",2022,2022-08,"August",6,220.19,36.7,ACTIVE
"Fairuz Salleh","CASHIER","Klang 88 Speedmart",2022,2022-09,"September",11,588.03,53.46,ACTIVE
"Fairuz Salleh","CASHIER","Klang 88 Speedmart",2022,2022-10,"October",12,540.84,45.07,ACTIVE
"Fairuz Salleh","CASHIER","Klang 88 Speedmart",2022,2022-11,"November",4,90.16,22.54,ACTIVE
"Fairuz Salleh","CASHIER","Klang 88 Speedmart",2022,2022-12,"December",10,432.44,43.24,ACTIVE
"Fairuz Salleh","CASHIER","Klang 88 Speedmart",2023,2023-01,"January",9,397.89,44.21,ACTIVE
"Fairuz Salleh","CASHIER","Klang 88 Speedmart",2023,2023-02,"February",5,189.66,37.93,ACTIVE
"Fairuz Salleh","CASHIER","Klang 88 Speedmart",2023,2023-03,"March",5,168.77,33.75,ACTIVE
"Fairuz Salleh","CASHIER","Klang 88 Speedmart",2023,2023-04,"April",3,74.12,24.71,ACTIVE
"Fairuz Salleh","CASHIER","Klang 88 Speedmart",2023,2023-05,"May",9,247.53,27.5,ACTIVE
"Fairuz Salleh","CASHIER","Klang 88 Speedmart",2023,2023-06,"June",12,426.1,35.51,ACTIVE
"Fairuz Salleh","CASHIER","Klang 88 Speedmart",2023,2023-07,"July",7,329.18,47.03,ACTIVE
"Fairuz Salleh","CASHIER","Klang 88 Speedmart",2023,2023-08,"August",7,349.32,49.9,ACTIVE
"Fairuz Salleh","CASHIER","Klang 88 Speedmart",2023,2023-09,"September",3,245.82,81.94,ACTIVE
"Fairuz Salleh","CASHIER","Klang 88 Speedmart",2023,2023-10,"October",5,337.84,67.57,ACTIVE
"Fairuz Salleh","CASHIER","Klang 88 Speedmart",2023,2023-11,"November",6,256.01,42.67,ACTIVE
"Fairuz Salleh","CASHIER","Klang 88 Speedmart",2023,2023-12,"December",15,359.33,23.96,ACTIVE
"Fairuz Salleh","CASHIER","Klang 88 Speedmart",2024,2024-01,"January",10,403.24,40.32,ACTIVE
"Fairuz Salleh","CASHIER","Klang 88 Speedmart",2024,2024-02,"February",5,240.97,48.19,ACTIVE
"Fairuz Salleh","CASHIER","Klang 88 Speedmart",2024,2024-03,"March",8,253.04,31.63,ACTIVE
"Fairuz Salleh","CASHIER","Klang 88 Speedmart",2024,2024-04,"April",10,842.23,84.22,ACTIVE
"Fairuz Salleh","CASHIER","Klang 88 Speedmart",2024,2024-05,"May",8,378.23,47.28,ACTIVE
"Fairuz Salleh","CASHIER","Klang 88 Speedmart",2024,2024-06,"June",8,394.08,49.26,ACTIVE
"Fairuz Salleh","CASHIER","Klang 88 Speedmart",2024,2024-07,"July",12,263.17,21.93,ACTIVE
"Fairuz Salleh","CASHIER","Klang 88 Speedmart",2024,2024-08,"August",9,270.7,30.08,ACTIVE
"Fairuz Salleh","CASHIER","Klang 88 Speedmart",2024,2024-09,"September",6,193.3,32.22,ACTIVE
"Fairuz Salleh","CASHIER","Klang 88 Speedmart",2024,2024-10,"October",8,308.6,38.58,ACTIVE
"Fairuz Salleh","CASHIER","Klang 88 Speedmart",2024,2024-11,"November",9,287.49,31.94,ACTIVE
"Fairuz Salleh","CASHIER","Klang 88 Speedmart",2024,2024-12,"December",14,721.3,51.52,ACTIVE
"Fairuz Salleh","CASHIER","Klang 88 Speedmart",2025,2025-01,"January",7,222.9,31.84,ACTIVE
"Fairuz Salleh","CASHIER","Klang 88 Speedmart",2025,2025-02,"February",6,217.99,36.33,ACTIVE
"Fairuz Salleh","CASHIER","Klang 88 Speedmart",2025,2025-03,"March",5,273.87,54.77,ACTIVE
"Fairuz Salleh","CASHIER","Klang 88 Speedmart",2025,2025-04,"April",6,242.77,40.46,ACTIVE
"Fairuz Salleh","CASHIER","Klang 88 Speedmart",2025,2025-05,"May",7,334.13,47.73,ACTIVE
"Fairuz Salleh","CASHIER","Klang 88 Speedmart",2025,2025-06,"June",14,502.27,35.88,ACTIVE
"Fairuz Salleh","CASHIER","Klang 88 Speedmart",2025,2025-07,"July",13,550.55,42.35,ACTIVE
"Fairuz Salleh","CASHIER","Klang 88 Speedmart",2025,2025-08,"August",13,312.68,24.05,ACTIVE
"Fairuz Salleh","CASHIER","Klang 88 Speedmart",2025,2025-09,"September",6,206.89,34.48,ACTIVE
"Fairuz Salleh","CASHIER","Klang 88 Speedmart",2025,2025-10,"October",5,132,26.4,ACTIVE
"Fairuz Salleh","CASHIER","Klang 88 Speedmart",2025,2025-11,"November",16,758.92,47.43,ACTIVE
"Fairuz Salleh","CASHIER","Klang 88 Speedmart",2025,2025-12,"December",25,739.51,29.58,ACTIVE
"Fairuz Salleh","CASHIER","Klang 88 Speedmart",2026,2026-01,"January",13,533.41,41.03,ACTIVE
"Fairuz Salleh","CASHIER","Klang 88 Speedmart",2026,2026-02,"February",13,481.71,37.05,ACTIVE
"Fairuz Salleh","CASHIER","Klang 88 Speedmart",2026,2026-03,"March",14,1259.28,89.95,ACTIVE
"Fairuz Salleh","CASHIER","Klang 88 Speedmart",2026,2026-04,"April",11,372.55,33.87,ACTIVE
"Fairuz Salleh","CASHIER","Klang 88 Speedmart",2026,2026-05,"May",15,725.94,48.4,ACTIVE
"Fairuz Salleh","CASHIER","Klang 88 Speedmart",2026,2026-06,"June",10,336.93,33.69,ACTIVE
"Fatimah Abdullah","CASHIER","Klang 88 Speedmart",2021,2021-03,"March",11,349.47,31.77,ACTIVE
"Fatimah Abdullah","CASHIER","Klang 88 Speedmart",2021,2021-04,"April",8,295.13,36.89,ACTIVE
"Fatimah Abdullah","CASHIER","Klang 88 Speedmart",2021,2021-05,"May",11,515.51,46.86,ACTIVE
"Fatimah Abdullah","CASHIER","Klang 88 Speedmart",2021,2021-06,"June",19,761.13,40.06,ACTIVE
"Fatimah Abdullah","CASHIER","Klang 88 Speedmart",2021,2021-07,"July",11,337.7,30.7,ACTIVE
"Fatimah Abdullah","CASHIER","Klang 88 Speedmart",2021,2021-08,"August",6,164.3,27.38,ACTIVE
"Fatimah Abdullah","CASHIER","Klang 88 Speedmart",2021,2021-09,"September",9,223.52,24.84,ACTIVE
"Fatimah Abdullah","CASHIER","Klang 88 Speedmart",2021,2021-10,"October",6,343.56,57.26,ACTIVE
"Fatimah Abdullah","CASHIER","Klang 88 Speedmart",2021,2021-11,"November",9,218.87,24.32,ACTIVE
"Fatimah Abdullah","CASHIER","Klang 88 Speedmart",2021,2021-12,"December",18,751.28,41.74,ACTIVE
"Fatimah Abdullah","CASHIER","Klang 88 Speedmart",2022,2022-01,"January",12,465.57,38.8,ACTIVE
"Fatimah Abdullah","CASHIER","Klang 88 Speedmart",2022,2022-02,"February",4,152.19,38.05,ACTIVE
"Fatimah Abdullah","CASHIER","Klang 88 Speedmart",2022,2022-03,"March",5,235.1,47.02,ACTIVE
"Fatimah Abdullah","CASHIER","Klang 88 Speedmart",2022,2022-04,"April",10,421.81,42.18,ACTIVE
"Fatimah Abdullah","CASHIER","Klang 88 Speedmart",2022,2022-05,"May",9,402.15,44.68,ACTIVE
"Fatimah Abdullah","CASHIER","Klang 88 Speedmart",2022,2022-06,"June",8,368.41,46.05,ACTIVE
"Fatimah Abdullah","CASHIER","Klang 88 Speedmart",2022,2022-07,"July",8,205.31,25.66,ACTIVE
"Fatimah Abdullah","CASHIER","Klang 88 Speedmart",2022,2022-08,"August",9,225.12,25.01,ACTIVE
"Fatimah Abdullah","CASHIER","Klang 88 Speedmart",2022,2022-09,"September",3,40.57,13.52,ACTIVE
"Fatimah Abdullah","CASHIER","Klang 88 Speedmart",2022,2022-10,"October",8,414.83,51.85,ACTIVE
"Fatimah Abdullah","CASHIER","Klang 88 Speedmart",2022,2022-11,"November",6,659.93,109.99,ACTIVE
"Fatimah Abdullah","CASHIER","Klang 88 Speedmart",2022,2022-12,"December",16,737.85,46.12,ACTIVE
"Fatimah Abdullah","CASHIER","Klang 88 Speedmart",2023,2023-01,"January",8,387.88,48.49,ACTIVE
"Fatimah Abdullah","CASHIER","Klang 88 Speedmart",2023,2023-02,"February",8,406.54,50.82,ACTIVE
"Fatimah Abdullah","CASHIER","Klang 88 Speedmart",2023,2023-03,"March",10,333.89,33.39,ACTIVE
"Fatimah Abdullah","CASHIER","Klang 88 Speedmart",2023,2023-04,"April",9,440.12,48.9,ACTIVE
"Fatimah Abdullah","CASHIER","Klang 88 Speedmart",2023,2023-05,"May",6,119.73,19.96,ACTIVE
"Fatimah Abdullah","CASHIER","Klang 88 Speedmart",2023,2023-06,"June",9,676.26,75.14,ACTIVE
"Fatimah Abdullah","CASHIER","Klang 88 Speedmart",2023,2023-07,"July",3,43.16,14.39,ACTIVE
"Fatimah Abdullah","CASHIER","Klang 88 Speedmart",2023,2023-08,"August",7,430.4,61.49,ACTIVE
"Fatimah Abdullah","CASHIER","Klang 88 Speedmart",2023,2023-09,"September",7,126.22,18.03,ACTIVE
"Fatimah Abdullah","CASHIER","Klang 88 Speedmart",2023,2023-10,"October",8,486.18,60.77,ACTIVE
"Fatimah Abdullah","CASHIER","Klang 88 Speedmart",2023,2023-11,"November",16,641.52,40.1,ACTIVE
"Fatimah Abdullah","CASHIER","Klang 88 Speedmart",2023,2023-12,"December",17,499.85,29.4,ACTIVE
"Fatimah Abdullah","CASHIER","Klang 88 Speedmart",2024,2024-01,"January",7,248.82,35.55,ACTIVE
"Fatimah Abdullah","CASHIER","Klang 88 Speedmart",2024,2024-02,"February",8,146.63,18.33,ACTIVE
"Fatimah Abdullah","CASHIER","Klang 88 Speedmart",2024,2024-03,"March",4,273.13,68.28,ACTIVE
"Fatimah Abdullah","CASHIER","Klang 88 Speedmart",2024,2024-04,"April",8,434.3,54.29,ACTIVE
"Fatimah Abdullah","CASHIER","Klang 88 Speedmart",2024,2024-05,"May",11,313.85,28.53,ACTIVE
"Fatimah Abdullah","CASHIER","Klang 88 Speedmart",2024,2024-06,"June",10,298.49,29.85,ACTIVE
"Fatimah Abdullah","CASHIER","Klang 88 Speedmart",2024,2024-07,"July",5,265.94,53.19,ACTIVE
"Fatimah Abdullah","CASHIER","Klang 88 Speedmart",2024,2024-08,"August",9,264.03,29.34,ACTIVE
"Fatimah Abdullah","CASHIER","Klang 88 Speedmart",2024,2024-09,"September",5,281.35,56.27,ACTIVE
"Fatimah Abdullah","CASHIER","Klang 88 Speedmart",2024,2024-10,"October",7,518.97,74.14,ACTIVE
"Fatimah Abdullah","CASHIER","Klang 88 Speedmart",2024,2024-11,"November",9,229.62,25.51,ACTIVE
"Fatimah Abdullah","CASHIER","Klang 88 Speedmart",2024,2024-12,"December",16,572.34,35.77,ACTIVE
"Fatimah Abdullah","CASHIER","Klang 88 Speedmart",2025,2025-01,"January",5,76.54,15.31,ACTIVE
"Fatimah Abdullah","CASHIER","Klang 88 Speedmart",2025,2025-02,"February",10,578.05,57.81,ACTIVE
"Fatimah Abdullah","CASHIER","Klang 88 Speedmart",2025,2025-03,"March",10,464.95,46.5,ACTIVE
"Fatimah Abdullah","CASHIER","Klang 88 Speedmart",2025,2025-04,"April",11,596.6,54.24,ACTIVE
"Fatimah Abdullah","CASHIER","Klang 88 Speedmart",2025,2025-05,"May",8,270.27,33.78,ACTIVE
"Fatimah Abdullah","CASHIER","Klang 88 Speedmart",2025,2025-06,"June",10,509.91,50.99,ACTIVE
"Fatimah Abdullah","CASHIER","Klang 88 Speedmart",2025,2025-07,"July",11,490.66,44.61,ACTIVE
"Fatimah Abdullah","CASHIER","Klang 88 Speedmart",2025,2025-08,"August",14,775.75,55.41,ACTIVE
"Fatimah Abdullah","CASHIER","Klang 88 Speedmart",2025,2025-09,"September",10,398.99,39.9,ACTIVE
"Fatimah Abdullah","CASHIER","Klang 88 Speedmart",2025,2025-10,"October",12,474.87,39.57,ACTIVE
"Fatimah Abdullah","CASHIER","Klang 88 Speedmart",2025,2025-11,"November",13,473.49,36.42,ACTIVE
"Fatimah Abdullah","CASHIER","Klang 88 Speedmart",2025,2025-12,"December",24,902.98,37.62,ACTIVE
"Fatimah Abdullah","CASHIER","Klang 88 Speedmart",2026,2026-01,"January",18,652.03,36.22,ACTIVE
"Fatimah Abdullah","CASHIER","Klang 88 Speedmart",2026,2026-02,"February",12,648.87,54.07,ACTIVE
"Fatimah Abdullah","CASHIER","Klang 88 Speedmart",2026,2026-03,"March",18,1009.49,56.08,ACTIVE
"Fatimah Abdullah","CASHIER","Klang 88 Speedmart",2026,2026-04,"April",13,447.18,34.4,ACTIVE
"Fatimah Abdullah","CASHIER","Klang 88 Speedmart",2026,2026-05,"May",15,546.08,36.41,ACTIVE
"Fatimah Abdullah","CASHIER","Klang 88 Speedmart",2026,2026-06,"June",24,1000.9,41.7,ACTIVE
"Fatimah Ahmad","ADMIN","Kota Kinabalu 88 Speedmart",2023,2023-01,"January",11,534.46,48.59,ACTIVE
"Fatimah Ahmad","ADMIN","Kota Kinabalu 88 Speedmart",2023,2023-02,"February",5,150.79,30.16,ACTIVE
"Fatimah Ahmad","ADMIN","Kota Kinabalu 88 Speedmart",2023,2023-03,"March",10,418.19,41.82,ACTIVE
"Fatimah Ahmad","ADMIN","Kota Kinabalu 88 Speedmart",2023,2023-04,"April",6,269.49,44.92,ACTIVE
"Fatimah Ahmad","ADMIN","Kota Kinabalu 88 Speedmart",2023,2023-05,"May",12,508.28,42.36,ACTIVE
"Fatimah Ahmad","ADMIN","Kota Kinabalu 88 Speedmart",2023,2023-06,"June",11,413.44,37.59,ACTIVE
"Fatimah Ahmad","ADMIN","Kota Kinabalu 88 Speedmart",2023,2023-07,"July",12,380.31,31.69,ACTIVE
"Fatimah Ahmad","ADMIN","Kota Kinabalu 88 Speedmart",2023,2023-08,"August",6,173.6,28.93,ACTIVE
"Fatimah Ahmad","ADMIN","Kota Kinabalu 88 Speedmart",2023,2023-09,"September",11,750.36,68.21,ACTIVE
"Fatimah Ahmad","ADMIN","Kota Kinabalu 88 Speedmart",2023,2023-10,"October",2,338.08,169.04,ACTIVE
"Fatimah Ahmad","ADMIN","Kota Kinabalu 88 Speedmart",2023,2023-11,"November",8,398.02,49.75,ACTIVE
"Fatimah Ahmad","ADMIN","Kota Kinabalu 88 Speedmart",2023,2023-12,"December",18,710.74,39.49,ACTIVE
"Fatimah Ahmad","ADMIN","Kota Kinabalu 88 Speedmart",2024,2024-01,"January",7,162.55,23.22,ACTIVE
"Fatimah Ahmad","ADMIN","Kota Kinabalu 88 Speedmart",2024,2024-02,"February",4,143.73,35.93,ACTIVE
"Fatimah Ahmad","ADMIN","Kota Kinabalu 88 Speedmart",2024,2024-03,"March",6,228.19,38.03,ACTIVE
"Fatimah Ahmad","ADMIN","Kota Kinabalu 88 Speedmart",2024,2024-04,"April",10,511.3,51.13,ACTIVE
"Fatimah Ahmad","ADMIN","Kota Kinabalu 88 Speedmart",2024,2024-05,"May",5,96.25,19.25,ACTIVE
"Fatimah Ahmad","ADMIN","Kota Kinabalu 88 Speedmart",2024,2024-06,"June",7,134.77,19.25,ACTIVE
"Fatimah Ahmad","ADMIN","Kota Kinabalu 88 Speedmart",2024,2024-07,"July",6,473.67,78.95,ACTIVE
"Fatimah Ahmad","ADMIN","Kota Kinabalu 88 Speedmart",2024,2024-08,"August",5,189.17,37.83,ACTIVE
"Fatimah Ahmad","ADMIN","Kota Kinabalu 88 Speedmart",2024,2024-09,"September",6,176.54,29.42,ACTIVE
"Fatimah Ahmad","ADMIN","Kota Kinabalu 88 Speedmart",2024,2024-10,"October",7,242.9,34.7,ACTIVE
"Fatimah Ahmad","ADMIN","Kota Kinabalu 88 Speedmart",2024,2024-11,"November",6,130.21,21.7,ACTIVE
"Fatimah Ahmad","ADMIN","Kota Kinabalu 88 Speedmart",2024,2024-12,"December",14,857.35,61.24,ACTIVE
"Fatimah Ahmad","ADMIN","Kota Kinabalu 88 Speedmart",2025,2025-01,"January",12,470.43,39.2,ACTIVE
"Fatimah Ahmad","ADMIN","Kota Kinabalu 88 Speedmart",2025,2025-02,"February",5,189.89,37.98,ACTIVE
"Fatimah Ahmad","ADMIN","Kota Kinabalu 88 Speedmart",2025,2025-03,"March",9,461.7,51.3,ACTIVE
"Fatimah Ahmad","ADMIN","Kota Kinabalu 88 Speedmart",2025,2025-04,"April",7,154.12,22.02,ACTIVE
"Fatimah Ahmad","ADMIN","Kota Kinabalu 88 Speedmart",2025,2025-05,"May",8,328.51,41.06,ACTIVE
"Fatimah Ahmad","ADMIN","Kota Kinabalu 88 Speedmart",2025,2025-06,"June",10,828.85,82.89,ACTIVE
"Fatimah Ahmad","ADMIN","Kota Kinabalu 88 Speedmart",2025,2025-07,"July",5,278.89,55.78,ACTIVE
"Fatimah Ahmad","ADMIN","Kota Kinabalu 88 Speedmart",2025,2025-08,"August",9,351.09,39.01,ACTIVE
"Fatimah Ahmad","ADMIN","Kota Kinabalu 88 Speedmart",2025,2025-09,"September",7,501.31,71.62,ACTIVE
"Fatimah Ahmad","ADMIN","Kota Kinabalu 88 Speedmart",2025,2025-10,"October",9,262.26,29.14,ACTIVE
"Fatimah Ahmad","ADMIN","Kota Kinabalu 88 Speedmart",2025,2025-11,"November",18,791.06,43.95,ACTIVE
"Fatimah Ahmad","ADMIN","Kota Kinabalu 88 Speedmart",2025,2025-12,"December",17,851.45,50.09,ACTIVE
"Fatimah Ahmad","ADMIN","Kota Kinabalu 88 Speedmart",2026,2026-01,"January",5,188.39,37.68,ACTIVE
"Fatimah Ahmad","ADMIN","Kota Kinabalu 88 Speedmart",2026,2026-02,"February",15,491.08,32.74,ACTIVE
"Fatimah Ahmad","ADMIN","Kota Kinabalu 88 Speedmart",2026,2026-03,"March",10,588.51,58.85,ACTIVE
"Fatimah Ahmad","ADMIN","Kota Kinabalu 88 Speedmart",2026,2026-04,"April",5,207.45,41.49,ACTIVE
"Fatimah Ahmad","ADMIN","Kota Kinabalu 88 Speedmart",2026,2026-05,"May",8,175.77,21.97,ACTIVE
"Fatimah Ahmad","ADMIN","Kota Kinabalu 88 Speedmart",2026,2026-06,"June",9,262.79,29.2,ACTIVE
"Fatimah Hassan","CASHIER","Shah Alam 88 Speedmart",2020,2020-12,"December",27,1101.6,40.8,ACTIVE
"Fatimah Hassan","CASHIER","Shah Alam 88 Speedmart",2021,2021-01,"January",19,512.86,26.99,ACTIVE
"Fatimah Hassan","CASHIER","Shah Alam 88 Speedmart",2021,2021-02,"February",13,471.79,36.29,ACTIVE
"Fatimah Hassan","CASHIER","Shah Alam 88 Speedmart",2021,2021-03,"March",15,667.4,44.49,ACTIVE
"Fatimah Hassan","CASHIER","Shah Alam 88 Speedmart",2021,2021-04,"April",8,246.24,30.78,ACTIVE
"Fatimah Hassan","CASHIER","Shah Alam 88 Speedmart",2021,2021-05,"May",17,684.59,40.27,ACTIVE
"Fatimah Hassan","CASHIER","Shah Alam 88 Speedmart",2021,2021-06,"June",16,642.64,40.17,ACTIVE
"Fatimah Hassan","CASHIER","Shah Alam 88 Speedmart",2021,2021-07,"July",15,531.95,35.46,ACTIVE
"Fatimah Hassan","CASHIER","Shah Alam 88 Speedmart",2021,2021-08,"August",9,258.74,28.75,ACTIVE
"Fatimah Hassan","CASHIER","Shah Alam 88 Speedmart",2021,2021-09,"September",6,251.54,41.92,ACTIVE
"Fatimah Hassan","CASHIER","Shah Alam 88 Speedmart",2021,2021-10,"October",10,381.8,38.18,ACTIVE
"Fatimah Hassan","CASHIER","Shah Alam 88 Speedmart",2021,2021-11,"November",9,673.75,74.86,ACTIVE
"Fatimah Hassan","CASHIER","Shah Alam 88 Speedmart",2021,2021-12,"December",18,586.18,32.57,ACTIVE
"Fatimah Hassan","CASHIER","Shah Alam 88 Speedmart",2022,2022-01,"January",6,151.22,25.2,ACTIVE
"Fatimah Hassan","CASHIER","Shah Alam 88 Speedmart",2022,2022-02,"February",6,112.06,18.68,ACTIVE
"Fatimah Hassan","CASHIER","Shah Alam 88 Speedmart",2022,2022-03,"March",5,208.79,41.76,ACTIVE
"Fatimah Hassan","CASHIER","Shah Alam 88 Speedmart",2022,2022-04,"April",4,115.05,28.76,ACTIVE
"Fatimah Hassan","CASHIER","Shah Alam 88 Speedmart",2022,2022-05,"May",8,265.94,33.24,ACTIVE
"Fatimah Hassan","CASHIER","Shah Alam 88 Speedmart",2022,2022-06,"June",12,464.53,38.71,ACTIVE
"Fatimah Hassan","CASHIER","Shah Alam 88 Speedmart",2022,2022-07,"July",6,388.8,64.8,ACTIVE
"Fatimah Hassan","CASHIER","Shah Alam 88 Speedmart",2022,2022-08,"August",5,220.26,44.05,ACTIVE
"Fatimah Hassan","CASHIER","Shah Alam 88 Speedmart",2022,2022-09,"September",4,81.86,20.47,ACTIVE
"Fatimah Hassan","CASHIER","Shah Alam 88 Speedmart",2022,2022-10,"October",7,496.56,70.94,ACTIVE
"Fatimah Hassan","CASHIER","Shah Alam 88 Speedmart",2022,2022-11,"November",10,151.79,15.18,ACTIVE
"Fatimah Hassan","CASHIER","Shah Alam 88 Speedmart",2022,2022-12,"December",24,989.2,41.22,ACTIVE
"Fatimah Hassan","CASHIER","Shah Alam 88 Speedmart",2023,2023-01,"January",5,91.69,18.34,ACTIVE
"Fatimah Hassan","CASHIER","Shah Alam 88 Speedmart",2023,2023-02,"February",4,140.32,35.08,ACTIVE
"Fatimah Hassan","CASHIER","Shah Alam 88 Speedmart",2023,2023-03,"March",7,342.81,48.97,ACTIVE
"Fatimah Hassan","CASHIER","Shah Alam 88 Speedmart",2023,2023-04,"April",10,531.99,53.2,ACTIVE
"Fatimah Hassan","CASHIER","Shah Alam 88 Speedmart",2023,2023-05,"May",7,353.28,50.47,ACTIVE
"Fatimah Hassan","CASHIER","Shah Alam 88 Speedmart",2023,2023-06,"June",7,209.86,29.98,ACTIVE
"Fatimah Hassan","CASHIER","Shah Alam 88 Speedmart",2023,2023-07,"July",9,321.9,35.77,ACTIVE
"Fatimah Hassan","CASHIER","Shah Alam 88 Speedmart",2023,2023-08,"August",9,453.69,50.41,ACTIVE
"Fatimah Hassan","CASHIER","Shah Alam 88 Speedmart",2023,2023-09,"September",2,10.43,5.22,ACTIVE
"Fatimah Hassan","CASHIER","Shah Alam 88 Speedmart",2023,2023-10,"October",3,89.7,29.9,ACTIVE
"Fatimah Hassan","CASHIER","Shah Alam 88 Speedmart",2023,2023-11,"November",3,138.12,46.04,ACTIVE
"Fatimah Hassan","CASHIER","Shah Alam 88 Speedmart",2023,2023-12,"December",11,339.69,30.88,ACTIVE
"Fatimah Hassan","CASHIER","Shah Alam 88 Speedmart",2024,2024-01,"January",6,154.13,25.69,ACTIVE
"Fatimah Hassan","CASHIER","Shah Alam 88 Speedmart",2024,2024-02,"February",8,537.02,67.13,ACTIVE
"Fatimah Hassan","CASHIER","Shah Alam 88 Speedmart",2024,2024-03,"March",9,506.41,56.27,ACTIVE
"Fatimah Hassan","CASHIER","Shah Alam 88 Speedmart",2024,2024-04,"April",7,349.15,49.88,ACTIVE
"Fatimah Hassan","CASHIER","Shah Alam 88 Speedmart",2024,2024-05,"May",3,118.1,39.37,ACTIVE
"Fatimah Hassan","CASHIER","Shah Alam 88 Speedmart",2024,2024-06,"June",9,306.14,34.02,ACTIVE
"Fatimah Hassan","CASHIER","Shah Alam 88 Speedmart",2024,2024-07,"July",14,456.92,32.64,ACTIVE
"Fatimah Hassan","CASHIER","Shah Alam 88 Speedmart",2024,2024-08,"August",4,394.07,98.52,ACTIVE
"Fatimah Hassan","CASHIER","Shah Alam 88 Speedmart",2024,2024-09,"September",3,180.34,60.11,ACTIVE
"Fatimah Hassan","CASHIER","Shah Alam 88 Speedmart",2024,2024-10,"October",14,1026.21,73.3,ACTIVE
"Fatimah Hassan","CASHIER","Shah Alam 88 Speedmart",2024,2024-11,"November",8,227.58,28.45,ACTIVE
"Fatimah Hassan","CASHIER","Shah Alam 88 Speedmart",2024,2024-12,"December",20,794.96,39.75,ACTIVE
"Fatimah Hassan","CASHIER","Shah Alam 88 Speedmart",2025,2025-01,"January",8,372.06,46.51,ACTIVE
"Fatimah Hassan","CASHIER","Shah Alam 88 Speedmart",2025,2025-02,"February",4,96.54,24.14,ACTIVE
"Fatimah Hassan","CASHIER","Shah Alam 88 Speedmart",2025,2025-03,"March",6,260.3,43.38,ACTIVE
"Fatimah Hassan","CASHIER","Shah Alam 88 Speedmart",2025,2025-04,"April",6,142.04,23.67,ACTIVE
"Fatimah Hassan","CASHIER","Shah Alam 88 Speedmart",2025,2025-05,"May",12,601.87,50.16,ACTIVE
"Fatimah Hassan","CASHIER","Shah Alam 88 Speedmart",2025,2025-06,"June",15,437.63,29.18,ACTIVE
"Fatimah Hassan","CASHIER","Shah Alam 88 Speedmart",2025,2025-07,"July",4,146.77,36.69,ACTIVE
"Fatimah Hassan","CASHIER","Shah Alam 88 Speedmart",2025,2025-08,"August",9,328.24,36.47,ACTIVE
"Fatimah Hassan","CASHIER","Shah Alam 88 Speedmart",2025,2025-09,"September",5,203.35,40.67,ACTIVE
"Fatimah Hassan","CASHIER","Shah Alam 88 Speedmart",2025,2025-10,"October",6,247.03,41.17,ACTIVE
"Fatimah Hassan","CASHIER","Shah Alam 88 Speedmart",2025,2025-11,"November",6,250.35,41.73,ACTIVE
"Fatimah Hassan","CASHIER","Shah Alam 88 Speedmart",2025,2025-12,"December",22,1187.48,53.98,ACTIVE
"Fatimah Hassan","CASHIER","Shah Alam 88 Speedmart",2026,2026-01,"January",3,22.21,7.4,ACTIVE
"Fatimah Hassan","CASHIER","Shah Alam 88 Speedmart",2026,2026-02,"February",9,317.94,35.33,ACTIVE
"Fatimah Hassan","CASHIER","Shah Alam 88 Speedmart",2026,2026-03,"March",6,329.36,54.89,ACTIVE
"Fatimah Hassan","CASHIER","Shah Alam 88 Speedmart",2026,2026-04,"April",5,243.14,48.63,ACTIVE
"Fatimah Hassan","CASHIER","Shah Alam 88 Speedmart",2026,2026-05,"May",6,306.39,51.07,ACTIVE
"Fatimah Hassan","CASHIER","Shah Alam 88 Speedmart",2026,2026-06,"June",12,500.99,41.75,ACTIVE
"Fatimah Zulkifli","MANAGER","Shah Alam 88 Speedmart",2020,2020-10,"October",19,838.26,44.12,ACTIVE
"Fatimah Zulkifli","MANAGER","Shah Alam 88 Speedmart",2020,2020-11,"November",26,802.61,30.87,ACTIVE
"Fatimah Zulkifli","MANAGER","Shah Alam 88 Speedmart",2020,2020-12,"December",37,1346.36,36.39,ACTIVE
"Fatimah Zulkifli","MANAGER","Shah Alam 88 Speedmart",2021,2021-01,"January",10,401.53,40.15,ACTIVE
"Fatimah Zulkifli","MANAGER","Shah Alam 88 Speedmart",2021,2021-02,"February",10,366.51,36.65,ACTIVE
"Fatimah Zulkifli","MANAGER","Shah Alam 88 Speedmart",2021,2021-03,"March",17,451.3,26.55,ACTIVE
"Fatimah Zulkifli","MANAGER","Shah Alam 88 Speedmart",2021,2021-04,"April",7,223.78,31.97,ACTIVE
"Fatimah Zulkifli","MANAGER","Shah Alam 88 Speedmart",2021,2021-05,"May",13,280.97,21.61,ACTIVE
"Fatimah Zulkifli","MANAGER","Shah Alam 88 Speedmart",2021,2021-06,"June",20,533.99,26.7,ACTIVE
"Fatimah Zulkifli","MANAGER","Shah Alam 88 Speedmart",2021,2021-07,"July",10,244.16,24.42,ACTIVE
"Fatimah Zulkifli","MANAGER","Shah Alam 88 Speedmart",2021,2021-08,"August",10,149.43,14.94,ACTIVE
"Fatimah Zulkifli","MANAGER","Shah Alam 88 Speedmart",2021,2021-09,"September",8,165.49,20.69,ACTIVE
"Fatimah Zulkifli","MANAGER","Shah Alam 88 Speedmart",2021,2021-10,"October",7,205.18,29.31,ACTIVE
"Fatimah Zulkifli","MANAGER","Shah Alam 88 Speedmart",2021,2021-11,"November",7,257.35,36.76,ACTIVE
"Fatimah Zulkifli","MANAGER","Shah Alam 88 Speedmart",2021,2021-12,"December",25,975.01,39,ACTIVE
"Fatimah Zulkifli","MANAGER","Shah Alam 88 Speedmart",2022,2022-01,"January",11,316.62,28.78,ACTIVE
"Fatimah Zulkifli","MANAGER","Shah Alam 88 Speedmart",2022,2022-02,"February",5,126.89,25.38,ACTIVE
"Fatimah Zulkifli","MANAGER","Shah Alam 88 Speedmart",2022,2022-03,"March",4,187.55,46.89,ACTIVE
"Fatimah Zulkifli","MANAGER","Shah Alam 88 Speedmart",2022,2022-04,"April",5,340.07,68.01,ACTIVE
"Fatimah Zulkifli","MANAGER","Shah Alam 88 Speedmart",2022,2022-05,"May",14,821.44,58.67,ACTIVE
"Fatimah Zulkifli","MANAGER","Shah Alam 88 Speedmart",2022,2022-06,"June",7,251.16,35.88,ACTIVE
"Fatimah Zulkifli","MANAGER","Shah Alam 88 Speedmart",2022,2022-07,"July",11,350.08,31.83,ACTIVE
"Fatimah Zulkifli","MANAGER","Shah Alam 88 Speedmart",2022,2022-08,"August",7,401.32,57.33,ACTIVE
"Fatimah Zulkifli","MANAGER","Shah Alam 88 Speedmart",2022,2022-09,"September",8,400.7,50.09,ACTIVE
"Fatimah Zulkifli","MANAGER","Shah Alam 88 Speedmart",2022,2022-10,"October",8,280.54,35.07,ACTIVE
"Fatimah Zulkifli","MANAGER","Shah Alam 88 Speedmart",2022,2022-11,"November",13,664.3,51.1,ACTIVE
"Fatimah Zulkifli","MANAGER","Shah Alam 88 Speedmart",2022,2022-12,"December",13,634.11,48.78,ACTIVE
"Fatimah Zulkifli","MANAGER","Shah Alam 88 Speedmart",2023,2023-01,"January",8,330.88,41.36,ACTIVE
"Fatimah Zulkifli","MANAGER","Shah Alam 88 Speedmart",2023,2023-02,"February",2,97.41,48.71,ACTIVE
"Fatimah Zulkifli","MANAGER","Shah Alam 88 Speedmart",2023,2023-03,"March",7,148.12,21.16,ACTIVE
"Fatimah Zulkifli","MANAGER","Shah Alam 88 Speedmart",2023,2023-04,"April",6,209.05,34.84,ACTIVE
"Fatimah Zulkifli","MANAGER","Shah Alam 88 Speedmart",2023,2023-05,"May",2,36.67,18.34,ACTIVE
"Fatimah Zulkifli","MANAGER","Shah Alam 88 Speedmart",2023,2023-06,"June",11,479.41,43.58,ACTIVE
"Fatimah Zulkifli","MANAGER","Shah Alam 88 Speedmart",2023,2023-07,"July",3,162.01,54,ACTIVE
"Fatimah Zulkifli","MANAGER","Shah Alam 88 Speedmart",2023,2023-08,"August",6,248.09,41.35,ACTIVE
"Fatimah Zulkifli","MANAGER","Shah Alam 88 Speedmart",2023,2023-09,"September",1,32.83,32.83,ACTIVE
"Fatimah Zulkifli","MANAGER","Shah Alam 88 Speedmart",2023,2023-10,"October",9,514.12,57.12,ACTIVE
"Fatimah Zulkifli","MANAGER","Shah Alam 88 Speedmart",2023,2023-11,"November",6,248.58,41.43,ACTIVE
"Fatimah Zulkifli","MANAGER","Shah Alam 88 Speedmart",2023,2023-12,"December",11,310.33,28.21,ACTIVE
"Fatimah Zulkifli","MANAGER","Shah Alam 88 Speedmart",2024,2024-01,"January",2,25.79,12.9,ACTIVE
"Fatimah Zulkifli","MANAGER","Shah Alam 88 Speedmart",2024,2024-02,"February",4,176.77,44.19,ACTIVE
"Fatimah Zulkifli","MANAGER","Shah Alam 88 Speedmart",2024,2024-03,"March",6,226.72,37.79,ACTIVE
"Fatimah Zulkifli","MANAGER","Shah Alam 88 Speedmart",2024,2024-04,"April",7,127.23,18.18,ACTIVE
"Fatimah Zulkifli","MANAGER","Shah Alam 88 Speedmart",2024,2024-05,"May",7,357.63,51.09,ACTIVE
"Fatimah Zulkifli","MANAGER","Shah Alam 88 Speedmart",2024,2024-06,"June",8,327.31,40.91,ACTIVE
"Fatimah Zulkifli","MANAGER","Shah Alam 88 Speedmart",2024,2024-07,"July",12,399.75,33.31,ACTIVE
"Fatimah Zulkifli","MANAGER","Shah Alam 88 Speedmart",2024,2024-08,"August",1,29.78,29.78,ACTIVE
"Fatimah Zulkifli","MANAGER","Shah Alam 88 Speedmart",2024,2024-09,"September",7,123.1,17.59,ACTIVE
"Fatimah Zulkifli","MANAGER","Shah Alam 88 Speedmart",2024,2024-10,"October",12,521.47,43.46,ACTIVE
"Fatimah Zulkifli","MANAGER","Shah Alam 88 Speedmart",2024,2024-11,"November",13,514.62,39.59,ACTIVE
"Fatimah Zulkifli","MANAGER","Shah Alam 88 Speedmart",2024,2024-12,"December",17,888.15,52.24,ACTIVE
"Fatimah Zulkifli","MANAGER","Shah Alam 88 Speedmart",2025,2025-01,"January",11,697.74,63.43,ACTIVE
"Fatimah Zulkifli","MANAGER","Shah Alam 88 Speedmart",2025,2025-02,"February",3,148.91,49.64,ACTIVE
"Fatimah Zulkifli","MANAGER","Shah Alam 88 Speedmart",2025,2025-03,"March",4,115.48,28.87,ACTIVE
"Fatimah Zulkifli","MANAGER","Shah Alam 88 Speedmart",2025,2025-04,"April",10,340.08,34.01,ACTIVE
"Fatimah Zulkifli","MANAGER","Shah Alam 88 Speedmart",2025,2025-05,"May",6,160.7,26.78,ACTIVE
"Fatimah Zulkifli","MANAGER","Shah Alam 88 Speedmart",2025,2025-06,"June",7,363.86,51.98,ACTIVE
"Fatimah Zulkifli","MANAGER","Shah Alam 88 Speedmart",2025,2025-07,"July",8,341.27,42.66,ACTIVE
"Fatimah Zulkifli","MANAGER","Shah Alam 88 Speedmart",2025,2025-08,"August",8,323.92,40.49,ACTIVE
"Fatimah Zulkifli","MANAGER","Shah Alam 88 Speedmart",2025,2025-09,"September",6,261.38,43.56,ACTIVE
"Fatimah Zulkifli","MANAGER","Shah Alam 88 Speedmart",2025,2025-10,"October",8,202.81,25.35,ACTIVE
"Fatimah Zulkifli","MANAGER","Shah Alam 88 Speedmart",2025,2025-11,"November",11,397.19,36.11,ACTIVE
"Fatimah Zulkifli","MANAGER","Shah Alam 88 Speedmart",2025,2025-12,"December",15,635.03,42.34,ACTIVE
"Fatimah Zulkifli","MANAGER","Shah Alam 88 Speedmart",2026,2026-01,"January",7,273.88,39.13,ACTIVE
"Fatimah Zulkifli","MANAGER","Shah Alam 88 Speedmart",2026,2026-02,"February",9,351.25,39.03,ACTIVE
"Fatimah Zulkifli","MANAGER","Shah Alam 88 Speedmart",2026,2026-03,"March",13,604.16,46.47,ACTIVE
"Fatimah Zulkifli","MANAGER","Shah Alam 88 Speedmart",2026,2026-04,"April",4,141.65,35.41,ACTIVE
"Fatimah Zulkifli","MANAGER","Shah Alam 88 Speedmart",2026,2026-05,"May",4,89.76,22.44,ACTIVE
"Fatimah Zulkifli","MANAGER","Shah Alam 88 Speedmart",2026,2026-06,"June",15,572.56,38.17,ACTIVE
"Hassan Hussein","CASHIER","Ampang 88 Speedmart",2020,2020-03,"March",44,1438.36,32.69,ACTIVE
"Hassan Hussein","CASHIER","Ampang 88 Speedmart",2020,2020-04,"April",27,1037.8,38.44,ACTIVE
"Hassan Hussein","CASHIER","Ampang 88 Speedmart",2020,2020-05,"May",30,1242.18,41.41,ACTIVE
"Hassan Hussein","CASHIER","Ampang 88 Speedmart",2020,2020-06,"June",37,1423.9,38.48,ACTIVE
"Hassan Hussein","CASHIER","Ampang 88 Speedmart",2020,2020-07,"July",20,932.97,46.65,ACTIVE
"Hassan Hussein","CASHIER","Ampang 88 Speedmart",2020,2020-08,"August",17,673.55,39.62,ACTIVE
"Hassan Hussein","CASHIER","Ampang 88 Speedmart",2020,2020-09,"September",16,504.28,31.52,ACTIVE
"Hassan Hussein","CASHIER","Ampang 88 Speedmart",2020,2020-10,"October",13,705.93,54.3,ACTIVE
"Hassan Hussein","CASHIER","Ampang 88 Speedmart",2020,2020-11,"November",20,743.11,37.16,ACTIVE
"Hassan Hussein","CASHIER","Ampang 88 Speedmart",2020,2020-12,"December",33,981.33,29.74,ACTIVE
"Hassan Hussein","CASHIER","Ampang 88 Speedmart",2021,2021-01,"January",13,428.79,32.98,ACTIVE
"Hassan Hussein","CASHIER","Ampang 88 Speedmart",2021,2021-02,"February",13,584.64,44.97,ACTIVE
"Hassan Hussein","CASHIER","Ampang 88 Speedmart",2021,2021-03,"March",16,497.83,31.11,ACTIVE
"Hassan Hussein","CASHIER","Ampang 88 Speedmart",2021,2021-04,"April",8,203.09,25.39,ACTIVE
"Hassan Hussein","CASHIER","Ampang 88 Speedmart",2021,2021-05,"May",13,429.3,33.02,ACTIVE
"Hassan Hussein","CASHIER","Ampang 88 Speedmart",2021,2021-06,"June",14,504.24,36.02,ACTIVE
"Hassan Hussein","CASHIER","Ampang 88 Speedmart",2021,2021-07,"July",8,310,38.75,ACTIVE
"Hassan Hussein","CASHIER","Ampang 88 Speedmart",2021,2021-08,"August",8,533.14,66.64,ACTIVE
"Hassan Hussein","CASHIER","Ampang 88 Speedmart",2021,2021-09,"September",7,144.07,20.58,ACTIVE
"Hassan Hussein","CASHIER","Ampang 88 Speedmart",2021,2021-10,"October",9,369.31,41.03,ACTIVE
"Hassan Hussein","CASHIER","Ampang 88 Speedmart",2021,2021-11,"November",13,603.03,46.39,ACTIVE
"Hassan Hussein","CASHIER","Ampang 88 Speedmart",2021,2021-12,"December",24,945.98,39.42,ACTIVE
"Hassan Hussein","CASHIER","Ampang 88 Speedmart",2022,2022-01,"January",6,153.4,25.57,ACTIVE
"Hassan Hussein","CASHIER","Ampang 88 Speedmart",2022,2022-02,"February",7,288.21,41.17,ACTIVE
"Hassan Hussein","CASHIER","Ampang 88 Speedmart",2022,2022-03,"March",12,277.49,23.12,ACTIVE
"Hassan Hussein","CASHIER","Ampang 88 Speedmart",2022,2022-04,"April",10,377.72,37.77,ACTIVE
"Hassan Hussein","CASHIER","Ampang 88 Speedmart",2022,2022-05,"May",5,101.78,20.36,ACTIVE
"Hassan Hussein","CASHIER","Ampang 88 Speedmart",2022,2022-06,"June",7,252.08,36.01,ACTIVE
"Hassan Hussein","CASHIER","Ampang 88 Speedmart",2022,2022-07,"July",7,270.95,38.71,ACTIVE
"Hassan Hussein","CASHIER","Ampang 88 Speedmart",2022,2022-08,"August",6,182.77,30.46,ACTIVE
"Hassan Hussein","CASHIER","Ampang 88 Speedmart",2022,2022-09,"September",8,321.84,40.23,ACTIVE
"Hassan Hussein","CASHIER","Ampang 88 Speedmart",2022,2022-10,"October",18,776.79,43.16,ACTIVE
"Hassan Hussein","CASHIER","Ampang 88 Speedmart",2022,2022-11,"November",16,725.94,45.37,ACTIVE
"Hassan Hussein","CASHIER","Ampang 88 Speedmart",2022,2022-12,"December",18,542.79,30.16,ACTIVE
"Hassan Hussein","CASHIER","Ampang 88 Speedmart",2023,2023-01,"January",14,679.81,48.56,ACTIVE
"Hassan Hussein","CASHIER","Ampang 88 Speedmart",2023,2023-02,"February",8,357.51,44.69,ACTIVE
"Hassan Hussein","CASHIER","Ampang 88 Speedmart",2023,2023-03,"March",6,219.79,36.63,ACTIVE
"Hassan Hussein","CASHIER","Ampang 88 Speedmart",2023,2023-04,"April",9,282.46,31.38,ACTIVE
"Hassan Hussein","CASHIER","Ampang 88 Speedmart",2023,2023-05,"May",9,124.87,13.87,ACTIVE
"Hassan Hussein","CASHIER","Ampang 88 Speedmart",2023,2023-06,"June",11,386.74,35.16,ACTIVE
"Hassan Hussein","CASHIER","Ampang 88 Speedmart",2023,2023-07,"July",13,615.66,47.36,ACTIVE
"Hassan Hussein","CASHIER","Ampang 88 Speedmart",2023,2023-08,"August",8,396.73,49.59,ACTIVE
"Hassan Hussein","CASHIER","Ampang 88 Speedmart",2023,2023-09,"September",10,254.89,25.49,ACTIVE
"Hassan Hussein","CASHIER","Ampang 88 Speedmart",2023,2023-10,"October",10,496.8,49.68,ACTIVE
"Hassan Hussein","CASHIER","Ampang 88 Speedmart",2023,2023-11,"November",12,385.24,32.1,ACTIVE
"Hassan Hussein","CASHIER","Ampang 88 Speedmart",2023,2023-12,"December",20,684.36,34.22,ACTIVE
"Hassan Hussein","CASHIER","Ampang 88 Speedmart",2024,2024-01,"January",12,517.86,43.16,ACTIVE
"Hassan Hussein","CASHIER","Ampang 88 Speedmart",2024,2024-02,"February",10,254.44,25.44,ACTIVE
"Hassan Hussein","CASHIER","Ampang 88 Speedmart",2024,2024-03,"March",6,231.3,38.55,ACTIVE
"Hassan Hussein","CASHIER","Ampang 88 Speedmart",2024,2024-04,"April",10,337.04,33.7,ACTIVE
"Hassan Hussein","CASHIER","Ampang 88 Speedmart",2024,2024-05,"May",10,303.69,30.37,ACTIVE
"Hassan Hussein","CASHIER","Ampang 88 Speedmart",2024,2024-06,"June",10,369.72,36.97,ACTIVE
"Hassan Hussein","CASHIER","Ampang 88 Speedmart",2024,2024-07,"July",14,404.63,28.9,ACTIVE
"Hassan Hussein","CASHIER","Ampang 88 Speedmart",2024,2024-08,"August",6,139.9,23.32,ACTIVE
"Hassan Hussein","CASHIER","Ampang 88 Speedmart",2024,2024-09,"September",10,525.49,52.55,ACTIVE
"Hassan Hussein","CASHIER","Ampang 88 Speedmart",2024,2024-10,"October",12,328.68,27.39,ACTIVE
"Hassan Hussein","CASHIER","Ampang 88 Speedmart",2024,2024-11,"November",16,517.5,32.34,ACTIVE
"Hassan Hussein","CASHIER","Ampang 88 Speedmart",2024,2024-12,"December",25,736.67,29.47,ACTIVE
"Hassan Hussein","CASHIER","Ampang 88 Speedmart",2025,2025-01,"January",13,703.2,54.09,ACTIVE
"Hassan Hussein","CASHIER","Ampang 88 Speedmart",2025,2025-02,"February",7,171.22,24.46,ACTIVE
"Hassan Hussein","CASHIER","Ampang 88 Speedmart",2025,2025-03,"March",15,529.33,35.29,ACTIVE
"Hassan Hussein","CASHIER","Ampang 88 Speedmart",2025,2025-04,"April",11,351.17,31.92,ACTIVE
"Hassan Hussein","CASHIER","Ampang 88 Speedmart",2025,2025-05,"May",13,441.09,33.93,ACTIVE
"Hassan Hussein","CASHIER","Ampang 88 Speedmart",2025,2025-06,"June",16,542.25,33.89,ACTIVE
"Hassan Hussein","CASHIER","Ampang 88 Speedmart",2025,2025-07,"July",13,355.89,27.38,ACTIVE
"Hassan Hussein","CASHIER","Ampang 88 Speedmart",2025,2025-08,"August",13,267.18,20.55,ACTIVE
"Hassan Hussein","CASHIER","Ampang 88 Speedmart",2025,2025-09,"September",16,607.92,38,ACTIVE
"Hassan Hussein","CASHIER","Ampang 88 Speedmart",2025,2025-10,"October",13,352.03,27.08,ACTIVE
"Hassan Hussein","CASHIER","Ampang 88 Speedmart",2025,2025-11,"November",17,416.18,24.48,ACTIVE
"Hassan Hussein","CASHIER","Ampang 88 Speedmart",2025,2025-12,"December",26,1222.75,47.03,ACTIVE
"Hassan Hussein","CASHIER","Ampang 88 Speedmart",2026,2026-01,"January",8,193.72,24.22,ACTIVE
"Hassan Hussein","CASHIER","Ampang 88 Speedmart",2026,2026-02,"February",12,425.67,35.47,ACTIVE
"Hassan Hussein","CASHIER","Ampang 88 Speedmart",2026,2026-03,"March",13,650.34,50.03,ACTIVE
"Hassan Hussein","CASHIER","Ampang 88 Speedmart",2026,2026-04,"April",9,561.32,62.37,ACTIVE
"Hassan Hussein","CASHIER","Ampang 88 Speedmart",2026,2026-05,"May",7,247.07,35.3,ACTIVE
"Hassan Hussein","CASHIER","Ampang 88 Speedmart",2026,2026-06,"June",24,1027.87,42.83,ACTIVE
"Hassan Razak","CASHIER","Cheras 88 Speedmart",2020,2020-04,"April",27,785.15,29.08,ACTIVE
"Hassan Razak","CASHIER","Cheras 88 Speedmart",2020,2020-05,"May",47,1435.2,30.54,ACTIVE
"Hassan Razak","CASHIER","Cheras 88 Speedmart",2020,2020-06,"June",38,1318.7,34.7,ACTIVE
"Hassan Razak","CASHIER","Cheras 88 Speedmart",2020,2020-07,"July",21,701.97,33.43,ACTIVE
"Hassan Razak","CASHIER","Cheras 88 Speedmart",2020,2020-08,"August",25,1156.1,46.24,ACTIVE
"Hassan Razak","CASHIER","Cheras 88 Speedmart",2020,2020-09,"September",11,473.83,43.08,ACTIVE
"Hassan Razak","CASHIER","Cheras 88 Speedmart",2020,2020-10,"October",15,786.57,52.44,ACTIVE
"Hassan Razak","CASHIER","Cheras 88 Speedmart",2020,2020-11,"November",27,1193.58,44.21,ACTIVE
"Hassan Razak","CASHIER","Cheras 88 Speedmart",2020,2020-12,"December",38,1305.79,34.36,ACTIVE
"Hassan Razak","CASHIER","Cheras 88 Speedmart",2021,2021-01,"January",16,443.45,27.72,ACTIVE
"Hassan Razak","CASHIER","Cheras 88 Speedmart",2021,2021-02,"February",19,554.12,29.16,ACTIVE
"Hassan Razak","CASHIER","Cheras 88 Speedmart",2021,2021-03,"March",12,615.22,51.27,ACTIVE
"Hassan Razak","CASHIER","Cheras 88 Speedmart",2021,2021-04,"April",8,222.75,27.84,ACTIVE
"Hassan Razak","CASHIER","Cheras 88 Speedmart",2021,2021-05,"May",11,410.06,37.28,ACTIVE
"Hassan Razak","CASHIER","Cheras 88 Speedmart",2021,2021-06,"June",14,538.35,38.45,ACTIVE
"Hassan Razak","CASHIER","Cheras 88 Speedmart",2021,2021-07,"July",10,136.44,13.64,ACTIVE
"Hassan Razak","CASHIER","Cheras 88 Speedmart",2021,2021-08,"August",7,118.45,16.92,ACTIVE
"Hassan Razak","CASHIER","Cheras 88 Speedmart",2021,2021-09,"September",9,278.06,30.9,ACTIVE
"Hassan Razak","CASHIER","Cheras 88 Speedmart",2021,2021-10,"October",11,359.33,32.67,ACTIVE
"Hassan Razak","CASHIER","Cheras 88 Speedmart",2021,2021-11,"November",16,485.58,30.35,ACTIVE
"Hassan Razak","CASHIER","Cheras 88 Speedmart",2021,2021-12,"December",17,467.99,27.53,ACTIVE
"Hassan Razak","CASHIER","Cheras 88 Speedmart",2022,2022-01,"January",17,642.61,37.8,ACTIVE
"Hassan Razak","CASHIER","Cheras 88 Speedmart",2022,2022-02,"February",10,314.52,31.45,ACTIVE
"Hassan Razak","CASHIER","Cheras 88 Speedmart",2022,2022-03,"March",5,176.24,35.25,ACTIVE
"Hassan Razak","CASHIER","Cheras 88 Speedmart",2022,2022-04,"April",9,391.84,43.54,ACTIVE
"Hassan Razak","CASHIER","Cheras 88 Speedmart",2022,2022-05,"May",11,203.6,18.51,ACTIVE
"Hassan Razak","CASHIER","Cheras 88 Speedmart",2022,2022-06,"June",12,362.71,30.23,ACTIVE
"Hassan Razak","CASHIER","Cheras 88 Speedmart",2022,2022-07,"July",6,206.9,34.48,ACTIVE
"Hassan Razak","CASHIER","Cheras 88 Speedmart",2022,2022-08,"August",6,182.23,30.37,ACTIVE
"Hassan Razak","CASHIER","Cheras 88 Speedmart",2022,2022-09,"September",8,604.15,75.52,ACTIVE
"Hassan Razak","CASHIER","Cheras 88 Speedmart",2022,2022-10,"October",7,233.5,33.36,ACTIVE
"Hassan Razak","CASHIER","Cheras 88 Speedmart",2022,2022-11,"November",7,173.44,24.78,ACTIVE
"Hassan Razak","CASHIER","Cheras 88 Speedmart",2022,2022-12,"December",15,689.85,45.99,ACTIVE
"Hassan Razak","CASHIER","Cheras 88 Speedmart",2023,2023-01,"January",10,256.06,25.61,ACTIVE
"Hassan Razak","CASHIER","Cheras 88 Speedmart",2023,2023-02,"February",7,419.96,59.99,ACTIVE
"Hassan Razak","CASHIER","Cheras 88 Speedmart",2023,2023-03,"March",5,437.86,87.57,ACTIVE
"Hassan Razak","CASHIER","Cheras 88 Speedmart",2023,2023-04,"April",5,174.93,34.99,ACTIVE
"Hassan Razak","CASHIER","Cheras 88 Speedmart",2023,2023-05,"May",6,291.71,48.62,ACTIVE
"Hassan Razak","CASHIER","Cheras 88 Speedmart",2023,2023-06,"June",15,368.11,24.54,ACTIVE
"Hassan Razak","CASHIER","Cheras 88 Speedmart",2023,2023-07,"July",5,379.8,75.96,ACTIVE
"Hassan Razak","CASHIER","Cheras 88 Speedmart",2023,2023-08,"August",5,188.76,37.75,ACTIVE
"Hassan Razak","CASHIER","Cheras 88 Speedmart",2023,2023-09,"September",5,186.76,37.35,ACTIVE
"Hassan Razak","CASHIER","Cheras 88 Speedmart",2023,2023-10,"October",7,439.04,62.72,ACTIVE
"Hassan Razak","CASHIER","Cheras 88 Speedmart",2023,2023-11,"November",8,594.81,74.35,ACTIVE
"Hassan Razak","CASHIER","Cheras 88 Speedmart",2023,2023-12,"December",17,607.99,35.76,ACTIVE
"Hassan Razak","CASHIER","Cheras 88 Speedmart",2024,2024-01,"January",12,495.34,41.28,ACTIVE
"Hassan Razak","CASHIER","Cheras 88 Speedmart",2024,2024-02,"February",9,227.54,25.28,ACTIVE
"Hassan Razak","CASHIER","Cheras 88 Speedmart",2024,2024-03,"March",9,391.29,43.48,ACTIVE
"Hassan Razak","CASHIER","Cheras 88 Speedmart",2024,2024-04,"April",3,46.21,15.4,ACTIVE
"Hassan Razak","CASHIER","Cheras 88 Speedmart",2024,2024-05,"May",7,460.98,65.85,ACTIVE
"Hassan Razak","CASHIER","Cheras 88 Speedmart",2024,2024-06,"June",13,494.55,38.04,ACTIVE
"Hassan Razak","CASHIER","Cheras 88 Speedmart",2024,2024-07,"July",15,448.39,29.89,ACTIVE
"Hassan Razak","CASHIER","Cheras 88 Speedmart",2024,2024-08,"August",7,503.89,71.98,ACTIVE
"Hassan Razak","CASHIER","Cheras 88 Speedmart",2024,2024-09,"September",7,243.88,34.84,ACTIVE
"Hassan Razak","CASHIER","Cheras 88 Speedmart",2024,2024-10,"October",2,42.69,21.35,ACTIVE
"Hassan Razak","CASHIER","Cheras 88 Speedmart",2024,2024-11,"November",12,448.26,37.36,ACTIVE
"Hassan Razak","CASHIER","Cheras 88 Speedmart",2024,2024-12,"December",18,1033.77,57.43,ACTIVE
"Hassan Razak","CASHIER","Cheras 88 Speedmart",2025,2025-01,"January",11,486.19,44.2,ACTIVE
"Hassan Razak","CASHIER","Cheras 88 Speedmart",2025,2025-02,"February",6,402.54,67.09,ACTIVE
"Hassan Razak","CASHIER","Cheras 88 Speedmart",2025,2025-03,"March",8,310.13,38.77,ACTIVE
"Hassan Razak","CASHIER","Cheras 88 Speedmart",2025,2025-04,"April",4,126.1,31.53,ACTIVE
"Hassan Razak","CASHIER","Cheras 88 Speedmart",2025,2025-05,"May",10,506.63,50.66,ACTIVE
"Hassan Razak","CASHIER","Cheras 88 Speedmart",2025,2025-06,"June",14,497.54,35.54,ACTIVE
"Hassan Razak","CASHIER","Cheras 88 Speedmart",2025,2025-07,"July",6,170.83,28.47,ACTIVE
"Hassan Razak","CASHIER","Cheras 88 Speedmart",2025,2025-08,"August",4,143.06,35.77,ACTIVE
"Hassan Razak","CASHIER","Cheras 88 Speedmart",2025,2025-09,"September",7,432.33,61.76,ACTIVE
"Hassan Razak","CASHIER","Cheras 88 Speedmart",2025,2025-10,"October",8,208.44,26.06,ACTIVE
"Hassan Razak","CASHIER","Cheras 88 Speedmart",2025,2025-11,"November",10,401.34,40.13,ACTIVE
"Hassan Razak","CASHIER","Cheras 88 Speedmart",2025,2025-12,"December",10,299.69,29.97,ACTIVE
"Hassan Razak","CASHIER","Cheras 88 Speedmart",2026,2026-01,"January",10,421.15,42.12,ACTIVE
"Hassan Razak","CASHIER","Cheras 88 Speedmart",2026,2026-02,"February",12,557.19,46.43,ACTIVE
"Hassan Razak","CASHIER","Cheras 88 Speedmart",2026,2026-03,"March",12,553.99,46.17,ACTIVE
"Hassan Razak","CASHIER","Cheras 88 Speedmart",2026,2026-04,"April",6,434.91,72.49,ACTIVE
"Hassan Razak","CASHIER","Cheras 88 Speedmart",2026,2026-05,"May",5,356.03,71.21,ACTIVE
"Hassan Razak","CASHIER","Cheras 88 Speedmart",2026,2026-06,"June",7,427.24,61.03,ACTIVE
"Ismail Ali","CASHIER","Melaka 88 Speedmart",2022,2022-06,"June",14,583.87,41.71,ACTIVE
"Ismail Ali","CASHIER","Melaka 88 Speedmart",2022,2022-07,"July",16,314.41,19.65,ACTIVE
"Ismail Ali","CASHIER","Melaka 88 Speedmart",2022,2022-08,"August",5,270.84,54.17,ACTIVE
"Ismail Ali","CASHIER","Melaka 88 Speedmart",2022,2022-09,"September",3,217.46,72.49,ACTIVE
"Ismail Ali","CASHIER","Melaka 88 Speedmart",2022,2022-10,"October",11,344.58,31.33,ACTIVE
"Ismail Ali","CASHIER","Melaka 88 Speedmart",2022,2022-11,"November",11,358.79,32.62,ACTIVE
"Ismail Ali","CASHIER","Melaka 88 Speedmart",2022,2022-12,"December",11,291.91,26.54,ACTIVE
"Ismail Ali","CASHIER","Melaka 88 Speedmart",2023,2023-01,"January",12,623.85,51.99,ACTIVE
"Ismail Ali","CASHIER","Melaka 88 Speedmart",2023,2023-02,"February",6,170.42,28.4,ACTIVE
"Ismail Ali","CASHIER","Melaka 88 Speedmart",2023,2023-03,"March",5,282.94,56.59,ACTIVE
"Ismail Ali","CASHIER","Melaka 88 Speedmart",2023,2023-04,"April",8,227.83,28.48,ACTIVE
"Ismail Ali","CASHIER","Melaka 88 Speedmart",2023,2023-05,"May",8,325.61,40.7,ACTIVE
"Ismail Ali","CASHIER","Melaka 88 Speedmart",2023,2023-06,"June",11,273.43,24.86,ACTIVE
"Ismail Ali","CASHIER","Melaka 88 Speedmart",2023,2023-07,"July",10,420.85,42.09,ACTIVE
"Ismail Ali","CASHIER","Melaka 88 Speedmart",2023,2023-08,"August",7,211.06,30.15,ACTIVE
"Ismail Ali","CASHIER","Melaka 88 Speedmart",2023,2023-09,"September",5,178.12,35.62,ACTIVE
"Ismail Ali","CASHIER","Melaka 88 Speedmart",2023,2023-10,"October",5,98,19.6,ACTIVE
"Ismail Ali","CASHIER","Melaka 88 Speedmart",2023,2023-11,"November",7,283.93,40.56,ACTIVE
"Ismail Ali","CASHIER","Melaka 88 Speedmart",2023,2023-12,"December",10,214.45,21.45,ACTIVE
"Ismail Ali","CASHIER","Melaka 88 Speedmart",2024,2024-01,"January",5,291.86,58.37,ACTIVE
"Ismail Ali","CASHIER","Melaka 88 Speedmart",2024,2024-02,"February",4,213.68,53.42,ACTIVE
"Ismail Ali","CASHIER","Melaka 88 Speedmart",2024,2024-03,"March",7,265.5,37.93,ACTIVE
"Ismail Ali","CASHIER","Melaka 88 Speedmart",2024,2024-04,"April",9,703.6,78.18,ACTIVE
"Ismail Ali","CASHIER","Melaka 88 Speedmart",2024,2024-05,"May",3,88.4,29.47,ACTIVE
"Ismail Ali","CASHIER","Melaka 88 Speedmart",2024,2024-06,"June",10,360.95,36.1,ACTIVE
"Ismail Ali","CASHIER","Melaka 88 Speedmart",2024,2024-07,"July",8,406.1,50.76,ACTIVE
"Ismail Ali","CASHIER","Melaka 88 Speedmart",2024,2024-08,"August",4,120.15,30.04,ACTIVE
"Ismail Ali","CASHIER","Melaka 88 Speedmart",2024,2024-09,"September",4,159.37,39.84,ACTIVE
"Ismail Ali","CASHIER","Melaka 88 Speedmart",2024,2024-10,"October",12,458.47,38.21,ACTIVE
"Ismail Ali","CASHIER","Melaka 88 Speedmart",2024,2024-11,"November",13,441.66,33.97,ACTIVE
"Ismail Ali","CASHIER","Melaka 88 Speedmart",2024,2024-12,"December",9,487.89,54.21,ACTIVE
"Ismail Ali","CASHIER","Melaka 88 Speedmart",2025,2025-01,"January",11,276.51,25.14,ACTIVE
"Ismail Ali","CASHIER","Melaka 88 Speedmart",2025,2025-02,"February",4,92.76,23.19,ACTIVE
"Ismail Ali","CASHIER","Melaka 88 Speedmart",2025,2025-03,"March",11,434.02,39.46,ACTIVE
"Ismail Ali","CASHIER","Melaka 88 Speedmart",2025,2025-04,"April",8,181.12,22.64,ACTIVE
"Ismail Ali","CASHIER","Melaka 88 Speedmart",2025,2025-05,"May",5,217.07,43.41,ACTIVE
"Ismail Ali","CASHIER","Melaka 88 Speedmart",2025,2025-06,"June",10,325.39,32.54,ACTIVE
"Ismail Ali","CASHIER","Melaka 88 Speedmart",2025,2025-07,"July",4,98.86,24.72,ACTIVE
"Ismail Ali","CASHIER","Melaka 88 Speedmart",2025,2025-08,"August",6,284.21,47.37,ACTIVE
"Ismail Ali","CASHIER","Melaka 88 Speedmart",2025,2025-09,"September",9,201.25,22.36,ACTIVE
"Ismail Ali","CASHIER","Melaka 88 Speedmart",2025,2025-10,"October",6,244.47,40.75,ACTIVE
"Ismail Ali","CASHIER","Melaka 88 Speedmart",2025,2025-11,"November",9,178.34,19.82,ACTIVE
"Ismail Ali","CASHIER","Melaka 88 Speedmart",2025,2025-12,"December",17,861.06,50.65,ACTIVE
"Ismail Ali","CASHIER","Melaka 88 Speedmart",2026,2026-01,"January",4,58.04,14.51,ACTIVE
"Ismail Ali","CASHIER","Melaka 88 Speedmart",2026,2026-02,"February",8,313.21,39.15,ACTIVE
"Ismail Ali","CASHIER","Melaka 88 Speedmart",2026,2026-03,"March",7,150.05,21.44,ACTIVE
"Ismail Ali","CASHIER","Melaka 88 Speedmart",2026,2026-04,"April",5,207.12,41.42,ACTIVE
"Ismail Ali","CASHIER","Melaka 88 Speedmart",2026,2026-05,"May",11,537.81,48.89,ACTIVE
"Ismail Ali","CASHIER","Melaka 88 Speedmart",2026,2026-06,"June",12,482.09,40.17,ACTIVE
"Ismail Hussein","CASHIER","Johor Bahru 88 Speedmart",2021,2021-04,"April",16,735.12,45.95,ACTIVE
"Ismail Hussein","CASHIER","Johor Bahru 88 Speedmart",2021,2021-05,"May",14,361.18,25.8,ACTIVE
"Ismail Hussein","CASHIER","Johor Bahru 88 Speedmart",2021,2021-06,"June",8,358.43,44.8,ACTIVE
"Ismail Hussein","CASHIER","Johor Bahru 88 Speedmart",2021,2021-07,"July",8,182.4,22.8,ACTIVE
"Ismail Hussein","CASHIER","Johor Bahru 88 Speedmart",2021,2021-08,"August",7,208.36,29.77,ACTIVE
"Ismail Hussein","CASHIER","Johor Bahru 88 Speedmart",2021,2021-09,"September",9,235.13,26.13,ACTIVE
"Ismail Hussein","CASHIER","Johor Bahru 88 Speedmart",2021,2021-10,"October",6,245.13,40.86,ACTIVE
"Ismail Hussein","CASHIER","Johor Bahru 88 Speedmart",2021,2021-11,"November",7,272.23,38.89,ACTIVE
"Ismail Hussein","CASHIER","Johor Bahru 88 Speedmart",2021,2021-12,"December",10,331.7,33.17,ACTIVE
"Ismail Hussein","CASHIER","Johor Bahru 88 Speedmart",2022,2022-01,"January",7,182.28,26.04,ACTIVE
"Ismail Hussein","CASHIER","Johor Bahru 88 Speedmart",2022,2022-02,"February",4,240.73,60.18,ACTIVE
"Ismail Hussein","CASHIER","Johor Bahru 88 Speedmart",2022,2022-03,"March",5,276.58,55.32,ACTIVE
"Ismail Hussein","CASHIER","Johor Bahru 88 Speedmart",2022,2022-04,"April",4,187.81,46.95,ACTIVE
"Ismail Hussein","CASHIER","Johor Bahru 88 Speedmart",2022,2022-05,"May",6,192.38,32.06,ACTIVE
"Ismail Hussein","CASHIER","Johor Bahru 88 Speedmart",2022,2022-06,"June",12,354.08,29.51,ACTIVE
"Ismail Hussein","CASHIER","Johor Bahru 88 Speedmart",2022,2022-07,"July",7,223.33,31.9,ACTIVE
"Ismail Hussein","CASHIER","Johor Bahru 88 Speedmart",2022,2022-08,"August",8,621.31,77.66,ACTIVE
"Ismail Hussein","CASHIER","Johor Bahru 88 Speedmart",2022,2022-09,"September",4,140.21,35.05,ACTIVE
"Ismail Hussein","CASHIER","Johor Bahru 88 Speedmart",2022,2022-10,"October",9,399.41,44.38,ACTIVE
"Ismail Hussein","CASHIER","Johor Bahru 88 Speedmart",2022,2022-11,"November",12,300.31,25.03,ACTIVE
"Ismail Hussein","CASHIER","Johor Bahru 88 Speedmart",2022,2022-12,"December",8,271.67,33.96,ACTIVE
"Ismail Hussein","CASHIER","Johor Bahru 88 Speedmart",2023,2023-01,"January",13,473.48,36.42,ACTIVE
"Ismail Hussein","CASHIER","Johor Bahru 88 Speedmart",2023,2023-02,"February",2,73.98,36.99,ACTIVE
"Ismail Hussein","CASHIER","Johor Bahru 88 Speedmart",2023,2023-03,"March",8,269.49,33.69,ACTIVE
"Ismail Hussein","CASHIER","Johor Bahru 88 Speedmart",2023,2023-04,"April",10,342.04,34.2,ACTIVE
"Ismail Hussein","CASHIER","Johor Bahru 88 Speedmart",2023,2023-05,"May",8,309.91,38.74,ACTIVE
"Ismail Hussein","CASHIER","Johor Bahru 88 Speedmart",2023,2023-06,"June",6,491.11,81.85,ACTIVE
"Ismail Hussein","CASHIER","Johor Bahru 88 Speedmart",2023,2023-07,"July",7,414.85,59.26,ACTIVE
"Ismail Hussein","CASHIER","Johor Bahru 88 Speedmart",2023,2023-08,"August",6,117.15,19.53,ACTIVE
"Ismail Hussein","CASHIER","Johor Bahru 88 Speedmart",2023,2023-09,"September",7,235.84,33.69,ACTIVE
"Ismail Hussein","CASHIER","Johor Bahru 88 Speedmart",2023,2023-10,"October",9,368.17,40.91,ACTIVE
"Ismail Hussein","CASHIER","Johor Bahru 88 Speedmart",2023,2023-11,"November",8,302.15,37.77,ACTIVE
"Ismail Hussein","CASHIER","Johor Bahru 88 Speedmart",2023,2023-12,"December",22,608.16,27.64,ACTIVE
"Ismail Hussein","CASHIER","Johor Bahru 88 Speedmart",2024,2024-01,"January",7,319.87,45.7,ACTIVE
"Ismail Hussein","CASHIER","Johor Bahru 88 Speedmart",2024,2024-02,"February",6,183.28,30.55,ACTIVE
"Ismail Hussein","CASHIER","Johor Bahru 88 Speedmart",2024,2024-03,"March",6,130.86,21.81,ACTIVE
"Ismail Hussein","CASHIER","Johor Bahru 88 Speedmart",2024,2024-04,"April",8,285.68,35.71,ACTIVE
"Ismail Hussein","CASHIER","Johor Bahru 88 Speedmart",2024,2024-05,"May",4,208.41,52.1,ACTIVE
"Ismail Hussein","CASHIER","Johor Bahru 88 Speedmart",2024,2024-06,"June",8,468.32,58.54,ACTIVE
"Ismail Hussein","CASHIER","Johor Bahru 88 Speedmart",2024,2024-07,"July",7,437.06,62.44,ACTIVE
"Ismail Hussein","CASHIER","Johor Bahru 88 Speedmart",2024,2024-08,"August",3,77.16,25.72,ACTIVE
"Ismail Hussein","CASHIER","Johor Bahru 88 Speedmart",2024,2024-09,"September",7,336.47,48.07,ACTIVE
"Ismail Hussein","CASHIER","Johor Bahru 88 Speedmart",2024,2024-10,"October",9,293.16,32.57,ACTIVE
"Ismail Hussein","CASHIER","Johor Bahru 88 Speedmart",2024,2024-11,"November",7,267.51,38.22,ACTIVE
"Ismail Hussein","CASHIER","Johor Bahru 88 Speedmart",2024,2024-12,"December",29,937.38,32.32,ACTIVE
"Ismail Hussein","CASHIER","Johor Bahru 88 Speedmart",2025,2025-01,"January",6,142.47,23.75,ACTIVE
"Ismail Hussein","CASHIER","Johor Bahru 88 Speedmart",2025,2025-02,"February",10,347.49,34.75,ACTIVE
"Ismail Hussein","CASHIER","Johor Bahru 88 Speedmart",2025,2025-03,"March",5,200.46,40.09,ACTIVE
"Ismail Hussein","CASHIER","Johor Bahru 88 Speedmart",2025,2025-04,"April",4,75.42,18.86,ACTIVE
"Ismail Hussein","CASHIER","Johor Bahru 88 Speedmart",2025,2025-05,"May",6,181.77,30.3,ACTIVE
"Ismail Hussein","CASHIER","Johor Bahru 88 Speedmart",2025,2025-06,"June",10,234.83,23.48,ACTIVE
"Ismail Hussein","CASHIER","Johor Bahru 88 Speedmart",2025,2025-07,"July",9,278.31,30.92,ACTIVE
"Ismail Hussein","CASHIER","Johor Bahru 88 Speedmart",2025,2025-08,"August",5,232.25,46.45,ACTIVE
"Ismail Hussein","CASHIER","Johor Bahru 88 Speedmart",2025,2025-09,"September",9,371.9,41.32,ACTIVE
"Ismail Hussein","CASHIER","Johor Bahru 88 Speedmart",2025,2025-10,"October",14,566.44,40.46,ACTIVE
"Ismail Hussein","CASHIER","Johor Bahru 88 Speedmart",2025,2025-11,"November",15,357.15,23.81,ACTIVE
"Ismail Hussein","CASHIER","Johor Bahru 88 Speedmart",2025,2025-12,"December",25,1003.58,40.14,ACTIVE
"Ismail Hussein","CASHIER","Johor Bahru 88 Speedmart",2026,2026-01,"January",8,167.12,20.89,ACTIVE
"Ismail Hussein","CASHIER","Johor Bahru 88 Speedmart",2026,2026-02,"February",8,273.53,34.19,ACTIVE
"Ismail Hussein","CASHIER","Johor Bahru 88 Speedmart",2026,2026-03,"March",11,383.43,34.86,ACTIVE
"Ismail Hussein","CASHIER","Johor Bahru 88 Speedmart",2026,2026-04,"April",9,218.17,24.24,ACTIVE
"Ismail Hussein","CASHIER","Johor Bahru 88 Speedmart",2026,2026-05,"May",5,382.15,76.43,ACTIVE
"Ismail Hussein","CASHIER","Johor Bahru 88 Speedmart",2026,2026-06,"June",13,419.26,32.25,ACTIVE
"Ismail Razak","CASHIER","Shah Alam 88 Speedmart",2020,2020-10,"October",18,556.55,30.92,ACTIVE
"Ismail Razak","CASHIER","Shah Alam 88 Speedmart",2020,2020-11,"November",20,615.86,30.79,ACTIVE
"Ismail Razak","CASHIER","Shah Alam 88 Speedmart",2020,2020-12,"December",21,526.58,25.08,ACTIVE
"Ismail Razak","CASHIER","Shah Alam 88 Speedmart",2021,2021-01,"January",11,334.14,30.38,ACTIVE
"Ismail Razak","CASHIER","Shah Alam 88 Speedmart",2021,2021-02,"February",14,450.51,32.18,ACTIVE
"Ismail Razak","CASHIER","Shah Alam 88 Speedmart",2021,2021-03,"March",12,404.39,33.7,ACTIVE
"Ismail Razak","CASHIER","Shah Alam 88 Speedmart",2021,2021-04,"April",9,323.7,35.97,ACTIVE
"Ismail Razak","CASHIER","Shah Alam 88 Speedmart",2021,2021-05,"May",10,447.61,44.76,ACTIVE
"Ismail Razak","CASHIER","Shah Alam 88 Speedmart",2021,2021-06,"June",15,419.76,27.98,ACTIVE
"Ismail Razak","CASHIER","Shah Alam 88 Speedmart",2021,2021-07,"July",6,304,50.67,ACTIVE
"Ismail Razak","CASHIER","Shah Alam 88 Speedmart",2021,2021-08,"August",9,367.4,40.82,ACTIVE
"Ismail Razak","CASHIER","Shah Alam 88 Speedmart",2021,2021-09,"September",10,446.45,44.65,ACTIVE
"Ismail Razak","CASHIER","Shah Alam 88 Speedmart",2021,2021-10,"October",10,420.31,42.03,ACTIVE
"Ismail Razak","CASHIER","Shah Alam 88 Speedmart",2021,2021-11,"November",8,157.87,19.73,ACTIVE
"Ismail Razak","CASHIER","Shah Alam 88 Speedmart",2021,2021-12,"December",15,383.87,25.59,ACTIVE
"Ismail Razak","CASHIER","Shah Alam 88 Speedmart",2022,2022-01,"January",10,477.13,47.71,ACTIVE
"Ismail Razak","CASHIER","Shah Alam 88 Speedmart",2022,2022-02,"February",8,263.89,32.99,ACTIVE
"Ismail Razak","CASHIER","Shah Alam 88 Speedmart",2022,2022-03,"March",12,428.42,35.7,ACTIVE
"Ismail Razak","CASHIER","Shah Alam 88 Speedmart",2022,2022-04,"April",5,129.33,25.87,ACTIVE
"Ismail Razak","CASHIER","Shah Alam 88 Speedmart",2022,2022-05,"May",10,540.92,54.09,ACTIVE
"Ismail Razak","CASHIER","Shah Alam 88 Speedmart",2022,2022-06,"June",10,373.08,37.31,ACTIVE
"Ismail Razak","CASHIER","Shah Alam 88 Speedmart",2022,2022-07,"July",7,177.92,25.42,ACTIVE
"Ismail Razak","CASHIER","Shah Alam 88 Speedmart",2022,2022-08,"August",5,81.08,16.22,ACTIVE
"Ismail Razak","CASHIER","Shah Alam 88 Speedmart",2022,2022-09,"September",5,90.8,18.16,ACTIVE
"Ismail Razak","CASHIER","Shah Alam 88 Speedmart",2022,2022-10,"October",6,363.39,60.57,ACTIVE
"Ismail Razak","CASHIER","Shah Alam 88 Speedmart",2022,2022-11,"November",8,270.66,33.83,ACTIVE
"Ismail Razak","CASHIER","Shah Alam 88 Speedmart",2022,2022-12,"December",8,541.23,67.65,ACTIVE
"Ismail Razak","CASHIER","Shah Alam 88 Speedmart",2023,2023-01,"January",7,128.24,18.32,ACTIVE
"Ismail Razak","CASHIER","Shah Alam 88 Speedmart",2023,2023-02,"February",10,298.36,29.84,ACTIVE
"Ismail Razak","CASHIER","Shah Alam 88 Speedmart",2023,2023-03,"March",3,151.52,50.51,ACTIVE
"Ismail Razak","CASHIER","Shah Alam 88 Speedmart",2023,2023-04,"April",3,66.88,22.29,ACTIVE
"Ismail Razak","CASHIER","Shah Alam 88 Speedmart",2023,2023-05,"May",8,271.94,33.99,ACTIVE
"Ismail Razak","CASHIER","Shah Alam 88 Speedmart",2023,2023-06,"June",14,538.31,38.45,ACTIVE
"Ismail Razak","CASHIER","Shah Alam 88 Speedmart",2023,2023-07,"July",3,199.57,66.52,ACTIVE
"Ismail Razak","CASHIER","Shah Alam 88 Speedmart",2023,2023-08,"August",5,187.16,37.43,ACTIVE
"Ismail Razak","CASHIER","Shah Alam 88 Speedmart",2023,2023-09,"September",5,77.08,15.42,ACTIVE
"Ismail Razak","CASHIER","Shah Alam 88 Speedmart",2023,2023-10,"October",2,42.67,21.34,ACTIVE
"Ismail Razak","CASHIER","Shah Alam 88 Speedmart",2023,2023-11,"November",8,159.18,19.9,ACTIVE
"Ismail Razak","CASHIER","Shah Alam 88 Speedmart",2023,2023-12,"December",18,869.36,48.3,ACTIVE
"Ismail Razak","CASHIER","Shah Alam 88 Speedmart",2024,2024-01,"January",11,359.19,32.65,ACTIVE
"Ismail Razak","CASHIER","Shah Alam 88 Speedmart",2024,2024-02,"February",6,139.68,23.28,ACTIVE
"Ismail Razak","CASHIER","Shah Alam 88 Speedmart",2024,2024-03,"March",5,238.81,47.76,ACTIVE
"Ismail Razak","CASHIER","Shah Alam 88 Speedmart",2024,2024-04,"April",9,361.22,40.14,ACTIVE
"Ismail Razak","CASHIER","Shah Alam 88 Speedmart",2024,2024-05,"May",2,54.61,27.31,ACTIVE
"Ismail Razak","CASHIER","Shah Alam 88 Speedmart",2024,2024-06,"June",10,586.42,58.64,ACTIVE
"Ismail Razak","CASHIER","Shah Alam 88 Speedmart",2024,2024-07,"July",4,111.55,27.89,ACTIVE
"Ismail Razak","CASHIER","Shah Alam 88 Speedmart",2024,2024-08,"August",6,232.58,38.76,ACTIVE
"Ismail Razak","CASHIER","Shah Alam 88 Speedmart",2024,2024-09,"September",3,192.35,64.12,ACTIVE
"Ismail Razak","CASHIER","Shah Alam 88 Speedmart",2024,2024-10,"October",7,211.85,30.26,ACTIVE
"Ismail Razak","CASHIER","Shah Alam 88 Speedmart",2024,2024-11,"November",15,416.32,27.75,ACTIVE
"Ismail Razak","CASHIER","Shah Alam 88 Speedmart",2024,2024-12,"December",14,585.65,41.83,ACTIVE
"Ismail Razak","CASHIER","Shah Alam 88 Speedmart",2025,2025-01,"January",5,242.7,48.54,ACTIVE
"Ismail Razak","CASHIER","Shah Alam 88 Speedmart",2025,2025-02,"February",8,245.48,30.69,ACTIVE
"Ismail Razak","CASHIER","Shah Alam 88 Speedmart",2025,2025-03,"March",4,182.37,45.59,ACTIVE
"Ismail Razak","CASHIER","Shah Alam 88 Speedmart",2025,2025-04,"April",5,219.83,43.97,ACTIVE
"Ismail Razak","CASHIER","Shah Alam 88 Speedmart",2025,2025-05,"May",2,20.42,10.21,ACTIVE
"Ismail Razak","CASHIER","Shah Alam 88 Speedmart",2025,2025-06,"June",8,305.08,38.14,ACTIVE
"Ismail Razak","CASHIER","Shah Alam 88 Speedmart",2025,2025-07,"July",5,161.07,32.21,ACTIVE
"Ismail Razak","CASHIER","Shah Alam 88 Speedmart",2025,2025-08,"August",11,355.74,32.34,ACTIVE
"Ismail Razak","CASHIER","Shah Alam 88 Speedmart",2025,2025-09,"September",12,506.32,42.19,ACTIVE
"Ismail Razak","CASHIER","Shah Alam 88 Speedmart",2025,2025-10,"October",10,399.4,39.94,ACTIVE
"Ismail Razak","CASHIER","Shah Alam 88 Speedmart",2025,2025-11,"November",13,839.14,64.55,ACTIVE
"Ismail Razak","CASHIER","Shah Alam 88 Speedmart",2025,2025-12,"December",17,463.18,27.25,ACTIVE
"Ismail Razak","CASHIER","Shah Alam 88 Speedmart",2026,2026-01,"January",12,477.37,39.78,ACTIVE
"Ismail Razak","CASHIER","Shah Alam 88 Speedmart",2026,2026-02,"February",14,477.66,34.12,ACTIVE
"Ismail Razak","CASHIER","Shah Alam 88 Speedmart",2026,2026-03,"March",10,528.24,52.82,ACTIVE
"Ismail Razak","CASHIER","Shah Alam 88 Speedmart",2026,2026-04,"April",11,713.64,64.88,ACTIVE
"Ismail Razak","CASHIER","Shah Alam 88 Speedmart",2026,2026-05,"May",8,545.42,68.18,ACTIVE
"Ismail Razak","CASHIER","Shah Alam 88 Speedmart",2026,2026-06,"June",13,462.76,35.6,ACTIVE
"Ismail Yusof","MANAGER","Ipoh 88 Speedmart",2021,2021-07,"July",12,397.53,33.13,ACTIVE
"Ismail Yusof","MANAGER","Ipoh 88 Speedmart",2021,2021-08,"August",13,435,33.46,ACTIVE
"Ismail Yusof","MANAGER","Ipoh 88 Speedmart",2021,2021-09,"September",10,288.32,28.83,ACTIVE
"Ismail Yusof","MANAGER","Ipoh 88 Speedmart",2021,2021-10,"October",6,265.61,44.27,ACTIVE
"Ismail Yusof","MANAGER","Ipoh 88 Speedmart",2021,2021-11,"November",7,372.42,53.2,ACTIVE
"Ismail Yusof","MANAGER","Ipoh 88 Speedmart",2021,2021-12,"December",17,423.14,24.89,ACTIVE
"Ismail Yusof","MANAGER","Ipoh 88 Speedmart",2022,2022-01,"January",6,177.65,29.61,ACTIVE
"Ismail Yusof","MANAGER","Ipoh 88 Speedmart",2022,2022-02,"February",6,256.2,42.7,ACTIVE
"Ismail Yusof","MANAGER","Ipoh 88 Speedmart",2022,2022-03,"March",5,117.92,23.58,ACTIVE
"Ismail Yusof","MANAGER","Ipoh 88 Speedmart",2022,2022-04,"April",9,361.98,40.22,ACTIVE
"Ismail Yusof","MANAGER","Ipoh 88 Speedmart",2022,2022-05,"May",5,145.57,29.11,ACTIVE
"Ismail Yusof","MANAGER","Ipoh 88 Speedmart",2022,2022-06,"June",8,417.11,52.14,ACTIVE
"Ismail Yusof","MANAGER","Ipoh 88 Speedmart",2022,2022-07,"July",6,82.8,13.8,ACTIVE
"Ismail Yusof","MANAGER","Ipoh 88 Speedmart",2022,2022-08,"August",9,358.43,39.83,ACTIVE
"Ismail Yusof","MANAGER","Ipoh 88 Speedmart",2022,2022-09,"September",5,301.96,60.39,ACTIVE
"Ismail Yusof","MANAGER","Ipoh 88 Speedmart",2022,2022-10,"October",12,299.95,25,ACTIVE
"Ismail Yusof","MANAGER","Ipoh 88 Speedmart",2022,2022-11,"November",6,128.56,21.43,ACTIVE
"Ismail Yusof","MANAGER","Ipoh 88 Speedmart",2022,2022-12,"December",17,521.7,30.69,ACTIVE
"Ismail Yusof","MANAGER","Ipoh 88 Speedmart",2023,2023-01,"January",5,276.41,55.28,ACTIVE
"Ismail Yusof","MANAGER","Ipoh 88 Speedmart",2023,2023-02,"February",6,166.33,27.72,ACTIVE
"Ismail Yusof","MANAGER","Ipoh 88 Speedmart",2023,2023-03,"March",9,533.61,59.29,ACTIVE
"Ismail Yusof","MANAGER","Ipoh 88 Speedmart",2023,2023-04,"April",6,178.22,29.7,ACTIVE
"Ismail Yusof","MANAGER","Ipoh 88 Speedmart",2023,2023-05,"May",11,325.58,29.6,ACTIVE
"Ismail Yusof","MANAGER","Ipoh 88 Speedmart",2023,2023-06,"June",8,211.34,26.42,ACTIVE
"Ismail Yusof","MANAGER","Ipoh 88 Speedmart",2023,2023-07,"July",4,72.2,18.05,ACTIVE
"Ismail Yusof","MANAGER","Ipoh 88 Speedmart",2023,2023-08,"August",5,218.73,43.75,ACTIVE
"Ismail Yusof","MANAGER","Ipoh 88 Speedmart",2023,2023-09,"September",5,139.36,27.87,ACTIVE
"Ismail Yusof","MANAGER","Ipoh 88 Speedmart",2023,2023-10,"October",3,215.09,71.7,ACTIVE
"Ismail Yusof","MANAGER","Ipoh 88 Speedmart",2023,2023-11,"November",8,224.29,28.04,ACTIVE
"Ismail Yusof","MANAGER","Ipoh 88 Speedmart",2023,2023-12,"December",11,625.21,56.84,ACTIVE
"Ismail Yusof","MANAGER","Ipoh 88 Speedmart",2024,2024-01,"January",6,207.4,34.57,ACTIVE
"Ismail Yusof","MANAGER","Ipoh 88 Speedmart",2024,2024-02,"February",6,231.83,38.64,ACTIVE
"Ismail Yusof","MANAGER","Ipoh 88 Speedmart",2024,2024-03,"March",8,178.16,22.27,ACTIVE
"Ismail Yusof","MANAGER","Ipoh 88 Speedmart",2024,2024-04,"April",9,267.01,29.67,ACTIVE
"Ismail Yusof","MANAGER","Ipoh 88 Speedmart",2024,2024-05,"May",7,654.86,93.55,ACTIVE
"Ismail Yusof","MANAGER","Ipoh 88 Speedmart",2024,2024-06,"June",8,377.12,47.14,ACTIVE
"Ismail Yusof","MANAGER","Ipoh 88 Speedmart",2024,2024-07,"July",3,78.69,26.23,ACTIVE
"Ismail Yusof","MANAGER","Ipoh 88 Speedmart",2024,2024-08,"August",9,507.08,56.34,ACTIVE
"Ismail Yusof","MANAGER","Ipoh 88 Speedmart",2024,2024-09,"September",7,403.72,57.67,ACTIVE
"Ismail Yusof","MANAGER","Ipoh 88 Speedmart",2024,2024-10,"October",4,172,43,ACTIVE
"Ismail Yusof","MANAGER","Ipoh 88 Speedmart",2024,2024-11,"November",9,168.8,18.76,ACTIVE
"Ismail Yusof","MANAGER","Ipoh 88 Speedmart",2024,2024-12,"December",18,693.76,38.54,ACTIVE
"Ismail Yusof","MANAGER","Ipoh 88 Speedmart",2025,2025-01,"January",6,107.86,17.98,ACTIVE
"Ismail Yusof","MANAGER","Ipoh 88 Speedmart",2025,2025-02,"February",5,221.59,44.32,ACTIVE
"Ismail Yusof","MANAGER","Ipoh 88 Speedmart",2025,2025-03,"March",9,476.63,52.96,ACTIVE
"Ismail Yusof","MANAGER","Ipoh 88 Speedmart",2025,2025-04,"April",5,104.84,20.97,ACTIVE
"Ismail Yusof","MANAGER","Ipoh 88 Speedmart",2025,2025-05,"May",9,318.96,35.44,ACTIVE
"Ismail Yusof","MANAGER","Ipoh 88 Speedmart",2025,2025-06,"June",7,284.42,40.63,ACTIVE
"Ismail Yusof","MANAGER","Ipoh 88 Speedmart",2025,2025-07,"July",12,808.89,67.41,ACTIVE
"Ismail Yusof","MANAGER","Ipoh 88 Speedmart",2025,2025-08,"August",13,426.24,32.79,ACTIVE
"Ismail Yusof","MANAGER","Ipoh 88 Speedmart",2025,2025-09,"September",4,142.12,35.53,ACTIVE
"Ismail Yusof","MANAGER","Ipoh 88 Speedmart",2025,2025-10,"October",4,288.13,72.03,ACTIVE
"Ismail Yusof","MANAGER","Ipoh 88 Speedmart",2025,2025-11,"November",12,345.13,28.76,ACTIVE
"Ismail Yusof","MANAGER","Ipoh 88 Speedmart",2025,2025-12,"December",29,1144.65,39.47,ACTIVE
"Ismail Yusof","MANAGER","Ipoh 88 Speedmart",2026,2026-01,"January",18,546.5,30.36,ACTIVE
"Ismail Yusof","MANAGER","Ipoh 88 Speedmart",2026,2026-02,"February",8,437.57,54.7,ACTIVE
"Ismail Yusof","MANAGER","Ipoh 88 Speedmart",2026,2026-03,"March",12,401.74,33.48,ACTIVE
"Ismail Yusof","MANAGER","Ipoh 88 Speedmart",2026,2026-04,"April",9,211.75,23.53,ACTIVE
"Ismail Yusof","MANAGER","Ipoh 88 Speedmart",2026,2026-05,"May",7,412.51,58.93,ACTIVE
"Ismail Yusof","MANAGER","Ipoh 88 Speedmart",2026,2026-06,"June",14,276.86,19.78,ACTIVE
"Ismail Zulkifli","MANAGER","Kuching 88 Speedmart",2023,2023-06,"June",1,106.1,106.1,RESIGNED
"Ismail Zulkifli","MANAGER","Kuching 88 Speedmart",2023,2023-07,"July",6,411.29,68.55,RESIGNED
"Ismail Zulkifli","MANAGER","Kuching 88 Speedmart",2023,2023-08,"August",7,358.98,51.28,RESIGNED
"Ismail Zulkifli","MANAGER","Kuching 88 Speedmart",2023,2023-09,"September",5,236.81,47.36,RESIGNED
"Ismail Zulkifli","MANAGER","Kuching 88 Speedmart",2023,2023-10,"October",9,342.36,38.04,RESIGNED
"Ismail Zulkifli","MANAGER","Kuching 88 Speedmart",2023,2023-11,"November",10,473.57,47.36,RESIGNED
"Ismail Zulkifli","MANAGER","Kuching 88 Speedmart",2023,2023-12,"December",14,655.83,46.85,RESIGNED
"Ismail Zulkifli","MANAGER","Kuching 88 Speedmart",2024,2024-01,"January",10,441.65,44.17,RESIGNED
"Ismail Zulkifli","MANAGER","Kuching 88 Speedmart",2024,2024-02,"February",5,170.1,34.02,RESIGNED
"Ismail Zulkifli","MANAGER","Kuching 88 Speedmart",2024,2024-03,"March",3,87.79,29.26,RESIGNED
"Ismail Zulkifli","MANAGER","Kuching 88 Speedmart",2024,2024-04,"April",6,181.77,30.3,RESIGNED
"Ismail Zulkifli","MANAGER","Kuching 88 Speedmart",2024,2024-05,"May",5,222.04,44.41,RESIGNED
"Ismail Zulkifli","MANAGER","Kuching 88 Speedmart",2024,2024-06,"June",8,286.16,35.77,RESIGNED
"Ismail Zulkifli","MANAGER","Kuching 88 Speedmart",2024,2024-07,"July",4,277.77,69.44,RESIGNED
"Ismail Zulkifli","MANAGER","Kuching 88 Speedmart",2024,2024-08,"August",1,26.66,26.66,RESIGNED
"Ismail Zulkifli","MANAGER","Kuching 88 Speedmart",2024,2024-09,"September",9,243.8,27.09,RESIGNED
"Ismail Zulkifli","MANAGER","Kuching 88 Speedmart",2024,2024-10,"October",13,459.11,35.32,RESIGNED
"Ismail Zulkifli","MANAGER","Kuching 88 Speedmart",2024,2024-11,"November",10,528.32,52.83,RESIGNED
"Ismail Zulkifli","MANAGER","Kuching 88 Speedmart",2024,2024-12,"December",12,296.76,24.73,RESIGNED
"Ismail Zulkifli","MANAGER","Kuching 88 Speedmart",2025,2025-01,"January",8,323.41,40.43,RESIGNED
"Ismail Zulkifli","MANAGER","Kuching 88 Speedmart",2025,2025-02,"February",7,306.5,43.79,RESIGNED
"Ismail Zulkifli","MANAGER","Kuching 88 Speedmart",2025,2025-03,"March",9,302.33,33.59,RESIGNED
"Ismail Zulkifli","MANAGER","Kuching 88 Speedmart",2025,2025-04,"April",6,219.28,36.55,RESIGNED
"Ismail Zulkifli","MANAGER","Kuching 88 Speedmart",2025,2025-05,"May",9,247.01,27.45,RESIGNED
"Ismail Zulkifli","MANAGER","Kuching 88 Speedmart",2025,2025-06,"June",13,793.63,61.05,RESIGNED
"Ismail Zulkifli","MANAGER","Kuching 88 Speedmart",2025,2025-07,"July",5,254.06,50.81,RESIGNED
"Ismail Zulkifli","MANAGER","Kuching 88 Speedmart",2025,2025-08,"August",4,59.65,14.91,RESIGNED
"Khalid Abdullah","CASHIER","Cheras 88 Speedmart",2020,2020-06,"June",39,1535.8,39.38,ACTIVE
"Khalid Abdullah","CASHIER","Cheras 88 Speedmart",2020,2020-07,"July",15,375.08,25.01,ACTIVE
"Khalid Abdullah","CASHIER","Cheras 88 Speedmart",2020,2020-08,"August",24,806.55,33.61,ACTIVE
"Khalid Abdullah","CASHIER","Cheras 88 Speedmart",2020,2020-09,"September",16,323.77,20.24,ACTIVE
"Khalid Abdullah","CASHIER","Cheras 88 Speedmart",2020,2020-10,"October",11,373.14,33.92,ACTIVE
"Khalid Abdullah","CASHIER","Cheras 88 Speedmart",2020,2020-11,"November",13,476.12,36.62,ACTIVE
"Khalid Abdullah","CASHIER","Cheras 88 Speedmart",2020,2020-12,"December",30,1508.4,50.28,ACTIVE
"Khalid Abdullah","CASHIER","Cheras 88 Speedmart",2021,2021-01,"January",10,413.5,41.35,ACTIVE
"Khalid Abdullah","CASHIER","Cheras 88 Speedmart",2021,2021-02,"February",13,458.76,35.29,ACTIVE
"Khalid Abdullah","CASHIER","Cheras 88 Speedmart",2021,2021-03,"March",8,494.06,61.76,ACTIVE
"Khalid Abdullah","CASHIER","Cheras 88 Speedmart",2021,2021-04,"April",12,344.71,28.73,ACTIVE
"Khalid Abdullah","CASHIER","Cheras 88 Speedmart",2021,2021-05,"May",8,402.16,50.27,ACTIVE
"Khalid Abdullah","CASHIER","Cheras 88 Speedmart",2021,2021-06,"June",13,398.58,30.66,ACTIVE
"Khalid Abdullah","CASHIER","Cheras 88 Speedmart",2021,2021-07,"July",7,128.22,18.32,ACTIVE
"Khalid Abdullah","CASHIER","Cheras 88 Speedmart",2021,2021-08,"August",14,792.83,56.63,ACTIVE
"Khalid Abdullah","CASHIER","Cheras 88 Speedmart",2021,2021-09,"September",8,200.9,25.11,ACTIVE
"Khalid Abdullah","CASHIER","Cheras 88 Speedmart",2021,2021-10,"October",16,361.07,22.57,ACTIVE
"Khalid Abdullah","CASHIER","Cheras 88 Speedmart",2021,2021-11,"November",13,422.33,32.49,ACTIVE
"Khalid Abdullah","CASHIER","Cheras 88 Speedmart",2021,2021-12,"December",14,392.4,28.03,ACTIVE
"Khalid Abdullah","CASHIER","Cheras 88 Speedmart",2022,2022-01,"January",13,367.37,28.26,ACTIVE
"Khalid Abdullah","CASHIER","Cheras 88 Speedmart",2022,2022-02,"February",8,268.03,33.5,ACTIVE
"Khalid Abdullah","CASHIER","Cheras 88 Speedmart",2022,2022-03,"March",4,146.41,36.6,ACTIVE
"Khalid Abdullah","CASHIER","Cheras 88 Speedmart",2022,2022-04,"April",9,175.3,19.48,ACTIVE
"Khalid Abdullah","CASHIER","Cheras 88 Speedmart",2022,2022-05,"May",9,441.01,49,ACTIVE
"Khalid Abdullah","CASHIER","Cheras 88 Speedmart",2022,2022-06,"June",9,526.83,58.54,ACTIVE
"Khalid Abdullah","CASHIER","Cheras 88 Speedmart",2022,2022-07,"July",6,171.55,28.59,ACTIVE
"Khalid Abdullah","CASHIER","Cheras 88 Speedmart",2022,2022-08,"August",9,408.56,45.4,ACTIVE
"Khalid Abdullah","CASHIER","Cheras 88 Speedmart",2022,2022-09,"September",7,280.06,40.01,ACTIVE
"Khalid Abdullah","CASHIER","Cheras 88 Speedmart",2022,2022-10,"October",2,89.85,44.93,ACTIVE
"Khalid Abdullah","CASHIER","Cheras 88 Speedmart",2022,2022-11,"November",9,227.3,25.26,ACTIVE
"Khalid Abdullah","CASHIER","Cheras 88 Speedmart",2022,2022-12,"December",12,362.14,30.18,ACTIVE
"Khalid Abdullah","CASHIER","Cheras 88 Speedmart",2023,2023-01,"January",12,351.38,29.28,ACTIVE
"Khalid Abdullah","CASHIER","Cheras 88 Speedmart",2023,2023-02,"February",4,101.81,25.45,ACTIVE
"Khalid Abdullah","CASHIER","Cheras 88 Speedmart",2023,2023-03,"March",8,178.56,22.32,ACTIVE
"Khalid Abdullah","CASHIER","Cheras 88 Speedmart",2023,2023-04,"April",3,59.92,19.97,ACTIVE
"Khalid Abdullah","CASHIER","Cheras 88 Speedmart",2023,2023-05,"May",4,153.58,38.4,ACTIVE
"Khalid Abdullah","CASHIER","Cheras 88 Speedmart",2023,2023-06,"June",4,243.28,60.82,ACTIVE
"Khalid Abdullah","CASHIER","Cheras 88 Speedmart",2023,2023-07,"July",3,96.14,32.05,ACTIVE
"Khalid Abdullah","CASHIER","Cheras 88 Speedmart",2023,2023-08,"August",5,129.33,25.87,ACTIVE
"Khalid Abdullah","CASHIER","Cheras 88 Speedmart",2023,2023-09,"September",4,56.08,14.02,ACTIVE
"Khalid Abdullah","CASHIER","Cheras 88 Speedmart",2023,2023-10,"October",7,309.77,44.25,ACTIVE
"Khalid Abdullah","CASHIER","Cheras 88 Speedmart",2023,2023-11,"November",13,516.33,39.72,ACTIVE
"Khalid Abdullah","CASHIER","Cheras 88 Speedmart",2023,2023-12,"December",12,474.08,39.51,ACTIVE
"Khalid Abdullah","CASHIER","Cheras 88 Speedmart",2024,2024-01,"January",5,131.34,26.27,ACTIVE
"Khalid Abdullah","CASHIER","Cheras 88 Speedmart",2024,2024-02,"February",6,121.47,20.25,ACTIVE
"Khalid Abdullah","CASHIER","Cheras 88 Speedmart",2024,2024-03,"March",4,64.89,16.22,ACTIVE
"Khalid Abdullah","CASHIER","Cheras 88 Speedmart",2024,2024-04,"April",9,395.4,43.93,ACTIVE
"Khalid Abdullah","CASHIER","Cheras 88 Speedmart",2024,2024-05,"May",6,124.96,20.83,ACTIVE
"Khalid Abdullah","CASHIER","Cheras 88 Speedmart",2024,2024-06,"June",9,423.21,47.02,ACTIVE
"Khalid Abdullah","CASHIER","Cheras 88 Speedmart",2024,2024-07,"July",1,95.87,95.87,ACTIVE
"Khalid Abdullah","CASHIER","Cheras 88 Speedmart",2024,2024-08,"August",5,158.7,31.74,ACTIVE
"Khalid Abdullah","CASHIER","Cheras 88 Speedmart",2024,2024-09,"September",4,114.37,28.59,ACTIVE
"Khalid Abdullah","CASHIER","Cheras 88 Speedmart",2024,2024-10,"October",7,252.79,36.11,ACTIVE
"Khalid Abdullah","CASHIER","Cheras 88 Speedmart",2024,2024-11,"November",13,578.02,44.46,ACTIVE
"Khalid Abdullah","CASHIER","Cheras 88 Speedmart",2024,2024-12,"December",19,448.09,23.58,ACTIVE
"Khalid Abdullah","CASHIER","Cheras 88 Speedmart",2025,2025-01,"January",6,184.65,30.78,ACTIVE
"Khalid Abdullah","CASHIER","Cheras 88 Speedmart",2025,2025-02,"February",6,309.31,51.55,ACTIVE
"Khalid Abdullah","CASHIER","Cheras 88 Speedmart",2025,2025-03,"March",7,430.96,61.57,ACTIVE
"Khalid Abdullah","CASHIER","Cheras 88 Speedmart",2025,2025-04,"April",5,139.01,27.8,ACTIVE
"Khalid Abdullah","CASHIER","Cheras 88 Speedmart",2025,2025-05,"May",10,414.04,41.4,ACTIVE
"Khalid Abdullah","CASHIER","Cheras 88 Speedmart",2025,2025-06,"June",8,273.42,34.18,ACTIVE
"Khalid Abdullah","CASHIER","Cheras 88 Speedmart",2025,2025-07,"July",9,251.47,27.94,ACTIVE
"Khalid Abdullah","CASHIER","Cheras 88 Speedmart",2025,2025-08,"August",6,203.31,33.89,ACTIVE
"Khalid Abdullah","CASHIER","Cheras 88 Speedmart",2025,2025-09,"September",5,234.33,46.87,ACTIVE
"Khalid Abdullah","CASHIER","Cheras 88 Speedmart",2025,2025-10,"October",8,172.8,21.6,ACTIVE
"Khalid Abdullah","CASHIER","Cheras 88 Speedmart",2025,2025-11,"November",12,382.26,31.86,ACTIVE
"Khalid Abdullah","CASHIER","Cheras 88 Speedmart",2025,2025-12,"December",25,792.82,31.71,ACTIVE
"Khalid Abdullah","CASHIER","Cheras 88 Speedmart",2026,2026-01,"January",4,115.05,28.76,ACTIVE
"Khalid Abdullah","CASHIER","Cheras 88 Speedmart",2026,2026-02,"February",12,437.71,36.48,ACTIVE
"Khalid Abdullah","CASHIER","Cheras 88 Speedmart",2026,2026-03,"March",4,348.17,87.04,ACTIVE
"Khalid Abdullah","CASHIER","Cheras 88 Speedmart",2026,2026-04,"April",8,440.27,55.03,ACTIVE
"Khalid Abdullah","CASHIER","Cheras 88 Speedmart",2026,2026-05,"May",10,520.8,52.08,ACTIVE
"Khalid Abdullah","CASHIER","Cheras 88 Speedmart",2026,2026-06,"June",12,451.03,37.59,ACTIVE
"Khalid Ahmad","MANAGER","Seremban 88 Speedmart",2022,2022-01,"January",15,555.56,37.04,ACTIVE
"Khalid Ahmad","MANAGER","Seremban 88 Speedmart",2022,2022-02,"February",9,272.99,30.33,ACTIVE
"Khalid Ahmad","MANAGER","Seremban 88 Speedmart",2022,2022-03,"March",9,265.69,29.52,ACTIVE
"Khalid Ahmad","MANAGER","Seremban 88 Speedmart",2022,2022-04,"April",9,197.97,22,ACTIVE
"Khalid Ahmad","MANAGER","Seremban 88 Speedmart",2022,2022-05,"May",6,286.12,47.69,ACTIVE
"Khalid Ahmad","MANAGER","Seremban 88 Speedmart",2022,2022-06,"June",12,585.51,48.79,ACTIVE
"Khalid Ahmad","MANAGER","Seremban 88 Speedmart",2022,2022-07,"July",6,259.59,43.27,ACTIVE
"Khalid Ahmad","MANAGER","Seremban 88 Speedmart",2022,2022-08,"August",7,446.89,63.84,ACTIVE
"Khalid Ahmad","MANAGER","Seremban 88 Speedmart",2022,2022-09,"September",6,193.65,32.28,ACTIVE
"Khalid Ahmad","MANAGER","Seremban 88 Speedmart",2022,2022-10,"October",7,295.78,42.25,ACTIVE
"Khalid Ahmad","MANAGER","Seremban 88 Speedmart",2022,2022-11,"November",11,789.2,71.75,ACTIVE
"Khalid Ahmad","MANAGER","Seremban 88 Speedmart",2022,2022-12,"December",17,939.61,55.27,ACTIVE
"Khalid Ahmad","MANAGER","Seremban 88 Speedmart",2023,2023-01,"January",12,477.34,39.78,ACTIVE
"Khalid Ahmad","MANAGER","Seremban 88 Speedmart",2023,2023-02,"February",3,130.74,43.58,ACTIVE
"Khalid Ahmad","MANAGER","Seremban 88 Speedmart",2023,2023-03,"March",4,162.21,40.55,ACTIVE
"Khalid Ahmad","MANAGER","Seremban 88 Speedmart",2023,2023-04,"April",10,561.58,56.16,ACTIVE
"Khalid Ahmad","MANAGER","Seremban 88 Speedmart",2023,2023-05,"May",2,32.36,16.18,ACTIVE
"Khalid Ahmad","MANAGER","Seremban 88 Speedmart",2023,2023-06,"June",5,68.15,13.63,ACTIVE
"Khalid Ahmad","MANAGER","Seremban 88 Speedmart",2023,2023-07,"July",3,113.1,37.7,ACTIVE
"Khalid Ahmad","MANAGER","Seremban 88 Speedmart",2023,2023-08,"August",5,50.78,10.16,ACTIVE
"Khalid Ahmad","MANAGER","Seremban 88 Speedmart",2023,2023-09,"September",3,167.03,55.68,ACTIVE
"Khalid Ahmad","MANAGER","Seremban 88 Speedmart",2023,2023-10,"October",4,139.57,34.89,ACTIVE
"Khalid Ahmad","MANAGER","Seremban 88 Speedmart",2023,2023-11,"November",12,588.66,49.06,ACTIVE
"Khalid Ahmad","MANAGER","Seremban 88 Speedmart",2023,2023-12,"December",9,177.31,19.7,ACTIVE
"Khalid Ahmad","MANAGER","Seremban 88 Speedmart",2024,2024-01,"January",6,324.45,54.08,ACTIVE
"Khalid Ahmad","MANAGER","Seremban 88 Speedmart",2024,2024-02,"February",6,273.13,45.52,ACTIVE
"Khalid Ahmad","MANAGER","Seremban 88 Speedmart",2024,2024-03,"March",5,170.6,34.12,ACTIVE
"Khalid Ahmad","MANAGER","Seremban 88 Speedmart",2024,2024-04,"April",5,245.8,49.16,ACTIVE
"Khalid Ahmad","MANAGER","Seremban 88 Speedmart",2024,2024-05,"May",6,249.63,41.61,ACTIVE
"Khalid Ahmad","MANAGER","Seremban 88 Speedmart",2024,2024-06,"June",14,348.25,24.88,ACTIVE
"Khalid Ahmad","MANAGER","Seremban 88 Speedmart",2024,2024-07,"July",10,591.51,59.15,ACTIVE
"Khalid Ahmad","MANAGER","Seremban 88 Speedmart",2024,2024-08,"August",6,392.85,65.48,ACTIVE
"Khalid Ahmad","MANAGER","Seremban 88 Speedmart",2024,2024-09,"September",9,260.31,28.92,ACTIVE
"Khalid Ahmad","MANAGER","Seremban 88 Speedmart",2024,2024-10,"October",10,400.49,40.05,ACTIVE
"Khalid Ahmad","MANAGER","Seremban 88 Speedmart",2024,2024-11,"November",8,361.41,45.18,ACTIVE
"Khalid Ahmad","MANAGER","Seremban 88 Speedmart",2024,2024-12,"December",21,652.45,31.07,ACTIVE
"Khalid Ahmad","MANAGER","Seremban 88 Speedmart",2025,2025-01,"January",9,433.56,48.17,ACTIVE
"Khalid Ahmad","MANAGER","Seremban 88 Speedmart",2025,2025-02,"February",13,779.73,59.98,ACTIVE
"Khalid Ahmad","MANAGER","Seremban 88 Speedmart",2025,2025-03,"March",13,745.91,57.38,ACTIVE
"Khalid Ahmad","MANAGER","Seremban 88 Speedmart",2025,2025-04,"April",3,110.77,36.92,ACTIVE
"Khalid Ahmad","MANAGER","Seremban 88 Speedmart",2025,2025-05,"May",6,172.23,28.71,ACTIVE
"Khalid Ahmad","MANAGER","Seremban 88 Speedmart",2025,2025-06,"June",12,630.46,52.54,ACTIVE
"Khalid Ahmad","MANAGER","Seremban 88 Speedmart",2025,2025-07,"July",4,169.41,42.35,ACTIVE
"Khalid Ahmad","MANAGER","Seremban 88 Speedmart",2025,2025-08,"August",8,246.88,30.86,ACTIVE
"Khalid Ahmad","MANAGER","Seremban 88 Speedmart",2025,2025-09,"September",13,416.89,32.07,ACTIVE
"Khalid Ahmad","MANAGER","Seremban 88 Speedmart",2025,2025-10,"October",13,413.31,31.79,ACTIVE
"Khalid Ahmad","MANAGER","Seremban 88 Speedmart",2025,2025-11,"November",11,692.4,62.95,ACTIVE
"Khalid Ahmad","MANAGER","Seremban 88 Speedmart",2025,2025-12,"December",20,1198.05,59.9,ACTIVE
"Khalid Ahmad","MANAGER","Seremban 88 Speedmart",2026,2026-01,"January",7,186.37,26.62,ACTIVE
"Khalid Ahmad","MANAGER","Seremban 88 Speedmart",2026,2026-02,"February",17,692.97,40.76,ACTIVE
"Khalid Ahmad","MANAGER","Seremban 88 Speedmart",2026,2026-03,"March",12,645.26,53.77,ACTIVE
"Khalid Ahmad","MANAGER","Seremban 88 Speedmart",2026,2026-04,"April",5,73.55,14.71,ACTIVE
"Khalid Ahmad","MANAGER","Seremban 88 Speedmart",2026,2026-05,"May",12,475.38,39.62,ACTIVE
"Khalid Ahmad","MANAGER","Seremban 88 Speedmart",2026,2026-06,"June",9,364.3,40.48,ACTIVE
"Khalid Hassan","CASHIER","Seremban 88 Speedmart",2022,2022-01,"January",12,276.29,23.02,ACTIVE
"Khalid Hassan","CASHIER","Seremban 88 Speedmart",2022,2022-02,"February",12,398.85,33.24,ACTIVE
"Khalid Hassan","CASHIER","Seremban 88 Speedmart",2022,2022-03,"March",14,519.39,37.1,ACTIVE
"Khalid Hassan","CASHIER","Seremban 88 Speedmart",2022,2022-04,"April",10,314.53,31.45,ACTIVE
"Khalid Hassan","CASHIER","Seremban 88 Speedmart",2022,2022-05,"May",6,241.81,40.3,ACTIVE
"Khalid Hassan","CASHIER","Seremban 88 Speedmart",2022,2022-06,"June",13,446.55,34.35,ACTIVE
"Khalid Hassan","CASHIER","Seremban 88 Speedmart",2022,2022-07,"July",8,397.02,49.63,ACTIVE
"Khalid Hassan","CASHIER","Seremban 88 Speedmart",2022,2022-08,"August",9,392.81,43.65,ACTIVE
"Khalid Hassan","CASHIER","Seremban 88 Speedmart",2022,2022-09,"September",9,561.19,62.35,ACTIVE
"Khalid Hassan","CASHIER","Seremban 88 Speedmart",2022,2022-10,"October",1,31.22,31.22,ACTIVE
"Khalid Hassan","CASHIER","Seremban 88 Speedmart",2022,2022-11,"November",12,545.8,45.48,ACTIVE
"Khalid Hassan","CASHIER","Seremban 88 Speedmart",2022,2022-12,"December",11,340.81,30.98,ACTIVE
"Khalid Hassan","CASHIER","Seremban 88 Speedmart",2023,2023-01,"January",7,167.23,23.89,ACTIVE
"Khalid Hassan","CASHIER","Seremban 88 Speedmart",2023,2023-02,"February",10,312.41,31.24,ACTIVE
"Khalid Hassan","CASHIER","Seremban 88 Speedmart",2023,2023-03,"March",7,199.92,28.56,ACTIVE
"Khalid Hassan","CASHIER","Seremban 88 Speedmart",2023,2023-04,"April",5,201.16,40.23,ACTIVE
"Khalid Hassan","CASHIER","Seremban 88 Speedmart",2023,2023-05,"May",9,512.9,56.99,ACTIVE
"Khalid Hassan","CASHIER","Seremban 88 Speedmart",2023,2023-06,"June",8,206.9,25.86,ACTIVE
"Khalid Hassan","CASHIER","Seremban 88 Speedmart",2023,2023-07,"July",7,269.05,38.44,ACTIVE
"Khalid Hassan","CASHIER","Seremban 88 Speedmart",2023,2023-08,"August",3,106.57,35.52,ACTIVE
"Khalid Hassan","CASHIER","Seremban 88 Speedmart",2023,2023-09,"September",3,94.05,31.35,ACTIVE
"Khalid Hassan","CASHIER","Seremban 88 Speedmart",2023,2023-10,"October",3,257.75,85.92,ACTIVE
"Khalid Hassan","CASHIER","Seremban 88 Speedmart",2023,2023-11,"November",10,284,28.4,ACTIVE
"Khalid Hassan","CASHIER","Seremban 88 Speedmart",2023,2023-12,"December",9,293.87,32.65,ACTIVE
"Khalid Hassan","CASHIER","Seremban 88 Speedmart",2024,2024-01,"January",12,705.47,58.79,ACTIVE
"Khalid Hassan","CASHIER","Seremban 88 Speedmart",2024,2024-02,"February",11,521.67,47.42,ACTIVE
"Khalid Hassan","CASHIER","Seremban 88 Speedmart",2024,2024-03,"March",4,250.59,62.65,ACTIVE
"Khalid Hassan","CASHIER","Seremban 88 Speedmart",2024,2024-04,"April",6,405.36,67.56,ACTIVE
"Khalid Hassan","CASHIER","Seremban 88 Speedmart",2024,2024-05,"May",7,317.63,45.38,ACTIVE
"Khalid Hassan","CASHIER","Seremban 88 Speedmart",2024,2024-06,"June",12,529.42,44.12,ACTIVE
"Khalid Hassan","CASHIER","Seremban 88 Speedmart",2024,2024-07,"July",7,282.42,40.35,ACTIVE
"Khalid Hassan","CASHIER","Seremban 88 Speedmart",2024,2024-08,"August",7,209.31,29.9,ACTIVE
"Khalid Hassan","CASHIER","Seremban 88 Speedmart",2024,2024-09,"September",7,199.75,28.54,ACTIVE
"Khalid Hassan","CASHIER","Seremban 88 Speedmart",2024,2024-10,"October",10,584.63,58.46,ACTIVE
"Khalid Hassan","CASHIER","Seremban 88 Speedmart",2024,2024-11,"November",9,577.28,64.14,ACTIVE
"Khalid Hassan","CASHIER","Seremban 88 Speedmart",2024,2024-12,"December",17,512.23,30.13,ACTIVE
"Khalid Hassan","CASHIER","Seremban 88 Speedmart",2025,2025-01,"January",12,883.16,73.6,ACTIVE
"Khalid Hassan","CASHIER","Seremban 88 Speedmart",2025,2025-02,"February",10,436.56,43.66,ACTIVE
"Khalid Hassan","CASHIER","Seremban 88 Speedmart",2025,2025-03,"March",5,136.4,27.28,ACTIVE
"Khalid Hassan","CASHIER","Seremban 88 Speedmart",2025,2025-04,"April",12,288.57,24.05,ACTIVE
"Khalid Hassan","CASHIER","Seremban 88 Speedmart",2025,2025-05,"May",7,375.65,53.66,ACTIVE
"Khalid Hassan","CASHIER","Seremban 88 Speedmart",2025,2025-06,"June",10,282.26,28.23,ACTIVE
"Khalid Hassan","CASHIER","Seremban 88 Speedmart",2025,2025-07,"July",10,277.66,27.77,ACTIVE
"Khalid Hassan","CASHIER","Seremban 88 Speedmart",2025,2025-08,"August",2,67.69,33.85,ACTIVE
"Khalid Hassan","CASHIER","Seremban 88 Speedmart",2025,2025-09,"September",5,254.12,50.82,ACTIVE
"Khalid Hassan","CASHIER","Seremban 88 Speedmart",2025,2025-10,"October",7,399.7,57.1,ACTIVE
"Khalid Hassan","CASHIER","Seremban 88 Speedmart",2025,2025-11,"November",16,512.41,32.03,ACTIVE
"Khalid Hassan","CASHIER","Seremban 88 Speedmart",2025,2025-12,"December",14,613.29,43.81,ACTIVE
"Khalid Hassan","CASHIER","Seremban 88 Speedmart",2026,2026-01,"January",7,240.24,34.32,ACTIVE
"Khalid Hassan","CASHIER","Seremban 88 Speedmart",2026,2026-02,"February",12,490.11,40.84,ACTIVE
"Khalid Hassan","CASHIER","Seremban 88 Speedmart",2026,2026-03,"March",16,633.11,39.57,ACTIVE
"Khalid Hassan","CASHIER","Seremban 88 Speedmart",2026,2026-04,"April",8,312.27,39.03,ACTIVE
"Khalid Hassan","CASHIER","Seremban 88 Speedmart",2026,2026-05,"May",9,404.82,44.98,ACTIVE
"Khalid Hassan","CASHIER","Seremban 88 Speedmart",2026,2026-06,"June",7,297.48,42.5,ACTIVE
"Khalid Ibrahim","ADMIN","Shah Alam 88 Speedmart",2020,2020-10,"October",16,851.9,53.24,ACTIVE
"Khalid Ibrahim","ADMIN","Shah Alam 88 Speedmart",2020,2020-11,"November",30,1191.62,39.72,ACTIVE
"Khalid Ibrahim","ADMIN","Shah Alam 88 Speedmart",2020,2020-12,"December",31,1131.75,36.51,ACTIVE
"Khalid Ibrahim","ADMIN","Shah Alam 88 Speedmart",2021,2021-01,"January",16,701.48,43.84,ACTIVE
"Khalid Ibrahim","ADMIN","Shah Alam 88 Speedmart",2021,2021-02,"February",16,664.55,41.53,ACTIVE
"Khalid Ibrahim","ADMIN","Shah Alam 88 Speedmart",2021,2021-03,"March",11,362.57,32.96,ACTIVE
"Khalid Ibrahim","ADMIN","Shah Alam 88 Speedmart",2021,2021-04,"April",7,156.49,22.36,ACTIVE
"Khalid Ibrahim","ADMIN","Shah Alam 88 Speedmart",2021,2021-05,"May",14,627.45,44.82,ACTIVE
"Khalid Ibrahim","ADMIN","Shah Alam 88 Speedmart",2021,2021-06,"June",12,574.66,47.89,ACTIVE
"Khalid Ibrahim","ADMIN","Shah Alam 88 Speedmart",2021,2021-07,"July",1,6.81,6.81,ACTIVE
"Khalid Ibrahim","ADMIN","Shah Alam 88 Speedmart",2021,2021-08,"August",13,468.61,36.05,ACTIVE
"Khalid Ibrahim","ADMIN","Shah Alam 88 Speedmart",2021,2021-09,"September",4,157.4,39.35,ACTIVE
"Khalid Ibrahim","ADMIN","Shah Alam 88 Speedmart",2021,2021-10,"October",8,327.22,40.9,ACTIVE
"Khalid Ibrahim","ADMIN","Shah Alam 88 Speedmart",2021,2021-11,"November",18,575.18,31.95,ACTIVE
"Khalid Ibrahim","ADMIN","Shah Alam 88 Speedmart",2021,2021-12,"December",18,651.92,36.22,ACTIVE
"Khalid Ibrahim","ADMIN","Shah Alam 88 Speedmart",2022,2022-01,"January",8,397.87,49.73,ACTIVE
"Khalid Ibrahim","ADMIN","Shah Alam 88 Speedmart",2022,2022-02,"February",7,189.58,27.08,ACTIVE
"Khalid Ibrahim","ADMIN","Shah Alam 88 Speedmart",2022,2022-03,"March",3,101.46,33.82,ACTIVE
"Khalid Ibrahim","ADMIN","Shah Alam 88 Speedmart",2022,2022-04,"April",8,159.8,19.98,ACTIVE
"Khalid Ibrahim","ADMIN","Shah Alam 88 Speedmart",2022,2022-05,"May",8,339.94,42.49,ACTIVE
"Khalid Ibrahim","ADMIN","Shah Alam 88 Speedmart",2022,2022-06,"June",16,807.33,50.46,ACTIVE
"Khalid Ibrahim","ADMIN","Shah Alam 88 Speedmart",2022,2022-07,"July",7,374.12,53.45,ACTIVE
"Khalid Ibrahim","ADMIN","Shah Alam 88 Speedmart",2022,2022-08,"August",7,272.16,38.88,ACTIVE
"Khalid Ibrahim","ADMIN","Shah Alam 88 Speedmart",2022,2022-09,"September",6,158.06,26.34,ACTIVE
"Khalid Ibrahim","ADMIN","Shah Alam 88 Speedmart",2022,2022-10,"October",6,276.47,46.08,ACTIVE
"Khalid Ibrahim","ADMIN","Shah Alam 88 Speedmart",2022,2022-11,"November",8,275.92,34.49,ACTIVE
"Khalid Ibrahim","ADMIN","Shah Alam 88 Speedmart",2022,2022-12,"December",12,509.88,42.49,ACTIVE
"Khalid Ibrahim","ADMIN","Shah Alam 88 Speedmart",2023,2023-01,"January",11,317.17,28.83,ACTIVE
"Khalid Ibrahim","ADMIN","Shah Alam 88 Speedmart",2023,2023-02,"February",3,68.49,22.83,ACTIVE
"Khalid Ibrahim","ADMIN","Shah Alam 88 Speedmart",2023,2023-03,"March",8,292.79,36.6,ACTIVE
"Khalid Ibrahim","ADMIN","Shah Alam 88 Speedmart",2023,2023-04,"April",10,576.58,57.66,ACTIVE
"Khalid Ibrahim","ADMIN","Shah Alam 88 Speedmart",2023,2023-05,"May",1,14.97,14.97,ACTIVE
"Khalid Ibrahim","ADMIN","Shah Alam 88 Speedmart",2023,2023-06,"June",9,484.69,53.85,ACTIVE
"Khalid Ibrahim","ADMIN","Shah Alam 88 Speedmart",2023,2023-07,"July",10,485.09,48.51,ACTIVE
"Khalid Ibrahim","ADMIN","Shah Alam 88 Speedmart",2023,2023-08,"August",8,311.64,38.96,ACTIVE
"Khalid Ibrahim","ADMIN","Shah Alam 88 Speedmart",2023,2023-09,"September",5,86.75,17.35,ACTIVE
"Khalid Ibrahim","ADMIN","Shah Alam 88 Speedmart",2023,2023-10,"October",2,45.87,22.94,ACTIVE
"Khalid Ibrahim","ADMIN","Shah Alam 88 Speedmart",2023,2023-11,"November",6,103.58,17.26,ACTIVE
"Khalid Ibrahim","ADMIN","Shah Alam 88 Speedmart",2023,2023-12,"December",13,879.31,67.64,ACTIVE
"Khalid Ibrahim","ADMIN","Shah Alam 88 Speedmart",2024,2024-01,"January",7,457.02,65.29,ACTIVE
"Khalid Ibrahim","ADMIN","Shah Alam 88 Speedmart",2024,2024-02,"February",9,381.53,42.39,ACTIVE
"Khalid Ibrahim","ADMIN","Shah Alam 88 Speedmart",2024,2024-03,"March",2,133.03,66.52,ACTIVE
"Khalid Ibrahim","ADMIN","Shah Alam 88 Speedmart",2024,2024-04,"April",8,280.81,35.1,ACTIVE
"Khalid Ibrahim","ADMIN","Shah Alam 88 Speedmart",2024,2024-05,"May",5,191.29,38.26,ACTIVE
"Khalid Ibrahim","ADMIN","Shah Alam 88 Speedmart",2024,2024-06,"June",6,122.29,20.38,ACTIVE
"Khalid Ibrahim","ADMIN","Shah Alam 88 Speedmart",2024,2024-07,"July",5,155.7,31.14,ACTIVE
"Khalid Ibrahim","ADMIN","Shah Alam 88 Speedmart",2024,2024-08,"August",8,240.04,30.01,ACTIVE
"Khalid Ibrahim","ADMIN","Shah Alam 88 Speedmart",2024,2024-09,"September",4,93.47,23.37,ACTIVE
"Khalid Ibrahim","ADMIN","Shah Alam 88 Speedmart",2024,2024-10,"October",6,209.79,34.97,ACTIVE
"Khalid Ibrahim","ADMIN","Shah Alam 88 Speedmart",2024,2024-11,"November",7,218.15,31.16,ACTIVE
"Khalid Ibrahim","ADMIN","Shah Alam 88 Speedmart",2024,2024-12,"December",13,375.99,28.92,ACTIVE
"Khalid Ibrahim","ADMIN","Shah Alam 88 Speedmart",2025,2025-01,"January",12,674.12,56.18,ACTIVE
"Khalid Ibrahim","ADMIN","Shah Alam 88 Speedmart",2025,2025-02,"February",9,194.86,21.65,ACTIVE
"Khalid Ibrahim","ADMIN","Shah Alam 88 Speedmart",2025,2025-03,"March",4,95.23,23.81,ACTIVE
"Khalid Ibrahim","ADMIN","Shah Alam 88 Speedmart",2025,2025-04,"April",6,251.19,41.87,ACTIVE
"Khalid Ibrahim","ADMIN","Shah Alam 88 Speedmart",2025,2025-05,"May",6,377.93,62.99,ACTIVE
"Khalid Ibrahim","ADMIN","Shah Alam 88 Speedmart",2025,2025-06,"June",9,598.12,66.46,ACTIVE
"Khalid Ibrahim","ADMIN","Shah Alam 88 Speedmart",2025,2025-07,"July",5,177.65,35.53,ACTIVE
"Khalid Ibrahim","ADMIN","Shah Alam 88 Speedmart",2025,2025-08,"August",5,93.62,18.72,ACTIVE
"Khalid Ibrahim","ADMIN","Shah Alam 88 Speedmart",2025,2025-09,"September",6,248.49,41.42,ACTIVE
"Khalid Ibrahim","ADMIN","Shah Alam 88 Speedmart",2025,2025-10,"October",3,163.41,54.47,ACTIVE
"Khalid Ibrahim","ADMIN","Shah Alam 88 Speedmart",2025,2025-11,"November",12,538.53,44.88,ACTIVE
"Khalid Ibrahim","ADMIN","Shah Alam 88 Speedmart",2025,2025-12,"December",13,421.14,32.4,ACTIVE
"Khalid Ibrahim","ADMIN","Shah Alam 88 Speedmart",2026,2026-01,"January",11,414.26,37.66,ACTIVE
"Khalid Ibrahim","ADMIN","Shah Alam 88 Speedmart",2026,2026-02,"February",5,234.41,46.88,ACTIVE
"Khalid Ibrahim","ADMIN","Shah Alam 88 Speedmart",2026,2026-03,"March",9,512.91,56.99,ACTIVE
"Khalid Ibrahim","ADMIN","Shah Alam 88 Speedmart",2026,2026-04,"April",9,239.59,26.62,ACTIVE
"Khalid Ibrahim","ADMIN","Shah Alam 88 Speedmart",2026,2026-05,"May",8,628.8,78.6,ACTIVE
"Khalid Ibrahim","ADMIN","Shah Alam 88 Speedmart",2026,2026-06,"June",10,326.29,32.63,ACTIVE
"Khalid Othman","ADMIN","Kuching 88 Speedmart",2023,2023-07,"July",8,248.34,31.04,RESIGNED
"Khalid Othman","ADMIN","Kuching 88 Speedmart",2023,2023-08,"August",5,81.48,16.3,RESIGNED
"Khalid Othman","ADMIN","Kuching 88 Speedmart",2023,2023-09,"September",4,156.15,39.04,RESIGNED
"Khalid Othman","ADMIN","Kuching 88 Speedmart",2023,2023-10,"October",4,31.1,7.78,RESIGNED
"Khalid Othman","ADMIN","Kuching 88 Speedmart",2023,2023-11,"November",7,328.81,46.97,RESIGNED
"Khalid Othman","ADMIN","Kuching 88 Speedmart",2023,2023-12,"December",16,751.55,46.97,RESIGNED
"Khalid Othman","ADMIN","Kuching 88 Speedmart",2024,2024-01,"January",14,365.69,26.12,RESIGNED
"Khalid Othman","ADMIN","Kuching 88 Speedmart",2024,2024-02,"February",10,224.78,22.48,RESIGNED
"Khalid Othman","ADMIN","Kuching 88 Speedmart",2024,2024-03,"March",10,270.11,27.01,RESIGNED
"Khalid Othman","ADMIN","Kuching 88 Speedmart",2024,2024-04,"April",2,109.16,54.58,RESIGNED
"Khalid Othman","ADMIN","Kuching 88 Speedmart",2024,2024-05,"May",10,246.35,24.64,RESIGNED
"Khalid Othman","ADMIN","Kuching 88 Speedmart",2024,2024-06,"June",5,209.17,41.83,RESIGNED
"Khalid Othman","ADMIN","Kuching 88 Speedmart",2024,2024-07,"July",11,377.85,34.35,RESIGNED
"Khalid Othman","ADMIN","Kuching 88 Speedmart",2024,2024-08,"August",8,272.65,34.08,RESIGNED
"Khalid Othman","ADMIN","Kuching 88 Speedmart",2024,2024-09,"September",6,170.23,28.37,RESIGNED
"Khalid Othman","ADMIN","Kuching 88 Speedmart",2024,2024-10,"October",6,129.62,21.6,RESIGNED
"Khalid Othman","ADMIN","Kuching 88 Speedmart",2024,2024-11,"November",11,217.31,19.76,RESIGNED
"Khalid Othman","ADMIN","Kuching 88 Speedmart",2024,2024-12,"December",13,465.59,35.81,RESIGNED
"Khalid Othman","ADMIN","Kuching 88 Speedmart",2025,2025-01,"January",4,123.57,30.89,RESIGNED
"Khalid Othman","ADMIN","Kuching 88 Speedmart",2025,2025-02,"February",8,432.23,54.03,RESIGNED
"Khalid Othman","ADMIN","Kuching 88 Speedmart",2025,2025-03,"March",5,227.25,45.45,RESIGNED
"Khalid Othman","ADMIN","Kuching 88 Speedmart",2025,2025-04,"April",8,273.48,34.19,RESIGNED
"Khalid Othman","ADMIN","Kuching 88 Speedmart",2025,2025-05,"May",7,233.89,33.41,RESIGNED
"Khalid Othman","ADMIN","Kuching 88 Speedmart",2025,2025-06,"June",6,276.7,46.12,RESIGNED
"Khalid Othman","ADMIN","Kuching 88 Speedmart",2025,2025-07,"July",10,464.2,46.42,RESIGNED
"Khalid Othman","ADMIN","Kuching 88 Speedmart",2025,2025-08,"August",5,351.31,70.26,RESIGNED
"Liyana Abdullah","CASHIER","Kuching 88 Speedmart",2023,2023-09,"September",5,227.13,45.43,RESIGNED
"Liyana Abdullah","CASHIER","Kuching 88 Speedmart",2023,2023-10,"October",4,134.56,33.64,RESIGNED
"Liyana Abdullah","CASHIER","Kuching 88 Speedmart",2023,2023-11,"November",13,652.08,50.16,RESIGNED
"Liyana Abdullah","CASHIER","Kuching 88 Speedmart",2023,2023-12,"December",15,596.99,39.8,RESIGNED
"Liyana Abdullah","CASHIER","Kuching 88 Speedmart",2024,2024-01,"January",11,350.6,31.87,RESIGNED
"Liyana Abdullah","CASHIER","Kuching 88 Speedmart",2024,2024-02,"February",5,84.06,16.81,RESIGNED
"Liyana Abdullah","CASHIER","Kuching 88 Speedmart",2024,2024-03,"March",3,35.6,11.87,RESIGNED
"Liyana Abdullah","CASHIER","Kuching 88 Speedmart",2024,2024-04,"April",2,72.46,36.23,RESIGNED
"Liyana Abdullah","CASHIER","Kuching 88 Speedmart",2024,2024-05,"May",3,166.08,55.36,RESIGNED
"Liyana Abdullah","CASHIER","Kuching 88 Speedmart",2024,2024-06,"June",19,547.29,28.8,RESIGNED
"Liyana Abdullah","CASHIER","Kuching 88 Speedmart",2024,2024-07,"July",2,67.84,33.92,RESIGNED
"Liyana Abdullah","CASHIER","Kuching 88 Speedmart",2024,2024-08,"August",11,532.88,48.44,RESIGNED
"Liyana Abdullah","CASHIER","Kuching 88 Speedmart",2024,2024-09,"September",3,142.5,47.5,RESIGNED
"Liyana Abdullah","CASHIER","Kuching 88 Speedmart",2024,2024-10,"October",10,540.95,54.1,RESIGNED
"Liyana Abdullah","CASHIER","Kuching 88 Speedmart",2024,2024-11,"November",10,533.82,53.38,RESIGNED
"Liyana Abdullah","CASHIER","Kuching 88 Speedmart",2024,2024-12,"December",14,410.26,29.3,RESIGNED
"Liyana Abdullah","CASHIER","Kuching 88 Speedmart",2025,2025-01,"January",10,386.04,38.6,RESIGNED
"Liyana Abdullah","CASHIER","Kuching 88 Speedmart",2025,2025-02,"February",3,152.24,50.75,RESIGNED
"Liyana Abdullah","CASHIER","Kuching 88 Speedmart",2025,2025-03,"March",5,172.97,34.59,RESIGNED
"Liyana Abdullah","CASHIER","Kuching 88 Speedmart",2025,2025-04,"April",8,159.6,19.95,RESIGNED
"Liyana Abdullah","CASHIER","Kuching 88 Speedmart",2025,2025-05,"May",5,111.16,22.23,RESIGNED
"Liyana Abdullah","CASHIER","Kuching 88 Speedmart",2025,2025-06,"June",9,338.39,37.6,RESIGNED
"Liyana Abdullah","CASHIER","Kuching 88 Speedmart",2025,2025-07,"July",4,129.58,32.4,RESIGNED
"Liyana Abdullah","CASHIER","Kuching 88 Speedmart",2025,2025-08,"August",19,533.74,28.09,RESIGNED
"Liyana Hassan","CASHIER","Ampang 88 Speedmart",2020,2020-01,"January",100,3598.33,35.98,ACTIVE
"Liyana Hassan","CASHIER","Ampang 88 Speedmart",2020,2020-02,"February",69,2803.01,40.62,ACTIVE
"Liyana Hassan","CASHIER","Ampang 88 Speedmart",2020,2020-03,"March",42,1464.76,34.88,ACTIVE
"Liyana Hassan","CASHIER","Ampang 88 Speedmart",2020,2020-04,"April",19,543.66,28.61,ACTIVE
"Liyana Hassan","CASHIER","Ampang 88 Speedmart",2020,2020-05,"May",43,1704.16,39.63,ACTIVE
"Liyana Hassan","CASHIER","Ampang 88 Speedmart",2020,2020-06,"June",27,1365.48,50.57,ACTIVE
"Liyana Hassan","CASHIER","Ampang 88 Speedmart",2020,2020-07,"July",26,838.14,32.24,ACTIVE
"Liyana Hassan","CASHIER","Ampang 88 Speedmart",2020,2020-08,"August",24,969.75,40.41,ACTIVE
"Liyana Hassan","CASHIER","Ampang 88 Speedmart",2020,2020-09,"September",18,628.47,34.92,ACTIVE
"Liyana Hassan","CASHIER","Ampang 88 Speedmart",2020,2020-10,"October",9,304.22,33.8,ACTIVE
"Liyana Hassan","CASHIER","Ampang 88 Speedmart",2020,2020-11,"November",19,654.31,34.44,ACTIVE
"Liyana Hassan","CASHIER","Ampang 88 Speedmart",2020,2020-12,"December",34,1224.39,36.01,ACTIVE
"Liyana Hassan","CASHIER","Ampang 88 Speedmart",2021,2021-01,"January",9,347.71,38.63,ACTIVE
"Liyana Hassan","CASHIER","Ampang 88 Speedmart",2021,2021-02,"February",17,545.63,32.1,ACTIVE
"Liyana Hassan","CASHIER","Ampang 88 Speedmart",2021,2021-03,"March",11,518.2,47.11,ACTIVE
"Liyana Hassan","CASHIER","Ampang 88 Speedmart",2021,2021-04,"April",13,385.91,29.69,ACTIVE
"Liyana Hassan","CASHIER","Ampang 88 Speedmart",2021,2021-05,"May",10,746.81,74.68,ACTIVE
"Liyana Hassan","CASHIER","Ampang 88 Speedmart",2021,2021-06,"June",8,193.48,24.19,ACTIVE
"Liyana Hassan","CASHIER","Ampang 88 Speedmart",2021,2021-07,"July",8,223,27.88,ACTIVE
"Liyana Hassan","CASHIER","Ampang 88 Speedmart",2021,2021-08,"August",7,312.04,44.58,ACTIVE
"Liyana Hassan","CASHIER","Ampang 88 Speedmart",2021,2021-09,"September",7,366.35,52.34,ACTIVE
"Liyana Hassan","CASHIER","Ampang 88 Speedmart",2021,2021-10,"October",5,135.65,27.13,ACTIVE
"Liyana Hassan","CASHIER","Ampang 88 Speedmart",2021,2021-11,"November",16,514.19,32.14,ACTIVE
"Liyana Hassan","CASHIER","Ampang 88 Speedmart",2021,2021-12,"December",20,849.46,42.47,ACTIVE
"Liyana Hassan","CASHIER","Ampang 88 Speedmart",2022,2022-01,"January",6,164.86,27.48,ACTIVE
"Liyana Hassan","CASHIER","Ampang 88 Speedmart",2022,2022-02,"February",10,407.24,40.72,ACTIVE
"Liyana Hassan","CASHIER","Ampang 88 Speedmart",2022,2022-03,"March",7,243.99,34.86,ACTIVE
"Liyana Hassan","CASHIER","Ampang 88 Speedmart",2022,2022-04,"April",12,562.66,46.89,ACTIVE
"Liyana Hassan","CASHIER","Ampang 88 Speedmart",2022,2022-05,"May",10,511.03,51.1,ACTIVE
"Liyana Hassan","CASHIER","Ampang 88 Speedmart",2022,2022-06,"June",9,221.26,24.58,ACTIVE
"Liyana Hassan","CASHIER","Ampang 88 Speedmart",2022,2022-07,"July",7,159.71,22.82,ACTIVE
"Liyana Hassan","CASHIER","Ampang 88 Speedmart",2022,2022-08,"August",10,479.85,47.99,ACTIVE
"Liyana Hassan","CASHIER","Ampang 88 Speedmart",2022,2022-09,"September",9,243.97,27.11,ACTIVE
"Liyana Hassan","CASHIER","Ampang 88 Speedmart",2022,2022-10,"October",6,186.29,31.05,ACTIVE
"Liyana Hassan","CASHIER","Ampang 88 Speedmart",2022,2022-11,"November",11,392.57,35.69,ACTIVE
"Liyana Hassan","CASHIER","Ampang 88 Speedmart",2022,2022-12,"December",16,578.72,36.17,ACTIVE
"Liyana Hassan","CASHIER","Ampang 88 Speedmart",2023,2023-01,"January",10,393.98,39.4,ACTIVE
"Liyana Hassan","CASHIER","Ampang 88 Speedmart",2023,2023-02,"February",11,412.9,37.54,ACTIVE
"Liyana Hassan","CASHIER","Ampang 88 Speedmart",2023,2023-03,"March",4,132.76,33.19,ACTIVE
"Liyana Hassan","CASHIER","Ampang 88 Speedmart",2023,2023-04,"April",5,153.82,30.76,ACTIVE
"Liyana Hassan","CASHIER","Ampang 88 Speedmart",2023,2023-05,"May",2,40.22,20.11,ACTIVE
"Liyana Hassan","CASHIER","Ampang 88 Speedmart",2023,2023-06,"June",11,427.79,38.89,ACTIVE
"Liyana Hassan","CASHIER","Ampang 88 Speedmart",2023,2023-07,"July",8,311.54,38.94,ACTIVE
"Liyana Hassan","CASHIER","Ampang 88 Speedmart",2023,2023-08,"August",6,240.53,40.09,ACTIVE
"Liyana Hassan","CASHIER","Ampang 88 Speedmart",2023,2023-09,"September",10,690.08,69.01,ACTIVE
"Liyana Hassan","CASHIER","Ampang 88 Speedmart",2023,2023-10,"October",4,351.23,87.81,ACTIVE
"Liyana Hassan","CASHIER","Ampang 88 Speedmart",2023,2023-11,"November",14,836.72,59.77,ACTIVE
"Liyana Hassan","CASHIER","Ampang 88 Speedmart",2023,2023-12,"December",23,1171.14,50.92,ACTIVE
"Liyana Hassan","CASHIER","Ampang 88 Speedmart",2024,2024-01,"January",13,405.61,31.2,ACTIVE
"Liyana Hassan","CASHIER","Ampang 88 Speedmart",2024,2024-02,"February",8,337.26,42.16,ACTIVE
"Liyana Hassan","CASHIER","Ampang 88 Speedmart",2024,2024-03,"March",5,257.9,51.58,ACTIVE
"Liyana Hassan","CASHIER","Ampang 88 Speedmart",2024,2024-04,"April",8,511.88,63.99,ACTIVE
"Liyana Hassan","CASHIER","Ampang 88 Speedmart",2024,2024-05,"May",9,298.69,33.19,ACTIVE
"Liyana Hassan","CASHIER","Ampang 88 Speedmart",2024,2024-06,"June",12,508.07,42.34,ACTIVE
"Liyana Hassan","CASHIER","Ampang 88 Speedmart",2024,2024-07,"July",10,337.05,33.71,ACTIVE
"Liyana Hassan","CASHIER","Ampang 88 Speedmart",2024,2024-08,"August",10,433.88,43.39,ACTIVE
"Liyana Hassan","CASHIER","Ampang 88 Speedmart",2024,2024-09,"September",10,277.52,27.75,ACTIVE
"Liyana Hassan","CASHIER","Ampang 88 Speedmart",2024,2024-10,"October",12,524.64,43.72,ACTIVE
"Liyana Hassan","CASHIER","Ampang 88 Speedmart",2024,2024-11,"November",12,480.11,40.01,ACTIVE
"Liyana Hassan","CASHIER","Ampang 88 Speedmart",2024,2024-12,"December",19,673.81,35.46,ACTIVE
"Liyana Hassan","CASHIER","Ampang 88 Speedmart",2025,2025-01,"January",14,432.75,30.91,ACTIVE
"Liyana Hassan","CASHIER","Ampang 88 Speedmart",2025,2025-02,"February",6,224.38,37.4,ACTIVE
"Liyana Hassan","CASHIER","Ampang 88 Speedmart",2025,2025-03,"March",14,392.67,28.05,ACTIVE
"Liyana Hassan","CASHIER","Ampang 88 Speedmart",2025,2025-04,"April",9,427,47.44,ACTIVE
"Liyana Hassan","CASHIER","Ampang 88 Speedmart",2025,2025-05,"May",10,324.62,32.46,ACTIVE
"Liyana Hassan","CASHIER","Ampang 88 Speedmart",2025,2025-06,"June",10,280,28,ACTIVE
"Liyana Hassan","CASHIER","Ampang 88 Speedmart",2025,2025-07,"July",12,553.38,46.12,ACTIVE
"Liyana Hassan","CASHIER","Ampang 88 Speedmart",2025,2025-08,"August",6,238.37,39.73,ACTIVE
"Liyana Hassan","CASHIER","Ampang 88 Speedmart",2025,2025-09,"September",8,199.52,24.94,ACTIVE
"Liyana Hassan","CASHIER","Ampang 88 Speedmart",2025,2025-10,"October",11,345.41,31.4,ACTIVE
"Liyana Hassan","CASHIER","Ampang 88 Speedmart",2025,2025-11,"November",25,962.03,38.48,ACTIVE
"Liyana Hassan","CASHIER","Ampang 88 Speedmart",2025,2025-12,"December",18,416.15,23.12,ACTIVE
"Liyana Hassan","CASHIER","Ampang 88 Speedmart",2026,2026-01,"January",13,465.56,35.81,ACTIVE
"Liyana Hassan","CASHIER","Ampang 88 Speedmart",2026,2026-02,"February",12,381.19,31.77,ACTIVE
"Liyana Hassan","CASHIER","Ampang 88 Speedmart",2026,2026-03,"March",12,800.04,66.67,ACTIVE
"Liyana Hassan","CASHIER","Ampang 88 Speedmart",2026,2026-04,"April",8,280.99,35.12,ACTIVE
"Liyana Hassan","CASHIER","Ampang 88 Speedmart",2026,2026-05,"May",11,398.46,36.22,ACTIVE
"Liyana Hassan","CASHIER","Ampang 88 Speedmart",2026,2026-06,"June",15,500.67,33.38,ACTIVE
"Liyana Ibrahim","CASHIER","Melaka 88 Speedmart",2022,2022-12,"December",12,368.12,30.68,ACTIVE
"Liyana Ibrahim","CASHIER","Melaka 88 Speedmart",2023,2023-01,"January",13,662.51,50.96,ACTIVE
"Liyana Ibrahim","CASHIER","Melaka 88 Speedmart",2023,2023-02,"February",7,180.09,25.73,ACTIVE
"Liyana Ibrahim","CASHIER","Melaka 88 Speedmart",2023,2023-03,"March",8,192.76,24.1,ACTIVE
"Liyana Ibrahim","CASHIER","Melaka 88 Speedmart",2023,2023-04,"April",8,246.79,30.85,ACTIVE
"Liyana Ibrahim","CASHIER","Melaka 88 Speedmart",2023,2023-05,"May",7,280.64,40.09,ACTIVE
"Liyana Ibrahim","CASHIER","Melaka 88 Speedmart",2023,2023-06,"June",11,305.12,27.74,ACTIVE
"Liyana Ibrahim","CASHIER","Melaka 88 Speedmart",2023,2023-07,"July",6,190.39,31.73,ACTIVE
"Liyana Ibrahim","CASHIER","Melaka 88 Speedmart",2023,2023-08,"August",5,179.77,35.95,ACTIVE
"Liyana Ibrahim","CASHIER","Melaka 88 Speedmart",2023,2023-09,"September",5,152.15,30.43,ACTIVE
"Liyana Ibrahim","CASHIER","Melaka 88 Speedmart",2023,2023-10,"October",7,462.27,66.04,ACTIVE
"Liyana Ibrahim","CASHIER","Melaka 88 Speedmart",2023,2023-11,"November",12,608.54,50.71,ACTIVE
"Liyana Ibrahim","CASHIER","Melaka 88 Speedmart",2023,2023-12,"December",13,720.74,55.44,ACTIVE
"Liyana Ibrahim","CASHIER","Melaka 88 Speedmart",2024,2024-01,"January",8,216.29,27.04,ACTIVE
"Liyana Ibrahim","CASHIER","Melaka 88 Speedmart",2024,2024-02,"February",5,149.86,29.97,ACTIVE
"Liyana Ibrahim","CASHIER","Melaka 88 Speedmart",2024,2024-03,"March",5,151.56,30.31,ACTIVE
"Liyana Ibrahim","CASHIER","Melaka 88 Speedmart",2024,2024-04,"April",9,285.31,31.7,ACTIVE
"Liyana Ibrahim","CASHIER","Melaka 88 Speedmart",2024,2024-05,"May",7,234.79,33.54,ACTIVE
"Liyana Ibrahim","CASHIER","Melaka 88 Speedmart",2024,2024-06,"June",8,126.11,15.76,ACTIVE
"Liyana Ibrahim","CASHIER","Melaka 88 Speedmart",2024,2024-07,"July",9,261.41,29.05,ACTIVE
"Liyana Ibrahim","CASHIER","Melaka 88 Speedmart",2024,2024-08,"August",6,201.38,33.56,ACTIVE
"Liyana Ibrahim","CASHIER","Melaka 88 Speedmart",2024,2024-09,"September",4,63.49,15.87,ACTIVE
"Liyana Ibrahim","CASHIER","Melaka 88 Speedmart",2024,2024-10,"October",8,277.66,34.71,ACTIVE
"Liyana Ibrahim","CASHIER","Melaka 88 Speedmart",2024,2024-11,"November",10,439.62,43.96,ACTIVE
"Liyana Ibrahim","CASHIER","Melaka 88 Speedmart",2024,2024-12,"December",13,394.74,30.36,ACTIVE
"Liyana Ibrahim","CASHIER","Melaka 88 Speedmart",2025,2025-01,"January",14,450.64,32.19,ACTIVE
"Liyana Ibrahim","CASHIER","Melaka 88 Speedmart",2025,2025-02,"February",11,297.95,27.09,ACTIVE
"Liyana Ibrahim","CASHIER","Melaka 88 Speedmart",2025,2025-03,"March",5,128.48,25.7,ACTIVE
"Liyana Ibrahim","CASHIER","Melaka 88 Speedmart",2025,2025-04,"April",8,298.52,37.32,ACTIVE
"Liyana Ibrahim","CASHIER","Melaka 88 Speedmart",2025,2025-05,"May",6,278.74,46.46,ACTIVE
"Liyana Ibrahim","CASHIER","Melaka 88 Speedmart",2025,2025-06,"June",9,299.87,33.32,ACTIVE
"Liyana Ibrahim","CASHIER","Melaka 88 Speedmart",2025,2025-07,"July",7,237.72,33.96,ACTIVE
"Liyana Ibrahim","CASHIER","Melaka 88 Speedmart",2025,2025-08,"August",8,318.05,39.76,ACTIVE
"Liyana Ibrahim","CASHIER","Melaka 88 Speedmart",2025,2025-09,"September",8,338.71,42.34,ACTIVE
"Liyana Ibrahim","CASHIER","Melaka 88 Speedmart",2025,2025-10,"October",4,122.8,30.7,ACTIVE
"Liyana Ibrahim","CASHIER","Melaka 88 Speedmart",2025,2025-11,"November",11,343.42,31.22,ACTIVE
"Liyana Ibrahim","CASHIER","Melaka 88 Speedmart",2025,2025-12,"December",11,437.49,39.77,ACTIVE
"Liyana Ibrahim","CASHIER","Melaka 88 Speedmart",2026,2026-01,"January",4,366.46,91.62,ACTIVE
"Liyana Ibrahim","CASHIER","Melaka 88 Speedmart",2026,2026-02,"February",10,510.72,51.07,ACTIVE
"Liyana Ibrahim","CASHIER","Melaka 88 Speedmart",2026,2026-03,"March",5,323.19,64.64,ACTIVE
"Liyana Ibrahim","CASHIER","Melaka 88 Speedmart",2026,2026-04,"April",8,447.03,55.88,ACTIVE
"Liyana Ibrahim","CASHIER","Melaka 88 Speedmart",2026,2026-05,"May",4,107.35,26.84,ACTIVE
"Liyana Ibrahim","CASHIER","Melaka 88 Speedmart",2026,2026-06,"June",13,547.75,42.13,ACTIVE
"Liyana Razak","ADMIN","Cheras 88 Speedmart",2020,2020-04,"April",32,1124.14,35.13,ACTIVE
"Liyana Razak","ADMIN","Cheras 88 Speedmart",2020,2020-05,"May",67,2287.26,34.14,ACTIVE
"Liyana Razak","ADMIN","Cheras 88 Speedmart",2020,2020-06,"June",42,1465.01,34.88,ACTIVE
"Liyana Razak","ADMIN","Cheras 88 Speedmart",2020,2020-07,"July",14,622.71,44.48,ACTIVE
"Liyana Razak","ADMIN","Cheras 88 Speedmart",2020,2020-08,"August",24,1207.62,50.32,ACTIVE
"Liyana Razak","ADMIN","Cheras 88 Speedmart",2020,2020-09,"September",17,513.47,30.2,ACTIVE
"Liyana Razak","ADMIN","Cheras 88 Speedmart",2020,2020-10,"October",10,306.55,30.66,ACTIVE
"Liyana Razak","ADMIN","Cheras 88 Speedmart",2020,2020-11,"November",23,550.65,23.94,ACTIVE
"Liyana Razak","ADMIN","Cheras 88 Speedmart",2020,2020-12,"December",20,487.35,24.37,ACTIVE
"Liyana Razak","ADMIN","Cheras 88 Speedmart",2021,2021-01,"January",13,418.39,32.18,ACTIVE
"Liyana Razak","ADMIN","Cheras 88 Speedmart",2021,2021-02,"February",14,511.55,36.54,ACTIVE
"Liyana Razak","ADMIN","Cheras 88 Speedmart",2021,2021-03,"March",14,479.45,34.25,ACTIVE
"Liyana Razak","ADMIN","Cheras 88 Speedmart",2021,2021-04,"April",5,168.59,33.72,ACTIVE
"Liyana Razak","ADMIN","Cheras 88 Speedmart",2021,2021-05,"May",16,685.02,42.81,ACTIVE
"Liyana Razak","ADMIN","Cheras 88 Speedmart",2021,2021-06,"June",13,310.53,23.89,ACTIVE
"Liyana Razak","ADMIN","Cheras 88 Speedmart",2021,2021-07,"July",5,101.07,20.21,ACTIVE
"Liyana Razak","ADMIN","Cheras 88 Speedmart",2021,2021-08,"August",11,296.42,26.95,ACTIVE
"Liyana Razak","ADMIN","Cheras 88 Speedmart",2021,2021-09,"September",8,353.42,44.18,ACTIVE
"Liyana Razak","ADMIN","Cheras 88 Speedmart",2021,2021-10,"October",10,265.13,26.51,ACTIVE
"Liyana Razak","ADMIN","Cheras 88 Speedmart",2021,2021-11,"November",8,358.03,44.75,ACTIVE
"Liyana Razak","ADMIN","Cheras 88 Speedmart",2021,2021-12,"December",19,650.14,34.22,ACTIVE
"Liyana Razak","ADMIN","Cheras 88 Speedmart",2022,2022-01,"January",8,257.15,32.14,ACTIVE
"Liyana Razak","ADMIN","Cheras 88 Speedmart",2022,2022-02,"February",5,249.15,49.83,ACTIVE
"Liyana Razak","ADMIN","Cheras 88 Speedmart",2022,2022-03,"March",5,318.36,63.67,ACTIVE
"Liyana Razak","ADMIN","Cheras 88 Speedmart",2022,2022-04,"April",1,13.34,13.34,ACTIVE
"Liyana Razak","ADMIN","Cheras 88 Speedmart",2022,2022-05,"May",9,264.75,29.42,ACTIVE
"Liyana Razak","ADMIN","Cheras 88 Speedmart",2022,2022-06,"June",3,58.43,19.48,ACTIVE
"Liyana Razak","ADMIN","Cheras 88 Speedmart",2022,2022-07,"July",12,509.03,42.42,ACTIVE
"Liyana Razak","ADMIN","Cheras 88 Speedmart",2022,2022-08,"August",10,329.35,32.94,ACTIVE
"Liyana Razak","ADMIN","Cheras 88 Speedmart",2022,2022-09,"September",4,164.16,41.04,ACTIVE
"Liyana Razak","ADMIN","Cheras 88 Speedmart",2022,2022-10,"October",8,374.74,46.84,ACTIVE
"Liyana Razak","ADMIN","Cheras 88 Speedmart",2022,2022-11,"November",10,360.54,36.05,ACTIVE
"Liyana Razak","ADMIN","Cheras 88 Speedmart",2022,2022-12,"December",21,970.89,46.23,ACTIVE
"Liyana Razak","ADMIN","Cheras 88 Speedmart",2023,2023-01,"January",13,424.64,32.66,ACTIVE
"Liyana Razak","ADMIN","Cheras 88 Speedmart",2023,2023-02,"February",6,193.69,32.28,ACTIVE
"Liyana Razak","ADMIN","Cheras 88 Speedmart",2023,2023-03,"March",7,126.42,18.06,ACTIVE
"Liyana Razak","ADMIN","Cheras 88 Speedmart",2023,2023-04,"April",5,60.03,12.01,ACTIVE
"Liyana Razak","ADMIN","Cheras 88 Speedmart",2023,2023-05,"May",8,349.45,43.68,ACTIVE
"Liyana Razak","ADMIN","Cheras 88 Speedmart",2023,2023-06,"June",11,309.27,28.12,ACTIVE
"Liyana Razak","ADMIN","Cheras 88 Speedmart",2023,2023-07,"July",8,349.66,43.71,ACTIVE
"Liyana Razak","ADMIN","Cheras 88 Speedmart",2023,2023-08,"August",8,242.23,30.28,ACTIVE
"Liyana Razak","ADMIN","Cheras 88 Speedmart",2023,2023-09,"September",6,148.08,24.68,ACTIVE
"Liyana Razak","ADMIN","Cheras 88 Speedmart",2023,2023-10,"October",9,326.61,36.29,ACTIVE
"Liyana Razak","ADMIN","Cheras 88 Speedmart",2023,2023-11,"November",6,284.01,47.34,ACTIVE
"Liyana Razak","ADMIN","Cheras 88 Speedmart",2023,2023-12,"December",18,770.39,42.8,ACTIVE
"Liyana Razak","ADMIN","Cheras 88 Speedmart",2024,2024-01,"January",8,315.05,39.38,ACTIVE
"Liyana Razak","ADMIN","Cheras 88 Speedmart",2024,2024-02,"February",8,529.68,66.21,ACTIVE
"Liyana Razak","ADMIN","Cheras 88 Speedmart",2024,2024-03,"March",6,158.41,26.4,ACTIVE
"Liyana Razak","ADMIN","Cheras 88 Speedmart",2024,2024-04,"April",10,502.47,50.25,ACTIVE
"Liyana Razak","ADMIN","Cheras 88 Speedmart",2024,2024-05,"May",9,300.49,33.39,ACTIVE
"Liyana Razak","ADMIN","Cheras 88 Speedmart",2024,2024-06,"June",7,207.44,29.63,ACTIVE
"Liyana Razak","ADMIN","Cheras 88 Speedmart",2024,2024-07,"July",10,214.73,21.47,ACTIVE
"Liyana Razak","ADMIN","Cheras 88 Speedmart",2024,2024-08,"August",6,169.69,28.28,ACTIVE
"Liyana Razak","ADMIN","Cheras 88 Speedmart",2024,2024-09,"September",6,192.2,32.03,ACTIVE
"Liyana Razak","ADMIN","Cheras 88 Speedmart",2024,2024-10,"October",9,357.02,39.67,ACTIVE
"Liyana Razak","ADMIN","Cheras 88 Speedmart",2024,2024-11,"November",8,179.66,22.46,ACTIVE
"Liyana Razak","ADMIN","Cheras 88 Speedmart",2024,2024-12,"December",9,334.21,37.13,ACTIVE
"Liyana Razak","ADMIN","Cheras 88 Speedmart",2025,2025-01,"January",7,156.24,22.32,ACTIVE
"Liyana Razak","ADMIN","Cheras 88 Speedmart",2025,2025-02,"February",8,274.23,34.28,ACTIVE
"Liyana Razak","ADMIN","Cheras 88 Speedmart",2025,2025-03,"March",8,167.64,20.96,ACTIVE
"Liyana Razak","ADMIN","Cheras 88 Speedmart",2025,2025-04,"April",8,496.21,62.03,ACTIVE
"Liyana Razak","ADMIN","Cheras 88 Speedmart",2025,2025-05,"May",5,286.63,57.33,ACTIVE
"Liyana Razak","ADMIN","Cheras 88 Speedmart",2025,2025-06,"June",12,448.17,37.35,ACTIVE
"Liyana Razak","ADMIN","Cheras 88 Speedmart",2025,2025-07,"July",7,171.32,24.47,ACTIVE
"Liyana Razak","ADMIN","Cheras 88 Speedmart",2025,2025-08,"August",5,196.67,39.33,ACTIVE
"Liyana Razak","ADMIN","Cheras 88 Speedmart",2025,2025-09,"September",6,282.8,47.13,ACTIVE
"Liyana Razak","ADMIN","Cheras 88 Speedmart",2025,2025-10,"October",5,106.7,21.34,ACTIVE
"Liyana Razak","ADMIN","Cheras 88 Speedmart",2025,2025-11,"November",11,515.1,46.83,ACTIVE
"Liyana Razak","ADMIN","Cheras 88 Speedmart",2025,2025-12,"December",14,503.97,36,ACTIVE
"Liyana Razak","ADMIN","Cheras 88 Speedmart",2026,2026-01,"January",12,552.25,46.02,ACTIVE
"Liyana Razak","ADMIN","Cheras 88 Speedmart",2026,2026-02,"February",7,300.56,42.94,ACTIVE
"Liyana Razak","ADMIN","Cheras 88 Speedmart",2026,2026-03,"March",11,364.38,33.13,ACTIVE
"Liyana Razak","ADMIN","Cheras 88 Speedmart",2026,2026-04,"April",6,229.03,38.17,ACTIVE
"Liyana Razak","ADMIN","Cheras 88 Speedmart",2026,2026-05,"May",6,113.99,19,ACTIVE
"Liyana Razak","ADMIN","Cheras 88 Speedmart",2026,2026-06,"June",12,456.09,38.01,ACTIVE
"Liyana Yusof","MANAGER","Kota Kinabalu 88 Speedmart",2023,2023-01,"January",6,353.86,58.98,RESIGNED
"Liyana Yusof","MANAGER","Kota Kinabalu 88 Speedmart",2023,2023-02,"February",8,238.35,29.79,RESIGNED
"Liyana Yusof","MANAGER","Kota Kinabalu 88 Speedmart",2023,2023-03,"March",6,302.28,50.38,RESIGNED
"Liyana Yusof","MANAGER","Kota Kinabalu 88 Speedmart",2023,2023-04,"April",10,485.65,48.57,RESIGNED
"Liyana Yusof","MANAGER","Kota Kinabalu 88 Speedmart",2023,2023-05,"May",2,151.46,75.73,RESIGNED
"Liyana Yusof","MANAGER","Kota Kinabalu 88 Speedmart",2023,2023-06,"June",7,246.97,35.28,RESIGNED
"Liyana Yusof","MANAGER","Kota Kinabalu 88 Speedmart",2023,2023-07,"July",5,117.49,23.5,RESIGNED
"Liyana Yusof","MANAGER","Kota Kinabalu 88 Speedmart",2023,2023-08,"August",5,197.18,39.44,RESIGNED
"Liyana Yusof","MANAGER","Kota Kinabalu 88 Speedmart",2023,2023-10,"October",8,341.06,42.63,RESIGNED
"Liyana Yusof","MANAGER","Kota Kinabalu 88 Speedmart",2023,2023-11,"November",7,127.14,18.16,RESIGNED
"Liyana Yusof","MANAGER","Kota Kinabalu 88 Speedmart",2023,2023-12,"December",10,425.53,42.55,RESIGNED
"Liyana Yusof","MANAGER","Kota Kinabalu 88 Speedmart",2024,2024-01,"January",7,177.96,25.42,RESIGNED
"Liyana Yusof","MANAGER","Kota Kinabalu 88 Speedmart",2024,2024-02,"February",4,120.95,30.24,RESIGNED
"Liyana Yusof","MANAGER","Kota Kinabalu 88 Speedmart",2024,2024-03,"March",7,173.81,24.83,RESIGNED
"Liyana Yusof","MANAGER","Kota Kinabalu 88 Speedmart",2024,2024-04,"April",8,358.41,44.8,RESIGNED
"Liyana Yusof","MANAGER","Kota Kinabalu 88 Speedmart",2024,2024-05,"May",4,128.1,32.03,RESIGNED
"Liyana Yusof","MANAGER","Kota Kinabalu 88 Speedmart",2024,2024-06,"June",9,405.01,45,RESIGNED
"Liyana Yusof","MANAGER","Kota Kinabalu 88 Speedmart",2024,2024-07,"July",9,365.05,40.56,RESIGNED
"Liyana Yusof","MANAGER","Kota Kinabalu 88 Speedmart",2024,2024-08,"August",3,67.72,22.57,RESIGNED
"Liyana Yusof","MANAGER","Kota Kinabalu 88 Speedmart",2024,2024-09,"September",6,145.78,24.3,RESIGNED
"Liyana Yusof","MANAGER","Kota Kinabalu 88 Speedmart",2024,2024-10,"October",7,282.11,40.3,RESIGNED
"Liyana Yusof","MANAGER","Kota Kinabalu 88 Speedmart",2024,2024-11,"November",4,67.39,16.85,RESIGNED
"Liyana Yusof","MANAGER","Kota Kinabalu 88 Speedmart",2024,2024-12,"December",12,691.26,57.61,RESIGNED
"Liyana Yusof","MANAGER","Kota Kinabalu 88 Speedmart",2025,2025-01,"January",10,381.98,38.2,RESIGNED
"Liyana Yusof","MANAGER","Kota Kinabalu 88 Speedmart",2025,2025-02,"February",5,108.37,21.67,RESIGNED
"Liyana Yusof","MANAGER","Kota Kinabalu 88 Speedmart",2025,2025-03,"March",4,83.35,20.84,RESIGNED
"Liyana Yusof","MANAGER","Kota Kinabalu 88 Speedmart",2025,2025-04,"April",8,368.32,46.04,RESIGNED
"Liyana Yusof","MANAGER","Kota Kinabalu 88 Speedmart",2025,2025-05,"May",4,78.95,19.74,RESIGNED
"Liyana Yusof","MANAGER","Kota Kinabalu 88 Speedmart",2025,2025-06,"June",7,346.48,49.5,RESIGNED
"Mohd Abdullah","CASHIER","Petaling Jaya 88 Speedmart",2020,2020-07,"July",37,1754.39,47.42,ACTIVE
"Mohd Abdullah","CASHIER","Petaling Jaya 88 Speedmart",2020,2020-08,"August",29,778.89,26.86,ACTIVE
"Mohd Abdullah","CASHIER","Petaling Jaya 88 Speedmart",2020,2020-09,"September",19,632.08,33.27,ACTIVE
"Mohd Abdullah","CASHIER","Petaling Jaya 88 Speedmart",2020,2020-10,"October",19,481.68,25.35,ACTIVE
"Mohd Abdullah","CASHIER","Petaling Jaya 88 Speedmart",2020,2020-11,"November",29,812.45,28.02,ACTIVE
"Mohd Abdullah","CASHIER","Petaling Jaya 88 Speedmart",2020,2020-12,"December",32,1253.03,39.16,ACTIVE
"Mohd Abdullah","CASHIER","Petaling Jaya 88 Speedmart",2021,2021-01,"January",9,169.87,18.87,ACTIVE
"Mohd Abdullah","CASHIER","Petaling Jaya 88 Speedmart",2021,2021-02,"February",8,236.97,29.62,ACTIVE
"Mohd Abdullah","CASHIER","Petaling Jaya 88 Speedmart",2021,2021-03,"March",12,447.1,37.26,ACTIVE
"Mohd Abdullah","CASHIER","Petaling Jaya 88 Speedmart",2021,2021-04,"April",11,488.82,44.44,ACTIVE
"Mohd Abdullah","CASHIER","Petaling Jaya 88 Speedmart",2021,2021-05,"May",14,727.05,51.93,ACTIVE
"Mohd Abdullah","CASHIER","Petaling Jaya 88 Speedmart",2021,2021-06,"June",12,515.26,42.94,ACTIVE
"Mohd Abdullah","CASHIER","Petaling Jaya 88 Speedmart",2021,2021-07,"July",9,491.65,54.63,ACTIVE
"Mohd Abdullah","CASHIER","Petaling Jaya 88 Speedmart",2021,2021-08,"August",11,533.09,48.46,ACTIVE
"Mohd Abdullah","CASHIER","Petaling Jaya 88 Speedmart",2021,2021-09,"September",10,533.22,53.32,ACTIVE
"Mohd Abdullah","CASHIER","Petaling Jaya 88 Speedmart",2021,2021-10,"October",12,303.77,25.31,ACTIVE
"Mohd Abdullah","CASHIER","Petaling Jaya 88 Speedmart",2021,2021-11,"November",16,453.5,28.34,ACTIVE
"Mohd Abdullah","CASHIER","Petaling Jaya 88 Speedmart",2021,2021-12,"December",14,489.8,34.99,ACTIVE
"Mohd Abdullah","CASHIER","Petaling Jaya 88 Speedmart",2022,2022-01,"January",7,178.6,25.51,ACTIVE
"Mohd Abdullah","CASHIER","Petaling Jaya 88 Speedmart",2022,2022-02,"February",10,370.46,37.05,ACTIVE
"Mohd Abdullah","CASHIER","Petaling Jaya 88 Speedmart",2022,2022-03,"March",8,302.87,37.86,ACTIVE
"Mohd Abdullah","CASHIER","Petaling Jaya 88 Speedmart",2022,2022-04,"April",10,441.93,44.19,ACTIVE
"Mohd Abdullah","CASHIER","Petaling Jaya 88 Speedmart",2022,2022-05,"May",4,113.54,28.39,ACTIVE
"Mohd Abdullah","CASHIER","Petaling Jaya 88 Speedmart",2022,2022-06,"June",6,269.03,44.84,ACTIVE
"Mohd Abdullah","CASHIER","Petaling Jaya 88 Speedmart",2022,2022-07,"July",5,173.92,34.78,ACTIVE
"Mohd Abdullah","CASHIER","Petaling Jaya 88 Speedmart",2022,2022-08,"August",3,116.63,38.88,ACTIVE
"Mohd Abdullah","CASHIER","Petaling Jaya 88 Speedmart",2022,2022-09,"September",4,68.05,17.01,ACTIVE
"Mohd Abdullah","CASHIER","Petaling Jaya 88 Speedmart",2022,2022-10,"October",4,186.14,46.54,ACTIVE
"Mohd Abdullah","CASHIER","Petaling Jaya 88 Speedmart",2022,2022-11,"November",8,288.35,36.04,ACTIVE
"Mohd Abdullah","CASHIER","Petaling Jaya 88 Speedmart",2022,2022-12,"December",14,549.62,39.26,ACTIVE
"Mohd Abdullah","CASHIER","Petaling Jaya 88 Speedmart",2023,2023-01,"January",8,283.6,35.45,ACTIVE
"Mohd Abdullah","CASHIER","Petaling Jaya 88 Speedmart",2023,2023-02,"February",3,122.91,40.97,ACTIVE
"Mohd Abdullah","CASHIER","Petaling Jaya 88 Speedmart",2023,2023-03,"March",4,100.74,25.19,ACTIVE
"Mohd Abdullah","CASHIER","Petaling Jaya 88 Speedmart",2023,2023-04,"April",6,227.37,37.9,ACTIVE
"Mohd Abdullah","CASHIER","Petaling Jaya 88 Speedmart",2023,2023-05,"May",4,143.21,35.8,ACTIVE
"Mohd Abdullah","CASHIER","Petaling Jaya 88 Speedmart",2023,2023-06,"June",14,455.84,32.56,ACTIVE
"Mohd Abdullah","CASHIER","Petaling Jaya 88 Speedmart",2023,2023-07,"July",4,149.59,37.4,ACTIVE
"Mohd Abdullah","CASHIER","Petaling Jaya 88 Speedmart",2023,2023-08,"August",6,222.12,37.02,ACTIVE
"Mohd Abdullah","CASHIER","Petaling Jaya 88 Speedmart",2023,2023-09,"September",8,282.28,35.29,ACTIVE
"Mohd Abdullah","CASHIER","Petaling Jaya 88 Speedmart",2023,2023-10,"October",2,50.14,25.07,ACTIVE
"Mohd Abdullah","CASHIER","Petaling Jaya 88 Speedmart",2023,2023-11,"November",14,421.23,30.09,ACTIVE
"Mohd Abdullah","CASHIER","Petaling Jaya 88 Speedmart",2023,2023-12,"December",7,310.29,44.33,ACTIVE
"Mohd Abdullah","CASHIER","Petaling Jaya 88 Speedmart",2024,2024-01,"January",6,155.95,25.99,ACTIVE
"Mohd Abdullah","CASHIER","Petaling Jaya 88 Speedmart",2024,2024-02,"February",6,230.71,38.45,ACTIVE
"Mohd Abdullah","CASHIER","Petaling Jaya 88 Speedmart",2024,2024-03,"March",6,180.38,30.06,ACTIVE
"Mohd Abdullah","CASHIER","Petaling Jaya 88 Speedmart",2024,2024-04,"April",5,143.9,28.78,ACTIVE
"Mohd Abdullah","CASHIER","Petaling Jaya 88 Speedmart",2024,2024-05,"May",2,28.19,14.1,ACTIVE
"Mohd Abdullah","CASHIER","Petaling Jaya 88 Speedmart",2024,2024-06,"June",8,317.75,39.72,ACTIVE
"Mohd Abdullah","CASHIER","Petaling Jaya 88 Speedmart",2024,2024-07,"July",5,215.33,43.07,ACTIVE
"Mohd Abdullah","CASHIER","Petaling Jaya 88 Speedmart",2024,2024-08,"August",6,175.39,29.23,ACTIVE
"Mohd Abdullah","CASHIER","Petaling Jaya 88 Speedmart",2024,2024-09,"September",5,159.19,31.84,ACTIVE
"Mohd Abdullah","CASHIER","Petaling Jaya 88 Speedmart",2024,2024-10,"October",7,201.34,28.76,ACTIVE
"Mohd Abdullah","CASHIER","Petaling Jaya 88 Speedmart",2024,2024-11,"November",4,57.17,14.29,ACTIVE
"Mohd Abdullah","CASHIER","Petaling Jaya 88 Speedmart",2024,2024-12,"December",16,502.89,31.43,ACTIVE
"Mohd Abdullah","CASHIER","Petaling Jaya 88 Speedmart",2025,2025-01,"January",11,477.15,43.38,ACTIVE
"Mohd Abdullah","CASHIER","Petaling Jaya 88 Speedmart",2025,2025-02,"February",5,169.2,33.84,ACTIVE
"Mohd Abdullah","CASHIER","Petaling Jaya 88 Speedmart",2025,2025-03,"March",16,622.03,38.88,ACTIVE
"Mohd Abdullah","CASHIER","Petaling Jaya 88 Speedmart",2025,2025-04,"April",7,394.42,56.35,ACTIVE
"Mohd Abdullah","CASHIER","Petaling Jaya 88 Speedmart",2025,2025-05,"May",7,262.93,37.56,ACTIVE
"Mohd Abdullah","CASHIER","Petaling Jaya 88 Speedmart",2025,2025-06,"June",14,622.23,44.45,ACTIVE
"Mohd Abdullah","CASHIER","Petaling Jaya 88 Speedmart",2025,2025-07,"July",4,192.03,48.01,ACTIVE
"Mohd Abdullah","CASHIER","Petaling Jaya 88 Speedmart",2025,2025-08,"August",5,144.73,28.95,ACTIVE
"Mohd Abdullah","CASHIER","Petaling Jaya 88 Speedmart",2025,2025-09,"September",10,356.2,35.62,ACTIVE
"Mohd Abdullah","CASHIER","Petaling Jaya 88 Speedmart",2025,2025-10,"October",8,182.37,22.8,ACTIVE
"Mohd Abdullah","CASHIER","Petaling Jaya 88 Speedmart",2025,2025-11,"November",7,430.35,61.48,ACTIVE
"Mohd Abdullah","CASHIER","Petaling Jaya 88 Speedmart",2025,2025-12,"December",7,201.4,28.77,ACTIVE
"Mohd Abdullah","CASHIER","Petaling Jaya 88 Speedmart",2026,2026-01,"January",9,432.76,48.08,ACTIVE
"Mohd Abdullah","CASHIER","Petaling Jaya 88 Speedmart",2026,2026-02,"February",10,228.14,22.81,ACTIVE
"Mohd Abdullah","CASHIER","Petaling Jaya 88 Speedmart",2026,2026-03,"March",8,344.45,43.06,ACTIVE
"Mohd Abdullah","CASHIER","Petaling Jaya 88 Speedmart",2026,2026-04,"April",4,128.08,32.02,ACTIVE
"Mohd Abdullah","CASHIER","Petaling Jaya 88 Speedmart",2026,2026-05,"May",7,260.28,37.18,ACTIVE
"Mohd Abdullah","CASHIER","Petaling Jaya 88 Speedmart",2026,2026-06,"June",8,221.59,27.7,ACTIVE
"Mohd Ahmad","ADMIN","Johor Bahru 88 Speedmart",2021,2021-04,"April",7,447.86,63.98,ACTIVE
"Mohd Ahmad","ADMIN","Johor Bahru 88 Speedmart",2021,2021-05,"May",17,638.24,37.54,ACTIVE
"Mohd Ahmad","ADMIN","Johor Bahru 88 Speedmart",2021,2021-06,"June",12,335.11,27.93,ACTIVE
"Mohd Ahmad","ADMIN","Johor Bahru 88 Speedmart",2021,2021-07,"July",13,371.36,28.57,ACTIVE
"Mohd Ahmad","ADMIN","Johor Bahru 88 Speedmart",2021,2021-08,"August",10,378.23,37.82,ACTIVE
"Mohd Ahmad","ADMIN","Johor Bahru 88 Speedmart",2021,2021-09,"September",12,605.76,50.48,ACTIVE
"Mohd Ahmad","ADMIN","Johor Bahru 88 Speedmart",2021,2021-10,"October",9,217.12,24.12,ACTIVE
"Mohd Ahmad","ADMIN","Johor Bahru 88 Speedmart",2021,2021-11,"November",5,151.76,30.35,ACTIVE
"Mohd Ahmad","ADMIN","Johor Bahru 88 Speedmart",2021,2021-12,"December",16,596.59,37.29,ACTIVE
"Mohd Ahmad","ADMIN","Johor Bahru 88 Speedmart",2022,2022-01,"January",11,454.26,41.3,ACTIVE
"Mohd Ahmad","ADMIN","Johor Bahru 88 Speedmart",2022,2022-02,"February",5,116.21,23.24,ACTIVE
"Mohd Ahmad","ADMIN","Johor Bahru 88 Speedmart",2022,2022-03,"March",8,518.98,64.87,ACTIVE
"Mohd Ahmad","ADMIN","Johor Bahru 88 Speedmart",2022,2022-04,"April",3,44.55,14.85,ACTIVE
"Mohd Ahmad","ADMIN","Johor Bahru 88 Speedmart",2022,2022-05,"May",3,138.79,46.26,ACTIVE
"Mohd Ahmad","ADMIN","Johor Bahru 88 Speedmart",2022,2022-06,"June",7,303.93,43.42,ACTIVE
"Mohd Ahmad","ADMIN","Johor Bahru 88 Speedmart",2022,2022-07,"July",12,243.29,20.27,ACTIVE
"Mohd Ahmad","ADMIN","Johor Bahru 88 Speedmart",2022,2022-08,"August",6,205.05,34.18,ACTIVE
"Mohd Ahmad","ADMIN","Johor Bahru 88 Speedmart",2022,2022-09,"September",10,315.15,31.52,ACTIVE
"Mohd Ahmad","ADMIN","Johor Bahru 88 Speedmart",2022,2022-10,"October",6,349.98,58.33,ACTIVE
"Mohd Ahmad","ADMIN","Johor Bahru 88 Speedmart",2022,2022-11,"November",6,250.75,41.79,ACTIVE
"Mohd Ahmad","ADMIN","Johor Bahru 88 Speedmart",2022,2022-12,"December",20,568.08,28.4,ACTIVE
"Mohd Ahmad","ADMIN","Johor Bahru 88 Speedmart",2023,2023-01,"January",6,368.28,61.38,ACTIVE
"Mohd Ahmad","ADMIN","Johor Bahru 88 Speedmart",2023,2023-02,"February",4,96.71,24.18,ACTIVE
"Mohd Ahmad","ADMIN","Johor Bahru 88 Speedmart",2023,2023-03,"March",5,167.94,33.59,ACTIVE
"Mohd Ahmad","ADMIN","Johor Bahru 88 Speedmart",2023,2023-04,"April",12,452.91,37.74,ACTIVE
"Mohd Ahmad","ADMIN","Johor Bahru 88 Speedmart",2023,2023-05,"May",7,241.62,34.52,ACTIVE
"Mohd Ahmad","ADMIN","Johor Bahru 88 Speedmart",2023,2023-06,"June",1,14.97,14.97,ACTIVE
"Mohd Ahmad","ADMIN","Johor Bahru 88 Speedmart",2023,2023-07,"July",7,106.74,15.25,ACTIVE
"Mohd Ahmad","ADMIN","Johor Bahru 88 Speedmart",2023,2023-08,"August",6,114.76,19.13,ACTIVE
"Mohd Ahmad","ADMIN","Johor Bahru 88 Speedmart",2023,2023-09,"September",7,355.16,50.74,ACTIVE
"Mohd Ahmad","ADMIN","Johor Bahru 88 Speedmart",2023,2023-10,"October",3,56.62,18.87,ACTIVE
"Mohd Ahmad","ADMIN","Johor Bahru 88 Speedmart",2023,2023-11,"November",10,562.41,56.24,ACTIVE
"Mohd Ahmad","ADMIN","Johor Bahru 88 Speedmart",2023,2023-12,"December",10,276.31,27.63,ACTIVE
"Mohd Ahmad","ADMIN","Johor Bahru 88 Speedmart",2024,2024-01,"January",8,216.39,27.05,ACTIVE
"Mohd Ahmad","ADMIN","Johor Bahru 88 Speedmart",2024,2024-02,"February",6,132.1,22.02,ACTIVE
"Mohd Ahmad","ADMIN","Johor Bahru 88 Speedmart",2024,2024-03,"March",3,173.15,57.72,ACTIVE
"Mohd Ahmad","ADMIN","Johor Bahru 88 Speedmart",2024,2024-04,"April",9,305.49,33.94,ACTIVE
"Mohd Ahmad","ADMIN","Johor Bahru 88 Speedmart",2024,2024-05,"May",3,257.02,85.67,ACTIVE
"Mohd Ahmad","ADMIN","Johor Bahru 88 Speedmart",2024,2024-06,"June",8,377.04,47.13,ACTIVE
"Mohd Ahmad","ADMIN","Johor Bahru 88 Speedmart",2024,2024-07,"July",7,272.62,38.95,ACTIVE
"Mohd Ahmad","ADMIN","Johor Bahru 88 Speedmart",2024,2024-08,"August",12,280.05,23.34,ACTIVE
"Mohd Ahmad","ADMIN","Johor Bahru 88 Speedmart",2024,2024-09,"September",6,266.15,44.36,ACTIVE
"Mohd Ahmad","ADMIN","Johor Bahru 88 Speedmart",2024,2024-10,"October",6,145.22,24.2,ACTIVE
"Mohd Ahmad","ADMIN","Johor Bahru 88 Speedmart",2024,2024-11,"November",12,663.57,55.3,ACTIVE
"Mohd Ahmad","ADMIN","Johor Bahru 88 Speedmart",2024,2024-12,"December",11,261.52,23.77,ACTIVE
"Mohd Ahmad","ADMIN","Johor Bahru 88 Speedmart",2025,2025-01,"January",7,180.76,25.82,ACTIVE
"Mohd Ahmad","ADMIN","Johor Bahru 88 Speedmart",2025,2025-02,"February",6,179.87,29.98,ACTIVE
"Mohd Ahmad","ADMIN","Johor Bahru 88 Speedmart",2025,2025-03,"March",9,670.34,74.48,ACTIVE
"Mohd Ahmad","ADMIN","Johor Bahru 88 Speedmart",2025,2025-04,"April",10,446.31,44.63,ACTIVE
"Mohd Ahmad","ADMIN","Johor Bahru 88 Speedmart",2025,2025-05,"May",7,258.77,36.97,ACTIVE
"Mohd Ahmad","ADMIN","Johor Bahru 88 Speedmart",2025,2025-06,"June",13,549.82,42.29,ACTIVE
"Mohd Ahmad","ADMIN","Johor Bahru 88 Speedmart",2025,2025-07,"July",6,212.49,35.42,ACTIVE
"Mohd Ahmad","ADMIN","Johor Bahru 88 Speedmart",2025,2025-08,"August",11,233.38,21.22,ACTIVE
"Mohd Ahmad","ADMIN","Johor Bahru 88 Speedmart",2025,2025-09,"September",10,442.61,44.26,ACTIVE
"Mohd Ahmad","ADMIN","Johor Bahru 88 Speedmart",2025,2025-10,"October",6,444.55,74.09,ACTIVE
"Mohd Ahmad","ADMIN","Johor Bahru 88 Speedmart",2025,2025-11,"November",14,711.36,50.81,ACTIVE
"Mohd Ahmad","ADMIN","Johor Bahru 88 Speedmart",2025,2025-12,"December",21,823.35,39.21,ACTIVE
"Mohd Ahmad","ADMIN","Johor Bahru 88 Speedmart",2026,2026-01,"January",10,461.2,46.12,ACTIVE
"Mohd Ahmad","ADMIN","Johor Bahru 88 Speedmart",2026,2026-02,"February",9,540.45,60.05,ACTIVE
"Mohd Ahmad","ADMIN","Johor Bahru 88 Speedmart",2026,2026-03,"March",11,380.48,34.59,ACTIVE
"Mohd Ahmad","ADMIN","Johor Bahru 88 Speedmart",2026,2026-04,"April",7,357,51,ACTIVE
"Mohd Ahmad","ADMIN","Johor Bahru 88 Speedmart",2026,2026-05,"May",10,458.81,45.88,ACTIVE
"Mohd Ahmad","ADMIN","Johor Bahru 88 Speedmart",2026,2026-06,"June",12,426.69,35.56,ACTIVE
"Mohd Ali","MANAGER","Kuching 88 Speedmart",2023,2023-07,"July",7,436.04,62.29,RESIGNED
"Mohd Ali","MANAGER","Kuching 88 Speedmart",2023,2023-08,"August",6,407.01,67.84,RESIGNED
"Mohd Ali","MANAGER","Kuching 88 Speedmart",2023,2023-09,"September",8,261.14,32.64,RESIGNED
"Mohd Ali","MANAGER","Kuching 88 Speedmart",2023,2023-10,"October",9,183.68,20.41,RESIGNED
"Mohd Ali","MANAGER","Kuching 88 Speedmart",2023,2023-11,"November",8,426.75,53.34,RESIGNED
"Mohd Ali","MANAGER","Kuching 88 Speedmart",2023,2023-12,"December",17,615.3,36.19,RESIGNED
"Mohd Ali","MANAGER","Kuching 88 Speedmart",2024,2024-01,"January",7,433.24,61.89,RESIGNED
"Mohd Ali","MANAGER","Kuching 88 Speedmart",2024,2024-02,"February",6,94.96,15.83,RESIGNED
"Mohd Ali","MANAGER","Kuching 88 Speedmart",2024,2024-03,"March",5,67.54,13.51,RESIGNED
"Mohd Ali","MANAGER","Kuching 88 Speedmart",2024,2024-04,"April",3,127.28,42.43,RESIGNED
"Mohd Ali","MANAGER","Kuching 88 Speedmart",2024,2024-05,"May",10,450.37,45.04,RESIGNED
"Mohd Ali","MANAGER","Kuching 88 Speedmart",2024,2024-06,"June",4,88.88,22.22,RESIGNED
"Mohd Ali","MANAGER","Kuching 88 Speedmart",2024,2024-07,"July",5,251.11,50.22,RESIGNED
"Mohd Ali","MANAGER","Kuching 88 Speedmart",2024,2024-08,"August",6,224.26,37.38,RESIGNED
"Mohd Ali","MANAGER","Kuching 88 Speedmart",2024,2024-09,"September",2,56.02,28.01,RESIGNED
"Mohd Ali","MANAGER","Kuching 88 Speedmart",2024,2024-10,"October",2,11.08,5.54,RESIGNED
"Mohd Ali","MANAGER","Kuching 88 Speedmart",2024,2024-11,"November",14,653.82,46.7,RESIGNED
"Mohd Ali","MANAGER","Kuching 88 Speedmart",2024,2024-12,"December",17,900.13,52.95,RESIGNED
"Mohd Ali","MANAGER","Kuching 88 Speedmart",2025,2025-01,"January",10,333.9,33.39,RESIGNED
"Mohd Ali","MANAGER","Kuching 88 Speedmart",2025,2025-02,"February",6,350.54,58.42,RESIGNED
"Mohd Ali","MANAGER","Kuching 88 Speedmart",2025,2025-03,"March",13,292.15,22.47,RESIGNED
"Mohd Ali","MANAGER","Kuching 88 Speedmart",2025,2025-04,"April",8,157.85,19.73,RESIGNED
"Mohd Ali","MANAGER","Kuching 88 Speedmart",2025,2025-05,"May",9,387.32,43.04,RESIGNED
"Mohd Ali","MANAGER","Kuching 88 Speedmart",2025,2025-06,"June",11,403.66,36.7,RESIGNED
"Mohd Ali","MANAGER","Kuching 88 Speedmart",2025,2025-07,"July",8,332.5,41.56,RESIGNED
"Mohd Ali","MANAGER","Kuching 88 Speedmart",2025,2025-08,"August",2,15.12,7.56,RESIGNED
"Mohd Hassan","CASHIER","Cheras 88 Speedmart",2020,2020-04,"April",31,863.94,27.87,ACTIVE
"Mohd Hassan","CASHIER","Cheras 88 Speedmart",2020,2020-05,"May",35,1277.06,36.49,ACTIVE
"Mohd Hassan","CASHIER","Cheras 88 Speedmart",2020,2020-06,"June",39,1394.36,35.75,ACTIVE
"Mohd Hassan","CASHIER","Cheras 88 Speedmart",2020,2020-07,"July",27,1147.55,42.5,ACTIVE
"Mohd Hassan","CASHIER","Cheras 88 Speedmart",2020,2020-08,"August",19,933.96,49.16,ACTIVE
"Mohd Hassan","CASHIER","Cheras 88 Speedmart",2020,2020-09,"September",18,904.7,50.26,ACTIVE
"Mohd Hassan","CASHIER","Cheras 88 Speedmart",2020,2020-10,"October",11,436.03,39.64,ACTIVE
"Mohd Hassan","CASHIER","Cheras 88 Speedmart",2020,2020-11,"November",26,671.3,25.82,ACTIVE
"Mohd Hassan","CASHIER","Cheras 88 Speedmart",2020,2020-12,"December",30,1169.6,38.99,ACTIVE
"Mohd Hassan","CASHIER","Cheras 88 Speedmart",2021,2021-01,"January",13,445.33,34.26,ACTIVE
"Mohd Hassan","CASHIER","Cheras 88 Speedmart",2021,2021-02,"February",9,236.13,26.24,ACTIVE
"Mohd Hassan","CASHIER","Cheras 88 Speedmart",2021,2021-03,"March",18,516.65,28.7,ACTIVE
"Mohd Hassan","CASHIER","Cheras 88 Speedmart",2021,2021-04,"April",10,431.92,43.19,ACTIVE
"Mohd Hassan","CASHIER","Cheras 88 Speedmart",2021,2021-05,"May",14,511.54,36.54,ACTIVE
"Mohd Hassan","CASHIER","Cheras 88 Speedmart",2021,2021-06,"June",12,693.14,57.76,ACTIVE
"Mohd Hassan","CASHIER","Cheras 88 Speedmart",2021,2021-07,"July",10,289.07,28.91,ACTIVE
"Mohd Hassan","CASHIER","Cheras 88 Speedmart",2021,2021-08,"August",6,202.55,33.76,ACTIVE
"Mohd Hassan","CASHIER","Cheras 88 Speedmart",2021,2021-09,"September",2,55.03,27.52,ACTIVE
"Mohd Hassan","CASHIER","Cheras 88 Speedmart",2021,2021-10,"October",8,306.66,38.33,ACTIVE
"Mohd Hassan","CASHIER","Cheras 88 Speedmart",2021,2021-11,"November",13,229.46,17.65,ACTIVE
"Mohd Hassan","CASHIER","Cheras 88 Speedmart",2021,2021-12,"December",18,954.36,53.02,ACTIVE
"Mohd Hassan","CASHIER","Cheras 88 Speedmart",2022,2022-01,"January",12,626.12,52.18,ACTIVE
"Mohd Hassan","CASHIER","Cheras 88 Speedmart",2022,2022-02,"February",7,519.6,74.23,ACTIVE
"Mohd Hassan","CASHIER","Cheras 88 Speedmart",2022,2022-03,"March",12,428.54,35.71,ACTIVE
"Mohd Hassan","CASHIER","Cheras 88 Speedmart",2022,2022-04,"April",7,161.29,23.04,ACTIVE
"Mohd Hassan","CASHIER","Cheras 88 Speedmart",2022,2022-05,"May",6,233.09,38.85,ACTIVE
"Mohd Hassan","CASHIER","Cheras 88 Speedmart",2022,2022-06,"June",8,358.68,44.84,ACTIVE
"Mohd Hassan","CASHIER","Cheras 88 Speedmart",2022,2022-07,"July",7,211.51,30.22,ACTIVE
"Mohd Hassan","CASHIER","Cheras 88 Speedmart",2022,2022-08,"August",6,168.68,28.11,ACTIVE
"Mohd Hassan","CASHIER","Cheras 88 Speedmart",2022,2022-09,"September",4,56.92,14.23,ACTIVE
"Mohd Hassan","CASHIER","Cheras 88 Speedmart",2022,2022-10,"October",3,53.19,17.73,ACTIVE
"Mohd Hassan","CASHIER","Cheras 88 Speedmart",2022,2022-11,"November",7,287.2,41.03,ACTIVE
"Mohd Hassan","CASHIER","Cheras 88 Speedmart",2022,2022-12,"December",17,425.59,25.03,ACTIVE
"Mohd Hassan","CASHIER","Cheras 88 Speedmart",2023,2023-01,"January",9,496.57,55.17,ACTIVE
"Mohd Hassan","CASHIER","Cheras 88 Speedmart",2023,2023-02,"February",6,192.84,32.14,ACTIVE
"Mohd Hassan","CASHIER","Cheras 88 Speedmart",2023,2023-03,"March",6,170.73,28.46,ACTIVE
"Mohd Hassan","CASHIER","Cheras 88 Speedmart",2023,2023-04,"April",9,565.86,62.87,ACTIVE
"Mohd Hassan","CASHIER","Cheras 88 Speedmart",2023,2023-05,"May",10,397.31,39.73,ACTIVE
"Mohd Hassan","CASHIER","Cheras 88 Speedmart",2023,2023-06,"June",13,356.28,27.41,ACTIVE
"Mohd Hassan","CASHIER","Cheras 88 Speedmart",2023,2023-07,"July",10,275.13,27.51,ACTIVE
"Mohd Hassan","CASHIER","Cheras 88 Speedmart",2023,2023-08,"August",15,621.96,41.46,ACTIVE
"Mohd Hassan","CASHIER","Cheras 88 Speedmart",2023,2023-09,"September",5,51.46,10.29,ACTIVE
"Mohd Hassan","CASHIER","Cheras 88 Speedmart",2023,2023-10,"October",5,337.97,67.59,ACTIVE
"Mohd Hassan","CASHIER","Cheras 88 Speedmart",2023,2023-11,"November",4,359.67,89.92,ACTIVE
"Mohd Hassan","CASHIER","Cheras 88 Speedmart",2023,2023-12,"December",4,139.62,34.91,ACTIVE
"Mohd Hassan","CASHIER","Cheras 88 Speedmart",2024,2024-01,"January",5,284.71,56.94,ACTIVE
"Mohd Hassan","CASHIER","Cheras 88 Speedmart",2024,2024-02,"February",8,236.21,29.53,ACTIVE
"Mohd Hassan","CASHIER","Cheras 88 Speedmart",2024,2024-03,"March",9,150.39,16.71,ACTIVE
"Mohd Hassan","CASHIER","Cheras 88 Speedmart",2024,2024-04,"April",6,423.52,70.59,ACTIVE
"Mohd Hassan","CASHIER","Cheras 88 Speedmart",2024,2024-05,"May",6,113.51,18.92,ACTIVE
"Mohd Hassan","CASHIER","Cheras 88 Speedmart",2024,2024-06,"June",14,530.47,37.89,ACTIVE
"Mohd Hassan","CASHIER","Cheras 88 Speedmart",2024,2024-07,"July",5,229.11,45.82,ACTIVE
"Mohd Hassan","CASHIER","Cheras 88 Speedmart",2024,2024-08,"August",6,314.75,52.46,ACTIVE
"Mohd Hassan","CASHIER","Cheras 88 Speedmart",2024,2024-09,"September",9,331.2,36.8,ACTIVE
"Mohd Hassan","CASHIER","Cheras 88 Speedmart",2024,2024-10,"October",5,314.08,62.82,ACTIVE
"Mohd Hassan","CASHIER","Cheras 88 Speedmart",2024,2024-11,"November",6,205.45,34.24,ACTIVE
"Mohd Hassan","CASHIER","Cheras 88 Speedmart",2024,2024-12,"December",25,730.75,29.23,ACTIVE
"Mohd Hassan","CASHIER","Cheras 88 Speedmart",2025,2025-01,"January",8,222.63,27.83,ACTIVE
"Mohd Hassan","CASHIER","Cheras 88 Speedmart",2025,2025-02,"February",2,50.41,25.21,ACTIVE
"Mohd Hassan","CASHIER","Cheras 88 Speedmart",2025,2025-03,"March",12,433.7,36.14,ACTIVE
"Mohd Hassan","CASHIER","Cheras 88 Speedmart",2025,2025-04,"April",4,98.05,24.51,ACTIVE
"Mohd Hassan","CASHIER","Cheras 88 Speedmart",2025,2025-05,"May",2,34.6,17.3,ACTIVE
"Mohd Hassan","CASHIER","Cheras 88 Speedmart",2025,2025-06,"June",16,693.09,43.32,ACTIVE
"Mohd Hassan","CASHIER","Cheras 88 Speedmart",2025,2025-07,"July",4,271.36,67.84,ACTIVE
"Mohd Hassan","CASHIER","Cheras 88 Speedmart",2025,2025-08,"August",7,320,45.71,ACTIVE
"Mohd Hassan","CASHIER","Cheras 88 Speedmart",2025,2025-09,"September",6,197.75,32.96,ACTIVE
"Mohd Hassan","CASHIER","Cheras 88 Speedmart",2025,2025-10,"October",9,287.83,31.98,ACTIVE
"Mohd Hassan","CASHIER","Cheras 88 Speedmart",2025,2025-11,"November",13,869.61,66.89,ACTIVE
"Mohd Hassan","CASHIER","Cheras 88 Speedmart",2025,2025-12,"December",16,604.57,37.79,ACTIVE
"Mohd Hassan","CASHIER","Cheras 88 Speedmart",2026,2026-01,"January",17,651.79,38.34,ACTIVE
"Mohd Hassan","CASHIER","Cheras 88 Speedmart",2026,2026-02,"February",10,434.36,43.44,ACTIVE
"Mohd Hassan","CASHIER","Cheras 88 Speedmart",2026,2026-03,"March",6,247.05,41.18,ACTIVE
"Mohd Hassan","CASHIER","Cheras 88 Speedmart",2026,2026-04,"April",10,407.75,40.78,ACTIVE
"Mohd Hassan","CASHIER","Cheras 88 Speedmart",2026,2026-05,"May",6,272.69,45.45,ACTIVE
"Mohd Hassan","CASHIER","Cheras 88 Speedmart",2026,2026-06,"June",8,159.75,19.97,ACTIVE
"Mohd Hussein","ADMIN","Ipoh 88 Speedmart",2021,2021-07,"July",8,366.05,45.76,ACTIVE
"Mohd Hussein","ADMIN","Ipoh 88 Speedmart",2021,2021-08,"August",12,395.04,32.92,ACTIVE
"Mohd Hussein","ADMIN","Ipoh 88 Speedmart",2021,2021-09,"September",14,705.11,50.37,ACTIVE
"Mohd Hussein","ADMIN","Ipoh 88 Speedmart",2021,2021-10,"October",6,73.78,12.3,ACTIVE
"Mohd Hussein","ADMIN","Ipoh 88 Speedmart",2021,2021-11,"November",8,348.57,43.57,ACTIVE
"Mohd Hussein","ADMIN","Ipoh 88 Speedmart",2021,2021-12,"December",17,592.79,34.87,ACTIVE
"Mohd Hussein","ADMIN","Ipoh 88 Speedmart",2022,2022-01,"January",12,325.83,27.15,ACTIVE
"Mohd Hussein","ADMIN","Ipoh 88 Speedmart",2022,2022-02,"February",3,51.37,17.12,ACTIVE
"Mohd Hussein","ADMIN","Ipoh 88 Speedmart",2022,2022-03,"March",5,72.71,14.54,ACTIVE
"Mohd Hussein","ADMIN","Ipoh 88 Speedmart",2022,2022-04,"April",6,192.51,32.09,ACTIVE
"Mohd Hussein","ADMIN","Ipoh 88 Speedmart",2022,2022-05,"May",7,254.53,36.36,ACTIVE
"Mohd Hussein","ADMIN","Ipoh 88 Speedmart",2022,2022-06,"June",8,421.23,52.65,ACTIVE
"Mohd Hussein","ADMIN","Ipoh 88 Speedmart",2022,2022-07,"July",5,137.38,27.48,ACTIVE
"Mohd Hussein","ADMIN","Ipoh 88 Speedmart",2022,2022-08,"August",11,418.6,38.05,ACTIVE
"Mohd Hussein","ADMIN","Ipoh 88 Speedmart",2022,2022-09,"September",8,167.17,20.9,ACTIVE
"Mohd Hussein","ADMIN","Ipoh 88 Speedmart",2022,2022-10,"October",9,331.99,36.89,ACTIVE
"Mohd Hussein","ADMIN","Ipoh 88 Speedmart",2022,2022-11,"November",9,448.5,49.83,ACTIVE
"Mohd Hussein","ADMIN","Ipoh 88 Speedmart",2022,2022-12,"December",19,426.31,22.44,ACTIVE
"Mohd Hussein","ADMIN","Ipoh 88 Speedmart",2023,2023-01,"January",5,271.65,54.33,ACTIVE
"Mohd Hussein","ADMIN","Ipoh 88 Speedmart",2023,2023-02,"February",3,124.7,41.57,ACTIVE
"Mohd Hussein","ADMIN","Ipoh 88 Speedmart",2023,2023-03,"March",5,138.91,27.78,ACTIVE
"Mohd Hussein","ADMIN","Ipoh 88 Speedmart",2023,2023-04,"April",12,509.57,42.46,ACTIVE
"Mohd Hussein","ADMIN","Ipoh 88 Speedmart",2023,2023-05,"May",9,223.05,24.78,ACTIVE
"Mohd Hussein","ADMIN","Ipoh 88 Speedmart",2023,2023-06,"June",9,433.02,48.11,ACTIVE
"Mohd Hussein","ADMIN","Ipoh 88 Speedmart",2023,2023-07,"July",4,288.82,72.21,ACTIVE
"Mohd Hussein","ADMIN","Ipoh 88 Speedmart",2023,2023-08,"August",6,446.32,74.39,ACTIVE
"Mohd Hussein","ADMIN","Ipoh 88 Speedmart",2023,2023-09,"September",7,223.08,31.87,ACTIVE
"Mohd Hussein","ADMIN","Ipoh 88 Speedmart",2023,2023-10,"October",9,536.24,59.58,ACTIVE
"Mohd Hussein","ADMIN","Ipoh 88 Speedmart",2023,2023-11,"November",9,239.57,26.62,ACTIVE
"Mohd Hussein","ADMIN","Ipoh 88 Speedmart",2023,2023-12,"December",10,494.58,49.46,ACTIVE
"Mohd Hussein","ADMIN","Ipoh 88 Speedmart",2024,2024-01,"January",8,253.01,31.63,ACTIVE
"Mohd Hussein","ADMIN","Ipoh 88 Speedmart",2024,2024-02,"February",5,149.11,29.82,ACTIVE
"Mohd Hussein","ADMIN","Ipoh 88 Speedmart",2024,2024-03,"March",10,685.37,68.54,ACTIVE
"Mohd Hussein","ADMIN","Ipoh 88 Speedmart",2024,2024-04,"April",7,255.94,36.56,ACTIVE
"Mohd Hussein","ADMIN","Ipoh 88 Speedmart",2024,2024-05,"May",7,213.17,30.45,ACTIVE
"Mohd Hussein","ADMIN","Ipoh 88 Speedmart",2024,2024-06,"June",14,504.7,36.05,ACTIVE
"Mohd Hussein","ADMIN","Ipoh 88 Speedmart",2024,2024-07,"July",5,210.86,42.17,ACTIVE
"Mohd Hussein","ADMIN","Ipoh 88 Speedmart",2024,2024-08,"August",4,96.28,24.07,ACTIVE
"Mohd Hussein","ADMIN","Ipoh 88 Speedmart",2024,2024-09,"September",7,283.52,40.5,ACTIVE
"Mohd Hussein","ADMIN","Ipoh 88 Speedmart",2024,2024-10,"October",10,681.48,68.15,ACTIVE
"Mohd Hussein","ADMIN","Ipoh 88 Speedmart",2024,2024-11,"November",11,469.62,42.69,ACTIVE
"Mohd Hussein","ADMIN","Ipoh 88 Speedmart",2024,2024-12,"December",13,492.33,37.87,ACTIVE
"Mohd Hussein","ADMIN","Ipoh 88 Speedmart",2025,2025-01,"January",6,150.29,25.05,ACTIVE
"Mohd Hussein","ADMIN","Ipoh 88 Speedmart",2025,2025-02,"February",4,230.79,57.7,ACTIVE
"Mohd Hussein","ADMIN","Ipoh 88 Speedmart",2025,2025-03,"March",10,323.2,32.32,ACTIVE
"Mohd Hussein","ADMIN","Ipoh 88 Speedmart",2025,2025-04,"April",9,276.35,30.71,ACTIVE
"Mohd Hussein","ADMIN","Ipoh 88 Speedmart",2025,2025-05,"May",7,148.6,21.23,ACTIVE
"Mohd Hussein","ADMIN","Ipoh 88 Speedmart",2025,2025-06,"June",16,608.82,38.05,ACTIVE
"Mohd Hussein","ADMIN","Ipoh 88 Speedmart",2025,2025-07,"July",1,35.98,35.98,ACTIVE
"Mohd Hussein","ADMIN","Ipoh 88 Speedmart",2025,2025-08,"August",6,415.52,69.25,ACTIVE
"Mohd Hussein","ADMIN","Ipoh 88 Speedmart",2025,2025-09,"September",4,62.98,15.75,ACTIVE
"Mohd Hussein","ADMIN","Ipoh 88 Speedmart",2025,2025-10,"October",11,251.67,22.88,ACTIVE
"Mohd Hussein","ADMIN","Ipoh 88 Speedmart",2025,2025-11,"November",13,452.2,34.78,ACTIVE
"Mohd Hussein","ADMIN","Ipoh 88 Speedmart",2025,2025-12,"December",10,425.31,42.53,ACTIVE
"Mohd Hussein","ADMIN","Ipoh 88 Speedmart",2026,2026-01,"January",9,306.39,34.04,ACTIVE
"Mohd Hussein","ADMIN","Ipoh 88 Speedmart",2026,2026-02,"February",6,251.88,41.98,ACTIVE
"Mohd Hussein","ADMIN","Ipoh 88 Speedmart",2026,2026-03,"March",10,381.46,38.15,ACTIVE
"Mohd Hussein","ADMIN","Ipoh 88 Speedmart",2026,2026-04,"April",10,198.8,19.88,ACTIVE
"Mohd Hussein","ADMIN","Ipoh 88 Speedmart",2026,2026-05,"May",8,374.5,46.81,ACTIVE
"Mohd Hussein","ADMIN","Ipoh 88 Speedmart",2026,2026-06,"June",11,684.93,62.27,ACTIVE
"Mohd Othman","MANAGER","Melaka 88 Speedmart",2022,2022-06,"June",10,397.86,39.79,ACTIVE
"Mohd Othman","MANAGER","Melaka 88 Speedmart",2022,2022-07,"July",11,298.99,27.18,ACTIVE
"Mohd Othman","MANAGER","Melaka 88 Speedmart",2022,2022-08,"August",6,155.99,26,ACTIVE
"Mohd Othman","MANAGER","Melaka 88 Speedmart",2022,2022-09,"September",8,295.8,36.98,ACTIVE
"Mohd Othman","MANAGER","Melaka 88 Speedmart",2022,2022-10,"October",10,561.85,56.19,ACTIVE
"Mohd Othman","MANAGER","Melaka 88 Speedmart",2022,2022-11,"November",10,404.15,40.42,ACTIVE
"Mohd Othman","MANAGER","Melaka 88 Speedmart",2022,2022-12,"December",13,697.64,53.66,ACTIVE
"Mohd Othman","MANAGER","Melaka 88 Speedmart",2023,2023-01,"January",12,301.72,25.14,ACTIVE
"Mohd Othman","MANAGER","Melaka 88 Speedmart",2023,2023-02,"February",6,252.4,42.07,ACTIVE
"Mohd Othman","MANAGER","Melaka 88 Speedmart",2023,2023-03,"March",2,49.65,24.83,ACTIVE
"Mohd Othman","MANAGER","Melaka 88 Speedmart",2023,2023-04,"April",7,126.08,18.01,ACTIVE
"Mohd Othman","MANAGER","Melaka 88 Speedmart",2023,2023-05,"May",6,170.53,28.42,ACTIVE
"Mohd Othman","MANAGER","Melaka 88 Speedmart",2023,2023-06,"June",15,467.1,31.14,ACTIVE
"Mohd Othman","MANAGER","Melaka 88 Speedmart",2023,2023-07,"July",6,170.74,28.46,ACTIVE
"Mohd Othman","MANAGER","Melaka 88 Speedmart",2023,2023-08,"August",8,409.83,51.23,ACTIVE
"Mohd Othman","MANAGER","Melaka 88 Speedmart",2023,2023-09,"September",5,124.46,24.89,ACTIVE
"Mohd Othman","MANAGER","Melaka 88 Speedmart",2023,2023-10,"October",5,216.97,43.39,ACTIVE
"Mohd Othman","MANAGER","Melaka 88 Speedmart",2023,2023-11,"November",10,346.99,34.7,ACTIVE
"Mohd Othman","MANAGER","Melaka 88 Speedmart",2023,2023-12,"December",14,619.23,44.23,ACTIVE
"Mohd Othman","MANAGER","Melaka 88 Speedmart",2024,2024-01,"January",9,323.74,35.97,ACTIVE
"Mohd Othman","MANAGER","Melaka 88 Speedmart",2024,2024-02,"February",12,577.82,48.15,ACTIVE
"Mohd Othman","MANAGER","Melaka 88 Speedmart",2024,2024-03,"March",9,227.32,25.26,ACTIVE
"Mohd Othman","MANAGER","Melaka 88 Speedmart",2024,2024-04,"April",7,250,35.71,ACTIVE
"Mohd Othman","MANAGER","Melaka 88 Speedmart",2024,2024-05,"May",4,260.28,65.07,ACTIVE
"Mohd Othman","MANAGER","Melaka 88 Speedmart",2024,2024-06,"June",13,459.43,35.34,ACTIVE
"Mohd Othman","MANAGER","Melaka 88 Speedmart",2024,2024-07,"July",9,385.32,42.81,ACTIVE
"Mohd Othman","MANAGER","Melaka 88 Speedmart",2024,2024-08,"August",5,136.44,27.29,ACTIVE
"Mohd Othman","MANAGER","Melaka 88 Speedmart",2024,2024-09,"September",8,339.58,42.45,ACTIVE
"Mohd Othman","MANAGER","Melaka 88 Speedmart",2024,2024-10,"October",6,292.12,48.69,ACTIVE
"Mohd Othman","MANAGER","Melaka 88 Speedmart",2024,2024-11,"November",7,285.84,40.83,ACTIVE
"Mohd Othman","MANAGER","Melaka 88 Speedmart",2024,2024-12,"December",11,377.43,34.31,ACTIVE
"Mohd Othman","MANAGER","Melaka 88 Speedmart",2025,2025-01,"January",7,162.6,23.23,ACTIVE
"Mohd Othman","MANAGER","Melaka 88 Speedmart",2025,2025-02,"February",8,333.52,41.69,ACTIVE
"Mohd Othman","MANAGER","Melaka 88 Speedmart",2025,2025-03,"March",2,85.73,42.87,ACTIVE
"Mohd Othman","MANAGER","Melaka 88 Speedmart",2025,2025-04,"April",10,280.79,28.08,ACTIVE
"Mohd Othman","MANAGER","Melaka 88 Speedmart",2025,2025-05,"May",7,305.81,43.69,ACTIVE
"Mohd Othman","MANAGER","Melaka 88 Speedmart",2025,2025-06,"June",6,329.1,54.85,ACTIVE
"Mohd Othman","MANAGER","Melaka 88 Speedmart",2025,2025-07,"July",7,195.95,27.99,ACTIVE
"Mohd Othman","MANAGER","Melaka 88 Speedmart",2025,2025-08,"August",10,323.8,32.38,ACTIVE
"Mohd Othman","MANAGER","Melaka 88 Speedmart",2025,2025-09,"September",8,248.91,31.11,ACTIVE
"Mohd Othman","MANAGER","Melaka 88 Speedmart",2025,2025-10,"October",10,555.73,55.57,ACTIVE
"Mohd Othman","MANAGER","Melaka 88 Speedmart",2025,2025-11,"November",19,750.58,39.5,ACTIVE
"Mohd Othman","MANAGER","Melaka 88 Speedmart",2025,2025-12,"December",12,647.41,53.95,ACTIVE
"Mohd Othman","MANAGER","Melaka 88 Speedmart",2026,2026-01,"January",3,60.4,20.13,ACTIVE
"Mohd Othman","MANAGER","Melaka 88 Speedmart",2026,2026-02,"February",13,592.85,45.6,ACTIVE
"Mohd Othman","MANAGER","Melaka 88 Speedmart",2026,2026-03,"March",13,448.15,34.47,ACTIVE
"Mohd Othman","MANAGER","Melaka 88 Speedmart",2026,2026-04,"April",4,345.79,86.45,ACTIVE
"Mohd Othman","MANAGER","Melaka 88 Speedmart",2026,2026-05,"May",8,240.57,30.07,ACTIVE
"Mohd Othman","MANAGER","Melaka 88 Speedmart",2026,2026-06,"June",11,593.3,53.94,ACTIVE
"Mohd Salleh","CASHIER","Ipoh 88 Speedmart",2021,2021-07,"July",9,388.02,43.11,ACTIVE
"Mohd Salleh","CASHIER","Ipoh 88 Speedmart",2021,2021-08,"August",20,606.8,30.34,ACTIVE
"Mohd Salleh","CASHIER","Ipoh 88 Speedmart",2021,2021-09,"September",10,447.63,44.76,ACTIVE
"Mohd Salleh","CASHIER","Ipoh 88 Speedmart",2021,2021-10,"October",9,179.59,19.95,ACTIVE
"Mohd Salleh","CASHIER","Ipoh 88 Speedmart",2021,2021-11,"November",8,256.6,32.08,ACTIVE
"Mohd Salleh","CASHIER","Ipoh 88 Speedmart",2021,2021-12,"December",18,550.06,30.56,ACTIVE
"Mohd Salleh","CASHIER","Ipoh 88 Speedmart",2022,2022-01,"January",11,813.26,73.93,ACTIVE
"Mohd Salleh","CASHIER","Ipoh 88 Speedmart",2022,2022-02,"February",9,416.12,46.24,ACTIVE
"Mohd Salleh","CASHIER","Ipoh 88 Speedmart",2022,2022-03,"March",10,278.34,27.83,ACTIVE
"Mohd Salleh","CASHIER","Ipoh 88 Speedmart",2022,2022-04,"April",6,146.42,24.4,ACTIVE
"Mohd Salleh","CASHIER","Ipoh 88 Speedmart",2022,2022-05,"May",4,63.53,15.88,ACTIVE
"Mohd Salleh","CASHIER","Ipoh 88 Speedmart",2022,2022-06,"June",10,662.86,66.29,ACTIVE
"Mohd Salleh","CASHIER","Ipoh 88 Speedmart",2022,2022-07,"July",9,157.09,17.45,ACTIVE
"Mohd Salleh","CASHIER","Ipoh 88 Speedmart",2022,2022-08,"August",11,300,27.27,ACTIVE
"Mohd Salleh","CASHIER","Ipoh 88 Speedmart",2022,2022-09,"September",5,216.15,43.23,ACTIVE
"Mohd Salleh","CASHIER","Ipoh 88 Speedmart",2022,2022-10,"October",3,61.81,20.6,ACTIVE
"Mohd Salleh","CASHIER","Ipoh 88 Speedmart",2022,2022-11,"November",11,336.32,30.57,ACTIVE
"Mohd Salleh","CASHIER","Ipoh 88 Speedmart",2022,2022-12,"December",13,443.26,34.1,ACTIVE
"Mohd Salleh","CASHIER","Ipoh 88 Speedmart",2023,2023-01,"January",9,331.97,36.89,ACTIVE
"Mohd Salleh","CASHIER","Ipoh 88 Speedmart",2023,2023-02,"February",8,236.14,29.52,ACTIVE
"Mohd Salleh","CASHIER","Ipoh 88 Speedmart",2023,2023-03,"March",8,276.73,34.59,ACTIVE
"Mohd Salleh","CASHIER","Ipoh 88 Speedmart",2023,2023-04,"April",7,329.71,47.1,ACTIVE
"Mohd Salleh","CASHIER","Ipoh 88 Speedmart",2023,2023-05,"May",7,203.47,29.07,ACTIVE
"Mohd Salleh","CASHIER","Ipoh 88 Speedmart",2023,2023-06,"June",9,432.3,48.03,ACTIVE
"Mohd Salleh","CASHIER","Ipoh 88 Speedmart",2023,2023-07,"July",5,356.2,71.24,ACTIVE
"Mohd Salleh","CASHIER","Ipoh 88 Speedmart",2023,2023-08,"August",10,306.24,30.62,ACTIVE
"Mohd Salleh","CASHIER","Ipoh 88 Speedmart",2023,2023-09,"September",1,53.95,53.95,ACTIVE
"Mohd Salleh","CASHIER","Ipoh 88 Speedmart",2023,2023-10,"October",8,249.96,31.25,ACTIVE
"Mohd Salleh","CASHIER","Ipoh 88 Speedmart",2023,2023-11,"November",11,462.54,42.05,ACTIVE
"Mohd Salleh","CASHIER","Ipoh 88 Speedmart",2023,2023-12,"December",19,630.26,33.17,ACTIVE
"Mohd Salleh","CASHIER","Ipoh 88 Speedmart",2024,2024-01,"January",8,168.53,21.07,ACTIVE
"Mohd Salleh","CASHIER","Ipoh 88 Speedmart",2024,2024-02,"February",6,170.64,28.44,ACTIVE
"Mohd Salleh","CASHIER","Ipoh 88 Speedmart",2024,2024-03,"March",9,258.73,28.75,ACTIVE
"Mohd Salleh","CASHIER","Ipoh 88 Speedmart",2024,2024-04,"April",11,374.94,34.09,ACTIVE
"Mohd Salleh","CASHIER","Ipoh 88 Speedmart",2024,2024-05,"May",5,289.14,57.83,ACTIVE
"Mohd Salleh","CASHIER","Ipoh 88 Speedmart",2024,2024-06,"June",8,476.72,59.59,ACTIVE
"Mohd Salleh","CASHIER","Ipoh 88 Speedmart",2024,2024-07,"July",7,440.9,62.99,ACTIVE
"Mohd Salleh","CASHIER","Ipoh 88 Speedmart",2024,2024-08,"August",4,119.11,29.78,ACTIVE
"Mohd Salleh","CASHIER","Ipoh 88 Speedmart",2024,2024-09,"September",8,559.74,69.97,ACTIVE
"Mohd Salleh","CASHIER","Ipoh 88 Speedmart",2024,2024-10,"October",6,395,65.83,ACTIVE
"Mohd Salleh","CASHIER","Ipoh 88 Speedmart",2024,2024-11,"November",14,760.74,54.34,ACTIVE
"Mohd Salleh","CASHIER","Ipoh 88 Speedmart",2024,2024-12,"December",8,332.96,41.62,ACTIVE
"Mohd Salleh","CASHIER","Ipoh 88 Speedmart",2025,2025-01,"January",6,211.55,35.26,ACTIVE
"Mohd Salleh","CASHIER","Ipoh 88 Speedmart",2025,2025-02,"February",3,363.58,121.19,ACTIVE
"Mohd Salleh","CASHIER","Ipoh 88 Speedmart",2025,2025-03,"March",5,295.37,59.07,ACTIVE
"Mohd Salleh","CASHIER","Ipoh 88 Speedmart",2025,2025-04,"April",4,134,33.5,ACTIVE
"Mohd Salleh","CASHIER","Ipoh 88 Speedmart",2025,2025-05,"May",4,114.81,28.7,ACTIVE
"Mohd Salleh","CASHIER","Ipoh 88 Speedmart",2025,2025-06,"June",9,545.98,60.66,ACTIVE
"Mohd Salleh","CASHIER","Ipoh 88 Speedmart",2025,2025-07,"July",10,311.8,31.18,ACTIVE
"Mohd Salleh","CASHIER","Ipoh 88 Speedmart",2025,2025-08,"August",6,245.64,40.94,ACTIVE
"Mohd Salleh","CASHIER","Ipoh 88 Speedmart",2025,2025-09,"September",11,507.83,46.17,ACTIVE
"Mohd Salleh","CASHIER","Ipoh 88 Speedmart",2025,2025-10,"October",12,573.58,47.8,ACTIVE
"Mohd Salleh","CASHIER","Ipoh 88 Speedmart",2025,2025-11,"November",8,511.23,63.9,ACTIVE
"Mohd Salleh","CASHIER","Ipoh 88 Speedmart",2025,2025-12,"December",22,691.63,31.44,ACTIVE
"Mohd Salleh","CASHIER","Ipoh 88 Speedmart",2026,2026-01,"January",8,474.03,59.25,ACTIVE
"Mohd Salleh","CASHIER","Ipoh 88 Speedmart",2026,2026-02,"February",13,481.96,37.07,ACTIVE
"Mohd Salleh","CASHIER","Ipoh 88 Speedmart",2026,2026-03,"March",8,278.44,34.81,ACTIVE
"Mohd Salleh","CASHIER","Ipoh 88 Speedmart",2026,2026-04,"April",7,329.21,47.03,ACTIVE
"Mohd Salleh","CASHIER","Ipoh 88 Speedmart",2026,2026-05,"May",9,312.74,34.75,ACTIVE
"Mohd Salleh","CASHIER","Ipoh 88 Speedmart",2026,2026-06,"June",11,300.96,27.36,ACTIVE
"Nor Abdullah","CASHIER","Melaka 88 Speedmart",2022,2022-06,"June",10,353.21,35.32,ACTIVE
"Nor Abdullah","CASHIER","Melaka 88 Speedmart",2022,2022-07,"July",10,216.83,21.68,ACTIVE
"Nor Abdullah","CASHIER","Melaka 88 Speedmart",2022,2022-08,"August",3,161.89,53.96,ACTIVE
"Nor Abdullah","CASHIER","Melaka 88 Speedmart",2022,2022-09,"September",9,624.79,69.42,ACTIVE
"Nor Abdullah","CASHIER","Melaka 88 Speedmart",2022,2022-10,"October",11,507.83,46.17,ACTIVE
"Nor Abdullah","CASHIER","Melaka 88 Speedmart",2022,2022-11,"November",10,356.71,35.67,ACTIVE
"Nor Abdullah","CASHIER","Melaka 88 Speedmart",2022,2022-12,"December",12,376.08,31.34,ACTIVE
"Nor Abdullah","CASHIER","Melaka 88 Speedmart",2023,2023-01,"January",11,568.97,51.72,ACTIVE
"Nor Abdullah","CASHIER","Melaka 88 Speedmart",2023,2023-02,"February",4,139.61,34.9,ACTIVE
"Nor Abdullah","CASHIER","Melaka 88 Speedmart",2023,2023-03,"March",8,207.29,25.91,ACTIVE
"Nor Abdullah","CASHIER","Melaka 88 Speedmart",2023,2023-04,"April",8,161.14,20.14,ACTIVE
"Nor Abdullah","CASHIER","Melaka 88 Speedmart",2023,2023-05,"May",3,42.86,14.29,ACTIVE
"Nor Abdullah","CASHIER","Melaka 88 Speedmart",2023,2023-06,"June",11,356.55,32.41,ACTIVE
"Nor Abdullah","CASHIER","Melaka 88 Speedmart",2023,2023-07,"July",4,123.16,30.79,ACTIVE
"Nor Abdullah","CASHIER","Melaka 88 Speedmart",2023,2023-08,"August",7,295.44,42.21,ACTIVE
"Nor Abdullah","CASHIER","Melaka 88 Speedmart",2023,2023-09,"September",5,390.07,78.01,ACTIVE
"Nor Abdullah","CASHIER","Melaka 88 Speedmart",2023,2023-10,"October",3,273.29,91.1,ACTIVE
"Nor Abdullah","CASHIER","Melaka 88 Speedmart",2023,2023-11,"November",5,146.59,29.32,ACTIVE
"Nor Abdullah","CASHIER","Melaka 88 Speedmart",2023,2023-12,"December",15,971.42,64.76,ACTIVE
"Nor Abdullah","CASHIER","Melaka 88 Speedmart",2024,2024-01,"January",7,503.01,71.86,ACTIVE
"Nor Abdullah","CASHIER","Melaka 88 Speedmart",2024,2024-02,"February",9,348.47,38.72,ACTIVE
"Nor Abdullah","CASHIER","Melaka 88 Speedmart",2024,2024-03,"March",5,179.94,35.99,ACTIVE
"Nor Abdullah","CASHIER","Melaka 88 Speedmart",2024,2024-04,"April",7,726.52,103.79,ACTIVE
"Nor Abdullah","CASHIER","Melaka 88 Speedmart",2024,2024-05,"May",5,327.46,65.49,ACTIVE
"Nor Abdullah","CASHIER","Melaka 88 Speedmart",2024,2024-06,"June",5,324.88,64.98,ACTIVE
"Nor Abdullah","CASHIER","Melaka 88 Speedmart",2024,2024-07,"July",8,392.89,49.11,ACTIVE
"Nor Abdullah","CASHIER","Melaka 88 Speedmart",2024,2024-08,"August",4,186.47,46.62,ACTIVE
"Nor Abdullah","CASHIER","Melaka 88 Speedmart",2024,2024-09,"September",3,118.66,39.55,ACTIVE
"Nor Abdullah","CASHIER","Melaka 88 Speedmart",2024,2024-10,"October",4,166.78,41.7,ACTIVE
"Nor Abdullah","CASHIER","Melaka 88 Speedmart",2024,2024-11,"November",9,358.6,39.84,ACTIVE
"Nor Abdullah","CASHIER","Melaka 88 Speedmart",2024,2024-12,"December",15,712.77,47.52,ACTIVE
"Nor Abdullah","CASHIER","Melaka 88 Speedmart",2025,2025-01,"January",7,568.68,81.24,ACTIVE
"Nor Abdullah","CASHIER","Melaka 88 Speedmart",2025,2025-02,"February",11,354.15,32.2,ACTIVE
"Nor Abdullah","CASHIER","Melaka 88 Speedmart",2025,2025-03,"March",3,97.79,32.6,ACTIVE
"Nor Abdullah","CASHIER","Melaka 88 Speedmart",2025,2025-04,"April",2,64.78,32.39,ACTIVE
"Nor Abdullah","CASHIER","Melaka 88 Speedmart",2025,2025-05,"May",6,230.89,38.48,ACTIVE
"Nor Abdullah","CASHIER","Melaka 88 Speedmart",2025,2025-06,"June",8,224.52,28.07,ACTIVE
"Nor Abdullah","CASHIER","Melaka 88 Speedmart",2025,2025-07,"July",5,171.21,34.24,ACTIVE
"Nor Abdullah","CASHIER","Melaka 88 Speedmart",2025,2025-08,"August",10,345.44,34.54,ACTIVE
"Nor Abdullah","CASHIER","Melaka 88 Speedmart",2025,2025-09,"September",9,227.21,25.25,ACTIVE
"Nor Abdullah","CASHIER","Melaka 88 Speedmart",2025,2025-10,"October",6,183.63,30.61,ACTIVE
"Nor Abdullah","CASHIER","Melaka 88 Speedmart",2025,2025-11,"November",9,252.46,28.05,ACTIVE
"Nor Abdullah","CASHIER","Melaka 88 Speedmart",2025,2025-12,"December",20,1116.06,55.8,ACTIVE
"Nor Abdullah","CASHIER","Melaka 88 Speedmart",2026,2026-01,"January",9,205.43,22.83,ACTIVE
"Nor Abdullah","CASHIER","Melaka 88 Speedmart",2026,2026-02,"February",12,480.33,40.03,ACTIVE
"Nor Abdullah","CASHIER","Melaka 88 Speedmart",2026,2026-03,"March",6,131.15,21.86,ACTIVE
"Nor Abdullah","CASHIER","Melaka 88 Speedmart",2026,2026-04,"April",4,166.16,41.54,ACTIVE
"Nor Abdullah","CASHIER","Melaka 88 Speedmart",2026,2026-05,"May",5,103.16,20.63,ACTIVE
"Nor Abdullah","CASHIER","Melaka 88 Speedmart",2026,2026-06,"June",5,163.62,32.72,ACTIVE
"Nor Ahmad","CASHIER","Kota Kinabalu 88 Speedmart",2023,2023-06,"June",6,158.6,26.43,ACTIVE
"Nor Ahmad","CASHIER","Kota Kinabalu 88 Speedmart",2023,2023-07,"July",7,123.56,17.65,ACTIVE
"Nor Ahmad","CASHIER","Kota Kinabalu 88 Speedmart",2023,2023-08,"August",5,211.15,42.23,ACTIVE
"Nor Ahmad","CASHIER","Kota Kinabalu 88 Speedmart",2023,2023-09,"September",7,150.68,21.53,ACTIVE
"Nor Ahmad","CASHIER","Kota Kinabalu 88 Speedmart",2023,2023-10,"October",4,217.8,54.45,ACTIVE
"Nor Ahmad","CASHIER","Kota Kinabalu 88 Speedmart",2023,2023-11,"November",13,304.5,23.42,ACTIVE
"Nor Ahmad","CASHIER","Kota Kinabalu 88 Speedmart",2023,2023-12,"December",9,376.41,41.82,ACTIVE
"Nor Ahmad","CASHIER","Kota Kinabalu 88 Speedmart",2024,2024-01,"January",6,188.23,31.37,ACTIVE
"Nor Ahmad","CASHIER","Kota Kinabalu 88 Speedmart",2024,2024-02,"February",7,224,32,ACTIVE
"Nor Ahmad","CASHIER","Kota Kinabalu 88 Speedmart",2024,2024-03,"March",4,60.45,15.11,ACTIVE
"Nor Ahmad","CASHIER","Kota Kinabalu 88 Speedmart",2024,2024-04,"April",4,101.08,25.27,ACTIVE
"Nor Ahmad","CASHIER","Kota Kinabalu 88 Speedmart",2024,2024-05,"May",6,108.52,18.09,ACTIVE
"Nor Ahmad","CASHIER","Kota Kinabalu 88 Speedmart",2024,2024-06,"June",8,221.95,27.74,ACTIVE
"Nor Ahmad","CASHIER","Kota Kinabalu 88 Speedmart",2024,2024-07,"July",10,373.46,37.35,ACTIVE
"Nor Ahmad","CASHIER","Kota Kinabalu 88 Speedmart",2024,2024-08,"August",4,126.83,31.71,ACTIVE
"Nor Ahmad","CASHIER","Kota Kinabalu 88 Speedmart",2024,2024-09,"September",6,465.31,77.55,ACTIVE
"Nor Ahmad","CASHIER","Kota Kinabalu 88 Speedmart",2024,2024-10,"October",7,326.55,46.65,ACTIVE
"Nor Ahmad","CASHIER","Kota Kinabalu 88 Speedmart",2024,2024-11,"November",9,217.43,24.16,ACTIVE
"Nor Ahmad","CASHIER","Kota Kinabalu 88 Speedmart",2024,2024-12,"December",20,824.48,41.22,ACTIVE
"Nor Ahmad","CASHIER","Kota Kinabalu 88 Speedmart",2025,2025-01,"January",11,562.15,51.1,ACTIVE
"Nor Ahmad","CASHIER","Kota Kinabalu 88 Speedmart",2025,2025-02,"February",9,334.22,37.14,ACTIVE
"Nor Ahmad","CASHIER","Kota Kinabalu 88 Speedmart",2025,2025-03,"March",3,103.73,34.58,ACTIVE
"Nor Ahmad","CASHIER","Kota Kinabalu 88 Speedmart",2025,2025-04,"April",6,309.64,51.61,ACTIVE
"Nor Ahmad","CASHIER","Kota Kinabalu 88 Speedmart",2025,2025-05,"May",7,202.17,28.88,ACTIVE
"Nor Ahmad","CASHIER","Kota Kinabalu 88 Speedmart",2025,2025-06,"June",4,153.93,38.48,ACTIVE
"Nor Ahmad","CASHIER","Kota Kinabalu 88 Speedmart",2025,2025-07,"July",10,306,30.6,ACTIVE
"Nor Ahmad","CASHIER","Kota Kinabalu 88 Speedmart",2025,2025-08,"August",8,523.17,65.4,ACTIVE
"Nor Ahmad","CASHIER","Kota Kinabalu 88 Speedmart",2025,2025-09,"September",11,338.2,30.75,ACTIVE
"Nor Ahmad","CASHIER","Kota Kinabalu 88 Speedmart",2025,2025-10,"October",5,217.36,43.47,ACTIVE
"Nor Ahmad","CASHIER","Kota Kinabalu 88 Speedmart",2025,2025-11,"November",18,639.51,35.53,ACTIVE
"Nor Ahmad","CASHIER","Kota Kinabalu 88 Speedmart",2025,2025-12,"December",19,675.75,35.57,ACTIVE
"Nor Ahmad","CASHIER","Kota Kinabalu 88 Speedmart",2026,2026-01,"January",8,344.8,43.1,ACTIVE
"Nor Ahmad","CASHIER","Kota Kinabalu 88 Speedmart",2026,2026-02,"February",14,526.27,37.59,ACTIVE
"Nor Ahmad","CASHIER","Kota Kinabalu 88 Speedmart",2026,2026-03,"March",7,377.93,53.99,ACTIVE
"Nor Ahmad","CASHIER","Kota Kinabalu 88 Speedmart",2026,2026-04,"April",9,354.37,39.37,ACTIVE
"Nor Ahmad","CASHIER","Kota Kinabalu 88 Speedmart",2026,2026-05,"May",10,555.78,55.58,ACTIVE
"Nor Ahmad","CASHIER","Kota Kinabalu 88 Speedmart",2026,2026-06,"June",12,462.55,38.55,ACTIVE
"Nor Ibrahim","MANAGER","Ipoh 88 Speedmart",2021,2021-07,"July",5,118.88,23.78,ACTIVE
"Nor Ibrahim","MANAGER","Ipoh 88 Speedmart",2021,2021-08,"August",8,571.67,71.46,ACTIVE
"Nor Ibrahim","MANAGER","Ipoh 88 Speedmart",2021,2021-09,"September",8,229.22,28.65,ACTIVE
"Nor Ibrahim","MANAGER","Ipoh 88 Speedmart",2021,2021-10,"October",3,68.17,22.72,ACTIVE
"Nor Ibrahim","MANAGER","Ipoh 88 Speedmart",2021,2021-11,"November",20,919.21,45.96,ACTIVE
"Nor Ibrahim","MANAGER","Ipoh 88 Speedmart",2021,2021-12,"December",10,294.66,29.47,ACTIVE
"Nor Ibrahim","MANAGER","Ipoh 88 Speedmart",2022,2022-01,"January",14,496.55,35.47,ACTIVE
"Nor Ibrahim","MANAGER","Ipoh 88 Speedmart",2022,2022-02,"February",5,243.72,48.74,ACTIVE
"Nor Ibrahim","MANAGER","Ipoh 88 Speedmart",2022,2022-03,"March",8,376.13,47.02,ACTIVE
"Nor Ibrahim","MANAGER","Ipoh 88 Speedmart",2022,2022-04,"April",7,137.04,19.58,ACTIVE
"Nor Ibrahim","MANAGER","Ipoh 88 Speedmart",2022,2022-05,"May",5,288.04,57.61,ACTIVE
"Nor Ibrahim","MANAGER","Ipoh 88 Speedmart",2022,2022-06,"June",11,455.97,41.45,ACTIVE
"Nor Ibrahim","MANAGER","Ipoh 88 Speedmart",2022,2022-07,"July",7,158.45,22.64,ACTIVE
"Nor Ibrahim","MANAGER","Ipoh 88 Speedmart",2022,2022-08,"August",6,268.32,44.72,ACTIVE
"Nor Ibrahim","MANAGER","Ipoh 88 Speedmart",2022,2022-09,"September",7,177.57,25.37,ACTIVE
"Nor Ibrahim","MANAGER","Ipoh 88 Speedmart",2022,2022-10,"October",7,306.35,43.76,ACTIVE
"Nor Ibrahim","MANAGER","Ipoh 88 Speedmart",2022,2022-11,"November",11,383.56,34.87,ACTIVE
"Nor Ibrahim","MANAGER","Ipoh 88 Speedmart",2022,2022-12,"December",15,845.81,56.39,ACTIVE
"Nor Ibrahim","MANAGER","Ipoh 88 Speedmart",2023,2023-01,"January",8,426.57,53.32,ACTIVE
"Nor Ibrahim","MANAGER","Ipoh 88 Speedmart",2023,2023-02,"February",7,227.35,32.48,ACTIVE
"Nor Ibrahim","MANAGER","Ipoh 88 Speedmart",2023,2023-03,"March",7,414.24,59.18,ACTIVE
"Nor Ibrahim","MANAGER","Ipoh 88 Speedmart",2023,2023-04,"April",5,165.75,33.15,ACTIVE
"Nor Ibrahim","MANAGER","Ipoh 88 Speedmart",2023,2023-05,"May",9,406.8,45.2,ACTIVE
"Nor Ibrahim","MANAGER","Ipoh 88 Speedmart",2023,2023-06,"June",21,546.52,26.02,ACTIVE
"Nor Ibrahim","MANAGER","Ipoh 88 Speedmart",2023,2023-07,"July",10,450.6,45.06,ACTIVE
"Nor Ibrahim","MANAGER","Ipoh 88 Speedmart",2023,2023-08,"August",7,201.05,28.72,ACTIVE
"Nor Ibrahim","MANAGER","Ipoh 88 Speedmart",2023,2023-09,"September",9,440.6,48.96,ACTIVE
"Nor Ibrahim","MANAGER","Ipoh 88 Speedmart",2023,2023-10,"October",5,95.01,19,ACTIVE
"Nor Ibrahim","MANAGER","Ipoh 88 Speedmart",2023,2023-11,"November",9,451.34,50.15,ACTIVE
"Nor Ibrahim","MANAGER","Ipoh 88 Speedmart",2023,2023-12,"December",10,298.48,29.85,ACTIVE
"Nor Ibrahim","MANAGER","Ipoh 88 Speedmart",2024,2024-01,"January",9,359.35,39.93,ACTIVE
"Nor Ibrahim","MANAGER","Ipoh 88 Speedmart",2024,2024-02,"February",4,115.86,28.97,ACTIVE
"Nor Ibrahim","MANAGER","Ipoh 88 Speedmart",2024,2024-03,"March",5,170.01,34,ACTIVE
"Nor Ibrahim","MANAGER","Ipoh 88 Speedmart",2024,2024-04,"April",10,578.58,57.86,ACTIVE
"Nor Ibrahim","MANAGER","Ipoh 88 Speedmart",2024,2024-05,"May",8,400.52,50.07,ACTIVE
"Nor Ibrahim","MANAGER","Ipoh 88 Speedmart",2024,2024-06,"June",5,272.7,54.54,ACTIVE
"Nor Ibrahim","MANAGER","Ipoh 88 Speedmart",2024,2024-07,"July",6,238.14,39.69,ACTIVE
"Nor Ibrahim","MANAGER","Ipoh 88 Speedmart",2024,2024-08,"August",5,151.36,30.27,ACTIVE
"Nor Ibrahim","MANAGER","Ipoh 88 Speedmart",2024,2024-09,"September",5,173.52,34.7,ACTIVE
"Nor Ibrahim","MANAGER","Ipoh 88 Speedmart",2024,2024-10,"October",10,645.17,64.52,ACTIVE
"Nor Ibrahim","MANAGER","Ipoh 88 Speedmart",2024,2024-11,"November",11,535.43,48.68,ACTIVE
"Nor Ibrahim","MANAGER","Ipoh 88 Speedmart",2024,2024-12,"December",21,1363.64,64.94,ACTIVE
"Nor Ibrahim","MANAGER","Ipoh 88 Speedmart",2025,2025-01,"January",11,554.32,50.39,ACTIVE
"Nor Ibrahim","MANAGER","Ipoh 88 Speedmart",2025,2025-02,"February",2,91.07,45.54,ACTIVE
"Nor Ibrahim","MANAGER","Ipoh 88 Speedmart",2025,2025-03,"March",11,228.83,20.8,ACTIVE
"Nor Ibrahim","MANAGER","Ipoh 88 Speedmart",2025,2025-04,"April",2,60.22,30.11,ACTIVE
"Nor Ibrahim","MANAGER","Ipoh 88 Speedmart",2025,2025-05,"May",6,160.42,26.74,ACTIVE
"Nor Ibrahim","MANAGER","Ipoh 88 Speedmart",2025,2025-06,"June",12,250.26,20.86,ACTIVE
"Nor Ibrahim","MANAGER","Ipoh 88 Speedmart",2025,2025-07,"July",8,267.96,33.5,ACTIVE
"Nor Ibrahim","MANAGER","Ipoh 88 Speedmart",2025,2025-08,"August",8,349.68,43.71,ACTIVE
"Nor Ibrahim","MANAGER","Ipoh 88 Speedmart",2025,2025-09,"September",6,198.97,33.16,ACTIVE
"Nor Ibrahim","MANAGER","Ipoh 88 Speedmart",2025,2025-10,"October",7,341.41,48.77,ACTIVE
"Nor Ibrahim","MANAGER","Ipoh 88 Speedmart",2025,2025-11,"November",14,753.4,53.81,ACTIVE
"Nor Ibrahim","MANAGER","Ipoh 88 Speedmart",2025,2025-12,"December",19,847.28,44.59,ACTIVE
"Nor Ibrahim","MANAGER","Ipoh 88 Speedmart",2026,2026-01,"January",9,317.04,35.23,ACTIVE
"Nor Ibrahim","MANAGER","Ipoh 88 Speedmart",2026,2026-02,"February",16,676.38,42.27,ACTIVE
"Nor Ibrahim","MANAGER","Ipoh 88 Speedmart",2026,2026-03,"March",12,351.15,29.26,ACTIVE
"Nor Ibrahim","MANAGER","Ipoh 88 Speedmart",2026,2026-04,"April",10,602.87,60.29,ACTIVE
"Nor Ibrahim","MANAGER","Ipoh 88 Speedmart",2026,2026-05,"May",15,886.34,59.09,ACTIVE
"Nor Ibrahim","MANAGER","Ipoh 88 Speedmart",2026,2026-06,"June",16,530.05,33.13,ACTIVE
"Nor Razak","CASHIER","George Town 88 Speedmart",2021,2021-12,"December",8,291.59,36.45,RESIGNED
"Nor Razak","CASHIER","George Town 88 Speedmart",2022,2022-01,"January",13,526.09,40.47,RESIGNED
"Nor Razak","CASHIER","George Town 88 Speedmart",2022,2022-02,"February",7,210.75,30.11,RESIGNED
"Nor Razak","CASHIER","George Town 88 Speedmart",2022,2022-03,"March",10,352.26,35.23,RESIGNED
"Nor Razak","CASHIER","George Town 88 Speedmart",2022,2022-04,"April",5,354.77,70.95,RESIGNED
"Nor Razak","CASHIER","George Town 88 Speedmart",2022,2022-05,"May",11,421.45,38.31,RESIGNED
"Nor Razak","CASHIER","George Town 88 Speedmart",2022,2022-06,"June",9,268.03,29.78,RESIGNED
"Nor Razak","CASHIER","George Town 88 Speedmart",2022,2022-07,"July",6,345.89,57.65,RESIGNED
"Nor Razak","CASHIER","George Town 88 Speedmart",2022,2022-08,"August",7,231.72,33.1,RESIGNED
"Nor Razak","CASHIER","George Town 88 Speedmart",2022,2022-09,"September",5,277.41,55.48,RESIGNED
"Nor Razak","CASHIER","George Town 88 Speedmart",2022,2022-10,"October",9,280.03,31.11,RESIGNED
"Nor Razak","CASHIER","George Town 88 Speedmart",2022,2022-11,"November",8,234.18,29.27,RESIGNED
"Nor Razak","CASHIER","George Town 88 Speedmart",2022,2022-12,"December",19,721.48,37.97,RESIGNED
"Nor Razak","CASHIER","George Town 88 Speedmart",2023,2023-01,"January",14,511.1,36.51,RESIGNED
"Nor Razak","CASHIER","George Town 88 Speedmart",2023,2023-02,"February",6,223.28,37.21,RESIGNED
"Nor Razak","CASHIER","George Town 88 Speedmart",2023,2023-03,"March",4,45.24,11.31,RESIGNED
"Nor Razak","CASHIER","George Town 88 Speedmart",2023,2023-04,"April",5,248.89,49.78,RESIGNED
"Nor Razak","CASHIER","George Town 88 Speedmart",2023,2023-05,"May",5,184.17,36.83,RESIGNED
"Nor Razak","CASHIER","George Town 88 Speedmart",2023,2023-06,"June",7,213.71,30.53,RESIGNED
"Nor Razak","CASHIER","George Town 88 Speedmart",2023,2023-07,"July",8,330.76,41.35,RESIGNED
"Nor Razak","CASHIER","George Town 88 Speedmart",2023,2023-08,"August",5,266.47,53.29,RESIGNED
"Nor Razak","CASHIER","George Town 88 Speedmart",2023,2023-09,"September",6,128.86,21.48,RESIGNED
"Nor Razak","CASHIER","George Town 88 Speedmart",2023,2023-10,"October",7,234.34,33.48,RESIGNED
"Nor Razak","CASHIER","George Town 88 Speedmart",2023,2023-11,"November",7,234.14,33.45,RESIGNED
"Nor Razak","CASHIER","George Town 88 Speedmart",2023,2023-12,"December",16,696.47,43.53,RESIGNED
"Nor Razak","CASHIER","George Town 88 Speedmart",2024,2024-01,"January",7,123.48,17.64,RESIGNED
"Nor Razak","CASHIER","George Town 88 Speedmart",2024,2024-02,"February",7,217.72,31.1,RESIGNED
"Nor Razak","CASHIER","George Town 88 Speedmart",2024,2024-03,"March",11,347.5,31.59,RESIGNED
"Nor Razak","CASHIER","George Town 88 Speedmart",2024,2024-04,"April",5,122.25,24.45,RESIGNED
"Nor Razak","CASHIER","George Town 88 Speedmart",2024,2024-05,"May",4,185.94,46.49,RESIGNED
"Nor Razak","CASHIER","George Town 88 Speedmart",2024,2024-06,"June",11,528.93,48.08,RESIGNED
"Nor Razak","CASHIER","George Town 88 Speedmart",2024,2024-07,"July",6,294.67,49.11,RESIGNED
"Nor Razak","CASHIER","George Town 88 Speedmart",2024,2024-08,"August",1,7.18,7.18,RESIGNED
"Nor Razak","CASHIER","George Town 88 Speedmart",2024,2024-09,"September",6,144.96,24.16,RESIGNED
"Nor Razak","CASHIER","George Town 88 Speedmart",2024,2024-10,"October",2,41.64,20.82,RESIGNED
"Nor Razak","CASHIER","George Town 88 Speedmart",2024,2024-11,"November",5,272.65,54.53,RESIGNED
"Nor Razak","CASHIER","George Town 88 Speedmart",2024,2024-12,"December",18,513.62,28.53,RESIGNED
"Nor Razak","CASHIER","George Town 88 Speedmart",2025,2025-01,"January",6,178.2,29.7,RESIGNED
"Nor Razak","CASHIER","George Town 88 Speedmart",2025,2025-02,"February",5,157.15,31.43,RESIGNED
"Nor Razak","CASHIER","George Town 88 Speedmart",2025,2025-03,"March",9,537.93,59.77,RESIGNED
"Nor Razak","CASHIER","George Town 88 Speedmart",2025,2025-04,"April",8,544.22,68.03,RESIGNED
"Nor Razak","CASHIER","George Town 88 Speedmart",2025,2025-05,"May",4,209.64,52.41,RESIGNED
"Nor Razak","CASHIER","George Town 88 Speedmart",2025,2025-06,"June",8,293.74,36.72,RESIGNED
"Nor Razak","CASHIER","George Town 88 Speedmart",2025,2025-07,"July",12,386.8,32.23,RESIGNED
"Nor Razak","CASHIER","George Town 88 Speedmart",2025,2025-08,"August",5,60.39,12.08,RESIGNED
"Nor Razak","CASHIER","George Town 88 Speedmart",2025,2025-09,"September",14,474.47,33.89,RESIGNED
"Nor Razak","CASHIER","George Town 88 Speedmart",2025,2025-10,"October",9,376.88,41.88,RESIGNED
"Nor Razak","CASHIER","George Town 88 Speedmart",2025,2025-11,"November",4,282.7,70.68,RESIGNED
"Nor Salleh","CASHIER","Ipoh 88 Speedmart",2021,2021-07,"July",9,271.51,30.17,ACTIVE
"Nor Salleh","CASHIER","Ipoh 88 Speedmart",2021,2021-08,"August",11,523.95,47.63,ACTIVE
"Nor Salleh","CASHIER","Ipoh 88 Speedmart",2021,2021-09,"September",11,288.53,26.23,ACTIVE
"Nor Salleh","CASHIER","Ipoh 88 Speedmart",2021,2021-10,"October",5,273.24,54.65,ACTIVE
"Nor Salleh","CASHIER","Ipoh 88 Speedmart",2021,2021-11,"November",10,312.59,31.26,ACTIVE
"Nor Salleh","CASHIER","Ipoh 88 Speedmart",2021,2021-12,"December",17,371.98,21.88,ACTIVE
"Nor Salleh","CASHIER","Ipoh 88 Speedmart",2022,2022-01,"January",7,410.22,58.6,ACTIVE
"Nor Salleh","CASHIER","Ipoh 88 Speedmart",2022,2022-02,"February",7,391.56,55.94,ACTIVE
"Nor Salleh","CASHIER","Ipoh 88 Speedmart",2022,2022-03,"March",3,42.08,14.03,ACTIVE
"Nor Salleh","CASHIER","Ipoh 88 Speedmart",2022,2022-04,"April",4,97.62,24.41,ACTIVE
"Nor Salleh","CASHIER","Ipoh 88 Speedmart",2022,2022-05,"May",6,171.77,28.63,ACTIVE
"Nor Salleh","CASHIER","Ipoh 88 Speedmart",2022,2022-06,"June",16,499.74,31.23,ACTIVE
"Nor Salleh","CASHIER","Ipoh 88 Speedmart",2022,2022-07,"July",3,125.02,41.67,ACTIVE
"Nor Salleh","CASHIER","Ipoh 88 Speedmart",2022,2022-08,"August",6,248.71,41.45,ACTIVE
"Nor Salleh","CASHIER","Ipoh 88 Speedmart",2022,2022-09,"September",4,65.26,16.32,ACTIVE
"Nor Salleh","CASHIER","Ipoh 88 Speedmart",2022,2022-10,"October",10,406.08,40.61,ACTIVE
"Nor Salleh","CASHIER","Ipoh 88 Speedmart",2022,2022-11,"November",8,275.75,34.47,ACTIVE
"Nor Salleh","CASHIER","Ipoh 88 Speedmart",2022,2022-12,"December",20,994.2,49.71,ACTIVE
"Nor Salleh","CASHIER","Ipoh 88 Speedmart",2023,2023-01,"January",11,492.09,44.74,ACTIVE
"Nor Salleh","CASHIER","Ipoh 88 Speedmart",2023,2023-02,"February",2,200.77,100.39,ACTIVE
"Nor Salleh","CASHIER","Ipoh 88 Speedmart",2023,2023-03,"March",9,239.5,26.61,ACTIVE
"Nor Salleh","CASHIER","Ipoh 88 Speedmart",2023,2023-04,"April",13,539.76,41.52,ACTIVE
"Nor Salleh","CASHIER","Ipoh 88 Speedmart",2023,2023-05,"May",8,437.62,54.7,ACTIVE
"Nor Salleh","CASHIER","Ipoh 88 Speedmart",2023,2023-06,"June",10,477.6,47.76,ACTIVE
"Nor Salleh","CASHIER","Ipoh 88 Speedmart",2023,2023-07,"July",9,420.95,46.77,ACTIVE
"Nor Salleh","CASHIER","Ipoh 88 Speedmart",2023,2023-08,"August",5,123.76,24.75,ACTIVE
"Nor Salleh","CASHIER","Ipoh 88 Speedmart",2023,2023-09,"September",9,449.25,49.92,ACTIVE
"Nor Salleh","CASHIER","Ipoh 88 Speedmart",2023,2023-10,"October",7,310.18,44.31,ACTIVE
"Nor Salleh","CASHIER","Ipoh 88 Speedmart",2023,2023-11,"November",14,542.94,38.78,ACTIVE
"Nor Salleh","CASHIER","Ipoh 88 Speedmart",2023,2023-12,"December",15,642.17,42.81,ACTIVE
"Nor Salleh","CASHIER","Ipoh 88 Speedmart",2024,2024-01,"January",6,307.78,51.3,ACTIVE
"Nor Salleh","CASHIER","Ipoh 88 Speedmart",2024,2024-02,"February",9,273.28,30.36,ACTIVE
"Nor Salleh","CASHIER","Ipoh 88 Speedmart",2024,2024-03,"March",8,427.61,53.45,ACTIVE
"Nor Salleh","CASHIER","Ipoh 88 Speedmart",2024,2024-04,"April",7,334.1,47.73,ACTIVE
"Nor Salleh","CASHIER","Ipoh 88 Speedmart",2024,2024-05,"May",4,126.62,31.66,ACTIVE
"Nor Salleh","CASHIER","Ipoh 88 Speedmart",2024,2024-06,"June",7,159.71,22.82,ACTIVE
"Nor Salleh","CASHIER","Ipoh 88 Speedmart",2024,2024-07,"July",10,374.93,37.49,ACTIVE
"Nor Salleh","CASHIER","Ipoh 88 Speedmart",2024,2024-08,"August",4,305.45,76.36,ACTIVE
"Nor Salleh","CASHIER","Ipoh 88 Speedmart",2024,2024-09,"September",8,254.8,31.85,ACTIVE
"Nor Salleh","CASHIER","Ipoh 88 Speedmart",2024,2024-10,"October",8,520.87,65.11,ACTIVE
"Nor Salleh","CASHIER","Ipoh 88 Speedmart",2024,2024-11,"November",6,361.12,60.19,ACTIVE
"Nor Salleh","CASHIER","Ipoh 88 Speedmart",2024,2024-12,"December",14,819.56,58.54,ACTIVE
"Nor Salleh","CASHIER","Ipoh 88 Speedmart",2025,2025-01,"January",10,433.98,43.4,ACTIVE
"Nor Salleh","CASHIER","Ipoh 88 Speedmart",2025,2025-02,"February",9,481.04,53.45,ACTIVE
"Nor Salleh","CASHIER","Ipoh 88 Speedmart",2025,2025-03,"March",6,226.86,37.81,ACTIVE
"Nor Salleh","CASHIER","Ipoh 88 Speedmart",2025,2025-04,"April",10,218.67,21.87,ACTIVE
"Nor Salleh","CASHIER","Ipoh 88 Speedmart",2025,2025-05,"May",6,185.87,30.98,ACTIVE
"Nor Salleh","CASHIER","Ipoh 88 Speedmart",2025,2025-06,"June",4,180.26,45.07,ACTIVE
"Nor Salleh","CASHIER","Ipoh 88 Speedmart",2025,2025-07,"July",8,272.33,34.04,ACTIVE
"Nor Salleh","CASHIER","Ipoh 88 Speedmart",2025,2025-08,"August",12,577.26,48.11,ACTIVE
"Nor Salleh","CASHIER","Ipoh 88 Speedmart",2025,2025-09,"September",10,301.91,30.19,ACTIVE
"Nor Salleh","CASHIER","Ipoh 88 Speedmart",2025,2025-10,"October",9,571.91,63.55,ACTIVE
"Nor Salleh","CASHIER","Ipoh 88 Speedmart",2025,2025-11,"November",10,310.16,31.02,ACTIVE
"Nor Salleh","CASHIER","Ipoh 88 Speedmart",2025,2025-12,"December",15,501.94,33.46,ACTIVE
"Nor Salleh","CASHIER","Ipoh 88 Speedmart",2026,2026-01,"January",12,626.27,52.19,ACTIVE
"Nor Salleh","CASHIER","Ipoh 88 Speedmart",2026,2026-02,"February",10,493.57,49.36,ACTIVE
"Nor Salleh","CASHIER","Ipoh 88 Speedmart",2026,2026-03,"March",13,319.76,24.6,ACTIVE
"Nor Salleh","CASHIER","Ipoh 88 Speedmart",2026,2026-04,"April",4,121.73,30.43,ACTIVE
"Nor Salleh","CASHIER","Ipoh 88 Speedmart",2026,2026-05,"May",6,329.86,54.98,ACTIVE
"Nor Salleh","CASHIER","Ipoh 88 Speedmart",2026,2026-06,"June",20,981.88,49.09,ACTIVE
"Nor Yusof","MANAGER","Shah Alam 88 Speedmart",2020,2020-10,"October",14,494.72,35.34,ACTIVE
"Nor Yusof","MANAGER","Shah Alam 88 Speedmart",2020,2020-11,"November",33,1237.25,37.49,ACTIVE
"Nor Yusof","MANAGER","Shah Alam 88 Speedmart",2020,2020-12,"December",35,979.69,27.99,ACTIVE
"Nor Yusof","MANAGER","Shah Alam 88 Speedmart",2021,2021-01,"January",14,588.83,42.06,ACTIVE
"Nor Yusof","MANAGER","Shah Alam 88 Speedmart",2021,2021-02,"February",15,618.72,41.25,ACTIVE
"Nor Yusof","MANAGER","Shah Alam 88 Speedmart",2021,2021-03,"March",11,290.92,26.45,ACTIVE
"Nor Yusof","MANAGER","Shah Alam 88 Speedmart",2021,2021-04,"April",18,582.74,32.37,ACTIVE
"Nor Yusof","MANAGER","Shah Alam 88 Speedmart",2021,2021-05,"May",10,319.78,31.98,ACTIVE
"Nor Yusof","MANAGER","Shah Alam 88 Speedmart",2021,2021-06,"June",2,55.31,27.66,ACTIVE
"Nor Yusof","MANAGER","Shah Alam 88 Speedmart",2021,2021-07,"July",8,415.17,51.9,ACTIVE
"Nor Yusof","MANAGER","Shah Alam 88 Speedmart",2021,2021-08,"August",8,357.2,44.65,ACTIVE
"Nor Yusof","MANAGER","Shah Alam 88 Speedmart",2021,2021-09,"September",8,295.52,36.94,ACTIVE
"Nor Yusof","MANAGER","Shah Alam 88 Speedmart",2021,2021-10,"October",8,383.26,47.91,ACTIVE
"Nor Yusof","MANAGER","Shah Alam 88 Speedmart",2021,2021-11,"November",14,512.41,36.6,ACTIVE
"Nor Yusof","MANAGER","Shah Alam 88 Speedmart",2021,2021-12,"December",16,641.14,40.07,ACTIVE
"Nor Yusof","MANAGER","Shah Alam 88 Speedmart",2022,2022-01,"January",9,185.29,20.59,ACTIVE
"Nor Yusof","MANAGER","Shah Alam 88 Speedmart",2022,2022-02,"February",7,325.95,46.56,ACTIVE
"Nor Yusof","MANAGER","Shah Alam 88 Speedmart",2022,2022-03,"March",4,86.54,21.64,ACTIVE
"Nor Yusof","MANAGER","Shah Alam 88 Speedmart",2022,2022-04,"April",10,315.79,31.58,ACTIVE
"Nor Yusof","MANAGER","Shah Alam 88 Speedmart",2022,2022-05,"May",6,256.82,42.8,ACTIVE
"Nor Yusof","MANAGER","Shah Alam 88 Speedmart",2022,2022-06,"June",5,412.81,82.56,ACTIVE
"Nor Yusof","MANAGER","Shah Alam 88 Speedmart",2022,2022-07,"July",7,192.57,27.51,ACTIVE
"Nor Yusof","MANAGER","Shah Alam 88 Speedmart",2022,2022-08,"August",8,193.01,24.13,ACTIVE
"Nor Yusof","MANAGER","Shah Alam 88 Speedmart",2022,2022-09,"September",4,232.21,58.05,ACTIVE
"Nor Yusof","MANAGER","Shah Alam 88 Speedmart",2022,2022-10,"October",10,647.93,64.79,ACTIVE
"Nor Yusof","MANAGER","Shah Alam 88 Speedmart",2022,2022-11,"November",11,703.27,63.93,ACTIVE
"Nor Yusof","MANAGER","Shah Alam 88 Speedmart",2022,2022-12,"December",15,607.32,40.49,ACTIVE
"Nor Yusof","MANAGER","Shah Alam 88 Speedmart",2023,2023-01,"January",12,444.98,37.08,ACTIVE
"Nor Yusof","MANAGER","Shah Alam 88 Speedmart",2023,2023-02,"February",2,65.64,32.82,ACTIVE
"Nor Yusof","MANAGER","Shah Alam 88 Speedmart",2023,2023-03,"March",4,169.49,42.37,ACTIVE
"Nor Yusof","MANAGER","Shah Alam 88 Speedmart",2023,2023-04,"April",3,165.89,55.3,ACTIVE
"Nor Yusof","MANAGER","Shah Alam 88 Speedmart",2023,2023-05,"May",7,143.27,20.47,ACTIVE
"Nor Yusof","MANAGER","Shah Alam 88 Speedmart",2023,2023-06,"June",7,447.59,63.94,ACTIVE
"Nor Yusof","MANAGER","Shah Alam 88 Speedmart",2023,2023-07,"July",6,225.92,37.65,ACTIVE
"Nor Yusof","MANAGER","Shah Alam 88 Speedmart",2023,2023-08,"August",5,151.21,30.24,ACTIVE
"Nor Yusof","MANAGER","Shah Alam 88 Speedmart",2023,2023-09,"September",3,127.46,42.49,ACTIVE
"Nor Yusof","MANAGER","Shah Alam 88 Speedmart",2023,2023-10,"October",8,409.1,51.14,ACTIVE
"Nor Yusof","MANAGER","Shah Alam 88 Speedmart",2023,2023-11,"November",9,266.03,29.56,ACTIVE
"Nor Yusof","MANAGER","Shah Alam 88 Speedmart",2023,2023-12,"December",10,433.61,43.36,ACTIVE
"Nor Yusof","MANAGER","Shah Alam 88 Speedmart",2024,2024-01,"January",7,252.78,36.11,ACTIVE
"Nor Yusof","MANAGER","Shah Alam 88 Speedmart",2024,2024-02,"February",8,179.85,22.48,ACTIVE
"Nor Yusof","MANAGER","Shah Alam 88 Speedmart",2024,2024-03,"March",11,477.88,43.44,ACTIVE
"Nor Yusof","MANAGER","Shah Alam 88 Speedmart",2024,2024-04,"April",5,288.85,57.77,ACTIVE
"Nor Yusof","MANAGER","Shah Alam 88 Speedmart",2024,2024-05,"May",7,268.82,38.4,ACTIVE
"Nor Yusof","MANAGER","Shah Alam 88 Speedmart",2024,2024-06,"June",7,260.2,37.17,ACTIVE
"Nor Yusof","MANAGER","Shah Alam 88 Speedmart",2024,2024-07,"July",9,350.25,38.92,ACTIVE
"Nor Yusof","MANAGER","Shah Alam 88 Speedmart",2024,2024-08,"August",6,412.29,68.72,ACTIVE
"Nor Yusof","MANAGER","Shah Alam 88 Speedmart",2024,2024-09,"September",3,112.81,37.6,ACTIVE
"Nor Yusof","MANAGER","Shah Alam 88 Speedmart",2024,2024-10,"October",8,606.73,75.84,ACTIVE
"Nor Yusof","MANAGER","Shah Alam 88 Speedmart",2024,2024-11,"November",2,114.55,57.28,ACTIVE
"Nor Yusof","MANAGER","Shah Alam 88 Speedmart",2024,2024-12,"December",17,888.36,52.26,ACTIVE
"Nor Yusof","MANAGER","Shah Alam 88 Speedmart",2025,2025-01,"January",8,370.93,46.37,ACTIVE
"Nor Yusof","MANAGER","Shah Alam 88 Speedmart",2025,2025-02,"February",5,213.88,42.78,ACTIVE
"Nor Yusof","MANAGER","Shah Alam 88 Speedmart",2025,2025-03,"March",7,346.71,49.53,ACTIVE
"Nor Yusof","MANAGER","Shah Alam 88 Speedmart",2025,2025-04,"April",7,369.37,52.77,ACTIVE
"Nor Yusof","MANAGER","Shah Alam 88 Speedmart",2025,2025-05,"May",13,390.09,30.01,ACTIVE
"Nor Yusof","MANAGER","Shah Alam 88 Speedmart",2025,2025-06,"June",11,360.71,32.79,ACTIVE
"Nor Yusof","MANAGER","Shah Alam 88 Speedmart",2025,2025-07,"July",3,35.7,11.9,ACTIVE
"Nor Yusof","MANAGER","Shah Alam 88 Speedmart",2025,2025-08,"August",12,694.35,57.86,ACTIVE
"Nor Yusof","MANAGER","Shah Alam 88 Speedmart",2025,2025-09,"September",9,230.26,25.58,ACTIVE
"Nor Yusof","MANAGER","Shah Alam 88 Speedmart",2025,2025-10,"October",7,385.88,55.13,ACTIVE
"Nor Yusof","MANAGER","Shah Alam 88 Speedmart",2025,2025-11,"November",13,441.85,33.99,ACTIVE
"Nor Yusof","MANAGER","Shah Alam 88 Speedmart",2025,2025-12,"December",14,870.78,62.2,ACTIVE
"Nor Yusof","MANAGER","Shah Alam 88 Speedmart",2026,2026-01,"January",8,201.19,25.15,ACTIVE
"Nor Yusof","MANAGER","Shah Alam 88 Speedmart",2026,2026-02,"February",9,533.05,59.23,ACTIVE
"Nor Yusof","MANAGER","Shah Alam 88 Speedmart",2026,2026-03,"March",15,705.01,47,ACTIVE
"Nor Yusof","MANAGER","Shah Alam 88 Speedmart",2026,2026-04,"April",4,73.09,18.27,ACTIVE
"Nor Yusof","MANAGER","Shah Alam 88 Speedmart",2026,2026-05,"May",8,538.69,67.34,ACTIVE
"Nor Yusof","MANAGER","Shah Alam 88 Speedmart",2026,2026-06,"June",10,483.89,48.39,ACTIVE
"Nor Zulkifli","ADMIN","Petaling Jaya 88 Speedmart",2020,2020-07,"July",40,1322.94,33.07,ACTIVE
"Nor Zulkifli","ADMIN","Petaling Jaya 88 Speedmart",2020,2020-08,"August",24,591.07,24.63,ACTIVE
"Nor Zulkifli","ADMIN","Petaling Jaya 88 Speedmart",2020,2020-09,"September",15,572.57,38.17,ACTIVE
"Nor Zulkifli","ADMIN","Petaling Jaya 88 Speedmart",2020,2020-10,"October",15,500.07,33.34,ACTIVE
"Nor Zulkifli","ADMIN","Petaling Jaya 88 Speedmart",2020,2020-11,"November",19,640,33.68,ACTIVE
"Nor Zulkifli","ADMIN","Petaling Jaya 88 Speedmart",2020,2020-12,"December",35,1019.85,29.14,ACTIVE
"Nor Zulkifli","ADMIN","Petaling Jaya 88 Speedmart",2021,2021-01,"January",12,437.66,36.47,ACTIVE
"Nor Zulkifli","ADMIN","Petaling Jaya 88 Speedmart",2021,2021-02,"February",12,649.68,54.14,ACTIVE
"Nor Zulkifli","ADMIN","Petaling Jaya 88 Speedmart",2021,2021-03,"March",16,577.31,36.08,ACTIVE
"Nor Zulkifli","ADMIN","Petaling Jaya 88 Speedmart",2021,2021-04,"April",14,647.43,46.25,ACTIVE
"Nor Zulkifli","ADMIN","Petaling Jaya 88 Speedmart",2021,2021-05,"May",11,500.74,45.52,ACTIVE
"Nor Zulkifli","ADMIN","Petaling Jaya 88 Speedmart",2021,2021-06,"June",15,548.23,36.55,ACTIVE
"Nor Zulkifli","ADMIN","Petaling Jaya 88 Speedmart",2021,2021-07,"July",9,332.43,36.94,ACTIVE
"Nor Zulkifli","ADMIN","Petaling Jaya 88 Speedmart",2021,2021-08,"August",15,443.98,29.6,ACTIVE
"Nor Zulkifli","ADMIN","Petaling Jaya 88 Speedmart",2021,2021-09,"September",13,465.75,35.83,ACTIVE
"Nor Zulkifli","ADMIN","Petaling Jaya 88 Speedmart",2021,2021-10,"October",7,533.38,76.2,ACTIVE
"Nor Zulkifli","ADMIN","Petaling Jaya 88 Speedmart",2021,2021-11,"November",5,185.92,37.18,ACTIVE
"Nor Zulkifli","ADMIN","Petaling Jaya 88 Speedmart",2021,2021-12,"December",12,477.92,39.83,ACTIVE
"Nor Zulkifli","ADMIN","Petaling Jaya 88 Speedmart",2022,2022-01,"January",13,869.58,66.89,ACTIVE
"Nor Zulkifli","ADMIN","Petaling Jaya 88 Speedmart",2022,2022-02,"February",4,47.65,11.91,ACTIVE
"Nor Zulkifli","ADMIN","Petaling Jaya 88 Speedmart",2022,2022-03,"March",3,50.59,16.86,ACTIVE
"Nor Zulkifli","ADMIN","Petaling Jaya 88 Speedmart",2022,2022-04,"April",6,389.52,64.92,ACTIVE
"Nor Zulkifli","ADMIN","Petaling Jaya 88 Speedmart",2022,2022-05,"May",11,554.81,50.44,ACTIVE
"Nor Zulkifli","ADMIN","Petaling Jaya 88 Speedmart",2022,2022-06,"June",9,299.79,33.31,ACTIVE
"Nor Zulkifli","ADMIN","Petaling Jaya 88 Speedmart",2022,2022-07,"July",7,352.77,50.4,ACTIVE
"Nor Zulkifli","ADMIN","Petaling Jaya 88 Speedmart",2022,2022-08,"August",4,117.98,29.5,ACTIVE
"Nor Zulkifli","ADMIN","Petaling Jaya 88 Speedmart",2022,2022-09,"September",10,318.28,31.83,ACTIVE
"Nor Zulkifli","ADMIN","Petaling Jaya 88 Speedmart",2022,2022-10,"October",12,375.06,31.26,ACTIVE
"Nor Zulkifli","ADMIN","Petaling Jaya 88 Speedmart",2022,2022-11,"November",7,261.28,37.33,ACTIVE
"Nor Zulkifli","ADMIN","Petaling Jaya 88 Speedmart",2022,2022-12,"December",11,611.67,55.61,ACTIVE
"Nor Zulkifli","ADMIN","Petaling Jaya 88 Speedmart",2023,2023-01,"January",9,413.02,45.89,ACTIVE
"Nor Zulkifli","ADMIN","Petaling Jaya 88 Speedmart",2023,2023-02,"February",7,218.05,31.15,ACTIVE
"Nor Zulkifli","ADMIN","Petaling Jaya 88 Speedmart",2023,2023-03,"March",5,250.75,50.15,ACTIVE
"Nor Zulkifli","ADMIN","Petaling Jaya 88 Speedmart",2023,2023-04,"April",6,99.37,16.56,ACTIVE
"Nor Zulkifli","ADMIN","Petaling Jaya 88 Speedmart",2023,2023-05,"May",7,233.37,33.34,ACTIVE
"Nor Zulkifli","ADMIN","Petaling Jaya 88 Speedmart",2023,2023-06,"June",6,177.52,29.59,ACTIVE
"Nor Zulkifli","ADMIN","Petaling Jaya 88 Speedmart",2023,2023-07,"July",5,118.53,23.71,ACTIVE
"Nor Zulkifli","ADMIN","Petaling Jaya 88 Speedmart",2023,2023-08,"August",5,233.84,46.77,ACTIVE
"Nor Zulkifli","ADMIN","Petaling Jaya 88 Speedmart",2023,2023-09,"September",9,298.66,33.18,ACTIVE
"Nor Zulkifli","ADMIN","Petaling Jaya 88 Speedmart",2023,2023-10,"October",4,180.94,45.24,ACTIVE
"Nor Zulkifli","ADMIN","Petaling Jaya 88 Speedmart",2023,2023-11,"November",11,411.36,37.4,ACTIVE
"Nor Zulkifli","ADMIN","Petaling Jaya 88 Speedmart",2023,2023-12,"December",15,585.87,39.06,ACTIVE
"Nor Zulkifli","ADMIN","Petaling Jaya 88 Speedmart",2024,2024-01,"January",4,243.37,60.84,ACTIVE
"Nor Zulkifli","ADMIN","Petaling Jaya 88 Speedmart",2024,2024-02,"February",7,252.58,36.08,ACTIVE
"Nor Zulkifli","ADMIN","Petaling Jaya 88 Speedmart",2024,2024-03,"March",5,147.37,29.47,ACTIVE
"Nor Zulkifli","ADMIN","Petaling Jaya 88 Speedmart",2024,2024-04,"April",6,167.57,27.93,ACTIVE
"Nor Zulkifli","ADMIN","Petaling Jaya 88 Speedmart",2024,2024-05,"May",9,389.09,43.23,ACTIVE
"Nor Zulkifli","ADMIN","Petaling Jaya 88 Speedmart",2024,2024-06,"June",6,165.97,27.66,ACTIVE
"Nor Zulkifli","ADMIN","Petaling Jaya 88 Speedmart",2024,2024-07,"July",4,79.57,19.89,ACTIVE
"Nor Zulkifli","ADMIN","Petaling Jaya 88 Speedmart",2024,2024-08,"August",6,214.06,35.68,ACTIVE
"Nor Zulkifli","ADMIN","Petaling Jaya 88 Speedmart",2024,2024-09,"September",8,441.33,55.17,ACTIVE
"Nor Zulkifli","ADMIN","Petaling Jaya 88 Speedmart",2024,2024-10,"October",5,118.59,23.72,ACTIVE
"Nor Zulkifli","ADMIN","Petaling Jaya 88 Speedmart",2024,2024-11,"November",9,223.3,24.81,ACTIVE
"Nor Zulkifli","ADMIN","Petaling Jaya 88 Speedmart",2024,2024-12,"December",8,487,60.88,ACTIVE
"Nor Zulkifli","ADMIN","Petaling Jaya 88 Speedmart",2025,2025-01,"January",13,394.52,30.35,ACTIVE
"Nor Zulkifli","ADMIN","Petaling Jaya 88 Speedmart",2025,2025-02,"February",9,298.63,33.18,ACTIVE
"Nor Zulkifli","ADMIN","Petaling Jaya 88 Speedmart",2025,2025-03,"March",6,201.6,33.6,ACTIVE
"Nor Zulkifli","ADMIN","Petaling Jaya 88 Speedmart",2025,2025-04,"April",6,185.31,30.89,ACTIVE
"Nor Zulkifli","ADMIN","Petaling Jaya 88 Speedmart",2025,2025-05,"May",5,219.23,43.85,ACTIVE
"Nor Zulkifli","ADMIN","Petaling Jaya 88 Speedmart",2025,2025-06,"June",12,337.88,28.16,ACTIVE
"Nor Zulkifli","ADMIN","Petaling Jaya 88 Speedmart",2025,2025-07,"July",10,245.07,24.51,ACTIVE
"Nor Zulkifli","ADMIN","Petaling Jaya 88 Speedmart",2025,2025-08,"August",5,169.67,33.93,ACTIVE
"Nor Zulkifli","ADMIN","Petaling Jaya 88 Speedmart",2025,2025-09,"September",1,2.43,2.43,ACTIVE
"Nor Zulkifli","ADMIN","Petaling Jaya 88 Speedmart",2025,2025-10,"October",3,97.78,32.59,ACTIVE
"Nor Zulkifli","ADMIN","Petaling Jaya 88 Speedmart",2025,2025-11,"November",9,198.63,22.07,ACTIVE
"Nor Zulkifli","ADMIN","Petaling Jaya 88 Speedmart",2025,2025-12,"December",13,314.39,24.18,ACTIVE
"Nor Zulkifli","ADMIN","Petaling Jaya 88 Speedmart",2026,2026-01,"January",7,433.45,61.92,ACTIVE
"Nor Zulkifli","ADMIN","Petaling Jaya 88 Speedmart",2026,2026-02,"February",7,278.83,39.83,ACTIVE
"Nor Zulkifli","ADMIN","Petaling Jaya 88 Speedmart",2026,2026-03,"March",7,446.92,63.85,ACTIVE
"Nor Zulkifli","ADMIN","Petaling Jaya 88 Speedmart",2026,2026-04,"April",6,441.34,73.56,ACTIVE
"Nor Zulkifli","ADMIN","Petaling Jaya 88 Speedmart",2026,2026-05,"May",8,305.1,38.14,ACTIVE
"Nor Zulkifli","ADMIN","Petaling Jaya 88 Speedmart",2026,2026-06,"June",8,283.19,35.4,ACTIVE
"Nur Ali","MANAGER","Klang 88 Speedmart",2021,2021-01,"January",21,748.48,35.64,RESIGNED
"Nur Ali","MANAGER","Klang 88 Speedmart",2021,2021-02,"February",15,632.82,42.19,RESIGNED
"Nur Ali","MANAGER","Klang 88 Speedmart",2021,2021-03,"March",8,251.98,31.5,RESIGNED
"Nur Ali","MANAGER","Klang 88 Speedmart",2021,2021-04,"April",11,576.84,52.44,RESIGNED
"Nur Ali","MANAGER","Klang 88 Speedmart",2021,2021-05,"May",11,535.02,48.64,RESIGNED
"Nur Ali","MANAGER","Klang 88 Speedmart",2021,2021-06,"June",11,543.65,49.42,RESIGNED
"Nur Ali","MANAGER","Klang 88 Speedmart",2021,2021-07,"July",12,506.26,42.19,RESIGNED
"Nur Ali","MANAGER","Klang 88 Speedmart",2021,2021-08,"August",9,254.36,28.26,RESIGNED
"Nur Ali","MANAGER","Klang 88 Speedmart",2021,2021-09,"September",12,672.07,56.01,RESIGNED
"Nur Ali","MANAGER","Klang 88 Speedmart",2021,2021-10,"October",9,424.85,47.21,RESIGNED
"Nur Ali","MANAGER","Klang 88 Speedmart",2021,2021-11,"November",16,591.77,36.99,RESIGNED
"Nur Ali","MANAGER","Klang 88 Speedmart",2021,2021-12,"December",19,599.93,31.58,RESIGNED
"Nur Ali","MANAGER","Klang 88 Speedmart",2022,2022-01,"January",9,295.62,32.85,RESIGNED
"Nur Ali","MANAGER","Klang 88 Speedmart",2022,2022-02,"February",9,256.22,28.47,RESIGNED
"Nur Ali","MANAGER","Klang 88 Speedmart",2022,2022-03,"March",4,62.33,15.58,RESIGNED
"Nur Ali","MANAGER","Klang 88 Speedmart",2022,2022-04,"April",2,42.23,21.12,RESIGNED
"Nur Ali","MANAGER","Klang 88 Speedmart",2022,2022-05,"May",9,298.82,33.2,RESIGNED
"Nur Ali","MANAGER","Klang 88 Speedmart",2022,2022-06,"June",8,393.68,49.21,RESIGNED
"Nur Ali","MANAGER","Klang 88 Speedmart",2022,2022-07,"July",3,165.76,55.25,RESIGNED
"Nur Ali","MANAGER","Klang 88 Speedmart",2022,2022-08,"August",6,139.98,23.33,RESIGNED
"Nur Ali","MANAGER","Klang 88 Speedmart",2022,2022-09,"September",5,326.82,65.36,RESIGNED
"Nur Ali","MANAGER","Klang 88 Speedmart",2022,2022-10,"October",4,290.64,72.66,RESIGNED
"Nur Ali","MANAGER","Klang 88 Speedmart",2022,2022-11,"November",12,567.5,47.29,RESIGNED
"Nur Ali","MANAGER","Klang 88 Speedmart",2022,2022-12,"December",10,369.27,36.93,RESIGNED
"Nur Ali","MANAGER","Klang 88 Speedmart",2023,2023-01,"January",7,148.46,21.21,RESIGNED
"Nur Ali","MANAGER","Klang 88 Speedmart",2023,2023-02,"February",9,266.84,29.65,RESIGNED
"Nur Ali","MANAGER","Klang 88 Speedmart",2023,2023-03,"March",8,421.76,52.72,RESIGNED
"Nur Ali","MANAGER","Klang 88 Speedmart",2023,2023-04,"April",9,376.25,41.81,RESIGNED
"Nur Ali","MANAGER","Klang 88 Speedmart",2023,2023-05,"May",6,122.13,20.36,RESIGNED
"Nur Ali","MANAGER","Klang 88 Speedmart",2023,2023-06,"June",11,529.99,48.18,RESIGNED
"Nur Ali","MANAGER","Klang 88 Speedmart",2023,2023-07,"July",2,83.33,41.67,RESIGNED
"Nur Ali","MANAGER","Klang 88 Speedmart",2023,2023-08,"August",5,258.56,51.71,RESIGNED
"Nur Ali","MANAGER","Klang 88 Speedmart",2023,2023-09,"September",5,136.98,27.4,RESIGNED
"Nur Salleh","CASHIER","Johor Bahru 88 Speedmart",2021,2021-04,"April",9,347.01,38.56,RESIGNED
"Nur Salleh","CASHIER","Johor Bahru 88 Speedmart",2021,2021-05,"May",18,498.96,27.72,RESIGNED
"Nur Salleh","CASHIER","Johor Bahru 88 Speedmart",2021,2021-06,"June",18,811.29,45.07,RESIGNED
"Nur Salleh","CASHIER","Johor Bahru 88 Speedmart",2021,2021-07,"July",6,510.5,85.08,RESIGNED
"Nur Salleh","CASHIER","Johor Bahru 88 Speedmart",2021,2021-08,"August",9,337.05,37.45,RESIGNED
"Nur Salleh","CASHIER","Johor Bahru 88 Speedmart",2021,2021-09,"September",6,143.33,23.89,RESIGNED
"Nur Salleh","CASHIER","Johor Bahru 88 Speedmart",2021,2021-10,"October",11,603.66,54.88,RESIGNED
"Nur Salleh","CASHIER","Johor Bahru 88 Speedmart",2021,2021-11,"November",10,475.38,47.54,RESIGNED
"Nur Salleh","CASHIER","Johor Bahru 88 Speedmart",2021,2021-12,"December",17,869.89,51.17,RESIGNED
"Nur Salleh","CASHIER","Johor Bahru 88 Speedmart",2022,2022-01,"January",7,157.52,22.5,RESIGNED
"Nur Salleh","CASHIER","Johor Bahru 88 Speedmart",2022,2022-02,"February",8,305.26,38.16,RESIGNED
"Nur Salleh","CASHIER","Johor Bahru 88 Speedmart",2022,2022-03,"March",3,127.29,42.43,RESIGNED
"Nur Salleh","CASHIER","Johor Bahru 88 Speedmart",2022,2022-04,"April",8,257.64,32.21,RESIGNED
"Nur Salleh","CASHIER","Johor Bahru 88 Speedmart",2022,2022-05,"May",9,245.87,27.32,RESIGNED
"Nur Salleh","CASHIER","Johor Bahru 88 Speedmart",2022,2022-06,"June",9,271.71,30.19,RESIGNED
"Nur Salleh","CASHIER","Johor Bahru 88 Speedmart",2022,2022-07,"July",6,218.43,36.41,RESIGNED
"Nur Salleh","CASHIER","Johor Bahru 88 Speedmart",2022,2022-08,"August",4,354.8,88.7,RESIGNED
"Nur Salleh","CASHIER","Johor Bahru 88 Speedmart",2022,2022-09,"September",6,160.98,26.83,RESIGNED
"Nur Salleh","CASHIER","Johor Bahru 88 Speedmart",2022,2022-10,"October",10,452.38,45.24,RESIGNED
"Nur Salleh","CASHIER","Johor Bahru 88 Speedmart",2022,2022-11,"November",7,148.63,21.23,RESIGNED
"Nur Salleh","CASHIER","Johor Bahru 88 Speedmart",2022,2022-12,"December",12,610.14,50.85,RESIGNED
"Nur Salleh","CASHIER","Johor Bahru 88 Speedmart",2023,2023-01,"January",9,402.81,44.76,RESIGNED
"Nur Salleh","CASHIER","Johor Bahru 88 Speedmart",2023,2023-02,"February",3,25.33,8.44,RESIGNED
"Nur Salleh","CASHIER","Johor Bahru 88 Speedmart",2023,2023-03,"March",6,166.86,27.81,RESIGNED
"Nur Salleh","CASHIER","Johor Bahru 88 Speedmart",2023,2023-04,"April",6,218.17,36.36,RESIGNED
"Nur Salleh","CASHIER","Johor Bahru 88 Speedmart",2023,2023-05,"May",3,77.49,25.83,RESIGNED
"Nur Salleh","CASHIER","Johor Bahru 88 Speedmart",2023,2023-06,"June",11,359.29,32.66,RESIGNED
"Nur Salleh","CASHIER","Johor Bahru 88 Speedmart",2023,2023-07,"July",6,375.64,62.61,RESIGNED
"Nur Salleh","CASHIER","Johor Bahru 88 Speedmart",2023,2023-08,"August",6,124.47,20.75,RESIGNED
"Nur Salleh","CASHIER","Johor Bahru 88 Speedmart",2023,2023-09,"September",8,257.15,32.14,RESIGNED
"Nur Salleh","CASHIER","Johor Bahru 88 Speedmart",2023,2023-10,"October",5,119.57,23.91,RESIGNED
"Nur Salleh","CASHIER","Johor Bahru 88 Speedmart",2023,2023-11,"November",12,336.44,28.04,RESIGNED
"Nur Salleh","CASHIER","Johor Bahru 88 Speedmart",2023,2023-12,"December",12,665.39,55.45,RESIGNED
"Nur Salleh","CASHIER","Johor Bahru 88 Speedmart",2024,2024-01,"January",4,125.89,31.47,RESIGNED
"Nur Salleh","CASHIER","Johor Bahru 88 Speedmart",2024,2024-02,"February",7,404.92,57.85,RESIGNED
"Nur Salleh","CASHIER","Johor Bahru 88 Speedmart",2024,2024-03,"March",8,274.97,34.37,RESIGNED
"Nur Salleh","CASHIER","Johor Bahru 88 Speedmart",2024,2024-04,"April",5,120.86,24.17,RESIGNED
"Nur Salleh","CASHIER","Johor Bahru 88 Speedmart",2024,2024-05,"May",8,216.86,27.11,RESIGNED
"Nur Salleh","CASHIER","Johor Bahru 88 Speedmart",2024,2024-06,"June",7,159.69,22.81,RESIGNED
"Nur Salleh","CASHIER","Johor Bahru 88 Speedmart",2024,2024-07,"July",8,141.55,17.69,RESIGNED
"Nur Salleh","CASHIER","Johor Bahru 88 Speedmart",2024,2024-08,"August",7,343.33,49.05,RESIGNED
"Nur Salleh","CASHIER","Johor Bahru 88 Speedmart",2024,2024-09,"September",9,437.72,48.64,RESIGNED
"Nur Salleh","CASHIER","Johor Bahru 88 Speedmart",2024,2024-10,"October",5,175.73,35.15,RESIGNED
"Nur Salleh","CASHIER","Johor Bahru 88 Speedmart",2024,2024-11,"November",11,477.32,43.39,RESIGNED
"Nur Salleh","CASHIER","Johor Bahru 88 Speedmart",2024,2024-12,"December",19,1038.23,54.64,RESIGNED
"Nur Salleh","CASHIER","Johor Bahru 88 Speedmart",2025,2025-01,"January",10,518.46,51.85,RESIGNED
"Nur Salleh","CASHIER","Johor Bahru 88 Speedmart",2025,2025-02,"February",7,257.26,36.75,RESIGNED
"Nur Salleh","CASHIER","Johor Bahru 88 Speedmart",2025,2025-03,"March",5,185.81,37.16,RESIGNED
"Nur Salleh","CASHIER","Johor Bahru 88 Speedmart",2025,2025-04,"April",3,130.36,43.45,RESIGNED
"Nur Salleh","CASHIER","Johor Bahru 88 Speedmart",2025,2025-05,"May",8,453.91,56.74,RESIGNED
"Nur Zulkifli","MANAGER","Seremban 88 Speedmart",2022,2022-01,"January",11,387.22,35.2,RESIGNED
"Nur Zulkifli","MANAGER","Seremban 88 Speedmart",2022,2022-02,"February",7,270.58,38.65,RESIGNED
"Nur Zulkifli","MANAGER","Seremban 88 Speedmart",2022,2022-03,"March",10,503.74,50.37,RESIGNED
"Nur Zulkifli","MANAGER","Seremban 88 Speedmart",2022,2022-04,"April",4,284.73,71.18,RESIGNED
"Nur Zulkifli","MANAGER","Seremban 88 Speedmart",2022,2022-05,"May",5,139.83,27.97,RESIGNED
"Nur Zulkifli","MANAGER","Seremban 88 Speedmart",2022,2022-06,"June",12,504.34,42.03,RESIGNED
"Nur Zulkifli","MANAGER","Seremban 88 Speedmart",2022,2022-07,"July",2,39.58,19.79,RESIGNED
"Nur Zulkifli","MANAGER","Seremban 88 Speedmart",2022,2022-08,"August",12,491.17,40.93,RESIGNED
"Nur Zulkifli","MANAGER","Seremban 88 Speedmart",2022,2022-09,"September",13,415.95,32,RESIGNED
"Nur Zulkifli","MANAGER","Seremban 88 Speedmart",2022,2022-10,"October",11,621.18,56.47,RESIGNED
"Nur Zulkifli","MANAGER","Seremban 88 Speedmart",2022,2022-11,"November",13,395.52,30.42,RESIGNED
"Nur Zulkifli","MANAGER","Seremban 88 Speedmart",2022,2022-12,"December",13,356.67,27.44,RESIGNED
"Nur Zulkifli","MANAGER","Seremban 88 Speedmart",2023,2023-01,"January",10,255.39,25.54,RESIGNED
"Nur Zulkifli","MANAGER","Seremban 88 Speedmart",2023,2023-02,"February",5,110.6,22.12,RESIGNED
"Nur Zulkifli","MANAGER","Seremban 88 Speedmart",2023,2023-03,"March",3,223.95,74.65,RESIGNED
"Nur Zulkifli","MANAGER","Seremban 88 Speedmart",2023,2023-04,"April",2,88.03,44.02,RESIGNED
"Nur Zulkifli","MANAGER","Seremban 88 Speedmart",2023,2023-05,"May",7,262.44,37.49,RESIGNED
"Nur Zulkifli","MANAGER","Seremban 88 Speedmart",2023,2023-06,"June",7,212.62,30.37,RESIGNED
"Nur Zulkifli","MANAGER","Seremban 88 Speedmart",2023,2023-07,"July",7,140.58,20.08,RESIGNED
"Nur Zulkifli","MANAGER","Seremban 88 Speedmart",2023,2023-08,"August",7,250.45,35.78,RESIGNED
"Nur Zulkifli","MANAGER","Seremban 88 Speedmart",2023,2023-09,"September",3,184.87,61.62,RESIGNED
"Nur Zulkifli","MANAGER","Seremban 88 Speedmart",2023,2023-10,"October",5,165.5,33.1,RESIGNED
"Nur Zulkifli","MANAGER","Seremban 88 Speedmart",2023,2023-11,"November",11,282.21,25.66,RESIGNED
"Nur Zulkifli","MANAGER","Seremban 88 Speedmart",2023,2023-12,"December",16,838.89,52.43,RESIGNED
"Nur Zulkifli","MANAGER","Seremban 88 Speedmart",2024,2024-01,"January",4,233.13,58.28,RESIGNED
"Nur Zulkifli","MANAGER","Seremban 88 Speedmart",2024,2024-02,"February",8,256.58,32.07,RESIGNED
"Nur Zulkifli","MANAGER","Seremban 88 Speedmart",2024,2024-03,"March",6,228.87,38.15,RESIGNED
"Rohani Abdullah","MANAGER","Cheras 88 Speedmart",2020,2020-04,"April",28,1093.89,39.07,ACTIVE
"Rohani Abdullah","MANAGER","Cheras 88 Speedmart",2020,2020-05,"May",52,1984.53,38.16,ACTIVE
"Rohani Abdullah","MANAGER","Cheras 88 Speedmart",2020,2020-06,"June",32,1222.67,38.21,ACTIVE
"Rohani Abdullah","MANAGER","Cheras 88 Speedmart",2020,2020-07,"July",15,648.81,43.25,ACTIVE
"Rohani Abdullah","MANAGER","Cheras 88 Speedmart",2020,2020-08,"August",18,548.95,30.5,ACTIVE
"Rohani Abdullah","MANAGER","Cheras 88 Speedmart",2020,2020-09,"September",15,746.18,49.75,ACTIVE
"Rohani Abdullah","MANAGER","Cheras 88 Speedmart",2020,2020-10,"October",8,309.6,38.7,ACTIVE
"Rohani Abdullah","MANAGER","Cheras 88 Speedmart",2020,2020-11,"November",22,1027.16,46.69,ACTIVE
"Rohani Abdullah","MANAGER","Cheras 88 Speedmart",2020,2020-12,"December",23,680.34,29.58,ACTIVE
"Rohani Abdullah","MANAGER","Cheras 88 Speedmart",2021,2021-01,"January",16,540.05,33.75,ACTIVE
"Rohani Abdullah","MANAGER","Cheras 88 Speedmart",2021,2021-02,"February",10,403.69,40.37,ACTIVE
"Rohani Abdullah","MANAGER","Cheras 88 Speedmart",2021,2021-03,"March",11,427.39,38.85,ACTIVE
"Rohani Abdullah","MANAGER","Cheras 88 Speedmart",2021,2021-04,"April",7,185.97,26.57,ACTIVE
"Rohani Abdullah","MANAGER","Cheras 88 Speedmart",2021,2021-05,"May",8,209.56,26.2,ACTIVE
"Rohani Abdullah","MANAGER","Cheras 88 Speedmart",2021,2021-06,"June",16,854.12,53.38,ACTIVE
"Rohani Abdullah","MANAGER","Cheras 88 Speedmart",2021,2021-07,"July",11,305.79,27.8,ACTIVE
"Rohani Abdullah","MANAGER","Cheras 88 Speedmart",2021,2021-08,"August",12,278.25,23.19,ACTIVE
"Rohani Abdullah","MANAGER","Cheras 88 Speedmart",2021,2021-09,"September",9,305.55,33.95,ACTIVE
"Rohani Abdullah","MANAGER","Cheras 88 Speedmart",2021,2021-10,"October",7,178.87,25.55,ACTIVE
"Rohani Abdullah","MANAGER","Cheras 88 Speedmart",2021,2021-11,"November",5,297.79,59.56,ACTIVE
"Rohani Abdullah","MANAGER","Cheras 88 Speedmart",2021,2021-12,"December",19,663.64,34.93,ACTIVE
"Rohani Abdullah","MANAGER","Cheras 88 Speedmart",2022,2022-01,"January",8,193.35,24.17,ACTIVE
"Rohani Abdullah","MANAGER","Cheras 88 Speedmart",2022,2022-02,"February",11,301.21,27.38,ACTIVE
"Rohani Abdullah","MANAGER","Cheras 88 Speedmart",2022,2022-03,"March",6,134.15,22.36,ACTIVE
"Rohani Abdullah","MANAGER","Cheras 88 Speedmart",2022,2022-04,"April",7,287.55,41.08,ACTIVE
"Rohani Abdullah","MANAGER","Cheras 88 Speedmart",2022,2022-05,"May",7,531.23,75.89,ACTIVE
"Rohani Abdullah","MANAGER","Cheras 88 Speedmart",2022,2022-06,"June",5,198.38,39.68,ACTIVE
"Rohani Abdullah","MANAGER","Cheras 88 Speedmart",2022,2022-07,"July",8,289,36.13,ACTIVE
"Rohani Abdullah","MANAGER","Cheras 88 Speedmart",2022,2022-08,"August",6,248.95,41.49,ACTIVE
"Rohani Abdullah","MANAGER","Cheras 88 Speedmart",2022,2022-09,"September",4,115.83,28.96,ACTIVE
"Rohani Abdullah","MANAGER","Cheras 88 Speedmart",2022,2022-10,"October",7,188.57,26.94,ACTIVE
"Rohani Abdullah","MANAGER","Cheras 88 Speedmart",2022,2022-11,"November",7,241.11,34.44,ACTIVE
"Rohani Abdullah","MANAGER","Cheras 88 Speedmart",2022,2022-12,"December",20,753.6,37.68,ACTIVE
"Rohani Abdullah","MANAGER","Cheras 88 Speedmart",2023,2023-01,"January",8,368.61,46.08,ACTIVE
"Rohani Abdullah","MANAGER","Cheras 88 Speedmart",2023,2023-02,"February",7,232.7,33.24,ACTIVE
"Rohani Abdullah","MANAGER","Cheras 88 Speedmart",2023,2023-03,"March",6,167.56,27.93,ACTIVE
"Rohani Abdullah","MANAGER","Cheras 88 Speedmart",2023,2023-04,"April",8,180.58,22.57,ACTIVE
"Rohani Abdullah","MANAGER","Cheras 88 Speedmart",2023,2023-05,"May",5,176.69,35.34,ACTIVE
"Rohani Abdullah","MANAGER","Cheras 88 Speedmart",2023,2023-06,"June",9,324.4,36.04,ACTIVE
"Rohani Abdullah","MANAGER","Cheras 88 Speedmart",2023,2023-07,"July",6,202.88,33.81,ACTIVE
"Rohani Abdullah","MANAGER","Cheras 88 Speedmart",2023,2023-08,"August",6,101.89,16.98,ACTIVE
"Rohani Abdullah","MANAGER","Cheras 88 Speedmart",2023,2023-09,"September",7,221.78,31.68,ACTIVE
"Rohani Abdullah","MANAGER","Cheras 88 Speedmart",2023,2023-10,"October",6,454.69,75.78,ACTIVE
"Rohani Abdullah","MANAGER","Cheras 88 Speedmart",2023,2023-11,"November",9,371,41.22,ACTIVE
"Rohani Abdullah","MANAGER","Cheras 88 Speedmart",2023,2023-12,"December",20,1074.99,53.75,ACTIVE
"Rohani Abdullah","MANAGER","Cheras 88 Speedmart",2024,2024-01,"January",8,300.65,37.58,ACTIVE
"Rohani Abdullah","MANAGER","Cheras 88 Speedmart",2024,2024-02,"February",13,346.76,26.67,ACTIVE
"Rohani Abdullah","MANAGER","Cheras 88 Speedmart",2024,2024-03,"March",6,149.08,24.85,ACTIVE
"Rohani Abdullah","MANAGER","Cheras 88 Speedmart",2024,2024-04,"April",8,194.04,24.26,ACTIVE
"Rohani Abdullah","MANAGER","Cheras 88 Speedmart",2024,2024-05,"May",8,182,22.75,ACTIVE
"Rohani Abdullah","MANAGER","Cheras 88 Speedmart",2024,2024-06,"June",5,343.32,68.66,ACTIVE
"Rohani Abdullah","MANAGER","Cheras 88 Speedmart",2024,2024-07,"July",7,244.09,34.87,ACTIVE
"Rohani Abdullah","MANAGER","Cheras 88 Speedmart",2024,2024-08,"August",8,328.49,41.06,ACTIVE
"Rohani Abdullah","MANAGER","Cheras 88 Speedmart",2024,2024-09,"September",6,190.02,31.67,ACTIVE
"Rohani Abdullah","MANAGER","Cheras 88 Speedmart",2024,2024-10,"October",4,177.3,44.33,ACTIVE
"Rohani Abdullah","MANAGER","Cheras 88 Speedmart",2024,2024-11,"November",13,444.27,34.17,ACTIVE
"Rohani Abdullah","MANAGER","Cheras 88 Speedmart",2024,2024-12,"December",16,458.52,28.66,ACTIVE
"Rohani Abdullah","MANAGER","Cheras 88 Speedmart",2025,2025-01,"January",8,473.67,59.21,ACTIVE
"Rohani Abdullah","MANAGER","Cheras 88 Speedmart",2025,2025-02,"February",4,65.37,16.34,ACTIVE
"Rohani Abdullah","MANAGER","Cheras 88 Speedmart",2025,2025-03,"March",8,553.31,69.16,ACTIVE
"Rohani Abdullah","MANAGER","Cheras 88 Speedmart",2025,2025-04,"April",4,193.84,48.46,ACTIVE
"Rohani Abdullah","MANAGER","Cheras 88 Speedmart",2025,2025-05,"May",8,416.23,52.03,ACTIVE
"Rohani Abdullah","MANAGER","Cheras 88 Speedmart",2025,2025-06,"June",11,455.43,41.4,ACTIVE
"Rohani Abdullah","MANAGER","Cheras 88 Speedmart",2025,2025-07,"July",8,290.61,36.33,ACTIVE
"Rohani Abdullah","MANAGER","Cheras 88 Speedmart",2025,2025-08,"August",7,189.02,27,ACTIVE
"Rohani Abdullah","MANAGER","Cheras 88 Speedmart",2025,2025-09,"September",8,396.19,49.52,ACTIVE
"Rohani Abdullah","MANAGER","Cheras 88 Speedmart",2025,2025-10,"October",15,491.02,32.73,ACTIVE
"Rohani Abdullah","MANAGER","Cheras 88 Speedmart",2025,2025-11,"November",9,294.49,32.72,ACTIVE
"Rohani Abdullah","MANAGER","Cheras 88 Speedmart",2025,2025-12,"December",19,658.84,34.68,ACTIVE
"Rohani Abdullah","MANAGER","Cheras 88 Speedmart",2026,2026-01,"January",8,415.24,51.91,ACTIVE
"Rohani Abdullah","MANAGER","Cheras 88 Speedmart",2026,2026-02,"February",9,306.87,34.1,ACTIVE
"Rohani Abdullah","MANAGER","Cheras 88 Speedmart",2026,2026-03,"March",13,560.06,43.08,ACTIVE
"Rohani Abdullah","MANAGER","Cheras 88 Speedmart",2026,2026-04,"April",9,333.04,37,ACTIVE
"Rohani Abdullah","MANAGER","Cheras 88 Speedmart",2026,2026-05,"May",4,107.6,26.9,ACTIVE
"Rohani Abdullah","MANAGER","Cheras 88 Speedmart",2026,2026-06,"June",15,611.63,40.78,ACTIVE
"Rohani Ali","MANAGER","George Town 88 Speedmart",2021,2021-10,"October",13,520.51,40.04,ACTIVE
"Rohani Ali","MANAGER","George Town 88 Speedmart",2021,2021-11,"November",12,325.78,27.15,ACTIVE
"Rohani Ali","MANAGER","George Town 88 Speedmart",2021,2021-12,"December",17,384.48,22.62,ACTIVE
"Rohani Ali","MANAGER","George Town 88 Speedmart",2022,2022-01,"January",10,279.33,27.93,ACTIVE
"Rohani Ali","MANAGER","George Town 88 Speedmart",2022,2022-02,"February",4,170.11,42.53,ACTIVE
"Rohani Ali","MANAGER","George Town 88 Speedmart",2022,2022-03,"March",10,254.66,25.47,ACTIVE
"Rohani Ali","MANAGER","George Town 88 Speedmart",2022,2022-04,"April",6,86.88,14.48,ACTIVE
"Rohani Ali","MANAGER","George Town 88 Speedmart",2022,2022-05,"May",8,190.66,23.83,ACTIVE
"Rohani Ali","MANAGER","George Town 88 Speedmart",2022,2022-06,"June",7,203.69,29.1,ACTIVE
"Rohani Ali","MANAGER","George Town 88 Speedmart",2022,2022-07,"July",9,282.02,31.34,ACTIVE
"Rohani Ali","MANAGER","George Town 88 Speedmart",2022,2022-08,"August",10,467.16,46.72,ACTIVE
"Rohani Ali","MANAGER","George Town 88 Speedmart",2022,2022-09,"September",9,226.29,25.14,ACTIVE
"Rohani Ali","MANAGER","George Town 88 Speedmart",2022,2022-10,"October",5,347.96,69.59,ACTIVE
"Rohani Ali","MANAGER","George Town 88 Speedmart",2022,2022-11,"November",6,244.92,40.82,ACTIVE
"Rohani Ali","MANAGER","George Town 88 Speedmart",2022,2022-12,"December",15,477.55,31.84,ACTIVE
"Rohani Ali","MANAGER","George Town 88 Speedmart",2023,2023-01,"January",14,635.5,45.39,ACTIVE
"Rohani Ali","MANAGER","George Town 88 Speedmart",2023,2023-02,"February",3,156.82,52.27,ACTIVE
"Rohani Ali","MANAGER","George Town 88 Speedmart",2023,2023-03,"March",6,151.33,25.22,ACTIVE
"Rohani Ali","MANAGER","George Town 88 Speedmart",2023,2023-04,"April",3,226.6,75.53,ACTIVE
"Rohani Ali","MANAGER","George Town 88 Speedmart",2023,2023-05,"May",1,139.92,139.92,ACTIVE
"Rohani Ali","MANAGER","George Town 88 Speedmart",2023,2023-06,"June",6,161.44,26.91,ACTIVE
"Rohani Ali","MANAGER","George Town 88 Speedmart",2023,2023-07,"July",8,284.28,35.54,ACTIVE
"Rohani Ali","MANAGER","George Town 88 Speedmart",2023,2023-08,"August",4,112.02,28.01,ACTIVE
"Rohani Ali","MANAGER","George Town 88 Speedmart",2023,2023-09,"September",2,70.94,35.47,ACTIVE
"Rohani Ali","MANAGER","George Town 88 Speedmart",2023,2023-10,"October",7,203.01,29,ACTIVE
"Rohani Ali","MANAGER","George Town 88 Speedmart",2023,2023-11,"November",12,568.49,47.37,ACTIVE
"Rohani Ali","MANAGER","George Town 88 Speedmart",2023,2023-12,"December",21,853.11,40.62,ACTIVE
"Rohani Ali","MANAGER","George Town 88 Speedmart",2024,2024-01,"January",8,467.59,58.45,ACTIVE
"Rohani Ali","MANAGER","George Town 88 Speedmart",2024,2024-02,"February",8,299.96,37.5,ACTIVE
"Rohani Ali","MANAGER","George Town 88 Speedmart",2024,2024-03,"March",8,374.93,46.87,ACTIVE
"Rohani Ali","MANAGER","George Town 88 Speedmart",2024,2024-04,"April",3,132.5,44.17,ACTIVE
"Rohani Ali","MANAGER","George Town 88 Speedmart",2024,2024-05,"May",3,147.98,49.33,ACTIVE
"Rohani Ali","MANAGER","George Town 88 Speedmart",2024,2024-06,"June",11,385.33,35.03,ACTIVE
"Rohani Ali","MANAGER","George Town 88 Speedmart",2024,2024-07,"July",3,272.83,90.94,ACTIVE
"Rohani Ali","MANAGER","George Town 88 Speedmart",2024,2024-08,"August",7,258.99,37,ACTIVE
"Rohani Ali","MANAGER","George Town 88 Speedmart",2024,2024-09,"September",7,315.85,45.12,ACTIVE
"Rohani Ali","MANAGER","George Town 88 Speedmart",2024,2024-10,"October",8,269.92,33.74,ACTIVE
"Rohani Ali","MANAGER","George Town 88 Speedmart",2024,2024-11,"November",11,388.26,35.3,ACTIVE
"Rohani Ali","MANAGER","George Town 88 Speedmart",2024,2024-12,"December",24,940.64,39.19,ACTIVE
"Rohani Ali","MANAGER","George Town 88 Speedmart",2025,2025-01,"January",9,270.92,30.1,ACTIVE
"Rohani Ali","MANAGER","George Town 88 Speedmart",2025,2025-02,"February",1,15.99,15.99,ACTIVE
"Rohani Ali","MANAGER","George Town 88 Speedmart",2025,2025-03,"March",3,100.64,33.55,ACTIVE
"Rohani Ali","MANAGER","George Town 88 Speedmart",2025,2025-04,"April",6,158.17,26.36,ACTIVE
"Rohani Ali","MANAGER","George Town 88 Speedmart",2025,2025-05,"May",9,282.75,31.42,ACTIVE
"Rohani Ali","MANAGER","George Town 88 Speedmart",2025,2025-06,"June",5,148.52,29.7,ACTIVE
"Rohani Ali","MANAGER","George Town 88 Speedmart",2025,2025-07,"July",10,387.02,38.7,ACTIVE
"Rohani Ali","MANAGER","George Town 88 Speedmart",2025,2025-08,"August",9,237.85,26.43,ACTIVE
"Rohani Ali","MANAGER","George Town 88 Speedmart",2025,2025-09,"September",9,297.87,33.1,ACTIVE
"Rohani Ali","MANAGER","George Town 88 Speedmart",2025,2025-10,"October",9,257.54,28.62,ACTIVE
"Rohani Ali","MANAGER","George Town 88 Speedmart",2025,2025-11,"November",17,545.39,32.08,ACTIVE
"Rohani Ali","MANAGER","George Town 88 Speedmart",2025,2025-12,"December",24,964.89,40.2,ACTIVE
"Rohani Ali","MANAGER","George Town 88 Speedmart",2026,2026-01,"January",11,465.34,42.3,ACTIVE
"Rohani Ali","MANAGER","George Town 88 Speedmart",2026,2026-02,"February",23,820.77,35.69,ACTIVE
"Rohani Ali","MANAGER","George Town 88 Speedmart",2026,2026-03,"March",8,383.85,47.98,ACTIVE
"Rohani Ali","MANAGER","George Town 88 Speedmart",2026,2026-04,"April",11,416.65,37.88,ACTIVE
"Rohani Ali","MANAGER","George Town 88 Speedmart",2026,2026-05,"May",7,214.24,30.61,ACTIVE
"Rohani Ali","MANAGER","George Town 88 Speedmart",2026,2026-06,"June",13,718.24,55.25,ACTIVE
"Rohani Salleh","MANAGER","Johor Bahru 88 Speedmart",2021,2021-04,"April",10,318.96,31.9,ACTIVE
"Rohani Salleh","MANAGER","Johor Bahru 88 Speedmart",2021,2021-05,"May",14,413.74,29.55,ACTIVE
"Rohani Salleh","MANAGER","Johor Bahru 88 Speedmart",2021,2021-06,"June",10,361.66,36.17,ACTIVE
"Rohani Salleh","MANAGER","Johor Bahru 88 Speedmart",2021,2021-07,"July",5,137.59,27.52,ACTIVE
"Rohani Salleh","MANAGER","Johor Bahru 88 Speedmart",2021,2021-08,"August",10,288.96,28.9,ACTIVE
"Rohani Salleh","MANAGER","Johor Bahru 88 Speedmart",2021,2021-09,"September",9,395.71,43.97,ACTIVE
"Rohani Salleh","MANAGER","Johor Bahru 88 Speedmart",2021,2021-10,"October",7,380.47,54.35,ACTIVE
"Rohani Salleh","MANAGER","Johor Bahru 88 Speedmart",2021,2021-11,"November",13,563.03,43.31,ACTIVE
"Rohani Salleh","MANAGER","Johor Bahru 88 Speedmart",2021,2021-12,"December",10,259.09,25.91,ACTIVE
"Rohani Salleh","MANAGER","Johor Bahru 88 Speedmart",2022,2022-01,"January",8,159.57,19.95,ACTIVE
"Rohani Salleh","MANAGER","Johor Bahru 88 Speedmart",2022,2022-02,"February",4,141.02,35.26,ACTIVE
"Rohani Salleh","MANAGER","Johor Bahru 88 Speedmart",2022,2022-03,"March",9,281.8,31.31,ACTIVE
"Rohani Salleh","MANAGER","Johor Bahru 88 Speedmart",2022,2022-04,"April",5,200.07,40.01,ACTIVE
"Rohani Salleh","MANAGER","Johor Bahru 88 Speedmart",2022,2022-05,"May",3,137.21,45.74,ACTIVE
"Rohani Salleh","MANAGER","Johor Bahru 88 Speedmart",2022,2022-06,"June",9,448.85,49.87,ACTIVE
"Rohani Salleh","MANAGER","Johor Bahru 88 Speedmart",2022,2022-07,"July",4,107.61,26.9,ACTIVE
"Rohani Salleh","MANAGER","Johor Bahru 88 Speedmart",2022,2022-08,"August",3,63.31,21.1,ACTIVE
"Rohani Salleh","MANAGER","Johor Bahru 88 Speedmart",2022,2022-09,"September",4,206.84,51.71,ACTIVE
"Rohani Salleh","MANAGER","Johor Bahru 88 Speedmart",2022,2022-10,"October",9,324.68,36.08,ACTIVE
"Rohani Salleh","MANAGER","Johor Bahru 88 Speedmart",2022,2022-11,"November",5,78.14,15.63,ACTIVE
"Rohani Salleh","MANAGER","Johor Bahru 88 Speedmart",2022,2022-12,"December",18,581.98,32.33,ACTIVE
"Rohani Salleh","MANAGER","Johor Bahru 88 Speedmart",2023,2023-01,"January",12,761.93,63.49,ACTIVE
"Rohani Salleh","MANAGER","Johor Bahru 88 Speedmart",2023,2023-02,"February",3,60.88,20.29,ACTIVE
"Rohani Salleh","MANAGER","Johor Bahru 88 Speedmart",2023,2023-03,"March",15,809.93,54,ACTIVE
"Rohani Salleh","MANAGER","Johor Bahru 88 Speedmart",2023,2023-04,"April",7,91.34,13.05,ACTIVE
"Rohani Salleh","MANAGER","Johor Bahru 88 Speedmart",2023,2023-05,"May",7,248.74,35.53,ACTIVE
"Rohani Salleh","MANAGER","Johor Bahru 88 Speedmart",2023,2023-06,"June",8,310.27,38.78,ACTIVE
"Rohani Salleh","MANAGER","Johor Bahru 88 Speedmart",2023,2023-07,"July",5,128.28,25.66,ACTIVE
"Rohani Salleh","MANAGER","Johor Bahru 88 Speedmart",2023,2023-08,"August",5,234.84,46.97,ACTIVE
"Rohani Salleh","MANAGER","Johor Bahru 88 Speedmart",2023,2023-09,"September",11,397.26,36.11,ACTIVE
"Rohani Salleh","MANAGER","Johor Bahru 88 Speedmart",2023,2023-10,"October",3,141,47,ACTIVE
"Rohani Salleh","MANAGER","Johor Bahru 88 Speedmart",2023,2023-11,"November",8,578.64,72.33,ACTIVE
"Rohani Salleh","MANAGER","Johor Bahru 88 Speedmart",2023,2023-12,"December",16,513.42,32.09,ACTIVE
"Rohani Salleh","MANAGER","Johor Bahru 88 Speedmart",2024,2024-01,"January",6,242.12,40.35,ACTIVE
"Rohani Salleh","MANAGER","Johor Bahru 88 Speedmart",2024,2024-02,"February",5,223.62,44.72,ACTIVE
"Rohani Salleh","MANAGER","Johor Bahru 88 Speedmart",2024,2024-03,"March",4,160.6,40.15,ACTIVE
"Rohani Salleh","MANAGER","Johor Bahru 88 Speedmart",2024,2024-04,"April",5,247.57,49.51,ACTIVE
"Rohani Salleh","MANAGER","Johor Bahru 88 Speedmart",2024,2024-05,"May",6,253.92,42.32,ACTIVE
"Rohani Salleh","MANAGER","Johor Bahru 88 Speedmart",2024,2024-06,"June",11,356.35,32.4,ACTIVE
"Rohani Salleh","MANAGER","Johor Bahru 88 Speedmart",2024,2024-07,"July",7,455.16,65.02,ACTIVE
"Rohani Salleh","MANAGER","Johor Bahru 88 Speedmart",2024,2024-08,"August",2,203.15,101.58,ACTIVE
"Rohani Salleh","MANAGER","Johor Bahru 88 Speedmart",2024,2024-09,"September",7,269.73,38.53,ACTIVE
"Rohani Salleh","MANAGER","Johor Bahru 88 Speedmart",2024,2024-10,"October",6,371.5,61.92,ACTIVE
"Rohani Salleh","MANAGER","Johor Bahru 88 Speedmart",2024,2024-11,"November",11,352.62,32.06,ACTIVE
"Rohani Salleh","MANAGER","Johor Bahru 88 Speedmart",2024,2024-12,"December",18,591.11,32.84,ACTIVE
"Rohani Salleh","MANAGER","Johor Bahru 88 Speedmart",2025,2025-01,"January",10,234.31,23.43,ACTIVE
"Rohani Salleh","MANAGER","Johor Bahru 88 Speedmart",2025,2025-02,"February",3,100.7,33.57,ACTIVE
"Rohani Salleh","MANAGER","Johor Bahru 88 Speedmart",2025,2025-03,"March",8,376.34,47.04,ACTIVE
"Rohani Salleh","MANAGER","Johor Bahru 88 Speedmart",2025,2025-04,"April",4,154.05,38.51,ACTIVE
"Rohani Salleh","MANAGER","Johor Bahru 88 Speedmart",2025,2025-05,"May",7,241.29,34.47,ACTIVE
"Rohani Salleh","MANAGER","Johor Bahru 88 Speedmart",2025,2025-06,"June",10,440.2,44.02,ACTIVE
"Rohani Salleh","MANAGER","Johor Bahru 88 Speedmart",2025,2025-07,"July",6,129.39,21.57,ACTIVE
"Rohani Salleh","MANAGER","Johor Bahru 88 Speedmart",2025,2025-08,"August",8,270.61,33.83,ACTIVE
"Rohani Salleh","MANAGER","Johor Bahru 88 Speedmart",2025,2025-09,"September",16,825.21,51.58,ACTIVE
"Rohani Salleh","MANAGER","Johor Bahru 88 Speedmart",2025,2025-10,"October",9,343.4,38.16,ACTIVE
"Rohani Salleh","MANAGER","Johor Bahru 88 Speedmart",2025,2025-11,"November",15,505.82,33.72,ACTIVE
"Rohani Salleh","MANAGER","Johor Bahru 88 Speedmart",2025,2025-12,"December",17,561.11,33.01,ACTIVE
"Rohani Salleh","MANAGER","Johor Bahru 88 Speedmart",2026,2026-01,"January",3,145.54,48.51,ACTIVE
"Rohani Salleh","MANAGER","Johor Bahru 88 Speedmart",2026,2026-02,"February",10,287.18,28.72,ACTIVE
"Rohani Salleh","MANAGER","Johor Bahru 88 Speedmart",2026,2026-03,"March",18,483.93,26.89,ACTIVE
"Rohani Salleh","MANAGER","Johor Bahru 88 Speedmart",2026,2026-04,"April",10,229.13,22.91,ACTIVE
"Rohani Salleh","MANAGER","Johor Bahru 88 Speedmart",2026,2026-05,"May",5,164.33,32.87,ACTIVE
"Rohani Salleh","MANAGER","Johor Bahru 88 Speedmart",2026,2026-06,"June",12,461.25,38.44,ACTIVE
"Rosli Abdullah","CASHIER","Kuching 88 Speedmart",2023,2023-07,"July",11,502.39,45.67,RESIGNED
"Rosli Abdullah","CASHIER","Kuching 88 Speedmart",2023,2023-08,"August",7,376.58,53.8,RESIGNED
"Rosli Abdullah","CASHIER","Kuching 88 Speedmart",2023,2023-09,"September",5,107.06,21.41,RESIGNED
"Rosli Abdullah","CASHIER","Kuching 88 Speedmart",2023,2023-10,"October",6,380.91,63.49,RESIGNED
"Rosli Abdullah","CASHIER","Kuching 88 Speedmart",2023,2023-11,"November",9,294.52,32.72,RESIGNED
"Rosli Abdullah","CASHIER","Kuching 88 Speedmart",2023,2023-12,"December",10,455.19,45.52,RESIGNED
"Rosli Abdullah","CASHIER","Kuching 88 Speedmart",2024,2024-01,"January",7,202.98,29,RESIGNED
"Rosli Abdullah","CASHIER","Kuching 88 Speedmart",2024,2024-02,"February",9,413.36,45.93,RESIGNED
"Rosli Abdullah","CASHIER","Kuching 88 Speedmart",2024,2024-03,"March",5,543.52,108.7,RESIGNED
"Rosli Abdullah","CASHIER","Kuching 88 Speedmart",2024,2024-04,"April",6,445.95,74.33,RESIGNED
"Rosli Abdullah","CASHIER","Kuching 88 Speedmart",2024,2024-05,"May",2,70.87,35.44,RESIGNED
"Rosli Abdullah","CASHIER","Kuching 88 Speedmart",2024,2024-06,"June",9,370.48,41.16,RESIGNED
"Rosli Abdullah","CASHIER","Kuching 88 Speedmart",2024,2024-07,"July",7,454.45,64.92,RESIGNED
"Rosli Abdullah","CASHIER","Kuching 88 Speedmart",2024,2024-08,"August",5,331.73,66.35,RESIGNED
"Rosli Abdullah","CASHIER","Kuching 88 Speedmart",2024,2024-09,"September",4,97.96,24.49,RESIGNED
"Rosli Abdullah","CASHIER","Kuching 88 Speedmart",2024,2024-10,"October",6,482.69,80.45,RESIGNED
"Rosli Abdullah","CASHIER","Kuching 88 Speedmart",2024,2024-11,"November",14,426.19,30.44,RESIGNED
"Rosli Abdullah","CASHIER","Kuching 88 Speedmart",2024,2024-12,"December",16,697.52,43.6,RESIGNED
"Rosli Abdullah","CASHIER","Kuching 88 Speedmart",2025,2025-01,"January",8,432.2,54.03,RESIGNED
"Rosli Abdullah","CASHIER","Kuching 88 Speedmart",2025,2025-02,"February",5,250.35,50.07,RESIGNED
"Rosli Abdullah","CASHIER","Kuching 88 Speedmart",2025,2025-03,"March",8,510.03,63.75,RESIGNED
"Rosli Abdullah","CASHIER","Kuching 88 Speedmart",2025,2025-04,"April",5,191.05,38.21,RESIGNED
"Rosli Abdullah","CASHIER","Kuching 88 Speedmart",2025,2025-05,"May",10,303.39,30.34,RESIGNED
"Rosli Abdullah","CASHIER","Kuching 88 Speedmart",2025,2025-06,"June",11,445.16,40.47,RESIGNED
"Rosli Abdullah","CASHIER","Kuching 88 Speedmart",2025,2025-07,"July",10,476,47.6,RESIGNED
"Rosli Abdullah","CASHIER","Kuching 88 Speedmart",2025,2025-08,"August",1,25.32,25.32,RESIGNED
"Rosli Ahmad","CASHIER","Klang 88 Speedmart",2021,2021-01,"January",12,387.19,32.27,RESIGNED
"Rosli Ahmad","CASHIER","Klang 88 Speedmart",2021,2021-02,"February",20,471.4,23.57,RESIGNED
"Rosli Ahmad","CASHIER","Klang 88 Speedmart",2021,2021-03,"March",15,428.05,28.54,RESIGNED
"Rosli Ahmad","CASHIER","Klang 88 Speedmart",2021,2021-04,"April",7,270.53,38.65,RESIGNED
"Rosli Ahmad","CASHIER","Klang 88 Speedmart",2021,2021-05,"May",8,302.25,37.78,RESIGNED
"Rosli Ahmad","CASHIER","Klang 88 Speedmart",2021,2021-06,"June",8,409.25,51.16,RESIGNED
"Rosli Ahmad","CASHIER","Klang 88 Speedmart",2021,2021-07,"July",9,288.38,32.04,RESIGNED
"Rosli Ahmad","CASHIER","Klang 88 Speedmart",2021,2021-08,"August",6,210.72,35.12,RESIGNED
"Rosli Ahmad","CASHIER","Klang 88 Speedmart",2021,2021-09,"September",5,226.16,45.23,RESIGNED
"Rosli Ahmad","CASHIER","Klang 88 Speedmart",2021,2021-10,"October",6,114.62,19.1,RESIGNED
"Rosli Ahmad","CASHIER","Klang 88 Speedmart",2021,2021-11,"November",12,413.12,34.43,RESIGNED
"Rosli Ahmad","CASHIER","Klang 88 Speedmart",2021,2021-12,"December",18,491.04,27.28,RESIGNED
"Rosli Ahmad","CASHIER","Klang 88 Speedmart",2022,2022-01,"January",11,400.82,36.44,RESIGNED
"Rosli Ahmad","CASHIER","Klang 88 Speedmart",2022,2022-02,"February",3,62.51,20.84,RESIGNED
"Rosli Ahmad","CASHIER","Klang 88 Speedmart",2022,2022-03,"March",8,358.02,44.75,RESIGNED
"Rosli Ahmad","CASHIER","Klang 88 Speedmart",2022,2022-04,"April",5,163.48,32.7,RESIGNED
"Rosli Ahmad","CASHIER","Klang 88 Speedmart",2022,2022-05,"May",6,313.25,52.21,RESIGNED
"Rosli Ahmad","CASHIER","Klang 88 Speedmart",2022,2022-06,"June",8,436.69,54.59,RESIGNED
"Rosli Ahmad","CASHIER","Klang 88 Speedmart",2022,2022-07,"July",9,374.18,41.58,RESIGNED
"Rosli Ahmad","CASHIER","Klang 88 Speedmart",2022,2022-08,"August",7,185.68,26.53,RESIGNED
"Rosli Ahmad","CASHIER","Klang 88 Speedmart",2022,2022-09,"September",1,79.65,79.65,RESIGNED
"Rosli Ahmad","CASHIER","Klang 88 Speedmart",2022,2022-10,"October",4,314.72,78.68,RESIGNED
"Rosli Ahmad","CASHIER","Klang 88 Speedmart",2022,2022-11,"November",15,500.28,33.35,RESIGNED
"Rosli Ahmad","CASHIER","Klang 88 Speedmart",2022,2022-12,"December",15,437.49,29.17,RESIGNED
"Rosli Ahmad","CASHIER","Klang 88 Speedmart",2023,2023-01,"January",15,394.25,26.28,RESIGNED
"Rosli Ahmad","CASHIER","Klang 88 Speedmart",2023,2023-02,"February",5,189.27,37.85,RESIGNED
"Rosli Ahmad","CASHIER","Klang 88 Speedmart",2023,2023-03,"March",5,72.59,14.52,RESIGNED
"Rosli Ahmad","CASHIER","Klang 88 Speedmart",2023,2023-04,"April",7,282.13,40.3,RESIGNED
"Rosli Ahmad","CASHIER","Klang 88 Speedmart",2023,2023-05,"May",7,178.7,25.53,RESIGNED
"Rosli Ahmad","CASHIER","Klang 88 Speedmart",2023,2023-06,"June",4,116.35,29.09,RESIGNED
"Rosli Ahmad","CASHIER","Klang 88 Speedmart",2023,2023-07,"July",3,364.78,121.59,RESIGNED
"Rosli Ahmad","CASHIER","Klang 88 Speedmart",2023,2023-08,"August",7,262.12,37.45,RESIGNED
"Rosli Ahmad","CASHIER","Klang 88 Speedmart",2023,2023-09,"September",5,290.67,58.13,RESIGNED
"Rosli Ahmad","CASHIER","Klang 88 Speedmart",2023,2023-10,"October",7,193.59,27.66,RESIGNED
"Rosli Ahmad","CASHIER","Klang 88 Speedmart",2023,2023-11,"November",17,644.59,37.92,RESIGNED
"Rosli Ahmad","CASHIER","Klang 88 Speedmart",2023,2023-12,"December",12,409.47,34.12,RESIGNED
"Rosli Ahmad","CASHIER","Klang 88 Speedmart",2024,2024-01,"January",12,403.89,33.66,RESIGNED
"Rosli Ahmad","CASHIER","Klang 88 Speedmart",2024,2024-02,"February",12,438.4,36.53,RESIGNED
"Rosli Ahmad","CASHIER","Klang 88 Speedmart",2024,2024-03,"March",4,263.9,65.98,RESIGNED
"Rosli Ahmad","CASHIER","Klang 88 Speedmart",2024,2024-04,"April",8,307.35,38.42,RESIGNED
"Rosli Ahmad","CASHIER","Klang 88 Speedmart",2024,2024-05,"May",7,265.94,37.99,RESIGNED
"Rosli Ahmad","CASHIER","Klang 88 Speedmart",2024,2024-06,"June",7,399.43,57.06,RESIGNED
"Rosli Ahmad","CASHIER","Klang 88 Speedmart",2024,2024-07,"July",11,344.45,31.31,RESIGNED
"Rosli Ahmad","CASHIER","Klang 88 Speedmart",2024,2024-08,"August",9,287.39,31.93,RESIGNED
"Rosli Ahmad","CASHIER","Klang 88 Speedmart",2024,2024-09,"September",12,481.78,40.15,RESIGNED
"Rosli Ahmad","CASHIER","Klang 88 Speedmart",2024,2024-10,"October",8,261.11,32.64,RESIGNED
"Rosli Ahmad","CASHIER","Klang 88 Speedmart",2024,2024-11,"November",14,457.39,32.67,RESIGNED
"Rosli Ahmad","CASHIER","Klang 88 Speedmart",2024,2024-12,"December",25,963.03,38.52,RESIGNED
"Rosli Ahmad","CASHIER","Klang 88 Speedmart",2025,2025-01,"January",11,193.8,17.62,RESIGNED
"Rosli Ahmad","CASHIER","Klang 88 Speedmart",2025,2025-02,"February",3,90.64,30.21,RESIGNED
"Rosli Ahmad","CASHIER","Klang 88 Speedmart",2025,2025-03,"March",7,285.43,40.78,RESIGNED
"Rosli Ali","MANAGER","Melaka 88 Speedmart",2022,2022-06,"June",10,225.83,22.58,ACTIVE
"Rosli Ali","MANAGER","Melaka 88 Speedmart",2022,2022-07,"July",4,230.18,57.55,ACTIVE
"Rosli Ali","MANAGER","Melaka 88 Speedmart",2022,2022-08,"August",6,436.32,72.72,ACTIVE
"Rosli Ali","MANAGER","Melaka 88 Speedmart",2022,2022-09,"September",6,126.34,21.06,ACTIVE
"Rosli Ali","MANAGER","Melaka 88 Speedmart",2022,2022-10,"October",10,396.31,39.63,ACTIVE
"Rosli Ali","MANAGER","Melaka 88 Speedmart",2022,2022-11,"November",7,321.97,46,ACTIVE
"Rosli Ali","MANAGER","Melaka 88 Speedmart",2022,2022-12,"December",6,222.9,37.15,ACTIVE
"Rosli Ali","MANAGER","Melaka 88 Speedmart",2023,2023-01,"January",6,317.5,52.92,ACTIVE
"Rosli Ali","MANAGER","Melaka 88 Speedmart",2023,2023-02,"February",6,160.47,26.75,ACTIVE
"Rosli Ali","MANAGER","Melaka 88 Speedmart",2023,2023-03,"March",5,362.56,72.51,ACTIVE
"Rosli Ali","MANAGER","Melaka 88 Speedmart",2023,2023-04,"April",7,219.1,31.3,ACTIVE
"Rosli Ali","MANAGER","Melaka 88 Speedmart",2023,2023-05,"May",7,263.09,37.58,ACTIVE
"Rosli Ali","MANAGER","Melaka 88 Speedmart",2023,2023-06,"June",4,132.81,33.2,ACTIVE
"Rosli Ali","MANAGER","Melaka 88 Speedmart",2023,2023-07,"July",8,495.67,61.96,ACTIVE
"Rosli Ali","MANAGER","Melaka 88 Speedmart",2023,2023-08,"August",6,297.11,49.52,ACTIVE
"Rosli Ali","MANAGER","Melaka 88 Speedmart",2023,2023-09,"September",3,110.85,36.95,ACTIVE
"Rosli Ali","MANAGER","Melaka 88 Speedmart",2023,2023-10,"October",3,68.16,22.72,ACTIVE
"Rosli Ali","MANAGER","Melaka 88 Speedmart",2023,2023-11,"November",9,300.26,33.36,ACTIVE
"Rosli Ali","MANAGER","Melaka 88 Speedmart",2023,2023-12,"December",8,272.41,34.05,ACTIVE
"Rosli Ali","MANAGER","Melaka 88 Speedmart",2024,2024-01,"January",3,43.29,14.43,ACTIVE
"Rosli Ali","MANAGER","Melaka 88 Speedmart",2024,2024-02,"February",11,397.01,36.09,ACTIVE
"Rosli Ali","MANAGER","Melaka 88 Speedmart",2024,2024-03,"March",3,45.1,15.03,ACTIVE
"Rosli Ali","MANAGER","Melaka 88 Speedmart",2024,2024-04,"April",4,63.61,15.9,ACTIVE
"Rosli Ali","MANAGER","Melaka 88 Speedmart",2024,2024-05,"May",4,78.38,19.6,ACTIVE
"Rosli Ali","MANAGER","Melaka 88 Speedmart",2024,2024-06,"June",7,228.12,32.59,ACTIVE
"Rosli Ali","MANAGER","Melaka 88 Speedmart",2024,2024-07,"July",6,517.51,86.25,ACTIVE
"Rosli Ali","MANAGER","Melaka 88 Speedmart",2024,2024-08,"August",3,186.93,62.31,ACTIVE
"Rosli Ali","MANAGER","Melaka 88 Speedmart",2024,2024-09,"September",4,177.09,44.27,ACTIVE
"Rosli Ali","MANAGER","Melaka 88 Speedmart",2024,2024-10,"October",5,208.76,41.75,ACTIVE
"Rosli Ali","MANAGER","Melaka 88 Speedmart",2024,2024-11,"November",8,240.84,30.11,ACTIVE
"Rosli Ali","MANAGER","Melaka 88 Speedmart",2024,2024-12,"December",16,647.7,40.48,ACTIVE
"Rosli Ali","MANAGER","Melaka 88 Speedmart",2025,2025-01,"January",9,314.14,34.9,ACTIVE
"Rosli Ali","MANAGER","Melaka 88 Speedmart",2025,2025-02,"February",10,333.12,33.31,ACTIVE
"Rosli Ali","MANAGER","Melaka 88 Speedmart",2025,2025-03,"March",7,482.31,68.9,ACTIVE
"Rosli Ali","MANAGER","Melaka 88 Speedmart",2025,2025-04,"April",9,235.89,26.21,ACTIVE
"Rosli Ali","MANAGER","Melaka 88 Speedmart",2025,2025-05,"May",9,440.39,48.93,ACTIVE
"Rosli Ali","MANAGER","Melaka 88 Speedmart",2025,2025-06,"June",16,737.37,46.09,ACTIVE
"Rosli Ali","MANAGER","Melaka 88 Speedmart",2025,2025-07,"July",4,91.73,22.93,ACTIVE
"Rosli Ali","MANAGER","Melaka 88 Speedmart",2025,2025-08,"August",8,254.21,31.78,ACTIVE
"Rosli Ali","MANAGER","Melaka 88 Speedmart",2025,2025-09,"September",8,349.44,43.68,ACTIVE
"Rosli Ali","MANAGER","Melaka 88 Speedmart",2025,2025-10,"October",7,150.88,21.55,ACTIVE
"Rosli Ali","MANAGER","Melaka 88 Speedmart",2025,2025-11,"November",10,257.87,25.79,ACTIVE
"Rosli Ali","MANAGER","Melaka 88 Speedmart",2025,2025-12,"December",19,851.03,44.79,ACTIVE
"Rosli Ali","MANAGER","Melaka 88 Speedmart",2026,2026-01,"January",8,513.44,64.18,ACTIVE
"Rosli Ali","MANAGER","Melaka 88 Speedmart",2026,2026-02,"February",10,421.63,42.16,ACTIVE
"Rosli Ali","MANAGER","Melaka 88 Speedmart",2026,2026-03,"March",5,311.88,62.38,ACTIVE
"Rosli Ali","MANAGER","Melaka 88 Speedmart",2026,2026-04,"April",9,321.6,35.73,ACTIVE
"Rosli Ali","MANAGER","Melaka 88 Speedmart",2026,2026-05,"May",4,192.86,48.22,ACTIVE
"Rosli Ali","MANAGER","Melaka 88 Speedmart",2026,2026-06,"June",8,440.81,55.1,ACTIVE
"Rosli Hassan","ADMIN","Seremban 88 Speedmart",2022,2022-01,"January",9,175.9,19.54,ACTIVE
"Rosli Hassan","ADMIN","Seremban 88 Speedmart",2022,2022-02,"February",11,286.69,26.06,ACTIVE
"Rosli Hassan","ADMIN","Seremban 88 Speedmart",2022,2022-03,"March",9,366.99,40.78,ACTIVE
"Rosli Hassan","ADMIN","Seremban 88 Speedmart",2022,2022-04,"April",4,186.69,46.67,ACTIVE
"Rosli Hassan","ADMIN","Seremban 88 Speedmart",2022,2022-05,"May",14,405.71,28.98,ACTIVE
"Rosli Hassan","ADMIN","Seremban 88 Speedmart",2022,2022-06,"June",7,151.14,21.59,ACTIVE
"Rosli Hassan","ADMIN","Seremban 88 Speedmart",2022,2022-07,"July",7,535.38,76.48,ACTIVE
"Rosli Hassan","ADMIN","Seremban 88 Speedmart",2022,2022-08,"August",4,248.24,62.06,ACTIVE
"Rosli Hassan","ADMIN","Seremban 88 Speedmart",2022,2022-09,"September",9,552.38,61.38,ACTIVE
"Rosli Hassan","ADMIN","Seremban 88 Speedmart",2022,2022-10,"October",9,383.54,42.62,ACTIVE
"Rosli Hassan","ADMIN","Seremban 88 Speedmart",2022,2022-11,"November",15,548.32,36.55,ACTIVE
"Rosli Hassan","ADMIN","Seremban 88 Speedmart",2022,2022-12,"December",18,608.79,33.82,ACTIVE
"Rosli Hassan","ADMIN","Seremban 88 Speedmart",2023,2023-01,"January",8,294.19,36.77,ACTIVE
"Rosli Hassan","ADMIN","Seremban 88 Speedmart",2023,2023-02,"February",6,319.43,53.24,ACTIVE
"Rosli Hassan","ADMIN","Seremban 88 Speedmart",2023,2023-03,"March",10,810.02,81,ACTIVE
"Rosli Hassan","ADMIN","Seremban 88 Speedmart",2023,2023-04,"April",12,418.38,34.87,ACTIVE
"Rosli Hassan","ADMIN","Seremban 88 Speedmart",2023,2023-05,"May",7,186.76,26.68,ACTIVE
"Rosli Hassan","ADMIN","Seremban 88 Speedmart",2023,2023-06,"June",9,293.09,32.57,ACTIVE
"Rosli Hassan","ADMIN","Seremban 88 Speedmart",2023,2023-07,"July",5,135.65,27.13,ACTIVE
"Rosli Hassan","ADMIN","Seremban 88 Speedmart",2023,2023-08,"August",3,164.41,54.8,ACTIVE
"Rosli Hassan","ADMIN","Seremban 88 Speedmart",2023,2023-09,"September",5,132.26,26.45,ACTIVE
"Rosli Hassan","ADMIN","Seremban 88 Speedmart",2023,2023-10,"October",8,252.19,31.52,ACTIVE
"Rosli Hassan","ADMIN","Seremban 88 Speedmart",2023,2023-11,"November",9,366.96,40.77,ACTIVE
"Rosli Hassan","ADMIN","Seremban 88 Speedmart",2023,2023-12,"December",9,204.63,22.74,ACTIVE
"Rosli Hassan","ADMIN","Seremban 88 Speedmart",2024,2024-01,"January",2,42.63,21.32,ACTIVE
"Rosli Hassan","ADMIN","Seremban 88 Speedmart",2024,2024-02,"February",1,6.65,6.65,ACTIVE
"Rosli Hassan","ADMIN","Seremban 88 Speedmart",2024,2024-03,"March",7,426.44,60.92,ACTIVE
"Rosli Hassan","ADMIN","Seremban 88 Speedmart",2024,2024-04,"April",10,374.04,37.4,ACTIVE
"Rosli Hassan","ADMIN","Seremban 88 Speedmart",2024,2024-05,"May",6,199.09,33.18,ACTIVE
"Rosli Hassan","ADMIN","Seremban 88 Speedmart",2024,2024-06,"June",14,425.19,30.37,ACTIVE
"Rosli Hassan","ADMIN","Seremban 88 Speedmart",2024,2024-07,"July",9,466.09,51.79,ACTIVE
"Rosli Hassan","ADMIN","Seremban 88 Speedmart",2024,2024-08,"August",9,309.88,34.43,ACTIVE
"Rosli Hassan","ADMIN","Seremban 88 Speedmart",2024,2024-09,"September",6,391.66,65.28,ACTIVE
"Rosli Hassan","ADMIN","Seremban 88 Speedmart",2024,2024-10,"October",5,151.5,30.3,ACTIVE
"Rosli Hassan","ADMIN","Seremban 88 Speedmart",2024,2024-11,"November",10,292.98,29.3,ACTIVE
"Rosli Hassan","ADMIN","Seremban 88 Speedmart",2024,2024-12,"December",12,431.3,35.94,ACTIVE
"Rosli Hassan","ADMIN","Seremban 88 Speedmart",2025,2025-01,"January",8,212.46,26.56,ACTIVE
"Rosli Hassan","ADMIN","Seremban 88 Speedmart",2025,2025-02,"February",10,365.33,36.53,ACTIVE
"Rosli Hassan","ADMIN","Seremban 88 Speedmart",2025,2025-03,"March",7,332.16,47.45,ACTIVE
"Rosli Hassan","ADMIN","Seremban 88 Speedmart",2025,2025-04,"April",10,503.56,50.36,ACTIVE
"Rosli Hassan","ADMIN","Seremban 88 Speedmart",2025,2025-05,"May",5,110.33,22.07,ACTIVE
"Rosli Hassan","ADMIN","Seremban 88 Speedmart",2025,2025-06,"June",14,824.03,58.86,ACTIVE
"Rosli Hassan","ADMIN","Seremban 88 Speedmart",2025,2025-07,"July",8,556.77,69.6,ACTIVE
"Rosli Hassan","ADMIN","Seremban 88 Speedmart",2025,2025-08,"August",4,232.76,58.19,ACTIVE
"Rosli Hassan","ADMIN","Seremban 88 Speedmart",2025,2025-09,"September",5,261.23,52.25,ACTIVE
"Rosli Hassan","ADMIN","Seremban 88 Speedmart",2025,2025-10,"October",7,389.7,55.67,ACTIVE
"Rosli Hassan","ADMIN","Seremban 88 Speedmart",2025,2025-11,"November",14,546.5,39.04,ACTIVE
"Rosli Hassan","ADMIN","Seremban 88 Speedmart",2025,2025-12,"December",19,696.65,36.67,ACTIVE
"Rosli Hassan","ADMIN","Seremban 88 Speedmart",2026,2026-01,"January",4,125.39,31.35,ACTIVE
"Rosli Hassan","ADMIN","Seremban 88 Speedmart",2026,2026-02,"February",8,269.41,33.68,ACTIVE
"Rosli Hassan","ADMIN","Seremban 88 Speedmart",2026,2026-03,"March",10,496.33,49.63,ACTIVE
"Rosli Hassan","ADMIN","Seremban 88 Speedmart",2026,2026-04,"April",9,351.64,39.07,ACTIVE
"Rosli Hassan","ADMIN","Seremban 88 Speedmart",2026,2026-05,"May",5,54.71,10.94,ACTIVE
"Rosli Hassan","ADMIN","Seremban 88 Speedmart",2026,2026-06,"June",7,233.63,33.38,ACTIVE
"Rosli Hussein","CASHIER","Ipoh 88 Speedmart",2021,2021-09,"September",8,249.01,31.13,RESIGNED
"Rosli Hussein","CASHIER","Ipoh 88 Speedmart",2021,2021-10,"October",10,307.77,30.78,RESIGNED
"Rosli Hussein","CASHIER","Ipoh 88 Speedmart",2021,2021-11,"November",13,514.11,39.55,RESIGNED
"Rosli Hussein","CASHIER","Ipoh 88 Speedmart",2021,2021-12,"December",17,664.41,39.08,RESIGNED
"Rosli Hussein","CASHIER","Ipoh 88 Speedmart",2022,2022-01,"January",12,601.15,50.1,RESIGNED
"Rosli Hussein","CASHIER","Ipoh 88 Speedmart",2022,2022-02,"February",5,123.61,24.72,RESIGNED
"Rosli Hussein","CASHIER","Ipoh 88 Speedmart",2022,2022-03,"March",4,145.28,36.32,RESIGNED
"Rosli Hussein","CASHIER","Ipoh 88 Speedmart",2022,2022-04,"April",8,276.56,34.57,RESIGNED
"Rosli Hussein","CASHIER","Ipoh 88 Speedmart",2022,2022-05,"May",9,421.05,46.78,RESIGNED
"Rosli Hussein","CASHIER","Ipoh 88 Speedmart",2022,2022-06,"June",5,163.3,32.66,RESIGNED
"Rosli Hussein","CASHIER","Ipoh 88 Speedmart",2022,2022-07,"July",8,273.68,34.21,RESIGNED
"Rosli Hussein","CASHIER","Ipoh 88 Speedmart",2022,2022-08,"August",6,165.97,27.66,RESIGNED
"Rosli Hussein","CASHIER","Ipoh 88 Speedmart",2022,2022-09,"September",5,141.4,28.28,RESIGNED
"Rosli Hussein","CASHIER","Ipoh 88 Speedmart",2022,2022-10,"October",5,326.97,65.39,RESIGNED
"Rosli Hussein","CASHIER","Ipoh 88 Speedmart",2022,2022-11,"November",10,297.95,29.8,RESIGNED
"Rosli Hussein","CASHIER","Ipoh 88 Speedmart",2022,2022-12,"December",9,356.43,39.6,RESIGNED
"Rosli Hussein","CASHIER","Ipoh 88 Speedmart",2023,2023-01,"January",7,175.49,25.07,RESIGNED
"Rosli Hussein","CASHIER","Ipoh 88 Speedmart",2023,2023-02,"February",7,381.24,54.46,RESIGNED
"Rosli Hussein","CASHIER","Ipoh 88 Speedmart",2023,2023-03,"March",6,237.61,39.6,RESIGNED
"Rosli Hussein","CASHIER","Ipoh 88 Speedmart",2023,2023-04,"April",6,165.25,27.54,RESIGNED
"Rosli Hussein","CASHIER","Ipoh 88 Speedmart",2023,2023-05,"May",4,131.45,32.86,RESIGNED
"Rosli Hussein","CASHIER","Ipoh 88 Speedmart",2023,2023-06,"June",6,238.53,39.76,RESIGNED
"Rosli Hussein","CASHIER","Ipoh 88 Speedmart",2023,2023-07,"July",7,258.3,36.9,RESIGNED
"Rosli Hussein","CASHIER","Ipoh 88 Speedmart",2023,2023-08,"August",5,128.69,25.74,RESIGNED
"Rosli Hussein","CASHIER","Ipoh 88 Speedmart",2023,2023-09,"September",5,238.37,47.67,RESIGNED
"Rosli Hussein","CASHIER","Ipoh 88 Speedmart",2023,2023-10,"October",6,190.35,31.73,RESIGNED
"Rosli Hussein","CASHIER","Ipoh 88 Speedmart",2023,2023-11,"November",3,113.97,37.99,RESIGNED
"Rosli Hussein","CASHIER","Ipoh 88 Speedmart",2023,2023-12,"December",14,757.74,54.12,RESIGNED
"Rosli Hussein","CASHIER","Ipoh 88 Speedmart",2024,2024-01,"January",6,220.39,36.73,RESIGNED
"Rosli Hussein","CASHIER","Ipoh 88 Speedmart",2024,2024-02,"February",5,158.62,31.72,RESIGNED
"Rosli Hussein","CASHIER","Ipoh 88 Speedmart",2024,2024-03,"March",8,297.25,37.16,RESIGNED
"Rosli Hussein","CASHIER","Ipoh 88 Speedmart",2024,2024-04,"April",8,295,36.88,RESIGNED
"Rosli Hussein","CASHIER","Ipoh 88 Speedmart",2024,2024-05,"May",1,14.79,14.79,RESIGNED
"Rosli Hussein","CASHIER","Ipoh 88 Speedmart",2024,2024-06,"June",6,291.21,48.54,RESIGNED
"Rosli Hussein","CASHIER","Ipoh 88 Speedmart",2024,2024-07,"July",8,229.21,28.65,RESIGNED
"Rosli Hussein","CASHIER","Ipoh 88 Speedmart",2024,2024-08,"August",5,202.93,40.59,RESIGNED
"Rosli Hussein","CASHIER","Ipoh 88 Speedmart",2024,2024-09,"September",7,293.55,41.94,RESIGNED
"Rosli Hussein","CASHIER","Ipoh 88 Speedmart",2024,2024-10,"October",9,143.64,15.96,RESIGNED
"Rosli Hussein","CASHIER","Ipoh 88 Speedmart",2024,2024-11,"November",11,322.87,29.35,RESIGNED
"Rosli Hussein","CASHIER","Ipoh 88 Speedmart",2024,2024-12,"December",9,473.92,52.66,RESIGNED
"Rosli Hussein","CASHIER","Ipoh 88 Speedmart",2025,2025-01,"January",7,207.7,29.67,RESIGNED
"Rosli Hussein","CASHIER","Ipoh 88 Speedmart",2025,2025-02,"February",8,349.11,43.64,RESIGNED
"Rosli Hussein","CASHIER","Ipoh 88 Speedmart",2025,2025-03,"March",7,270.96,38.71,RESIGNED
"Rosli Hussein","CASHIER","Ipoh 88 Speedmart",2025,2025-04,"April",9,459.1,51.01,RESIGNED
"Rosli Hussein","CASHIER","Ipoh 88 Speedmart",2025,2025-05,"May",6,117.08,19.51,RESIGNED
"Rosli Hussein","CASHIER","Ipoh 88 Speedmart",2025,2025-06,"June",7,329.79,47.11,RESIGNED
"Rosli Hussein","CASHIER","Ipoh 88 Speedmart",2025,2025-07,"July",2,25.26,12.63,RESIGNED
"Rosli Ibrahim","CASHIER","Ampang 88 Speedmart",2020,2020-01,"January",99,3759.38,37.97,RESIGNED
"Rosli Ibrahim","CASHIER","Ampang 88 Speedmart",2020,2020-02,"February",75,3201.72,42.69,RESIGNED
"Rosli Ibrahim","CASHIER","Ampang 88 Speedmart",2020,2020-03,"March",51,1490.21,29.22,RESIGNED
"Rosli Ibrahim","CASHIER","Ampang 88 Speedmart",2020,2020-04,"April",24,718.56,29.94,RESIGNED
"Rosli Ibrahim","CASHIER","Ampang 88 Speedmart",2020,2020-05,"May",27,1017.76,37.69,RESIGNED
"Rosli Ibrahim","CASHIER","Ampang 88 Speedmart",2020,2020-06,"June",52,1780.32,34.24,RESIGNED
"Rosli Ibrahim","CASHIER","Ampang 88 Speedmart",2020,2020-07,"July",22,613.97,27.91,RESIGNED
"Rosli Ibrahim","CASHIER","Ampang 88 Speedmart",2020,2020-08,"August",13,490.89,37.76,RESIGNED
"Rosli Ibrahim","CASHIER","Ampang 88 Speedmart",2020,2020-09,"September",13,270.04,20.77,RESIGNED
"Rosli Ibrahim","CASHIER","Ampang 88 Speedmart",2020,2020-10,"October",23,888.59,38.63,RESIGNED
"Rosli Ibrahim","CASHIER","Ampang 88 Speedmart",2020,2020-11,"November",24,899.74,37.49,RESIGNED
"Rosli Ibrahim","CASHIER","Ampang 88 Speedmart",2020,2020-12,"December",29,1248.96,43.07,RESIGNED
"Rosli Ibrahim","CASHIER","Ampang 88 Speedmart",2021,2021-01,"January",14,714.3,51.02,RESIGNED
"Rosli Ibrahim","CASHIER","Ampang 88 Speedmart",2021,2021-02,"February",8,262.46,32.81,RESIGNED
"Rosli Ibrahim","CASHIER","Ampang 88 Speedmart",2021,2021-03,"March",12,399.39,33.28,RESIGNED
"Rosli Ibrahim","CASHIER","Ampang 88 Speedmart",2021,2021-04,"April",7,254.86,36.41,RESIGNED
"Rosli Ibrahim","CASHIER","Ampang 88 Speedmart",2021,2021-05,"May",13,713.93,54.92,RESIGNED
"Rosli Ibrahim","CASHIER","Ampang 88 Speedmart",2021,2021-06,"June",10,348.31,34.83,RESIGNED
"Rosli Ibrahim","CASHIER","Ampang 88 Speedmart",2021,2021-07,"July",8,239.18,29.9,RESIGNED
"Rosli Ibrahim","CASHIER","Ampang 88 Speedmart",2021,2021-08,"August",5,162.07,32.41,RESIGNED
"Rosli Ibrahim","CASHIER","Ampang 88 Speedmart",2021,2021-09,"September",10,360.93,36.09,RESIGNED
"Rosli Ibrahim","CASHIER","Ampang 88 Speedmart",2021,2021-10,"October",12,368.17,30.68,RESIGNED
"Rosli Ibrahim","CASHIER","Ampang 88 Speedmart",2021,2021-11,"November",12,331.04,27.59,RESIGNED
"Rosli Ibrahim","CASHIER","Ampang 88 Speedmart",2021,2021-12,"December",15,457.86,30.52,RESIGNED
"Rosli Ibrahim","CASHIER","Ampang 88 Speedmart",2022,2022-01,"January",9,406.2,45.13,RESIGNED
"Rosli Ibrahim","CASHIER","Ampang 88 Speedmart",2022,2022-02,"February",7,153.51,21.93,RESIGNED
"Rosli Ibrahim","CASHIER","Ampang 88 Speedmart",2022,2022-03,"March",10,499.72,49.97,RESIGNED
"Rosli Ibrahim","CASHIER","Ampang 88 Speedmart",2022,2022-04,"April",4,205.42,51.36,RESIGNED
"Rosli Ibrahim","CASHIER","Ampang 88 Speedmart",2022,2022-05,"May",6,189.16,31.53,RESIGNED
"Rosli Ibrahim","CASHIER","Ampang 88 Speedmart",2022,2022-06,"June",7,213.46,30.49,RESIGNED
"Rosli Ibrahim","CASHIER","Ampang 88 Speedmart",2022,2022-07,"July",4,181.11,45.28,RESIGNED
"Rosli Ibrahim","CASHIER","Ampang 88 Speedmart",2022,2022-08,"August",10,271.39,27.14,RESIGNED
"Rosli Ibrahim","CASHIER","Ampang 88 Speedmart",2022,2022-09,"September",7,401.53,57.36,RESIGNED
"Rosli Ibrahim","CASHIER","Ampang 88 Speedmart",2022,2022-10,"October",8,235.97,29.5,RESIGNED
"Rosli Ibrahim","CASHIER","Ampang 88 Speedmart",2022,2022-11,"November",17,599.13,35.24,RESIGNED
"Rosli Ibrahim","CASHIER","Ampang 88 Speedmart",2022,2022-12,"December",21,577.87,27.52,RESIGNED
"Rosli Ibrahim","CASHIER","Ampang 88 Speedmart",2023,2023-01,"January",10,445.22,44.52,RESIGNED
"Rosli Ibrahim","CASHIER","Ampang 88 Speedmart",2023,2023-02,"February",7,253.21,36.17,RESIGNED
"Rosli Ibrahim","CASHIER","Ampang 88 Speedmart",2023,2023-03,"March",7,457.74,65.39,RESIGNED
"Rosli Ibrahim","CASHIER","Ampang 88 Speedmart",2023,2023-04,"April",7,192.69,27.53,RESIGNED
"Rosli Ibrahim","CASHIER","Ampang 88 Speedmart",2023,2023-05,"May",8,234.55,29.32,RESIGNED
"Rosli Ibrahim","CASHIER","Ampang 88 Speedmart",2023,2023-06,"June",14,681.61,48.69,RESIGNED
"Rosli Othman","CASHIER","Shah Alam 88 Speedmart",2020,2020-10,"October",30,1142.6,38.09,ACTIVE
"Rosli Othman","CASHIER","Shah Alam 88 Speedmart",2020,2020-11,"November",30,922.62,30.75,ACTIVE
"Rosli Othman","CASHIER","Shah Alam 88 Speedmart",2020,2020-12,"December",28,1356.06,48.43,ACTIVE
"Rosli Othman","CASHIER","Shah Alam 88 Speedmart",2021,2021-01,"January",17,518.17,30.48,ACTIVE
"Rosli Othman","CASHIER","Shah Alam 88 Speedmart",2021,2021-02,"February",16,529.91,33.12,ACTIVE
"Rosli Othman","CASHIER","Shah Alam 88 Speedmart",2021,2021-03,"March",12,460.42,38.37,ACTIVE
"Rosli Othman","CASHIER","Shah Alam 88 Speedmart",2021,2021-04,"April",5,102.03,20.41,ACTIVE
"Rosli Othman","CASHIER","Shah Alam 88 Speedmart",2021,2021-05,"May",11,418.96,38.09,ACTIVE
"Rosli Othman","CASHIER","Shah Alam 88 Speedmart",2021,2021-06,"June",16,418.34,26.15,ACTIVE
"Rosli Othman","CASHIER","Shah Alam 88 Speedmart",2021,2021-07,"July",7,194.29,27.76,ACTIVE
"Rosli Othman","CASHIER","Shah Alam 88 Speedmart",2021,2021-08,"August",5,152,30.4,ACTIVE
"Rosli Othman","CASHIER","Shah Alam 88 Speedmart",2021,2021-09,"September",11,426.37,38.76,ACTIVE
"Rosli Othman","CASHIER","Shah Alam 88 Speedmart",2021,2021-10,"October",6,91.11,15.19,ACTIVE
"Rosli Othman","CASHIER","Shah Alam 88 Speedmart",2021,2021-11,"November",8,459.82,57.48,ACTIVE
"Rosli Othman","CASHIER","Shah Alam 88 Speedmart",2021,2021-12,"December",17,682.6,40.15,ACTIVE
"Rosli Othman","CASHIER","Shah Alam 88 Speedmart",2022,2022-01,"January",10,281.91,28.19,ACTIVE
"Rosli Othman","CASHIER","Shah Alam 88 Speedmart",2022,2022-02,"February",3,200.54,66.85,ACTIVE
"Rosli Othman","CASHIER","Shah Alam 88 Speedmart",2022,2022-03,"March",10,257.24,25.72,ACTIVE
"Rosli Othman","CASHIER","Shah Alam 88 Speedmart",2022,2022-04,"April",9,291.7,32.41,ACTIVE
"Rosli Othman","CASHIER","Shah Alam 88 Speedmart",2022,2022-05,"May",15,847.48,56.5,ACTIVE
"Rosli Othman","CASHIER","Shah Alam 88 Speedmart",2022,2022-06,"June",9,178.9,19.88,ACTIVE
"Rosli Othman","CASHIER","Shah Alam 88 Speedmart",2022,2022-07,"July",9,317.62,35.29,ACTIVE
"Rosli Othman","CASHIER","Shah Alam 88 Speedmart",2022,2022-08,"August",7,319.68,45.67,ACTIVE
"Rosli Othman","CASHIER","Shah Alam 88 Speedmart",2022,2022-09,"September",4,190.15,47.54,ACTIVE
"Rosli Othman","CASHIER","Shah Alam 88 Speedmart",2022,2022-10,"October",6,227.54,37.92,ACTIVE
"Rosli Othman","CASHIER","Shah Alam 88 Speedmart",2022,2022-11,"November",5,133.61,26.72,ACTIVE
"Rosli Othman","CASHIER","Shah Alam 88 Speedmart",2022,2022-12,"December",21,572.82,27.28,ACTIVE
"Rosli Othman","CASHIER","Shah Alam 88 Speedmart",2023,2023-01,"January",6,258.19,43.03,ACTIVE
"Rosli Othman","CASHIER","Shah Alam 88 Speedmart",2023,2023-02,"February",6,179.75,29.96,ACTIVE
"Rosli Othman","CASHIER","Shah Alam 88 Speedmart",2023,2023-03,"March",10,200.34,20.03,ACTIVE
"Rosli Othman","CASHIER","Shah Alam 88 Speedmart",2023,2023-04,"April",10,399.18,39.92,ACTIVE
"Rosli Othman","CASHIER","Shah Alam 88 Speedmart",2023,2023-05,"May",8,299.91,37.49,ACTIVE
"Rosli Othman","CASHIER","Shah Alam 88 Speedmart",2023,2023-06,"June",8,379.4,47.43,ACTIVE
"Rosli Othman","CASHIER","Shah Alam 88 Speedmart",2023,2023-07,"July",4,162.37,40.59,ACTIVE
"Rosli Othman","CASHIER","Shah Alam 88 Speedmart",2023,2023-08,"August",7,304.05,43.44,ACTIVE
"Rosli Othman","CASHIER","Shah Alam 88 Speedmart",2023,2023-09,"September",9,199.15,22.13,ACTIVE
"Rosli Othman","CASHIER","Shah Alam 88 Speedmart",2023,2023-10,"October",2,35.01,17.51,ACTIVE
"Rosli Othman","CASHIER","Shah Alam 88 Speedmart",2023,2023-11,"November",5,138.57,27.71,ACTIVE
"Rosli Othman","CASHIER","Shah Alam 88 Speedmart",2023,2023-12,"December",13,520.83,40.06,ACTIVE
"Rosli Othman","CASHIER","Shah Alam 88 Speedmart",2024,2024-01,"January",7,205.94,29.42,ACTIVE
"Rosli Othman","CASHIER","Shah Alam 88 Speedmart",2024,2024-02,"February",5,283,56.6,ACTIVE
"Rosli Othman","CASHIER","Shah Alam 88 Speedmart",2024,2024-03,"March",4,259.67,64.92,ACTIVE
"Rosli Othman","CASHIER","Shah Alam 88 Speedmart",2024,2024-04,"April",4,129.46,32.37,ACTIVE
"Rosli Othman","CASHIER","Shah Alam 88 Speedmart",2024,2024-05,"May",8,229.4,28.68,ACTIVE
"Rosli Othman","CASHIER","Shah Alam 88 Speedmart",2024,2024-06,"June",10,204.58,20.46,ACTIVE
"Rosli Othman","CASHIER","Shah Alam 88 Speedmart",2024,2024-07,"July",12,646.03,53.84,ACTIVE
"Rosli Othman","CASHIER","Shah Alam 88 Speedmart",2024,2024-08,"August",8,371.85,46.48,ACTIVE
"Rosli Othman","CASHIER","Shah Alam 88 Speedmart",2024,2024-09,"September",7,131.4,18.77,ACTIVE
"Rosli Othman","CASHIER","Shah Alam 88 Speedmart",2024,2024-10,"October",5,186.49,37.3,ACTIVE
"Rosli Othman","CASHIER","Shah Alam 88 Speedmart",2024,2024-11,"November",6,166.76,27.79,ACTIVE
"Rosli Othman","CASHIER","Shah Alam 88 Speedmart",2024,2024-12,"December",13,409.1,31.47,ACTIVE
"Rosli Othman","CASHIER","Shah Alam 88 Speedmart",2025,2025-01,"January",10,371.38,37.14,ACTIVE
"Rosli Othman","CASHIER","Shah Alam 88 Speedmart",2025,2025-02,"February",8,271.4,33.93,ACTIVE
"Rosli Othman","CASHIER","Shah Alam 88 Speedmart",2025,2025-03,"March",6,224.32,37.39,ACTIVE
"Rosli Othman","CASHIER","Shah Alam 88 Speedmart",2025,2025-04,"April",4,133.57,33.39,ACTIVE
"Rosli Othman","CASHIER","Shah Alam 88 Speedmart",2025,2025-05,"May",10,392.44,39.24,ACTIVE
"Rosli Othman","CASHIER","Shah Alam 88 Speedmart",2025,2025-06,"June",13,404.59,31.12,ACTIVE
"Rosli Othman","CASHIER","Shah Alam 88 Speedmart",2025,2025-07,"July",8,263.01,32.88,ACTIVE
"Rosli Othman","CASHIER","Shah Alam 88 Speedmart",2025,2025-08,"August",6,295.92,49.32,ACTIVE
"Rosli Othman","CASHIER","Shah Alam 88 Speedmart",2025,2025-09,"September",5,204.14,40.83,ACTIVE
"Rosli Othman","CASHIER","Shah Alam 88 Speedmart",2025,2025-10,"October",4,97.56,24.39,ACTIVE
"Rosli Othman","CASHIER","Shah Alam 88 Speedmart",2025,2025-11,"November",8,302.37,37.8,ACTIVE
"Rosli Othman","CASHIER","Shah Alam 88 Speedmart",2025,2025-12,"December",14,380.17,27.16,ACTIVE
"Rosli Othman","CASHIER","Shah Alam 88 Speedmart",2026,2026-01,"January",9,469.89,52.21,ACTIVE
"Rosli Othman","CASHIER","Shah Alam 88 Speedmart",2026,2026-02,"February",7,201.18,28.74,ACTIVE
"Rosli Othman","CASHIER","Shah Alam 88 Speedmart",2026,2026-03,"March",7,208.8,29.83,ACTIVE
"Rosli Othman","CASHIER","Shah Alam 88 Speedmart",2026,2026-04,"April",5,114.3,22.86,ACTIVE
"Rosli Othman","CASHIER","Shah Alam 88 Speedmart",2026,2026-05,"May",13,539.51,41.5,ACTIVE
"Rosli Othman","CASHIER","Shah Alam 88 Speedmart",2026,2026-06,"June",12,463.24,38.6,ACTIVE
"Rosli Yusof","MANAGER","Ampang 88 Speedmart",2020,2020-01,"January",92,3081.53,33.49,RESIGNED
"Rosli Yusof","MANAGER","Ampang 88 Speedmart",2020,2020-02,"February",60,2060.79,34.35,RESIGNED
"Rosli Yusof","MANAGER","Ampang 88 Speedmart",2020,2020-03,"March",39,1689.81,43.33,RESIGNED
"Rosli Yusof","MANAGER","Ampang 88 Speedmart",2020,2020-04,"April",24,602.94,25.12,RESIGNED
"Rosli Yusof","MANAGER","Ampang 88 Speedmart",2020,2020-05,"May",35,1087.02,31.06,RESIGNED
"Rosli Yusof","MANAGER","Ampang 88 Speedmart",2020,2020-06,"June",41,1659.82,40.48,RESIGNED
"Rosli Yusof","MANAGER","Ampang 88 Speedmart",2020,2020-07,"July",21,692.67,32.98,RESIGNED
"Rosli Yusof","MANAGER","Ampang 88 Speedmart",2020,2020-08,"August",19,726.21,38.22,RESIGNED
"Rosli Yusof","MANAGER","Ampang 88 Speedmart",2020,2020-09,"September",14,468.63,33.47,RESIGNED
"Rosli Yusof","MANAGER","Ampang 88 Speedmart",2020,2020-10,"October",24,971.86,40.49,RESIGNED
"Rosli Yusof","MANAGER","Ampang 88 Speedmart",2020,2020-11,"November",22,950.28,43.19,RESIGNED
"Rosli Yusof","MANAGER","Ampang 88 Speedmart",2020,2020-12,"December",33,898.25,27.22,RESIGNED
"Rosli Yusof","MANAGER","Ampang 88 Speedmart",2021,2021-01,"January",13,547.8,42.14,RESIGNED
"Rosli Yusof","MANAGER","Ampang 88 Speedmart",2021,2021-02,"February",13,534.83,41.14,RESIGNED
"Rosli Yusof","MANAGER","Ampang 88 Speedmart",2021,2021-03,"March",12,523.31,43.61,RESIGNED
"Rosli Yusof","MANAGER","Ampang 88 Speedmart",2021,2021-04,"April",8,232.51,29.06,RESIGNED
"Rosli Yusof","MANAGER","Ampang 88 Speedmart",2021,2021-05,"May",10,409.63,40.96,RESIGNED
"Rosli Yusof","MANAGER","Ampang 88 Speedmart",2021,2021-06,"June",16,778.57,48.66,RESIGNED
"Rosli Yusof","MANAGER","Ampang 88 Speedmart",2021,2021-07,"July",9,409.35,45.48,RESIGNED
"Rosli Yusof","MANAGER","Ampang 88 Speedmart",2021,2021-08,"August",15,901.4,60.09,RESIGNED
"Rosli Yusof","MANAGER","Ampang 88 Speedmart",2021,2021-09,"September",5,281.97,56.39,RESIGNED
"Rosli Yusof","MANAGER","Ampang 88 Speedmart",2021,2021-10,"October",9,218.8,24.31,RESIGNED
"Rosli Yusof","MANAGER","Ampang 88 Speedmart",2021,2021-11,"November",11,662.35,60.21,RESIGNED
"Rosli Yusof","MANAGER","Ampang 88 Speedmart",2021,2021-12,"December",21,710.73,33.84,RESIGNED
"Rosli Yusof","MANAGER","Ampang 88 Speedmart",2022,2022-01,"January",13,597.78,45.98,RESIGNED
"Rosli Yusof","MANAGER","Ampang 88 Speedmart",2022,2022-02,"February",7,191.02,27.29,RESIGNED
"Rosli Yusof","MANAGER","Ampang 88 Speedmart",2022,2022-03,"March",5,209.74,41.95,RESIGNED
"Rosli Yusof","MANAGER","Ampang 88 Speedmart",2022,2022-04,"April",8,306.03,38.25,RESIGNED
"Rosli Yusof","MANAGER","Ampang 88 Speedmart",2022,2022-05,"May",7,201.19,28.74,RESIGNED
"Rosli Yusof","MANAGER","Ampang 88 Speedmart",2022,2022-06,"June",8,261.67,32.71,RESIGNED
"Rosli Yusof","MANAGER","Ampang 88 Speedmart",2022,2022-07,"July",9,265.17,29.46,RESIGNED
"Rosli Yusof","MANAGER","Ampang 88 Speedmart",2022,2022-08,"August",6,232.92,38.82,RESIGNED
"Siti Hassan","MANAGER","Petaling Jaya 88 Speedmart",2020,2020-07,"July",24,836.07,34.84,ACTIVE
"Siti Hassan","MANAGER","Petaling Jaya 88 Speedmart",2020,2020-08,"August",15,629.7,41.98,ACTIVE
"Siti Hassan","MANAGER","Petaling Jaya 88 Speedmart",2020,2020-09,"September",19,836.6,44.03,ACTIVE
"Siti Hassan","MANAGER","Petaling Jaya 88 Speedmart",2020,2020-10,"October",14,463.3,33.09,ACTIVE
"Siti Hassan","MANAGER","Petaling Jaya 88 Speedmart",2020,2020-11,"November",25,762.3,30.49,ACTIVE
"Siti Hassan","MANAGER","Petaling Jaya 88 Speedmart",2020,2020-12,"December",27,1002.2,37.12,ACTIVE
"Siti Hassan","MANAGER","Petaling Jaya 88 Speedmart",2021,2021-01,"January",11,429.18,39.02,ACTIVE
"Siti Hassan","MANAGER","Petaling Jaya 88 Speedmart",2021,2021-02,"February",12,577.08,48.09,ACTIVE
"Siti Hassan","MANAGER","Petaling Jaya 88 Speedmart",2021,2021-03,"March",17,672.28,39.55,ACTIVE
"Siti Hassan","MANAGER","Petaling Jaya 88 Speedmart",2021,2021-04,"April",9,408.3,45.37,ACTIVE
"Siti Hassan","MANAGER","Petaling Jaya 88 Speedmart",2021,2021-05,"May",11,461.52,41.96,ACTIVE
"Siti Hassan","MANAGER","Petaling Jaya 88 Speedmart",2021,2021-06,"June",15,411.51,27.43,ACTIVE
"Siti Hassan","MANAGER","Petaling Jaya 88 Speedmart",2021,2021-07,"July",11,667.73,60.7,ACTIVE
"Siti Hassan","MANAGER","Petaling Jaya 88 Speedmart",2021,2021-08,"August",9,139.39,15.49,ACTIVE
"Siti Hassan","MANAGER","Petaling Jaya 88 Speedmart",2021,2021-09,"September",14,626.8,44.77,ACTIVE
"Siti Hassan","MANAGER","Petaling Jaya 88 Speedmart",2021,2021-10,"October",5,191.28,38.26,ACTIVE
"Siti Hassan","MANAGER","Petaling Jaya 88 Speedmart",2021,2021-11,"November",17,909.5,53.5,ACTIVE
"Siti Hassan","MANAGER","Petaling Jaya 88 Speedmart",2021,2021-12,"December",13,680.38,52.34,ACTIVE
"Siti Hassan","MANAGER","Petaling Jaya 88 Speedmart",2022,2022-01,"January",5,145.44,29.09,ACTIVE
"Siti Hassan","MANAGER","Petaling Jaya 88 Speedmart",2022,2022-02,"February",6,146.09,24.35,ACTIVE
"Siti Hassan","MANAGER","Petaling Jaya 88 Speedmart",2022,2022-03,"March",9,219.53,24.39,ACTIVE
"Siti Hassan","MANAGER","Petaling Jaya 88 Speedmart",2022,2022-04,"April",10,395.29,39.53,ACTIVE
"Siti Hassan","MANAGER","Petaling Jaya 88 Speedmart",2022,2022-05,"May",6,187.05,31.18,ACTIVE
"Siti Hassan","MANAGER","Petaling Jaya 88 Speedmart",2022,2022-06,"June",8,400.31,50.04,ACTIVE
"Siti Hassan","MANAGER","Petaling Jaya 88 Speedmart",2022,2022-07,"July",10,368.97,36.9,ACTIVE
"Siti Hassan","MANAGER","Petaling Jaya 88 Speedmart",2022,2022-08,"August",3,243.59,81.2,ACTIVE
"Siti Hassan","MANAGER","Petaling Jaya 88 Speedmart",2022,2022-09,"September",4,73.64,18.41,ACTIVE
"Siti Hassan","MANAGER","Petaling Jaya 88 Speedmart",2022,2022-10,"October",8,351.95,43.99,ACTIVE
"Siti Hassan","MANAGER","Petaling Jaya 88 Speedmart",2022,2022-11,"November",8,426.43,53.3,ACTIVE
"Siti Hassan","MANAGER","Petaling Jaya 88 Speedmart",2022,2022-12,"December",13,437.5,33.65,ACTIVE
"Siti Hassan","MANAGER","Petaling Jaya 88 Speedmart",2023,2023-01,"January",5,398.89,79.78,ACTIVE
"Siti Hassan","MANAGER","Petaling Jaya 88 Speedmart",2023,2023-02,"February",2,147.96,73.98,ACTIVE
"Siti Hassan","MANAGER","Petaling Jaya 88 Speedmart",2023,2023-03,"March",4,63.36,15.84,ACTIVE
"Siti Hassan","MANAGER","Petaling Jaya 88 Speedmart",2023,2023-04,"April",4,148.49,37.12,ACTIVE
"Siti Hassan","MANAGER","Petaling Jaya 88 Speedmart",2023,2023-05,"May",6,329.8,54.97,ACTIVE
"Siti Hassan","MANAGER","Petaling Jaya 88 Speedmart",2023,2023-06,"June",7,288.29,41.18,ACTIVE
"Siti Hassan","MANAGER","Petaling Jaya 88 Speedmart",2023,2023-07,"July",8,359.4,44.93,ACTIVE
"Siti Hassan","MANAGER","Petaling Jaya 88 Speedmart",2023,2023-08,"August",6,298.58,49.76,ACTIVE
"Siti Hassan","MANAGER","Petaling Jaya 88 Speedmart",2023,2023-09,"September",10,241.43,24.14,ACTIVE
"Siti Hassan","MANAGER","Petaling Jaya 88 Speedmart",2023,2023-10,"October",4,122.4,30.6,ACTIVE
"Siti Hassan","MANAGER","Petaling Jaya 88 Speedmart",2023,2023-11,"November",10,505.8,50.58,ACTIVE
"Siti Hassan","MANAGER","Petaling Jaya 88 Speedmart",2023,2023-12,"December",14,696.75,49.77,ACTIVE
"Siti Hassan","MANAGER","Petaling Jaya 88 Speedmart",2024,2024-01,"January",8,247.56,30.95,ACTIVE
"Siti Hassan","MANAGER","Petaling Jaya 88 Speedmart",2024,2024-02,"February",4,212.99,53.25,ACTIVE
"Siti Hassan","MANAGER","Petaling Jaya 88 Speedmart",2024,2024-03,"March",7,470.92,67.27,ACTIVE
"Siti Hassan","MANAGER","Petaling Jaya 88 Speedmart",2024,2024-04,"April",4,123.02,30.76,ACTIVE
"Siti Hassan","MANAGER","Petaling Jaya 88 Speedmart",2024,2024-05,"May",5,386.74,77.35,ACTIVE
"Siti Hassan","MANAGER","Petaling Jaya 88 Speedmart",2024,2024-06,"June",13,564.44,43.42,ACTIVE
"Siti Hassan","MANAGER","Petaling Jaya 88 Speedmart",2024,2024-07,"July",11,431.9,39.26,ACTIVE
"Siti Hassan","MANAGER","Petaling Jaya 88 Speedmart",2024,2024-08,"August",7,263.15,37.59,ACTIVE
"Siti Hassan","MANAGER","Petaling Jaya 88 Speedmart",2024,2024-09,"September",10,562.34,56.23,ACTIVE
"Siti Hassan","MANAGER","Petaling Jaya 88 Speedmart",2024,2024-10,"October",6,306.41,51.07,ACTIVE
"Siti Hassan","MANAGER","Petaling Jaya 88 Speedmart",2024,2024-11,"November",11,325.34,29.58,ACTIVE
"Siti Hassan","MANAGER","Petaling Jaya 88 Speedmart",2024,2024-12,"December",14,500.64,35.76,ACTIVE
"Siti Hassan","MANAGER","Petaling Jaya 88 Speedmart",2025,2025-01,"January",7,378.65,54.09,ACTIVE
"Siti Hassan","MANAGER","Petaling Jaya 88 Speedmart",2025,2025-02,"February",5,205.62,41.12,ACTIVE
"Siti Hassan","MANAGER","Petaling Jaya 88 Speedmart",2025,2025-03,"March",10,352.41,35.24,ACTIVE
"Siti Hassan","MANAGER","Petaling Jaya 88 Speedmart",2025,2025-04,"April",7,392.82,56.12,ACTIVE
"Siti Hassan","MANAGER","Petaling Jaya 88 Speedmart",2025,2025-05,"May",9,359.18,39.91,ACTIVE
"Siti Hassan","MANAGER","Petaling Jaya 88 Speedmart",2025,2025-06,"June",6,257.76,42.96,ACTIVE
"Siti Hassan","MANAGER","Petaling Jaya 88 Speedmart",2025,2025-07,"July",5,300.72,60.14,ACTIVE
"Siti Hassan","MANAGER","Petaling Jaya 88 Speedmart",2025,2025-08,"August",8,384.21,48.03,ACTIVE
"Siti Hassan","MANAGER","Petaling Jaya 88 Speedmart",2025,2025-09,"September",6,335.37,55.9,ACTIVE
"Siti Hassan","MANAGER","Petaling Jaya 88 Speedmart",2025,2025-10,"October",7,312.85,44.69,ACTIVE
"Siti Hassan","MANAGER","Petaling Jaya 88 Speedmart",2025,2025-11,"November",3,182.1,60.7,ACTIVE
"Siti Hassan","MANAGER","Petaling Jaya 88 Speedmart",2025,2025-12,"December",17,796.74,46.87,ACTIVE
"Siti Hassan","MANAGER","Petaling Jaya 88 Speedmart",2026,2026-01,"January",11,548.67,49.88,ACTIVE
"Siti Hassan","MANAGER","Petaling Jaya 88 Speedmart",2026,2026-02,"February",19,836.01,44,ACTIVE
"Siti Hassan","MANAGER","Petaling Jaya 88 Speedmart",2026,2026-03,"March",9,338.09,37.57,ACTIVE
"Siti Hassan","MANAGER","Petaling Jaya 88 Speedmart",2026,2026-04,"April",5,373.36,74.67,ACTIVE
"Siti Hassan","MANAGER","Petaling Jaya 88 Speedmart",2026,2026-05,"May",12,563.09,46.92,ACTIVE
"Siti Hassan","MANAGER","Petaling Jaya 88 Speedmart",2026,2026-06,"June",14,536.5,38.32,ACTIVE
"Siti Salleh","CASHIER","Petaling Jaya 88 Speedmart",2020,2020-07,"July",21,780.63,37.17,ACTIVE
"Siti Salleh","CASHIER","Petaling Jaya 88 Speedmart",2020,2020-08,"August",27,963.83,35.7,ACTIVE
"Siti Salleh","CASHIER","Petaling Jaya 88 Speedmart",2020,2020-09,"September",18,606.62,33.7,ACTIVE
"Siti Salleh","CASHIER","Petaling Jaya 88 Speedmart",2020,2020-10,"October",17,770.75,45.34,ACTIVE
"Siti Salleh","CASHIER","Petaling Jaya 88 Speedmart",2020,2020-11,"November",25,694.87,27.79,ACTIVE
"Siti Salleh","CASHIER","Petaling Jaya 88 Speedmart",2020,2020-12,"December",31,983.31,31.72,ACTIVE
"Siti Salleh","CASHIER","Petaling Jaya 88 Speedmart",2021,2021-01,"January",10,236.24,23.62,ACTIVE
"Siti Salleh","CASHIER","Petaling Jaya 88 Speedmart",2021,2021-02,"February",10,275.84,27.58,ACTIVE
"Siti Salleh","CASHIER","Petaling Jaya 88 Speedmart",2021,2021-03,"March",9,329.96,36.66,ACTIVE
"Siti Salleh","CASHIER","Petaling Jaya 88 Speedmart",2021,2021-04,"April",11,239.03,21.73,ACTIVE
"Siti Salleh","CASHIER","Petaling Jaya 88 Speedmart",2021,2021-05,"May",9,259.27,28.81,ACTIVE
"Siti Salleh","CASHIER","Petaling Jaya 88 Speedmart",2021,2021-06,"June",13,464.59,35.74,ACTIVE
"Siti Salleh","CASHIER","Petaling Jaya 88 Speedmart",2021,2021-07,"July",16,435.34,27.21,ACTIVE
"Siti Salleh","CASHIER","Petaling Jaya 88 Speedmart",2021,2021-08,"August",11,599.9,54.54,ACTIVE
"Siti Salleh","CASHIER","Petaling Jaya 88 Speedmart",2021,2021-09,"September",10,375.79,37.58,ACTIVE
"Siti Salleh","CASHIER","Petaling Jaya 88 Speedmart",2021,2021-10,"October",8,289.98,36.25,ACTIVE
"Siti Salleh","CASHIER","Petaling Jaya 88 Speedmart",2021,2021-11,"November",6,223.1,37.18,ACTIVE
"Siti Salleh","CASHIER","Petaling Jaya 88 Speedmart",2021,2021-12,"December",22,961.32,43.7,ACTIVE
"Siti Salleh","CASHIER","Petaling Jaya 88 Speedmart",2022,2022-01,"January",6,268.28,44.71,ACTIVE
"Siti Salleh","CASHIER","Petaling Jaya 88 Speedmart",2022,2022-02,"February",9,482.73,53.64,ACTIVE
"Siti Salleh","CASHIER","Petaling Jaya 88 Speedmart",2022,2022-03,"March",5,80.79,16.16,ACTIVE
"Siti Salleh","CASHIER","Petaling Jaya 88 Speedmart",2022,2022-04,"April",4,305.21,76.3,ACTIVE
"Siti Salleh","CASHIER","Petaling Jaya 88 Speedmart",2022,2022-05,"May",11,319.94,29.09,ACTIVE
"Siti Salleh","CASHIER","Petaling Jaya 88 Speedmart",2022,2022-06,"June",9,210.62,23.4,ACTIVE
"Siti Salleh","CASHIER","Petaling Jaya 88 Speedmart",2022,2022-07,"July",3,57.77,19.26,ACTIVE
"Siti Salleh","CASHIER","Petaling Jaya 88 Speedmart",2022,2022-08,"August",8,230.78,28.85,ACTIVE
"Siti Salleh","CASHIER","Petaling Jaya 88 Speedmart",2022,2022-09,"September",8,256.55,32.07,ACTIVE
"Siti Salleh","CASHIER","Petaling Jaya 88 Speedmart",2022,2022-10,"October",4,218.03,54.51,ACTIVE
"Siti Salleh","CASHIER","Petaling Jaya 88 Speedmart",2022,2022-11,"November",12,370.21,30.85,ACTIVE
"Siti Salleh","CASHIER","Petaling Jaya 88 Speedmart",2022,2022-12,"December",13,579.22,44.56,ACTIVE
"Siti Salleh","CASHIER","Petaling Jaya 88 Speedmart",2023,2023-01,"January",9,291.11,32.35,ACTIVE
"Siti Salleh","CASHIER","Petaling Jaya 88 Speedmart",2023,2023-02,"February",8,318.82,39.85,ACTIVE
"Siti Salleh","CASHIER","Petaling Jaya 88 Speedmart",2023,2023-03,"March",6,279.32,46.55,ACTIVE
"Siti Salleh","CASHIER","Petaling Jaya 88 Speedmart",2023,2023-04,"April",4,162.1,40.53,ACTIVE
"Siti Salleh","CASHIER","Petaling Jaya 88 Speedmart",2023,2023-05,"May",6,384.14,64.02,ACTIVE
"Siti Salleh","CASHIER","Petaling Jaya 88 Speedmart",2023,2023-06,"June",9,344.04,38.23,ACTIVE
"Siti Salleh","CASHIER","Petaling Jaya 88 Speedmart",2023,2023-07,"July",3,94.37,31.46,ACTIVE
"Siti Salleh","CASHIER","Petaling Jaya 88 Speedmart",2023,2023-08,"August",2,126.47,63.24,ACTIVE
"Siti Salleh","CASHIER","Petaling Jaya 88 Speedmart",2023,2023-09,"September",4,116.69,29.17,ACTIVE
"Siti Salleh","CASHIER","Petaling Jaya 88 Speedmart",2023,2023-10,"October",5,154.1,30.82,ACTIVE
"Siti Salleh","CASHIER","Petaling Jaya 88 Speedmart",2023,2023-11,"November",8,360.81,45.1,ACTIVE
"Siti Salleh","CASHIER","Petaling Jaya 88 Speedmart",2023,2023-12,"December",22,862.19,39.19,ACTIVE
"Siti Salleh","CASHIER","Petaling Jaya 88 Speedmart",2024,2024-01,"January",11,629.11,57.19,ACTIVE
"Siti Salleh","CASHIER","Petaling Jaya 88 Speedmart",2024,2024-02,"February",5,207.99,41.6,ACTIVE
"Siti Salleh","CASHIER","Petaling Jaya 88 Speedmart",2024,2024-03,"March",7,183,26.14,ACTIVE
"Siti Salleh","CASHIER","Petaling Jaya 88 Speedmart",2024,2024-04,"April",3,60.52,20.17,ACTIVE
"Siti Salleh","CASHIER","Petaling Jaya 88 Speedmart",2024,2024-05,"May",4,85.9,21.48,ACTIVE
"Siti Salleh","CASHIER","Petaling Jaya 88 Speedmart",2024,2024-06,"June",9,201.02,22.34,ACTIVE
"Siti Salleh","CASHIER","Petaling Jaya 88 Speedmart",2024,2024-07,"July",9,270.14,30.02,ACTIVE
"Siti Salleh","CASHIER","Petaling Jaya 88 Speedmart",2024,2024-08,"August",4,145.55,36.39,ACTIVE
"Siti Salleh","CASHIER","Petaling Jaya 88 Speedmart",2024,2024-09,"September",7,274.39,39.2,ACTIVE
"Siti Salleh","CASHIER","Petaling Jaya 88 Speedmart",2024,2024-10,"October",2,23.01,11.51,ACTIVE
"Siti Salleh","CASHIER","Petaling Jaya 88 Speedmart",2024,2024-11,"November",4,77.51,19.38,ACTIVE
"Siti Salleh","CASHIER","Petaling Jaya 88 Speedmart",2024,2024-12,"December",8,172.45,21.56,ACTIVE
"Siti Salleh","CASHIER","Petaling Jaya 88 Speedmart",2025,2025-01,"January",10,223.52,22.35,ACTIVE
"Siti Salleh","CASHIER","Petaling Jaya 88 Speedmart",2025,2025-02,"February",7,276.25,39.46,ACTIVE
"Siti Salleh","CASHIER","Petaling Jaya 88 Speedmart",2025,2025-03,"March",11,209.05,19,ACTIVE
"Siti Salleh","CASHIER","Petaling Jaya 88 Speedmart",2025,2025-04,"April",10,445.85,44.59,ACTIVE
"Siti Salleh","CASHIER","Petaling Jaya 88 Speedmart",2025,2025-05,"May",10,378.74,37.87,ACTIVE
"Siti Salleh","CASHIER","Petaling Jaya 88 Speedmart",2025,2025-06,"June",15,616.82,41.12,ACTIVE
"Siti Salleh","CASHIER","Petaling Jaya 88 Speedmart",2025,2025-07,"July",9,284.42,31.6,ACTIVE
"Siti Salleh","CASHIER","Petaling Jaya 88 Speedmart",2025,2025-08,"August",9,342,38,ACTIVE
"Siti Salleh","CASHIER","Petaling Jaya 88 Speedmart",2025,2025-09,"September",8,349.88,43.74,ACTIVE
"Siti Salleh","CASHIER","Petaling Jaya 88 Speedmart",2025,2025-10,"October",7,187.13,26.73,ACTIVE
"Siti Salleh","CASHIER","Petaling Jaya 88 Speedmart",2025,2025-11,"November",14,568.43,40.6,ACTIVE
"Siti Salleh","CASHIER","Petaling Jaya 88 Speedmart",2025,2025-12,"December",21,776.37,36.97,ACTIVE
"Siti Salleh","CASHIER","Petaling Jaya 88 Speedmart",2026,2026-01,"January",3,210.02,70.01,ACTIVE
"Siti Salleh","CASHIER","Petaling Jaya 88 Speedmart",2026,2026-02,"February",8,525.9,65.74,ACTIVE
"Siti Salleh","CASHIER","Petaling Jaya 88 Speedmart",2026,2026-03,"March",15,497.47,33.16,ACTIVE
"Siti Salleh","CASHIER","Petaling Jaya 88 Speedmart",2026,2026-04,"April",10,496.7,49.67,ACTIVE
"Siti Salleh","CASHIER","Petaling Jaya 88 Speedmart",2026,2026-05,"May",4,91.2,22.8,ACTIVE
"Siti Salleh","CASHIER","Petaling Jaya 88 Speedmart",2026,2026-06,"June",11,364.63,33.15,ACTIVE
"Siti Zulkifli","MANAGER","George Town 88 Speedmart",2021,2021-10,"October",5,163.45,32.69,ACTIVE
"Siti Zulkifli","MANAGER","George Town 88 Speedmart",2021,2021-11,"November",11,235.11,21.37,ACTIVE
"Siti Zulkifli","MANAGER","George Town 88 Speedmart",2021,2021-12,"December",17,676.58,39.8,ACTIVE
"Siti Zulkifli","MANAGER","George Town 88 Speedmart",2022,2022-01,"January",10,365.1,36.51,ACTIVE
"Siti Zulkifli","MANAGER","George Town 88 Speedmart",2022,2022-02,"February",3,255.38,85.13,ACTIVE
"Siti Zulkifli","MANAGER","George Town 88 Speedmart",2022,2022-03,"March",15,534.04,35.6,ACTIVE
"Siti Zulkifli","MANAGER","George Town 88 Speedmart",2022,2022-04,"April",8,86.48,10.81,ACTIVE
"Siti Zulkifli","MANAGER","George Town 88 Speedmart",2022,2022-05,"May",12,344.33,28.69,ACTIVE
"Siti Zulkifli","MANAGER","George Town 88 Speedmart",2022,2022-06,"June",7,466.88,66.7,ACTIVE
"Siti Zulkifli","MANAGER","George Town 88 Speedmart",2022,2022-07,"July",5,89.24,17.85,ACTIVE
"Siti Zulkifli","MANAGER","George Town 88 Speedmart",2022,2022-08,"August",8,391.9,48.99,ACTIVE
"Siti Zulkifli","MANAGER","George Town 88 Speedmart",2022,2022-09,"September",11,503.65,45.79,ACTIVE
"Siti Zulkifli","MANAGER","George Town 88 Speedmart",2022,2022-10,"October",8,222.56,27.82,ACTIVE
"Siti Zulkifli","MANAGER","George Town 88 Speedmart",2022,2022-11,"November",5,180.23,36.05,ACTIVE
"Siti Zulkifli","MANAGER","George Town 88 Speedmart",2022,2022-12,"December",13,304.63,23.43,ACTIVE
"Siti Zulkifli","MANAGER","George Town 88 Speedmart",2023,2023-01,"January",11,381.45,34.68,ACTIVE
"Siti Zulkifli","MANAGER","George Town 88 Speedmart",2023,2023-02,"February",2,61.04,30.52,ACTIVE
"Siti Zulkifli","MANAGER","George Town 88 Speedmart",2023,2023-03,"March",3,194.91,64.97,ACTIVE
"Siti Zulkifli","MANAGER","George Town 88 Speedmart",2023,2023-04,"April",7,394.45,56.35,ACTIVE
"Siti Zulkifli","MANAGER","George Town 88 Speedmart",2023,2023-05,"May",6,197.59,32.93,ACTIVE
"Siti Zulkifli","MANAGER","George Town 88 Speedmart",2023,2023-06,"June",4,119.7,29.93,ACTIVE
"Siti Zulkifli","MANAGER","George Town 88 Speedmart",2023,2023-07,"July",4,150.35,37.59,ACTIVE
"Siti Zulkifli","MANAGER","George Town 88 Speedmart",2023,2023-08,"August",5,321.26,64.25,ACTIVE
"Siti Zulkifli","MANAGER","George Town 88 Speedmart",2023,2023-09,"September",6,165.55,27.59,ACTIVE
"Siti Zulkifli","MANAGER","George Town 88 Speedmart",2023,2023-10,"October",1,262.67,262.67,ACTIVE
"Siti Zulkifli","MANAGER","George Town 88 Speedmart",2023,2023-11,"November",12,870.69,72.56,ACTIVE
"Siti Zulkifli","MANAGER","George Town 88 Speedmart",2023,2023-12,"December",9,421.79,46.87,ACTIVE
"Siti Zulkifli","MANAGER","George Town 88 Speedmart",2024,2024-01,"January",8,223.2,27.9,ACTIVE
"Siti Zulkifli","MANAGER","George Town 88 Speedmart",2024,2024-02,"February",4,160.42,40.11,ACTIVE
"Siti Zulkifli","MANAGER","George Town 88 Speedmart",2024,2024-03,"March",5,344.35,68.87,ACTIVE
"Siti Zulkifli","MANAGER","George Town 88 Speedmart",2024,2024-04,"April",8,450.24,56.28,ACTIVE
"Siti Zulkifli","MANAGER","George Town 88 Speedmart",2024,2024-05,"May",7,318.49,45.5,ACTIVE
"Siti Zulkifli","MANAGER","George Town 88 Speedmart",2024,2024-06,"June",9,507.66,56.41,ACTIVE
"Siti Zulkifli","MANAGER","George Town 88 Speedmart",2024,2024-07,"July",8,265.86,33.23,ACTIVE
"Siti Zulkifli","MANAGER","George Town 88 Speedmart",2024,2024-08,"August",4,58.74,14.69,ACTIVE
"Siti Zulkifli","MANAGER","George Town 88 Speedmart",2024,2024-09,"September",4,101.18,25.3,ACTIVE
"Siti Zulkifli","MANAGER","George Town 88 Speedmart",2024,2024-10,"October",10,672.7,67.27,ACTIVE
"Siti Zulkifli","MANAGER","George Town 88 Speedmart",2024,2024-11,"November",11,357.04,32.46,ACTIVE
"Siti Zulkifli","MANAGER","George Town 88 Speedmart",2024,2024-12,"December",12,558.21,46.52,ACTIVE
"Siti Zulkifli","MANAGER","George Town 88 Speedmart",2025,2025-01,"January",12,587.33,48.94,ACTIVE
"Siti Zulkifli","MANAGER","George Town 88 Speedmart",2025,2025-02,"February",5,148.96,29.79,ACTIVE
"Siti Zulkifli","MANAGER","George Town 88 Speedmart",2025,2025-03,"March",8,307.11,38.39,ACTIVE
"Siti Zulkifli","MANAGER","George Town 88 Speedmart",2025,2025-04,"April",2,34.95,17.48,ACTIVE
"Siti Zulkifli","MANAGER","George Town 88 Speedmart",2025,2025-05,"May",5,218.46,43.69,ACTIVE
"Siti Zulkifli","MANAGER","George Town 88 Speedmart",2025,2025-06,"June",12,524.63,43.72,ACTIVE
"Siti Zulkifli","MANAGER","George Town 88 Speedmart",2025,2025-07,"July",8,405.65,50.71,ACTIVE
"Siti Zulkifli","MANAGER","George Town 88 Speedmart",2025,2025-08,"August",12,538.29,44.86,ACTIVE
"Siti Zulkifli","MANAGER","George Town 88 Speedmart",2025,2025-09,"September",4,210.81,52.7,ACTIVE
"Siti Zulkifli","MANAGER","George Town 88 Speedmart",2025,2025-10,"October",6,210.77,35.13,ACTIVE
"Siti Zulkifli","MANAGER","George Town 88 Speedmart",2025,2025-11,"November",18,754.71,41.93,ACTIVE
"Siti Zulkifli","MANAGER","George Town 88 Speedmart",2025,2025-12,"December",30,1532.52,51.08,ACTIVE
"Siti Zulkifli","MANAGER","George Town 88 Speedmart",2026,2026-01,"January",13,530.14,40.78,ACTIVE
"Siti Zulkifli","MANAGER","George Town 88 Speedmart",2026,2026-02,"February",15,952.51,63.5,ACTIVE
"Siti Zulkifli","MANAGER","George Town 88 Speedmart",2026,2026-03,"March",9,233.31,25.92,ACTIVE
"Siti Zulkifli","MANAGER","George Town 88 Speedmart",2026,2026-04,"April",5,210.93,42.19,ACTIVE
"Siti Zulkifli","MANAGER","George Town 88 Speedmart",2026,2026-05,"May",13,510.39,39.26,ACTIVE
"Siti Zulkifli","MANAGER","George Town 88 Speedmart",2026,2026-06,"June",14,634.79,45.34,ACTIVE
"Zainal Ali","MANAGER","Johor Bahru 88 Speedmart",2021,2021-04,"April",11,408.9,37.17,ACTIVE
"Zainal Ali","MANAGER","Johor Bahru 88 Speedmart",2021,2021-05,"May",16,606.91,37.93,ACTIVE
"Zainal Ali","MANAGER","Johor Bahru 88 Speedmart",2021,2021-06,"June",16,592.38,37.02,ACTIVE
"Zainal Ali","MANAGER","Johor Bahru 88 Speedmart",2021,2021-07,"July",7,327.12,46.73,ACTIVE
"Zainal Ali","MANAGER","Johor Bahru 88 Speedmart",2021,2021-08,"August",5,149.44,29.89,ACTIVE
"Zainal Ali","MANAGER","Johor Bahru 88 Speedmart",2021,2021-09,"September",13,320.34,24.64,ACTIVE
"Zainal Ali","MANAGER","Johor Bahru 88 Speedmart",2021,2021-10,"October",5,153.95,30.79,ACTIVE
"Zainal Ali","MANAGER","Johor Bahru 88 Speedmart",2021,2021-11,"November",7,270.48,38.64,ACTIVE
"Zainal Ali","MANAGER","Johor Bahru 88 Speedmart",2021,2021-12,"December",13,427.44,32.88,ACTIVE
"Zainal Ali","MANAGER","Johor Bahru 88 Speedmart",2022,2022-01,"January",10,178.48,17.85,ACTIVE
"Zainal Ali","MANAGER","Johor Bahru 88 Speedmart",2022,2022-02,"February",10,168.21,16.82,ACTIVE
"Zainal Ali","MANAGER","Johor Bahru 88 Speedmart",2022,2022-03,"March",7,238.51,34.07,ACTIVE
"Zainal Ali","MANAGER","Johor Bahru 88 Speedmart",2022,2022-04,"April",4,125.03,31.26,ACTIVE
"Zainal Ali","MANAGER","Johor Bahru 88 Speedmart",2022,2022-05,"May",11,351.45,31.95,ACTIVE
"Zainal Ali","MANAGER","Johor Bahru 88 Speedmart",2022,2022-06,"June",9,224.69,24.97,ACTIVE
"Zainal Ali","MANAGER","Johor Bahru 88 Speedmart",2022,2022-07,"July",8,371.89,46.49,ACTIVE
"Zainal Ali","MANAGER","Johor Bahru 88 Speedmart",2022,2022-08,"August",5,296.8,59.36,ACTIVE
"Zainal Ali","MANAGER","Johor Bahru 88 Speedmart",2022,2022-09,"September",5,296.89,59.38,ACTIVE
"Zainal Ali","MANAGER","Johor Bahru 88 Speedmart",2022,2022-10,"October",4,384.04,96.01,ACTIVE
"Zainal Ali","MANAGER","Johor Bahru 88 Speedmart",2022,2022-11,"November",7,450.2,64.31,ACTIVE
"Zainal Ali","MANAGER","Johor Bahru 88 Speedmart",2022,2022-12,"December",17,937.09,55.12,ACTIVE
"Zainal Ali","MANAGER","Johor Bahru 88 Speedmart",2023,2023-01,"January",8,334.24,41.78,ACTIVE
"Zainal Ali","MANAGER","Johor Bahru 88 Speedmart",2023,2023-02,"February",4,133.7,33.43,ACTIVE
"Zainal Ali","MANAGER","Johor Bahru 88 Speedmart",2023,2023-03,"March",4,129.19,32.3,ACTIVE
"Zainal Ali","MANAGER","Johor Bahru 88 Speedmart",2023,2023-04,"April",5,112.25,22.45,ACTIVE
"Zainal Ali","MANAGER","Johor Bahru 88 Speedmart",2023,2023-05,"May",10,423.96,42.4,ACTIVE
"Zainal Ali","MANAGER","Johor Bahru 88 Speedmart",2023,2023-06,"June",7,462.75,66.11,ACTIVE
"Zainal Ali","MANAGER","Johor Bahru 88 Speedmart",2023,2023-07,"July",6,110.32,18.39,ACTIVE
"Zainal Ali","MANAGER","Johor Bahru 88 Speedmart",2023,2023-08,"August",6,196.66,32.78,ACTIVE
"Zainal Ali","MANAGER","Johor Bahru 88 Speedmart",2023,2023-09,"September",4,202.21,50.55,ACTIVE
"Zainal Ali","MANAGER","Johor Bahru 88 Speedmart",2023,2023-10,"October",6,147.95,24.66,ACTIVE
"Zainal Ali","MANAGER","Johor Bahru 88 Speedmart",2023,2023-11,"November",5,384.11,76.82,ACTIVE
"Zainal Ali","MANAGER","Johor Bahru 88 Speedmart",2023,2023-12,"December",11,384.39,34.94,ACTIVE
"Zainal Ali","MANAGER","Johor Bahru 88 Speedmart",2024,2024-01,"January",5,162.88,32.58,ACTIVE
"Zainal Ali","MANAGER","Johor Bahru 88 Speedmart",2024,2024-02,"February",6,122.74,20.46,ACTIVE
"Zainal Ali","MANAGER","Johor Bahru 88 Speedmart",2024,2024-03,"March",5,208.59,41.72,ACTIVE
"Zainal Ali","MANAGER","Johor Bahru 88 Speedmart",2024,2024-04,"April",7,126.79,18.11,ACTIVE
"Zainal Ali","MANAGER","Johor Bahru 88 Speedmart",2024,2024-05,"May",6,181.96,30.33,ACTIVE
"Zainal Ali","MANAGER","Johor Bahru 88 Speedmart",2024,2024-06,"June",8,216.79,27.1,ACTIVE
"Zainal Ali","MANAGER","Johor Bahru 88 Speedmart",2024,2024-07,"July",9,405.26,45.03,ACTIVE
"Zainal Ali","MANAGER","Johor Bahru 88 Speedmart",2024,2024-08,"August",5,154.38,30.88,ACTIVE
"Zainal Ali","MANAGER","Johor Bahru 88 Speedmart",2024,2024-09,"September",5,68.55,13.71,ACTIVE
"Zainal Ali","MANAGER","Johor Bahru 88 Speedmart",2024,2024-10,"October",4,181.66,45.42,ACTIVE
"Zainal Ali","MANAGER","Johor Bahru 88 Speedmart",2024,2024-11,"November",7,163.72,23.39,ACTIVE
"Zainal Ali","MANAGER","Johor Bahru 88 Speedmart",2024,2024-12,"December",20,860.25,43.01,ACTIVE
"Zainal Ali","MANAGER","Johor Bahru 88 Speedmart",2025,2025-01,"January",9,328.03,36.45,ACTIVE
"Zainal Ali","MANAGER","Johor Bahru 88 Speedmart",2025,2025-02,"February",11,341.44,31.04,ACTIVE
"Zainal Ali","MANAGER","Johor Bahru 88 Speedmart",2025,2025-03,"March",4,239.48,59.87,ACTIVE
"Zainal Ali","MANAGER","Johor Bahru 88 Speedmart",2025,2025-04,"April",3,157.18,52.39,ACTIVE
"Zainal Ali","MANAGER","Johor Bahru 88 Speedmart",2025,2025-05,"May",6,153.32,25.55,ACTIVE
"Zainal Ali","MANAGER","Johor Bahru 88 Speedmart",2025,2025-06,"June",8,313.57,39.2,ACTIVE
"Zainal Ali","MANAGER","Johor Bahru 88 Speedmart",2025,2025-07,"July",7,175.13,25.02,ACTIVE
"Zainal Ali","MANAGER","Johor Bahru 88 Speedmart",2025,2025-08,"August",5,385.09,77.02,ACTIVE
"Zainal Ali","MANAGER","Johor Bahru 88 Speedmart",2025,2025-09,"September",5,132.45,26.49,ACTIVE
"Zainal Ali","MANAGER","Johor Bahru 88 Speedmart",2025,2025-10,"October",9,344.85,38.32,ACTIVE
"Zainal Ali","MANAGER","Johor Bahru 88 Speedmart",2025,2025-11,"November",14,408.32,29.17,ACTIVE
"Zainal Ali","MANAGER","Johor Bahru 88 Speedmart",2025,2025-12,"December",15,970.48,64.7,ACTIVE
"Zainal Ali","MANAGER","Johor Bahru 88 Speedmart",2026,2026-01,"January",7,228.22,32.6,ACTIVE
"Zainal Ali","MANAGER","Johor Bahru 88 Speedmart",2026,2026-02,"February",14,540.2,38.59,ACTIVE
"Zainal Ali","MANAGER","Johor Bahru 88 Speedmart",2026,2026-03,"March",6,183.53,30.59,ACTIVE
"Zainal Ali","MANAGER","Johor Bahru 88 Speedmart",2026,2026-04,"April",8,294.44,36.81,ACTIVE
"Zainal Ali","MANAGER","Johor Bahru 88 Speedmart",2026,2026-05,"May",5,183.45,36.69,ACTIVE
"Zainal Ali","MANAGER","Johor Bahru 88 Speedmart",2026,2026-06,"June",6,245.46,40.91,ACTIVE
